class_name,op,derivative,source,status,gain,offset,angle_deg,scale,sigma,flip_axis
Brown Blight,contrast,UNADJUSTEDNONRAW_thumb_103_aug_contrast.jpg,UNADJUSTEDNONRAW_thumb_103.jpg,ok,1.0937411419751206,-19.17426505645019,,,,
Brown Blight,rotation,UNADJUSTEDNONRAW_thumb_104_aug_rotation.jpg,UNADJUSTEDNONRAW_thumb_104.jpg,ok,,,6.991116966413351,0.9218537601199331,,
Brown Blight,zoom,UNADJUSTEDNONRAW_thumb_104_aug_zoom.jpg,UNADJUSTEDNONRAW_thumb_104.jpg,ok,,,0.990747735271282,1.4384885126790448,,
Brown Blight,blur,UNADJUSTEDNONRAW_thumb_105_aug_blur.jpg,UNADJUSTEDNONRAW_thumb_105.jpg,ok,,,,,0.7500000000000002,
Brown Blight,flip,UNADJUSTEDNONRAW_thumb_105_aug_flip_vertical.jpg,UNADJUSTEDNONRAW_thumb_105.jpg,ok,,,,,,vflip
Brown Blight,flip,UNADJUSTEDNONRAW_thumb_106_aug_flip_vertical.jpg,UNADJUSTEDNONRAW_thumb_106.jpg,ok,,,,,,vflip
Brown Blight,rotation,UNADJUSTEDNONRAW_thumb_106_aug_rotation.jpg,UNADJUSTEDNONRAW_thumb_106.jpg,ok,,,28.02361255379548,0.8078191991506691,,
Brown Blight,rotation,UNADJUSTEDNONRAW_thumb_108_aug_rotation.jpg,UNADJUSTEDNONRAW_thumb_108.jpg,ok,,,29.67951876817585,0.8052557176185742,,
Brown Blight,blur,UNADJUSTEDNONRAW_thumb_10a_aug_blur.jpg,UNADJUSTEDNONRAW_thumb_10a.jpg,ok,,,,,0.6500000000000001,
Brown Blight,zoom,UNADJUSTEDNONRAW_thumb_10a_aug_zoom.jpg,UNADJUSTEDNONRAW_thumb_10a.jpg,ok,,,180.0,0.0,,
Brown Blight,blur,UNADJUSTEDNONRAW_thumb_10c_aug_blur.jpg,UNADJUSTEDNONRAW_thumb_10c.jpg,ok,,,,,0.6500000000000001,
Brown Blight,rotation,UNADJUSTEDNONRAW_thumb_10c_aug_rotation.jpg,UNADJUSTEDNONRAW_thumb_10c.jpg,ok,,,13.185398441186152,0.8743561134453113,,
Brown Blight,rotation,UNADJUSTEDNONRAW_thumb_10d_aug_rotation.jpg,UNADJUSTEDNONRAW_thumb_10d.jpg,ok,,,27.865439645030566,0.8075955631035485,,
Brown Blight,contrast,UNADJUSTEDNONRAW_thumb_10e_aug_contrast.jpg,UNADJUSTEDNONRAW_thumb_10e.jpg,ok,0.9275219339593459,13.464598770838926,,,,
Brown Blight,zoom,UNADJUSTEDNONRAW_thumb_10e_aug_zoom.jpg,UNADJUSTEDNONRAW_thumb_10e.jpg,affine_failed,,,,,,
Brown Blight,blur,UNADJUSTEDNONRAW_thumb_115_aug_blur.jpg,UNADJUSTEDNONRAW_thumb_115.jpg,ok,,,,,0.9500000000000003,
Brown Blight,rotation,UNADJUSTEDNONRAW_thumb_115_aug_rotation.jpg,UNADJUSTEDNONRAW_thumb_115.jpg,ok,,,6.169051099347707,0.9288188780583093,,
Brown Blight,flip,UNADJUSTEDNONRAW_thumb_116_aug_flip_horizontal.jpg,UNADJUSTEDNONRAW_thumb_116.jpg,ok,,,,,,hflip
Brown Blight,flip,UNADJUSTEDNONRAW_thumb_118_aug_flip_vertical.jpg,UNADJUSTEDNONRAW_thumb_118.jpg,ok,,,,,,vflip
Brown Blight,flip,UNADJUSTEDNONRAW_thumb_11b_aug_flip_horizontal.jpg,UNADJUSTEDNONRAW_thumb_11b.jpg,ok,,,,,,hflip
Brown Blight,brightness,UNADJUSTEDNONRAW_thumb_11c_aug_brightness.jpg,UNADJUSTEDNONRAW_thumb_11c.jpg,ok,0.8824763019366613,-0.5735476169117198,,,,
Brown Blight,contrast,UNADJUSTEDNONRAW_thumb_11c_aug_contrast.jpg,UNADJUSTEDNONRAW_thumb_11c.jpg,ok,1.1151451894461935,-22.657255932141027,,,,
Brown Blight,rotation,UNADJUSTEDNONRAW_thumb_11c_aug_rotation.jpg,UNADJUSTEDNONRAW_thumb_11c.jpg,ok,,,20.436436530285395,0.8334571467168003,,
Brown Blight,flip,UNADJUSTEDNONRAW_thumb_11f_aug_flip_vertical.jpg,UNADJUSTEDNONRAW_thumb_11f.jpg,ok,,,,,,vflip
Brown Blight,brightness,UNADJUSTEDNONRAW_thumb_124_aug_brightness.jpg,UNADJUSTEDNONRAW_thumb_124.jpg,ok,1.2680964145597093,1.2390803103519281,,,,
Brown Blight,contrast,UNADJUSTEDNONRAW_thumb_124_aug_contrast.jpg,UNADJUSTEDNONRAW_thumb_124.jpg,ok,1.1126769614896705,-21.643622408599814,,,,
Brown Blight,rotation,UNADJUSTEDNONRAW_thumb_124_aug_rotation.jpg,UNADJUSTEDNONRAW_thumb_124.jpg,ok,,,-16.22769511584614,0.8540609228655536,,
Brown Blight,contrast,UNADJUSTEDNONRAW_thumb_125_aug_contrast.jpg,UNADJUSTEDNONRAW_thumb_125.jpg,ok,0.8742248649372583,24.284403195365172,,,,
Brown Blight,rotation,UNADJUSTEDNONRAW_thumb_125_aug_rotation.jpg,UNADJUSTEDNONRAW_thumb_125.jpg,ok,,,22.458395534255253,0.8259072442268885,,
Brown Blight,zoom,UNADJUSTEDNONRAW_thumb_125_aug_zoom.jpg,UNADJUSTEDNONRAW_thumb_125.jpg,ok,,,3.4580337845066698,1.0862171252714992,,
Brown Blight,brightness,UNADJUSTEDNONRAW_thumb_126_aug_brightness.jpg,UNADJUSTEDNONRAW_thumb_126.jpg,ok,1.1977631665633324,0.004233051012467991,,,,
Brown Blight,flip,UNADJUSTEDNONRAW_thumb_12a_aug_flip_horizontal.jpg,UNADJUSTEDNONRAW_thumb_12a.jpg,ok,,,,,,hflip
Brown Blight,flip,UNADJUSTEDNONRAW_thumb_12a_aug_flip_vertical.jpg,UNADJUSTEDNONRAW_thumb_12a.jpg,ok,,,,,,vflip
Brown Blight,zoom,UNADJUSTEDNONRAW_thumb_12a_aug_zoom.jpg,UNADJUSTEDNONRAW_thumb_12a.jpg,ok,,,-4.031200002541863,1.1303715444772147,,
Brown Blight,contrast,UNADJUSTEDNONRAW_thumb_12b_aug_contrast.jpg,UNADJUSTEDNONRAW_thumb_12b.jpg,ok,1.0326087446357761,-6.813110778804996,,,,
Brown Blight,blur,UNADJUSTEDNONRAW_thumb_12c_aug_blur.jpg,UNADJUSTEDNONRAW_thumb_12c.jpg,ok,,,,,0.40000000000000013,
Brown Blight,contrast,UNADJUSTEDNONRAW_thumb_131_aug_contrast.jpg,UNADJUSTEDNONRAW_thumb_131.jpg,ok,1.0119212361063792,-2.6951111046928538,,,,
Brown Blight,flip,UNADJUSTEDNONRAW_thumb_135_aug_flip_vertical.jpg,UNADJUSTEDNONRAW_thumb_135.jpg,ok,,,,,,vflip
Brown Blight,blur,UNADJUSTEDNONRAW_thumb_138_aug_blur.jpg,UNADJUSTEDNONRAW_thumb_138.jpg,ok,,,,,0.7000000000000002,
Brown Blight,brightness,UNADJUSTEDNONRAW_thumb_138_aug_brightness.jpg,UNADJUSTEDNONRAW_thumb_138.jpg,ok,0.9542012977550159,-0.6156274936503374,,,,
Brown Blight,blur,UNADJUSTEDNONRAW_thumb_13d_aug_blur.jpg,UNADJUSTEDNONRAW_thumb_13d.jpg,ok,,,,,0.6000000000000002,
Brown Blight,flip,UNADJUSTEDNONRAW_thumb_13d_aug_flip_vertical.jpg,UNADJUSTEDNONRAW_thumb_13d.jpg,ok,,,,,,vflip
Brown Blight,blur,UNADJUSTEDNONRAW_thumb_13e_aug_blur.jpg,UNADJUSTEDNONRAW_thumb_13e.jpg,ok,,,,,0.8000000000000002,
Brown Blight,flip,UNADJUSTEDNONRAW_thumb_13e_aug_flip_horizontal.jpg,UNADJUSTEDNONRAW_thumb_13e.jpg,ok,,,,,,hflip
Brown Blight,contrast,UNADJUSTEDNONRAW_thumb_143_aug_contrast.jpg,UNADJUSTEDNONRAW_thumb_143.jpg,ok,1.0706158612858556,-13.113133992213628,,,,
Brown Blight,brightness,UNADJUSTEDNONRAW_thumb_148_aug_brightness.jpg,UNADJUSTEDNONRAW_thumb_148.jpg,ok,1.1985163204589517,0.1821094814276141,,,,
Brown Blight,blur,UNADJUSTEDNONRAW_thumb_14b_aug_blur.jpg,UNADJUSTEDNONRAW_thumb_14b.jpg,ok,,,,,0.45000000000000007,
Brown Blight,brightness,UNADJUSTEDNONRAW_thumb_14b_aug_brightness.jpg,UNADJUSTEDNONRAW_thumb_14b.jpg,ok,0.8796010401487907,-0.550792759157593,,,,
Brown Blight,rotation,UNADJUSTEDNONRAW_thumb_14d_aug_rotation.jpg,UNADJUSTEDNONRAW_thumb_14d.jpg,ok,,,1.7973726887541355,0.9773282529847588,,
Brown Blight,zoom,UNADJUSTEDNONRAW_thumb_14d_aug_zoom.jpg,UNADJUSTEDNONRAW_thumb_14d.jpg,affine_failed,,,,,,
Brown Blight,brightness,UNADJUSTEDNONRAW_thumb_150_aug_brightness.jpg,UNADJUSTEDNONRAW_thumb_150.jpg,ok,0.9320050983545008,-0.4889740092481245,,,,
Brown Blight,blur,UNADJUSTEDNONRAW_thumb_153_aug_blur.jpg,UNADJUSTEDNONRAW_thumb_153.jpg,ok,,,,,0.6500000000000001,
Brown Blight,brightness,UNADJUSTEDNONRAW_thumb_155_aug_brightness.jpg,UNADJUSTEDNONRAW_thumb_155.jpg,ok,1.1130318702454152,-0.4147187332464447,,,,
Brown Blight,brightness,UNADJUSTEDNONRAW_thumb_156_aug_brightness.jpg,UNADJUSTEDNONRAW_thumb_156.jpg,ok,1.288006062495022,0.21455669671212402,,,,
Brown Blight,rotation,UNADJUSTEDNONRAW_thumb_157_aug_rotation.jpg,UNADJUSTEDNONRAW_thumb_157.jpg,ok,,,-23.589855477970126,0.8207565826408271,,
Brown Blight,blur,UNADJUSTEDNONRAW_thumb_15a_aug_blur.jpg,UNADJUSTEDNONRAW_thumb_15a.jpg,ok,,,,,0.45000000000000007,
Brown Blight,brightness,UNADJUSTEDNONRAW_thumb_15a_aug_brightness.jpg,UNADJUSTEDNONRAW_thumb_15a.jpg,ok,1.0498340090210079,-0.26490017641260294,,,,
Brown Blight,rotation,UNADJUSTEDNONRAW_thumb_15a_aug_rotation.jpg,UNADJUSTEDNONRAW_thumb_15a.jpg,ok,,,26.513706013965553,0.8114000211871031,,
Brown Blight,flip,UNADJUSTEDNONRAW_thumb_15b_aug_flip_vertical.jpg,UNADJUSTEDNONRAW_thumb_15b.jpg,ok,,,,,,vflip
Brown Blight,rotation,UNADJUSTEDNONRAW_thumb_15b_aug_rotation.jpg,UNADJUSTEDNONRAW_thumb_15b.jpg,ok,,,19.510509711348032,0.8373451117354749,,
Brown Blight,brightness,UNADJUSTEDNONRAW_thumb_160_aug_brightness.jpg,UNADJUSTEDNONRAW_thumb_160.jpg,ok,1.24350850735926,0.009432506799122728,,,,
Brown Blight,brightness,UNADJUSTEDNONRAW_thumb_164_aug_brightness.jpg,UNADJUSTEDNONRAW_thumb_164.jpg,ok,0.9005592325222471,-0.5814277420793936,,,,
Brown Blight,rotation,UNADJUSTEDNONRAW_thumb_164_aug_rotation.jpg,UNADJUSTEDNONRAW_thumb_164.jpg,ok,,,-29.367186473939412,0.8060074254712328,,
Brown Blight,rotation,UNADJUSTEDNONRAW_thumb_165_aug_rotation.jpg,UNADJUSTEDNONRAW_thumb_165.jpg,ok,,,17.31880045297113,0.8476120661005898,,
Brown Blight,zoom,UNADJUSTEDNONRAW_thumb_165_aug_zoom.jpg,UNADJUSTEDNONRAW_thumb_165.jpg,ok,,,-2.5094999506440114,1.6204817948043186,,
Brown Blight,rotation,UNADJUSTEDNONRAW_thumb_169_aug_rotation.jpg,UNADJUSTEDNONRAW_thumb_169.jpg,ok,,,13.794820826280544,0.8689081780997279,,
Brown Blight,brightness,UNADJUSTEDNONRAW_thumb_16b_aug_brightness.jpg,UNADJUSTEDNONRAW_thumb_16b.jpg,ok,1.0115921583855714,-0.6426806999384589,,,,
Brown Blight,flip,UNADJUSTEDNONRAW_thumb_16b_aug_flip_vertical.jpg,UNADJUSTEDNONRAW_thumb_16b.jpg,ok,,,,,,vflip
Brown Blight,rotation,UNADJUSTEDNONRAW_thumb_16b_aug_rotation.jpg,UNADJUSTEDNONRAW_thumb_16b.jpg,ok,,,-26.239526369024603,0.813027097482927,,
Brown Blight,blur,UNADJUSTEDNONRAW_thumb_16c_aug_blur.jpg,UNADJUSTEDNONRAW_thumb_16c.jpg,ok,,,,,0.5500000000000002,
Brown Blight,flip,UNADJUSTEDNONRAW_thumb_16c_aug_flip_vertical.jpg,UNADJUSTEDNONRAW_thumb_16c.jpg,ok,,,,,,vflip
Brown Blight,zoom,brown_blight_00002_aug_zoom.jpg,brown_blight_00002.jpg,ok,,,-0.2979551979583589,1.482645043135085,,
Brown Blight,blur,brown_blight_00006_aug_blur.jpg,brown_blight_00006.jpg,ok,,,,,0.40000000000000013,
Brown Blight,flip,brown_blight_00006_aug_flip_vertical.jpg,brown_blight_00006.jpg,ok,,,,,,vflip
Brown Blight,rotation,brown_blight_00007_aug_rotation.jpg,brown_blight_00007.jpg,ok,,,10.041524879683804,0.8954525381420155,,
Brown Blight,brightness,brown_blight_00010_aug_brightness.jpg,brown_blight_00010.jpg,ok,0.8076912156204549,-0.46157565125448574,,,,
Brown Blight,brightness,brown_blight_00012_aug_brightness.jpg,brown_blight_00012.jpg,ok,1.2604526850822722,-0.47914784012482775,,,,
Brown Blight,contrast,brown_blight_00012_aug_contrast.jpg,brown_blight_00012.jpg,ok,1.0758741014221784,-14.627861437417204,,,,
Brown Blight,flip,brown_blight_00012_aug_flip_horizontal.jpg,brown_blight_00012.jpg,ok,,,,,,hflip
Brown Blight,flip,brown_blight_00015_aug_flip_horizontal.jpg,brown_blight_00015.jpg,ok,,,,,,hflip
Brown Blight,flip,brown_blight_00016_aug_flip_horizontal.jpg,brown_blight_00016.jpg,ok,,,,,,hflip
Brown Blight,contrast,brown_blight_00017_aug_contrast.jpg,brown_blight_00017.jpg,ok,1.0970136417637417,-19.22206515780076,,,,
Brown Blight,flip,brown_blight_00017_aug_flip_horizontal.jpg,brown_blight_00017.jpg,ok,,,,,,hflip
Brown Blight,brightness,brown_blight_00018_aug_brightness.jpg,brown_blight_00018.jpg,ok,1.0911775725792305,-0.4234094181337,,,,
Brown Blight,flip,brown_blight_00018_aug_flip_vertical.jpg,brown_blight_00018.jpg,ok,,,,,,vflip
Brown Blight,blur,brown_blight_00020_aug_blur.jpg,brown_blight_00020.jpg,ok,,,,,0.40000000000000013,
Brown Blight,blur,brown_blight_00021_aug_blur.jpg,brown_blight_00021.jpg,ok,,,,,0.5500000000000002,
Brown Blight,rotation,brown_blight_00024_aug_rotation.jpg,brown_blight_00024.jpg,ok,,,-2.4558379295017696,0.9687393334273888,,
Brown Blight,brightness,brown_blight_00026_aug_brightness.jpg,brown_blight_00026.jpg,ok,0.9455461543029327,-0.49802461738219367,,,,
Brown Blight,brightness,brown_blight_00030_aug_brightness.jpg,brown_blight_00030.jpg,ok,0.8219743883027882,-0.48967669050361173,,,,
Brown Blight,flip,brown_blight_00030_aug_flip_vertical.jpg,brown_blight_00030.jpg,ok,,,,,,vflip
Brown Blight,rotation,brown_blight_00030_aug_rotation.jpg,brown_blight_00030.jpg,ok,,,17.63873915919398,0.8471506999002223,,
Brown Blight,zoom,brown_blight_00033_aug_zoom.jpg,brown_blight_00033.jpg,ok,,,3.9024663926027254,1.5661166652581548,,
Brown Blight,contrast,brown_blight_00035_aug_contrast.jpg,brown_blight_00035.jpg,ok,0.9850436350247274,2.4202935449728,,,,
Brown Blight,blur,brown_blight_00036_aug_blur.jpg,brown_blight_00036.jpg,ok,,,,,0.45000000000000007,
Brown Blight,contrast,brown_blight_00036_aug_contrast.jpg,brown_blight_00036.jpg,ok,0.9929057323602337,0.681431398840107,,,,
Brown Blight,flip,brown_blight_00038_aug_flip_vertical.jpg,brown_blight_00038.jpg,ok,,,,,,vflip
Brown Blight,flip,brown_blight_00039_aug_flip_horizontal.jpg,brown_blight_00039.jpg,ok,,,,,,hflip
Brown Blight,rotation,brown_blight_00042_aug_rotation.jpg,brown_blight_00042.jpg,ok,,,15.9499748760361,0.8564695119726882,,
Brown Blight,zoom,brown_blight_00043_aug_zoom.jpg,brown_blight_00043.jpg,ok,,,-6.699312600291349,1.4068749444369195,,
Brown Blight,blur,brown_blight_00044_aug_blur.jpg,brown_blight_00044.jpg,ok,,,,,0.5000000000000001,
Brown Blight,brightness,brown_blight_00046_aug_brightness.jpg,brown_blight_00046.jpg,ok,1.223536118451888,-0.46221970411056984,,,,
Brown Blight,rotation,brown_blight_00046_aug_rotation.jpg,brown_blight_00046.jpg,ok,,,-18.29810798604592,0.8428488118329992,,
Brown Blight,rotation,brown_blight_00047_aug_rotation.jpg,brown_blight_00047.jpg,ok,,,-0.7673839549386119,0.9898633865632225,,
Brown Blight,contrast,brown_blight_00048_aug_contrast.jpg,brown_blight_00048.jpg,ok,1.0192935898190059,-4.114451185779291,,,,
Brown Blight,zoom,brown_blight_00049_aug_zoom.jpg,brown_blight_00049.jpg,ok,,,3.027076992268984,1.6183358885564896,,
Brown Blight,brightness,brown_blight_00050_aug_brightness.jpg,brown_blight_00050.jpg,ok,1.2460266710301182,-0.3314143925081449,,,,
Brown Blight,blur,brown_blight_00051_aug_blur.jpg,brown_blight_00051.jpg,ok,,,,,0.6000000000000002,
Brown Blight,flip,brown_blight_00051_aug_flip_horizontal.jpg,brown_blight_00051.jpg,ok,,,,,,hflip
Brown Blight,contrast,brown_blight_00052_aug_contrast.jpg,brown_blight_00052.jpg,ok,0.8676284199935363,23.54731800059841,,,,
Brown Blight,brightness,brown_blight_00053_aug_brightness.jpg,brown_blight_00053.jpg,ok,1.1911596569283545,-0.5473025541163272,,,,
Brown Blight,contrast,brown_blight_00055_aug_contrast.jpg,brown_blight_00055.jpg,ok,0.8270389570505068,30.168040967063572,,,,
Brown Blight,brightness,brown_blight_00057_aug_brightness.jpg,brown_blight_00057.jpg,ok,0.8446431404681276,-0.42304955476466255,,,,
Brown Blight,zoom,brown_blight_00057_aug_zoom.jpg,brown_blight_00057.jpg,ok,,,-1.4795140281356889,1.4666991237898042,,
Brown Blight,flip,brown_blight_00059_aug_flip_vertical.jpg,brown_blight_00059.jpg,ok,,,,,,vflip
Brown Blight,blur,brown_blight_00065_aug_blur.jpg,brown_blight_00065.jpg,ok,,,,,0.5500000000000002,
Brown Blight,flip,brown_blight_00066_aug_flip_horizontal.jpg,brown_blight_00066.jpg,ok,,,,,,hflip
Brown Blight,flip,brown_blight_00066_aug_flip_vertical.jpg,brown_blight_00066.jpg,ok,,,,,,vflip
Brown Blight,brightness,brown_blight_00067_aug_brightness.jpg,brown_blight_00067.jpg,ok,1.2020407929893169,-0.406423935293118,,,,
Brown Blight,flip,brown_blight_00067_aug_flip_vertical.jpg,brown_blight_00067.jpg,ok,,,,,,vflip
Brown Blight,blur,brown_blight_00068_aug_blur.jpg,brown_blight_00068.jpg,ok,,,,,0.6000000000000002,
Brown Blight,rotation,brown_blight_00068_aug_rotation.jpg,brown_blight_00068.jpg,ok,,,27.115684920959936,0.8111926594370351,,
Brown Blight,flip,brown_blight_00070_aug_flip_vertical.jpg,brown_blight_00070.jpg,ok,,,,,,vflip
Brown Blight,flip,brown_blight_00071_aug_flip_vertical.jpg,brown_blight_00071.jpg,ok,,,,,,vflip
Brown Blight,contrast,brown_blight_00073_aug_contrast.jpg,brown_blight_00073.jpg,ok,0.9538640509719265,6.681330639399897,,,,
Brown Blight,zoom,brown_blight_00073_aug_zoom.jpg,brown_blight_00073.jpg,ok,,,-1.0511433945758994,1.590973929388533,,
Brown Blight,zoom,brown_blight_00076_aug_zoom.jpg,brown_blight_00076.jpg,ok,,,-7.244106576686052,1.177734871673901,,
Brown Blight,contrast,brown_blight_00082_aug_contrast.jpg,brown_blight_00082.jpg,ok,1.0223790937562933,-4.467220879529972,,,,
Brown Blight,blur,brown_blight_00083_aug_blur.jpg,brown_blight_00083.jpg,ok,,,,,0.6000000000000002,
Brown Blight,flip,brown_blight_00084_aug_flip_vertical.jpg,brown_blight_00084.jpg,ok,,,,,,vflip
Brown Blight,blur,brown_blight_00085_aug_blur.jpg,brown_blight_00085.jpg,ok,,,,,0.6500000000000001,
Brown Blight,brightness,brown_blight_00085_aug_brightness.jpg,brown_blight_00085.jpg,ok,1.027761975579247,-0.4425491474815121,,,,
Brown Blight,zoom,brown_blight_00086_aug_zoom.jpg,brown_blight_00086.jpg,ok,,,-7.808268317662598,1.4362275132091313,,
Brown Blight,blur,brown_blight_00089_aug_blur.jpg,brown_blight_00089.jpg,ok,,,,,0.45000000000000007,
Brown Blight,zoom,brown_blight_00091_aug_zoom.jpg,brown_blight_00091.jpg,ok,,,8.076971383927141,1.4119327983939551,,
Brown Blight,brightness,brown_blight_00093_aug_brightness.jpg,brown_blight_00093.jpg,ok,0.7403090589416744,-0.3842423652028429,,,,
Brown Blight,rotation,brown_blight_00093_aug_rotation.jpg,brown_blight_00093.jpg,ok,,,-12.596691643549933,0.8745627120340004,,
Brown Blight,flip,brown_blight_00094_aug_flip_horizontal.jpg,brown_blight_00094.jpg,ok,,,,,,hflip
Brown Blight,contrast,brown_blight_00095_aug_contrast.jpg,brown_blight_00095.jpg,ok,0.9687428095260124,4.2980436394853045,,,,
Brown Blight,rotation,brown_blight_00095_aug_rotation.jpg,brown_blight_00095.jpg,ok,,,-8.141951104861255,0.9113801891084665,,
Brown Blight,rotation,brown_blight_00099_aug_rotation.jpg,brown_blight_00099.jpg,ok,,,-13.561347094666575,0.8694384546726798,,
Brown Blight,flip,brown_blight_00100_aug_flip_horizontal.jpg,brown_blight_00100.jpg,ok,,,,,,hflip
Brown Blight,rotation,brown_blight_00100_aug_rotation.jpg,brown_blight_00100.jpg,ok,,,-7.0310695120001,0.9212178632800998,,
Brown Blight,blur,brown_blight_00102_aug_blur.jpg,brown_blight_00102.jpg,ok,,,,,0.45000000000000007,
Brown Blight,brightness,brown_blight_00102_aug_brightness.jpg,brown_blight_00102.jpg,ok,1.0664654727730547,-0.44201190124098644,,,,
Brown Blight,blur,brown_blight_00103_aug_blur.jpg,brown_blight_00103.jpg,ok,,,,,0.6500000000000001,
Brown Blight,brightness,brown_blight_00103_aug_brightness.jpg,brown_blight_00103.jpg,ok,0.9895974735751976,-0.7656983958222673,,,,
Brown Blight,flip,brown_blight_00106_aug_flip_vertical.jpg,brown_blight_00106.jpg,ok,,,,,,vflip
Brown Blight,blur,brown_blight_00107_aug_blur.jpg,brown_blight_00107.jpg,ok,,,,,0.5000000000000001,
Brown Blight,zoom,brown_blight_00107_aug_zoom.jpg,brown_blight_00107.jpg,ok,,,-7.36931069186766,1.1874500032231394,,
Brown Blight,blur,brown_blight_00109_aug_blur.jpg,brown_blight_00109.jpg,ok,,,,,0.5500000000000002,
Brown Blight,flip,brown_blight_00109_aug_flip_horizontal.jpg,brown_blight_00109.jpg,ok,,,,,,hflip
Brown Blight,flip,brown_blight_00111_aug_flip_vertical.jpg,brown_blight_00111.jpg,ok,,,,,,vflip
Brown Blight,brightness,brown_blight_00116_aug_brightness.jpg,brown_blight_00116.jpg,ok,1.1104451486375433,-0.5076494548146341,,,,
Brown Blight,rotation,brown_blight_00117_aug_rotation.jpg,brown_blight_00117.jpg,ok,,,3.7500821873994954,0.9546510460720105,,
Brown Blight,flip,brown_blight_00118_aug_flip_horizontal.jpg,brown_blight_00118.jpg,ok,,,,,,hflip
Brown Blight,blur,brown_blight_00120_aug_blur.jpg,brown_blight_00120.jpg,ok,,,,,0.8000000000000002,
Brown Blight,flip,brown_blight_00121_aug_flip_horizontal.jpg,brown_blight_00121.jpg,ok,,,,,,hflip
Brown Blight,zoom,brown_blight_00122_aug_zoom.jpg,brown_blight_00122.jpg,ok,,,-5.723014405724284,1.1582694237905817,,
Brown Blight,flip,brown_blight_00126_aug_flip_vertical.jpg,brown_blight_00126.jpg,ok,,,,,,vflip
Brown Blight,flip,brown_blight_00128_aug_flip_horizontal.jpg,brown_blight_00128.jpg,ok,,,,,,hflip
Brown Blight,zoom,brown_blight_00130_aug_zoom.jpg,brown_blight_00130.jpg,ok,,,-2.1263002563437383,1.4071986927697469,,
Brown Blight,zoom,brown_blight_00131_aug_zoom.jpg,brown_blight_00131.jpg,ok,,,-4.886050488156994,1.2275830814842805,,
Brown Blight,blur,brown_blight_00140_aug_blur.jpg,brown_blight_00140.jpg,ok,,,,,0.6500000000000001,
Brown Blight,brightness,brown_blight_00140_aug_brightness.jpg,brown_blight_00140.jpg,ok,0.9678728564161906,-0.6467554231557677,,,,
Brown Blight,blur,brown_blight_00142_aug_blur.jpg,brown_blight_00142.jpg,ok,,,,,0.7500000000000002,
Brown Blight,flip,brown_blight_00142_aug_flip_horizontal.jpg,brown_blight_00142.jpg,ok,,,,,,hflip
Brown Blight,flip,brown_blight_00142_aug_flip_vertical.jpg,brown_blight_00142.jpg,ok,,,,,,vflip
Brown Blight,contrast,brown_blight_00144_aug_contrast.jpg,brown_blight_00144.jpg,ok,1.0294413538402336,-5.2511459829520195,,,,
Brown Blight,flip,brown_blight_00144_aug_flip_vertical.jpg,brown_blight_00144.jpg,ok,,,,,,vflip
Brown Blight,contrast,brown_blight_00149_aug_contrast.jpg,brown_blight_00149.jpg,ok,0.8967983640521322,17.651162683231753,,,,
Brown Blight,flip,brown_blight_00150_aug_flip_horizontal.jpg,brown_blight_00150.jpg,ok,,,,,,hflip
Brown Blight,zoom,brown_blight_00150_aug_zoom.jpg,brown_blight_00150.jpg,ok,,,-0.11716027997075455,1.1166450788233635,,
Brown Blight,brightness,brown_blight_00151_aug_brightness.jpg,brown_blight_00151.jpg,ok,1.1943708119534557,-0.5328138350802408,,,,
Brown Blight,flip,brown_blight_00151_aug_flip_horizontal.jpg,brown_blight_00151.jpg,ok,,,,,,hflip
Brown Blight,contrast,brown_blight_00152_aug_contrast.jpg,brown_blight_00152.jpg,ok,1.0631569920816921,-10.433412978312605,,,,
Brown Blight,flip,brown_blight_00154_aug_flip_horizontal.jpg,brown_blight_00154.jpg,ok,,,,,,hflip
Brown Blight,flip,brown_blight_00160_aug_flip_vertical.jpg,brown_blight_00160.jpg,ok,,,,,,vflip
Brown Blight,brightness,brown_blight_00162_aug_brightness.jpg,brown_blight_00162.jpg,ok,1.0461134524607796,-0.5649903713207034,,,,
Brown Blight,flip,brown_blight_00162_aug_flip_vertical.jpg,brown_blight_00162.jpg,ok,,,,,,vflip
Brown Blight,contrast,brown_blight_00164_aug_contrast.jpg,brown_blight_00164.jpg,ok,1.0889197968194677,-17.40562522014523,,,,
Brown Blight,contrast,brown_blight_00165_aug_contrast.jpg,brown_blight_00165.jpg,ok,1.1820008245500797,-36.27338253072781,,,,
Brown Blight,zoom,brown_blight_00165_aug_zoom.jpg,brown_blight_00165.jpg,ok,,,4.266284194364733,1.2076817883720992,,
Brown Blight,blur,brown_blight_00166_aug_blur.jpg,brown_blight_00166.jpg,ok,,,,,0.5000000000000001,
Brown Blight,contrast,brown_blight_00166_aug_contrast.jpg,brown_blight_00166.jpg,ok,0.9720538827466834,4.432881292507323,,,,
Brown Blight,flip,brown_blight_00166_aug_flip_vertical.jpg,brown_blight_00166.jpg,ok,,,,,,vflip
Brown Blight,blur,brown_blight_00168_aug_blur.jpg,brown_blight_00168.jpg,ok,,,,,0.45000000000000007,
Brown Blight,flip,brown_blight_00168_aug_flip_horizontal.jpg,brown_blight_00168.jpg,ok,,,,,,hflip
Brown Blight,contrast,brown_blight_00175_aug_contrast.jpg,brown_blight_00175.jpg,ok,1.1353140445284542,-23.96869711059392,,,,
Brown Blight,rotation,brown_blight_00175_aug_rotation.jpg,brown_blight_00175.jpg,ok,,,-11.07320997169698,0.8880568170993179,,
Brown Blight,blur,brown_blight_00176_aug_blur.jpg,brown_blight_00176.jpg,ok,,,,,0.45000000000000007,
Brown Blight,flip,brown_blight_00177_aug_flip_horizontal.jpg,brown_blight_00177.jpg,ok,,,,,,hflip
Brown Blight,flip,brown_blight_00179_aug_flip_horizontal.jpg,brown_blight_00179.jpg,ok,,,,,,hflip
Brown Blight,blur,brown_blight_00181_aug_blur.jpg,brown_blight_00181.jpg,ok,,,,,0.40000000000000013,
Brown Blight,rotation,brown_blight_00182_aug_rotation.jpg,brown_blight_00182.jpg,ok,,,25.743823312519265,0.8122956528518364,,
Brown Blight,zoom,brown_blight_00182_aug_zoom.jpg,brown_blight_00182.jpg,ok,,,2.9986890118282226,1.5522346332282475,,
Brown Blight,blur,brown_blight_00183_aug_blur.jpg,brown_blight_00183.jpg,ok,,,,,0.5000000000000001,
Brown Blight,blur,brown_blight_00186_aug_blur.jpg,brown_blight_00186.jpg,ok,,,,,0.5500000000000002,
Brown Blight,contrast,brown_blight_00186_aug_contrast.jpg,brown_blight_00186.jpg,ok,1.1040237943297022,-17.78321545745339,,,,
Brown Blight,flip,brown_blight_00186_aug_flip_vertical.jpg,brown_blight_00186.jpg,ok,,,,,,vflip
Brown Blight,blur,brown_blight_00191_aug_blur.jpg,brown_blight_00191.jpg,ok,,,,,0.5500000000000002,
Brown Blight,blur,brown_blight_00192_aug_blur.jpg,brown_blight_00192.jpg,ok,,,,,0.40000000000000013,
Brown Blight,flip,brown_blight_00192_aug_flip_horizontal.jpg,brown_blight_00192.jpg,ok,,,,,,hflip
Brown Blight,brightness,brown_blight_00193_aug_brightness.jpg,brown_blight_00193.jpg,ok,1.000012743185534,0.0046963149509044785,,,,
Brown Blight,zoom,brown_blight_00195_aug_zoom.jpg,brown_blight_00195.jpg,ok,,,2.061847026634845,1.426895924250501,,
Brown Blight,contrast,brown_blight_00198_aug_contrast.jpg,brown_blight_00198.jpg,ok,1.0813240812669411,-16.047452784692258,,,,
Brown Blight,flip,brown_blight_00198_aug_flip_horizontal.jpg,brown_blight_00198.jpg,ok,,,,,,hflip
Brown Blight,flip,brown_blight_00199_aug_flip_vertical.jpg,brown_blight_00199.jpg,ok,,,,,,vflip
Brown Blight,rotation,brown_blight_00199_aug_rotation.jpg,brown_blight_00199.jpg,ok,,,2.499749858377883,0.9667198873140933,,
Brown Blight,blur,brown_blight_00201_aug_blur.jpg,brown_blight_00201.jpg,ok,,,,,0.6500000000000001,
Brown Blight,contrast,brown_blight_00201_aug_contrast.jpg,brown_blight_00201.jpg,ok,0.8846972206187866,21.800033717978884,,,,
Brown Blight,flip,brown_blight_00201_aug_flip_horizontal.jpg,brown_blight_00201.jpg,ok,,,,,,hflip
Brown Blight,flip,brown_blight_00201_aug_flip_vertical.jpg,brown_blight_00201.jpg,ok,,,,,,vflip
Brown Blight,blur,brown_blight_00207_aug_blur.jpg,brown_blight_00207.jpg,ok,,,,,0.7000000000000002,
Brown Blight,zoom,brown_blight_00207_aug_zoom.jpg,brown_blight_00207.jpg,ok,,,0.6004252965503503,1.2559802551069548,,
Brown Blight,blur,brown_blight_00209_aug_blur.jpg,brown_blight_00209.jpg,ok,,,,,0.5500000000000002,
Brown Blight,zoom,brown_blight_00209_aug_zoom.jpg,brown_blight_00209.jpg,ok,,,4.443037827075516,1.4557161615254899,,
Brown Blight,contrast,brown_blight_00210_aug_contrast.jpg,brown_blight_00210.jpg,ok,1.096159251670387,-18.60874568062121,,,,
Brown Blight,zoom,brown_blight_00213_aug_zoom.jpg,brown_blight_00213.jpg,ok,,,-0.35118828707343747,1.4643156043095413,,
Brown Blight,brightness,brown_blight_00214_aug_brightness.jpg,brown_blight_00214.jpg,ok,0.9424768416890832,-0.4243030783277294,,,,
Brown Blight,contrast,brown_blight_00214_aug_contrast.jpg,brown_blight_00214.jpg,ok,0.9388325917611104,11.094360632173645,,,,
Brown Blight,flip,brown_blight_00214_aug_flip_vertical.jpg,brown_blight_00214.jpg,ok,,,,,,vflip
Brown Blight,brightness,brown_blight_00215_aug_brightness.jpg,brown_blight_00215.jpg,ok,0.883210905791749,-0.4415981025095594,,,,
Brown Blight,contrast,brown_blight_00215_aug_contrast.jpg,brown_blight_00215.jpg,ok,1.1655093776653351,-29.826694204016594,,,,
Brown Blight,flip,brown_blight_00215_aug_flip_horizontal.jpg,brown_blight_00215.jpg,ok,,,,,,hflip
Brown Blight,flip,brown_blight_00215_aug_flip_vertical.jpg,brown_blight_00215.jpg,ok,,,,,,vflip
Brown Blight,contrast,brown_blight_00218_aug_contrast.jpg,brown_blight_00218.jpg,ok,0.8676706535035583,20.911829018058853,,,,
Brown Blight,zoom,brown_blight_00219_aug_zoom.jpg,brown_blight_00219.jpg,ok,,,1.7275937400323873,1.2527239321242298,,
Brown Blight,zoom,brown_blight_00220_aug_zoom.jpg,brown_blight_00220.jpg,ok,,,0.7047353550281914,1.1235458974309755,,
Brown Blight,brightness,brown_blight_00224_aug_brightness.jpg,brown_blight_00224.jpg,ok,1.0379463824833386,-0.3609879560692564,,,,
Brown Blight,contrast,brown_blight_00224_aug_contrast.jpg,brown_blight_00224.jpg,ok,1.1163588411990315,-21.706943834777324,,,,
Brown Blight,flip,brown_blight_00225_aug_flip_horizontal.jpg,brown_blight_00225.jpg,ok,,,,,,hflip
Brown Blight,flip,brown_blight_00226_aug_flip_vertical.jpg,brown_blight_00226.jpg,ok,,,,,,vflip
Brown Blight,flip,brown_blight_00228_aug_flip_vertical.jpg,brown_blight_00228.jpg,ok,,,,,,vflip
Brown Blight,rotation,brown_blight_00229_aug_rotation.jpg,brown_blight_00229.jpg,ok,,,25.26229435110026,0.8144095716029744,,
Brown Blight,blur,brown_blight_00230_aug_blur.jpg,brown_blight_00230.jpg,ok,,,,,0.3500000000000001,
Brown Blight,blur,brown_blight_00232_aug_blur.jpg,brown_blight_00232.jpg,ok,,,,,0.5000000000000001,
Brown Blight,rotation,brown_blight_00234_aug_rotation.jpg,brown_blight_00234.jpg,ok,,,6.804767687934725,0.924513600842648,,
Brown Blight,zoom,brown_blight_00234_aug_zoom.jpg,brown_blight_00234.jpg,ok,,,1.0215630721557476,1.5811682169220882,,
Brown Blight,flip,brown_blight_00236_aug_flip_vertical.jpg,brown_blight_00236.jpg,ok,,,,,,vflip
Brown Blight,rotation,brown_blight_00236_aug_rotation.jpg,brown_blight_00236.jpg,ok,,,12.567547190561662,0.8782387013392553,,
Brown Blight,flip,brown_blight_00237_aug_flip_vertical.jpg,brown_blight_00237.jpg,ok,,,,,,vflip
Brown Blight,flip,brown_blight_00239_aug_flip_vertical.jpg,brown_blight_00239.jpg,ok,,,,,,vflip
Brown Blight,brightness,brown_blight_00240_aug_brightness.jpg,brown_blight_00240.jpg,ok,0.8122085208148958,-0.42829963102461127,,,,
Brown Blight,flip,brown_blight_00240_aug_flip_horizontal.jpg,brown_blight_00240.jpg,ok,,,,,,hflip
Brown Blight,contrast,brown_blight_00241_aug_contrast.jpg,brown_blight_00241.jpg,ok,0.9529098299882183,7.470940954242345,,,,
Brown Blight,zoom,brown_blight_00241_aug_zoom.jpg,brown_blight_00241.jpg,ok,,,-0.7762324646223256,1.1004723068793902,,
Brown Blight,zoom,brown_blight_00242_aug_zoom.jpg,brown_blight_00242.jpg,ok,,,-2.694969569226497,1.1440900337209714,,
Brown Blight,blur,brown_blight_00244_aug_blur.jpg,brown_blight_00244.jpg,ok,,,,,0.7500000000000002,
Brown Blight,flip,brown_blight_00246_aug_flip_vertical.jpg,brown_blight_00246.jpg,ok,,,,,,vflip
Brown Blight,rotation,brown_blight_00248_aug_rotation.jpg,brown_blight_00248.jpg,ok,,,12.418049821096963,0.8769636469457146,,
Brown Blight,flip,brown_blight_00249_aug_flip_horizontal.jpg,brown_blight_00249.jpg,ok,,,,,,hflip
Brown Blight,flip,brown_blight_00249_aug_flip_vertical.jpg,brown_blight_00249.jpg,ok,,,,,,vflip
Brown Blight,flip,brown_blight_00251_aug_flip_vertical.jpg,brown_blight_00251.jpg,ok,,,,,,vflip
Brown Blight,flip,brown_blight_00252_aug_flip_vertical.jpg,brown_blight_00252.jpg,ok,,,,,,vflip
Brown Blight,flip,brown_blight_00257_aug_flip_horizontal.jpg,brown_blight_00257.jpg,ok,,,,,,hflip
Brown Blight,zoom,brown_blight_00260_aug_zoom.jpg,brown_blight_00260.jpg,ok,,,4.50519697900736,1.5298842540945667,,
Brown Blight,flip,brown_blight_00261_aug_flip_vertical.jpg,brown_blight_00261.jpg,ok,,,,,,vflip
Brown Blight,zoom,brown_blight_00265_aug_zoom.jpg,brown_blight_00265.jpg,ok,,,-6.131716083786841,1.515614556777621,,
Brown Blight,flip,brown_blight_00268_aug_flip_vertical.jpg,brown_blight_00268.jpg,ok,,,,,,vflip
Brown Blight,blur,brown_blight_00271_aug_blur.jpg,brown_blight_00271.jpg,ok,,,,,0.45000000000000007,
Brown Blight,flip,brown_blight_00271_aug_flip_horizontal.jpg,brown_blight_00271.jpg,ok,,,,,,hflip
Brown Blight,flip,brown_blight_00274_aug_flip_horizontal.jpg,brown_blight_00274.jpg,ok,,,,,,hflip
Brown Blight,blur,brown_blight_00275_aug_blur.jpg,brown_blight_00275.jpg,ok,,,,,0.6500000000000001,
Brown Blight,brightness,brown_blight_00280_aug_brightness.jpg,brown_blight_00280.jpg,ok,1.0917570961165162,-0.5098112028454755,,,,
Brown Blight,flip,brown_blight_00281_aug_flip_horizontal.jpg,brown_blight_00281.jpg,ok,,,,,,hflip
Brown Blight,contrast,brown_blight_00282_aug_contrast.jpg,brown_blight_00282.jpg,ok,1.1511863410926768,-25.663596406541476,,,,
Brown Blight,flip,brown_blight_00284_aug_flip_vertical.jpg,brown_blight_00284.jpg,ok,,,,,,vflip
Brown Blight,rotation,brown_blight_00284_aug_rotation.jpg,brown_blight_00284.jpg,ok,,,9.633956575275926,0.8994793249872266,,
Brown Blight,flip,brown_blight_00285_aug_flip_horizontal.jpg,brown_blight_00285.jpg,ok,,,,,,hflip
Brown Blight,rotation,brown_blight_00285_aug_rotation.jpg,brown_blight_00285.jpg,ok,,,-27.868476700432502,0.8086612828262475,,
Brown Blight,zoom,brown_blight_00285_aug_zoom.jpg,brown_blight_00285.jpg,ok,,,-1.357478247455641,1.4762513333574676,,
Brown Blight,blur,brown_blight_00287_aug_blur.jpg,brown_blight_00287.jpg,ok,,,,,0.3500000000000001,
Brown Blight,zoom,brown_blight_00287_aug_zoom.jpg,brown_blight_00287.jpg,ok,,,3.4946566468333327,1.4144969407964014,,
Brown Blight,brightness,brown_blight_00288_aug_brightness.jpg,brown_blight_00288.jpg,ok,1.1232910955879507,-0.485703273744633,,,,
Brown Blight,flip,brown_blight_00288_aug_flip_horizontal.jpg,brown_blight_00288.jpg,ok,,,,,,hflip
Brown Blight,rotation,brown_blight_00288_aug_rotation.jpg,brown_blight_00288.jpg,ok,,,-10.209729501491786,0.8947582466443673,,
Brown Blight,zoom,brown_blight_00288_aug_zoom.jpg,brown_blight_00288.jpg,ok,,,1.1692396488597736,1.605461283605662,,
Brown Blight,brightness,brown_blight_00289_aug_brightness.jpg,brown_blight_00289.jpg,ok,0.8419177574160958,-0.5565448106211596,,,,
Brown Blight,contrast,brown_blight_00289_aug_contrast.jpg,brown_blight_00289.jpg,ok,1.052181769639589,-9.304513054483692,,,,
Brown Blight,contrast,brown_blight_00290_aug_contrast.jpg,brown_blight_00290.jpg,ok,0.8987412972462764,17.503308770033286,,,,
Brown Blight,flip,brown_blight_00290_aug_flip_vertical.jpg,brown_blight_00290.jpg,ok,,,,,,vflip
Brown Blight,contrast,brown_blight_00292_aug_contrast.jpg,brown_blight_00292.jpg,ok,0.8220375567704805,35.72383472356242,,,,
Brown Blight,zoom,brown_blight_00292_aug_zoom.jpg,brown_blight_00292.jpg,ok,,,5.512541530372715,1.2337278550015052,,
Brown Blight,zoom,brown_blight_00294_aug_zoom.jpg,brown_blight_00294.jpg,ok,,,6.755964105034208,1.2460601853320896,,
Brown Blight,blur,brown_blight_00295_aug_blur.jpg,brown_blight_00295.jpg,ok,,,,,0.5000000000000001,
Brown Blight,brightness,brown_blight_00295_aug_brightness.jpg,brown_blight_00295.jpg,ok,0.9546242927993827,-0.5164631922705619,,,,
Brown Blight,contrast,brown_blight_00295_aug_contrast.jpg,brown_blight_00295.jpg,ok,1.1807762715605765,-38.30916243084828,,,,
Brown Blight,blur,brown_blight_00296_aug_blur.jpg,brown_blight_00296.jpg,ok,,,,,0.40000000000000013,
Brown Blight,contrast,brown_blight_00296_aug_contrast.jpg,brown_blight_00296.jpg,ok,0.9563895137712977,8.275006283070962,,,,
Brown Blight,flip,brown_blight_00296_aug_flip_vertical.jpg,brown_blight_00296.jpg,ok,,,,,,vflip
Brown Blight,rotation,brown_blight_00298_aug_rotation.jpg,brown_blight_00298.jpg,ok,,,27.807289514670334,0.8096661542350344,,
Brown Blight,zoom,brown_blight_00298_aug_zoom.jpg,brown_blight_00298.jpg,ok,,,-5.907537759791856,1.1871122117928468,,
Brown Blight,contrast,brown_blight_00299_aug_contrast.jpg,brown_blight_00299.jpg,ok,1.0384862294656794,-7.3508111748559655,,,,
Brown Blight,flip,brown_blight_00299_aug_flip_horizontal.jpg,brown_blight_00299.jpg,ok,,,,,,hflip
Brown Blight,rotation,brown_blight_00299_aug_rotation.jpg,brown_blight_00299.jpg,ok,,,-9.521003401601423,0.8987852247156,,
Brown Blight,contrast,brown_blight_00302_aug_contrast.jpg,brown_blight_00302.jpg,ok,0.9046384831714774,17.486930806511968,,,,
Brown Blight,rotation,brown_blight_00302_aug_rotation.jpg,brown_blight_00302.jpg,ok,,,-16.945822781708735,0.8523738372333485,,
Brown Blight,flip,brown_blight_00305_aug_flip_horizontal.jpg,brown_blight_00305.jpg,ok,,,,,,hflip
Brown Blight,rotation,brown_blight_00305_aug_rotation.jpg,brown_blight_00305.jpg,ok,,,2.986258457435566,0.9630816130898993,,
Brown Blight,flip,brown_blight_00306_aug_flip_vertical.jpg,brown_blight_00306.jpg,ok,,,,,,vflip
Brown Blight,rotation,brown_blight_00307_aug_rotation.jpg,brown_blight_00307.jpg,ok,,,-5.184167971464591,0.9395630428226165,,
Brown Blight,rotation,brown_blight_00308_aug_rotation.jpg,brown_blight_00308.jpg,ok,,,3.4300367664335,0.9573004988333325,,
Brown Blight,zoom,brown_blight_00308_aug_zoom.jpg,brown_blight_00308.jpg,ok,,,7.721433190633208,1.379755139508402,,
Brown Blight,blur,brown_blight_00309_aug_blur.jpg,brown_blight_00309.jpg,ok,,,,,0.5000000000000001,
Brown Blight,flip,brown_blight_00311_aug_flip_vertical.jpg,brown_blight_00311.jpg,ok,,,,,,vflip
Brown Blight,zoom,brown_blight_00311_aug_zoom.jpg,brown_blight_00311.jpg,ok,,,5.434632747985282,1.4231087533037783,,
Brown Blight,blur,brown_blight_00312_aug_blur.jpg,brown_blight_00312.jpg,ok,,,,,0.40000000000000013,
Brown Blight,contrast,brown_blight_00312_aug_contrast.jpg,brown_blight_00312.jpg,ok,1.0681585984807112,-12.49899661248292,,,,
Brown Blight,blur,brown_blight_00315_aug_blur.jpg,brown_blight_00315.jpg,ok,,,,,0.5000000000000001,
Brown Blight,flip,brown_blight_00315_aug_flip_horizontal.jpg,brown_blight_00315.jpg,ok,,,,,,hflip
Brown Blight,brightness,brown_blight_00316_aug_brightness.jpg,brown_blight_00316.jpg,ok,0.8063719400473252,-0.5493058027209454,,,,
Brown Blight,flip,brown_blight_00318_aug_flip_horizontal.jpg,brown_blight_00318.jpg,ok,,,,,,hflip
Brown Blight,rotation,brown_blight_00318_aug_rotation.jpg,brown_blight_00318.jpg,ok,,,12.204187665817468,0.8772403546424568,,
Brown Blight,rotation,brown_blight_00320_aug_rotation.jpg,brown_blight_00320.jpg,ok,,,22.172505396941933,0.8253967860511581,,
Brown Blight,brightness,brown_blight_00322_aug_brightness.jpg,brown_blight_00322.jpg,ok,1.2619656469603047,-0.5345836319244246,,,,
Brown Blight,zoom,brown_blight_00322_aug_zoom.jpg,brown_blight_00322.jpg,ok,,,-8.103210588441144,1.3585203230007385,,
Brown Blight,flip,brown_blight_00324_aug_flip_vertical.jpg,brown_blight_00324.jpg,ok,,,,,,vflip
Brown Blight,rotation,brown_blight_00324_aug_rotation.jpg,brown_blight_00324.jpg,ok,,,20.599036483846785,0.8325597720398785,,
Brown Blight,zoom,brown_blight_00324_aug_zoom.jpg,brown_blight_00324.jpg,ok,,,6.825953037752465,1.2509736298108751,,
Brown Blight,rotation,brown_blight_00325_aug_rotation.jpg,brown_blight_00325.jpg,ok,,,-24.540457117803523,0.8185326569737551,,
Brown Blight,flip,brown_blight_00326_aug_flip_horizontal.jpg,brown_blight_00326.jpg,ok,,,,,,hflip
Brown Blight,zoom,brown_blight_00328_aug_zoom.jpg,brown_blight_00328.jpg,ok,,,-0.3162883796417762,1.5558180916334774,,
Brown Blight,blur,brown_blight_00329_aug_blur.jpg,brown_blight_00329.jpg,ok,,,,,0.5000000000000001,
Brown Blight,zoom,brown_blight_00329_aug_zoom.jpg,brown_blight_00329.jpg,ok,,,-7.553729182807586,1.3475910748304734,,
Brown Blight,flip,brown_blight_00330_aug_flip_vertical.jpg,brown_blight_00330.jpg,ok,,,,,,vflip
Brown Blight,brightness,brown_blight_00331_aug_brightness.jpg,brown_blight_00331.jpg,ok,1.296559233058824,-0.5006493287378377,,,,
Brown Blight,contrast,brown_blight_00331_aug_contrast.jpg,brown_blight_00331.jpg,ok,0.8347810410589356,26.79170585563931,,,,
Brown Blight,flip,brown_blight_00332_aug_flip_vertical.jpg,brown_blight_00332.jpg,ok,,,,,,vflip
Brown Blight,flip,brown_blight_00333_aug_flip_horizontal.jpg,brown_blight_00333.jpg,ok,,,,,,hflip
Brown Blight,rotation,brown_blight_00333_aug_rotation.jpg,brown_blight_00333.jpg,ok,,,28.833026973483943,0.806538773988828,,
Brown Blight,blur,brown_blight_00344_aug_blur.jpg,brown_blight_00344.jpg,ok,,,,,0.5500000000000002,
Brown Blight,brightness,brown_blight_00349_aug_brightness.jpg,brown_blight_00349.jpg,ok,0.9382664069317955,-0.46168156201526445,,,,
Brown Blight,flip,brown_blight_00349_aug_flip_vertical.jpg,brown_blight_00349.jpg,ok,,,,,,vflip
Brown Blight,zoom,brown_blight_00350_aug_zoom.jpg,brown_blight_00350.jpg,ok,,,-6.340797249875382,1.54162139380078,,
Brown Blight,brightness,brown_blight_00351_aug_brightness.jpg,brown_blight_00351.jpg,ok,1.1221623849924747,-0.484300303863251,,,,
Brown Blight,flip,brown_blight_00353_aug_flip_vertical.jpg,brown_blight_00353.jpg,ok,,,,,,vflip
Brown Blight,zoom,brown_blight_00353_aug_zoom.jpg,brown_blight_00353.jpg,ok,,,8.41525367161284,1.3250253354416528,,
Brown Blight,blur,brown_blight_00355_aug_blur.jpg,brown_blight_00355.jpg,ok,,,,,0.5000000000000001,
Brown Blight,flip,brown_blight_00355_aug_flip_horizontal.jpg,brown_blight_00355.jpg,ok,,,,,,hflip
Brown Blight,brightness,brown_blight_00356_aug_brightness.jpg,brown_blight_00356.jpg,ok,0.9698910312536844,-0.5789721341627854,,,,
Brown Blight,zoom,brown_blight_00356_aug_zoom.jpg,brown_blight_00356.jpg,ok,,,-3.035826674597842,1.618008087821627,,
Brown Blight,rotation,brown_blight_00359_aug_rotation.jpg,brown_blight_00359.jpg,ok,,,-4.4932434768344605,0.9460830724109102,,
Brown Blight,contrast,brown_blight_00363_aug_contrast.jpg,brown_blight_00363.jpg,ok,1.0106578036704694,-2.17761382502073,,,,
Brown Blight,flip,brown_blight_00368_aug_flip_horizontal.jpg,brown_blight_00368.jpg,ok,,,,,,hflip
Brown Blight,zoom,brown_blight_00368_aug_zoom.jpg,brown_blight_00368.jpg,ok,,,-7.7861371162131405,1.3189154715398326,,
Brown Blight,flip,brown_blight_00373_aug_flip_horizontal.jpg,brown_blight_00373.jpg,ok,,,,,,hflip
Brown Blight,zoom,brown_blight_00373_aug_zoom.jpg,brown_blight_00373.jpg,ok,,,-0.16259939512619784,1.534075867803818,,
Brown Blight,flip,brown_blight_00375_aug_flip_vertical.jpg,brown_blight_00375.jpg,ok,,,,,,vflip
Brown Blight,contrast,brown_blight_00380_aug_contrast.jpg,brown_blight_00380.jpg,ok,1.0803976271561653,-13.492719736422004,,,,
Brown Blight,contrast,brown_blight_00384_aug_contrast.jpg,brown_blight_00384.jpg,ok,0.8927070424385282,17.535043727671294,,,,
Brown Blight,flip,brown_blight_00385_aug_flip_vertical.jpg,brown_blight_00385.jpg,ok,,,,,,vflip
Brown Blight,zoom,brown_blight_00386_aug_zoom.jpg,brown_blight_00386.jpg,ok,,,7.633097081504252,1.2910154584676494,,
Brown Blight,blur,brown_blight_00387_aug_blur.jpg,brown_blight_00387.jpg,ok,,,,,0.5500000000000002,
Brown Blight,flip,brown_blight_00388_aug_flip_vertical.jpg,brown_blight_00388.jpg,ok,,,,,,vflip
Brown Blight,flip,brown_blight_00393_aug_flip_vertical.jpg,brown_blight_00393.jpg,ok,,,,,,vflip
Brown Blight,contrast,brown_blight_00397_aug_contrast.jpg,brown_blight_00397.jpg,ok,0.9531873548492846,6.9375444751594575,,,,
Brown Blight,rotation,brown_blight_00397_aug_rotation.jpg,brown_blight_00397.jpg,ok,,,17.179079394041892,0.8481966834763671,,
Brown Blight,brightness,brown_blight_00398_aug_brightness.jpg,brown_blight_00398.jpg,ok,1.2283354868355174,-0.5693237959598227,,,,
Brown Blight,rotation,brown_blight_00400_aug_rotation.jpg,brown_blight_00400.jpg,ok,,,-18.156235895380565,0.8412232905796884,,
Brown Blight,blur,brown_blight_00402_aug_blur.jpg,brown_blight_00402.jpg,ok,,,,,0.3500000000000001,
Brown Blight,zoom,brown_blight_00402_aug_zoom.jpg,brown_blight_00402.jpg,ok,,,-8.09600674001453,1.304617881415657,,
Brown Blight,blur,brown_blight_00404_aug_blur.jpg,brown_blight_00404.jpg,ok,,,,,0.5000000000000001,
Brown Blight,blur,brown_blight_00405_aug_blur.jpg,brown_blight_00405.jpg,ok,,,,,0.45000000000000007,
Brown Blight,flip,brown_blight_00406_aug_flip_vertical.jpg,brown_blight_00406.jpg,ok,,,,,,vflip
Brown Blight,zoom,brown_blight_00406_aug_zoom.jpg,brown_blight_00406.jpg,ok,,,-6.149496070974741,1.439635481838508,,
Brown Blight,contrast,brown_blight_00407_aug_contrast.jpg,brown_blight_00407.jpg,ok,0.9708482731027361,4.5417393929725,,,,
Brown Blight,contrast,brown_blight_00408_aug_contrast.jpg,brown_blight_00408.jpg,ok,1.009179918765692,-2.0543413957133128,,,,
Brown Blight,rotation,brown_blight_00413_aug_rotation.jpg,brown_blight_00413.jpg,ok,,,-28.72064273140814,0.8070660386922434,,
Brown Blight,flip,brown_blight_00416_aug_flip_horizontal.jpg,brown_blight_00416.jpg,ok,,,,,,hflip
Brown Blight,flip,brown_blight_00416_aug_flip_vertical.jpg,brown_blight_00416.jpg,ok,,,,,,vflip
Brown Blight,zoom,brown_blight_00416_aug_zoom.jpg,brown_blight_00416.jpg,ok,,,-2.7730694619144525,1.440272210987037,,
Brown Blight,rotation,brown_blight_00418_aug_rotation.jpg,brown_blight_00418.jpg,ok,,,15.508182749033141,0.8577876301849472,,
Brown Blight,blur,brown_blight_00422_aug_blur.jpg,brown_blight_00422.jpg,ok,,,,,0.45000000000000007,
Brown Blight,flip,brown_blight_00422_aug_flip_horizontal.jpg,brown_blight_00422.jpg,ok,,,,,,hflip
Brown Blight,zoom,brown_blight_00422_aug_zoom.jpg,brown_blight_00422.jpg,ok,,,-2.83155100886847,1.4622221677494507,,
Brown Blight,blur,brown_blight_00423_aug_blur.jpg,brown_blight_00423.jpg,ok,,,,,0.8500000000000002,
Brown Blight,flip,brown_blight_00425_aug_flip_vertical.jpg,brown_blight_00425.jpg,ok,,,,,,vflip
Brown Blight,rotation,brown_blight_00432_aug_rotation.jpg,brown_blight_00432.jpg,ok,,,1.4960605862222973,0.9803618251658103,,
Brown Blight,zoom,brown_blight_00432_aug_zoom.jpg,brown_blight_00432.jpg,ok,,,4.5347828918448085,1.097668889027513,,
Brown Blight,flip,brown_blight_00436_aug_flip_horizontal.jpg,brown_blight_00436.jpg,ok,,,,,,hflip
Brown Blight,flip,brown_blight_00437_aug_flip_vertical.jpg,brown_blight_00437.jpg,ok,,,,,,vflip
Brown Blight,brightness,brown_blight_00438_aug_brightness.jpg,brown_blight_00438.jpg,ok,0.9311034293316152,-0.47942083447511447,,,,
Brown Blight,rotation,brown_blight_00438_aug_rotation.jpg,brown_blight_00438.jpg,ok,,,-18.993774173321373,0.8393371006144053,,
Brown Blight,rotation,brown_blight_00442_aug_rotation.jpg,brown_blight_00442.jpg,ok,,,-2.030308134826532,0.971946959049752,,
Brown Blight,rotation,brown_blight_00445_aug_rotation.jpg,brown_blight_00445.jpg,ok,,,-14.855504357428611,0.8610867669418988,,
Brown Blight,zoom,brown_blight_00445_aug_zoom.jpg,brown_blight_00445.jpg,ok,,,6.426833094956405,1.4494960344693901,,
Brown Blight,brightness,brown_blight_00448_aug_brightness.jpg,brown_blight_00448.jpg,ok,1.0892543532373484,-0.4493250544315537,,,,
Brown Blight,blur,brown_blight_00449_aug_blur.jpg,brown_blight_00449.jpg,ok,,,,,0.40000000000000013,
Brown Blight,blur,brown_blight_00451_aug_blur.jpg,brown_blight_00451.jpg,ok,,,,,0.45000000000000007,
Brown Blight,blur,brown_blight_00452_aug_blur.jpg,brown_blight_00452.jpg,ok,,,,,0.45000000000000007,
Brown Blight,contrast,brown_blight_00452_aug_contrast.jpg,brown_blight_00452.jpg,ok,1.1755786355795408,-29.261167350262745,,,,
Brown Blight,blur,brown_blight_00454_aug_blur.jpg,brown_blight_00454.jpg,ok,,,,,0.6000000000000002,
Brown Blight,contrast,brown_blight_00454_aug_contrast.jpg,brown_blight_00454.jpg,ok,0.8627009008756603,23.31602517988025,,,,
Brown Blight,blur,brown_blight_00456_aug_blur.jpg,brown_blight_00456.jpg,ok,,,,,0.7000000000000002,
Brown Blight,contrast,brown_blight_00456_aug_contrast.jpg,brown_blight_00456.jpg,ok,1.038304405797656,-7.469446586602385,,,,
Brown Blight,flip,brown_blight_00459_aug_flip_vertical.jpg,brown_blight_00459.jpg,ok,,,,,,vflip
Brown Blight,rotation,brown_blight_00460_aug_rotation.jpg,brown_blight_00460.jpg,ok,,,-16.948473935198113,0.848296395250185,,
Brown Blight,rotation,brown_blight_00463_aug_rotation.jpg,brown_blight_00463.jpg,ok,,,11.061067303859959,0.8871212922860372,,
Brown Blight,blur,brown_blight_00466_aug_blur.jpg,brown_blight_00466.jpg,ok,,,,,0.40000000000000013,
Brown Blight,brightness,brown_blight_00466_aug_brightness.jpg,brown_blight_00466.jpg,ok,1.0412810641783656,-0.3981368144680664,,,,
Brown Blight,brightness,brown_blight_00468_aug_brightness.jpg,brown_blight_00468.jpg,ok,0.9166681171305568,-0.5082839145135896,,,,
Brown Blight,flip,brown_blight_00469_aug_flip_horizontal.jpg,brown_blight_00469.jpg,ok,,,,,,hflip
Brown Blight,flip,brown_blight_00469_aug_flip_vertical.jpg,brown_blight_00469.jpg,ok,,,,,,vflip
Brown Blight,contrast,brown_blight_00475_aug_contrast.jpg,brown_blight_00475.jpg,ok,0.8475632903998368,21.813320747538715,,,,
Brown Blight,blur,brown_blight_00477_aug_blur.jpg,brown_blight_00477.jpg,ok,,,,,0.5000000000000001,
Brown Blight,brightness,brown_blight_00477_aug_brightness.jpg,brown_blight_00477.jpg,ok,0.7768564215840325,-0.5391162530524903,,,,
Brown Blight,flip,brown_blight_00486_aug_flip_horizontal.jpg,brown_blight_00486.jpg,ok,,,,,,hflip
Brown Blight,flip,brown_blight_00486_aug_flip_vertical.jpg,brown_blight_00486.jpg,ok,,,,,,vflip
Brown Blight,zoom,brown_blight_00486_aug_zoom.jpg,brown_blight_00486.jpg,ok,,,-3.2615451573053993,1.5461149411316137,,
Brown Blight,brightness,brown_blight_00487_aug_brightness.jpg,brown_blight_00487.jpg,ok,0.8440501401422504,-0.542167967146347,,,,
Brown Blight,rotation,brown_blight_00487_aug_rotation.jpg,brown_blight_00487.jpg,ok,,,10.370569768361559,0.8915298931734895,,
Brown Blight,contrast,brown_blight_00488_aug_contrast.jpg,brown_blight_00488.jpg,ok,0.9019023941270194,15.799975913493217,,,,
Brown Blight,flip,brown_blight_00488_aug_flip_horizontal.jpg,brown_blight_00488.jpg,ok,,,,,,hflip
Brown Blight,rotation,brown_blight_00488_aug_rotation.jpg,brown_blight_00488.jpg,ok,,,25.08226634388611,0.8160952702962658,,
Brown Blight,contrast,brown_blight_00489_aug_contrast.jpg,brown_blight_00489.jpg,ok,1.1602369815323408,-28.248423356548813,,,,
Brown Blight,flip,brown_blight_00489_aug_flip_horizontal.jpg,brown_blight_00489.jpg,ok,,,,,,hflip
Brown Blight,blur,brown_blight_00491_aug_blur.jpg,brown_blight_00491.jpg,ok,,,,,0.5000000000000001,
Brown Blight,zoom,brown_blight_00491_aug_zoom.jpg,brown_blight_00491.jpg,ok,,,-1.116026381771614,1.4335775259400063,,
Brown Blight,flip,brown_blight_00492_aug_flip_horizontal.jpg,brown_blight_00492.jpg,ok,,,,,,hflip
Brown Blight,zoom,brown_blight_00494_aug_zoom.jpg,brown_blight_00494.jpg,ok,,,6.2915270629282345,1.4516636879597824,,
Brown Blight,brightness,brown_blight_00497_aug_brightness.jpg,brown_blight_00497.jpg,ok,1.175823613233925,-0.5260436707086752,,,,
Brown Blight,flip,brown_blight_00497_aug_flip_vertical.jpg,brown_blight_00497.jpg,ok,,,,,,vflip
Brown Blight,zoom,brown_blight_00498_aug_zoom.jpg,brown_blight_00498.jpg,ok,,,-1.7962287892613442,1.1798727175031758,,
Brown Blight,blur,brown_blight_00500_aug_blur.jpg,brown_blight_00500.jpg,ok,,,,,0.6000000000000002,
Gray Blight,contrast,IMG_20220503_135816_aug_contrast.jpg,IMG_20220503_135816.jpg,ok,1.1343073879403667,-22.315058865654727,,,,
Gray Blight,flip,IMG_20220503_140131_aug_flip_vertical.jpg,IMG_20220503_140131.jpg,ok,,,,,,vflip
Gray Blight,contrast,IMG_20220503_140634_aug_contrast.jpg,IMG_20220503_140634.jpg,ok,1.092692673739165,-13.779084477303245,,,,
Gray Blight,brightness,IMG_20220503_140914_aug_brightness.jpg,IMG_20220503_140914.jpg,ok,0.913901197347844,-0.5939382328674346,,,,
Gray Blight,blur,IMG_20220503_140952_aug_blur.jpg,IMG_20220503_140952.jpg,ok,,,,,0.3500000000000001,
Gray Blight,zoom,IMG_20220503_141135_aug_zoom.jpg,IMG_20220503_141135.jpg,ok,,,1.9328170517083993,1.1074190108771416,,
Gray Blight,flip,IMG_20220503_141402_aug_flip_horizontal.jpg,IMG_20220503_141402.jpg,ok,,,,,,hflip
Gray Blight,brightness,IMG_20220503_141728_aug_brightness.jpg,IMG_20220503_141728.jpg,ok,1.0282003258785697,-0.5496373898675185,,,,
Gray Blight,zoom,IMG_20220503_141824_aug_zoom.jpg,IMG_20220503_141824.jpg,ok,,,7.5476645296203495,1.2919740411914642,,
Gray Blight,blur,IMG_20220503_141858_aug_blur.jpg,IMG_20220503_141858.jpg,ok,,,,,0.3500000000000001,
Gray Blight,rotation,IMG_20220503_142039_aug_rotation.jpg,IMG_20220503_142039.jpg,ok,,,-24.04141925517924,0.8198610570879498,,
Gray Blight,contrast,IMG_20220503_142537_aug_contrast.jpg,IMG_20220503_142537.jpg,ok,1.170193666212149,-23.684895658428516,,,,
Gray Blight,contrast,gray_blight_00024_aug_contrast.jpg,gray_blight_00024.jpg,ok,1.0623194252691301,-13.012560520251158,,,,
Gray Blight,brightness,gray_blight_00027_aug_brightness.jpg,gray_blight_00027.jpg,ok,0.7824222734321372,-0.43239489571597595,,,,
Gray Blight,flip,gray_blight_00054_aug_flip_vertical.jpg,gray_blight_00054.jpg,ok,,,,,,vflip
Gray Blight,contrast,gray_blight_00057_aug_contrast.jpg,gray_blight_00057.jpg,ok,0.9432207411917684,9.388261191809043,,,,
Gray Blight,flip,gray_blight_00077_aug_flip_vertical.jpg,gray_blight_00077.jpg,ok,,,,,,vflip
Gray Blight,blur,gray_blight_00097_aug_blur.jpg,gray_blight_00097.jpg,ok,,,,,0.40000000000000013,
Gray Blight,zoom,gray_blight_00102_aug_zoom.jpg,gray_blight_00102.jpg,ok,,,2.8827296570759477,1.0823281068483142,,
Gray Blight,flip,gray_blight_00103_aug_flip_horizontal.jpg,gray_blight_00103.jpg,ok,,,,,,hflip
Gray Blight,contrast,gray_blight_00106_aug_contrast.jpg,gray_blight_00106.jpg,ok,1.1045642330517589,-19.346929642886852,,,,
Gray Blight,zoom,gray_blight_00106_aug_zoom.jpg,gray_blight_00106.jpg,ok,,,-1.8793127933105067,1.5603009062861521,,
Gray Blight,zoom,gray_blight_00108_aug_zoom.jpg,gray_blight_00108.jpg,ok,,,-7.986510950176389,1.3737832241555128,,
Gray Blight,blur,gray_blight_00115_aug_blur.jpg,gray_blight_00115.jpg,ok,,,,,0.5500000000000002,
Gray Blight,rotation,gray_blight_00118_aug_rotation.jpg,gray_blight_00118.jpg,ok,,,5.958127645546801,0.9330047261932534,,
Gray Blight,brightness,gray_blight_00168_aug_brightness.jpg,gray_blight_00168.jpg,ok,1.2984115584944544,-0.5935091213990615,,,,
Gray Blight,flip,gray_blight_00176_aug_flip_vertical.jpg,gray_blight_00176.jpg,ok,,,,,,vflip
Gray Blight,brightness,gray_blight_00178_aug_brightness.jpg,gray_blight_00178.jpg,ok,1.1881860500879322,-0.5351328070127265,,,,
Gray Blight,blur,gray_blight_00209_aug_blur.jpg,gray_blight_00209.jpg,ok,,,,,0.40000000000000013,
Gray Blight,flip,gray_blight_00222_aug_flip_horizontal.jpg,gray_blight_00222.jpg,ok,,,,,,hflip
Gray Blight,zoom,gray_blight_00222_aug_zoom.jpg,gray_blight_00222.jpg,ok,,,2.530400019562218,1.4278984366834877,,
Gray Blight,flip,gray_blight_00227_aug_flip_vertical.jpg,gray_blight_00227.jpg,ok,,,,,,vflip
Gray Blight,blur,gray_blight_00228_aug_blur.jpg,gray_blight_00228.jpg,ok,,,,,0.45000000000000007,
Gray Blight,zoom,gray_blight_00231_aug_zoom.jpg,gray_blight_00231.jpg,ok,,,1.7894729318378644,1.5426864814074857,,
Gray Blight,flip,gray_blight_00240_aug_flip_horizontal.jpg,gray_blight_00240.jpg,ok,,,,,,hflip
Gray Blight,zoom,gray_blight_00241_aug_zoom.jpg,gray_blight_00241.jpg,ok,,,7.501999725653802,1.3132608306501936,,
Gray Blight,blur,gray_blight_00245_aug_blur.jpg,gray_blight_00245.jpg,ok,,,,,0.45000000000000007,
Gray Blight,zoom,gray_blight_00249_aug_zoom.jpg,gray_blight_00249.jpg,ok,,,-7.04228884549821,1.3593886330923635,,
Gray Blight,flip,gray_blight_00251_aug_flip_horizontal.jpg,gray_blight_00251.jpg,ok,,,,,,hflip
Gray Blight,flip,gray_blight_00256_aug_flip_vertical.jpg,gray_blight_00256.jpg,ok,,,,,,vflip
Gray Blight,flip,gray_blight_00291_aug_flip_horizontal.jpg,gray_blight_00291.jpg,ok,,,,,,hflip
Gray Blight,flip,gray_blight_00293_aug_flip_vertical.jpg,gray_blight_00293.jpg,ok,,,,,,vflip
Gray Blight,blur,gray_blight_00294_aug_blur.jpg,gray_blight_00294.jpg,ok,,,,,0.40000000000000013,
Gray Blight,brightness,gray_blight_00298_aug_brightness.jpg,gray_blight_00298.jpg,ok,0.8961160730627706,-0.4867760807666074,,,,
Gray Blight,rotation,gray_blight_00299_aug_rotation.jpg,gray_blight_00299.jpg,ok,,,2.256632365882178,0.9716470040281784,,
Gray Blight,zoom,gray_blight_00301_aug_zoom.jpg,gray_blight_00301.jpg,ok,,,2.4282740478269718,1.6303746167226751,,
Gray Blight,zoom,gray_blight_00309_aug_zoom.jpg,gray_blight_00309.jpg,ok,,,3.95078949585583,1.4566876070220995,,
Gray Blight,contrast,gray_blight_00370_aug_contrast.jpg,gray_blight_00370.jpg,ok,0.821877036088966,32.56555335584294,,,,
Gray Blight,blur,gray_blight_00371_aug_blur.jpg,gray_blight_00371.jpg,ok,,,,,0.6500000000000001,
Gray Blight,zoom,gray_blight_00392_aug_zoom.jpg,gray_blight_00392.jpg,ok,,,-4.576154928073005,1.1363482024377638,,
Gray Blight,zoom,gray_blight_00417_aug_zoom.jpg,gray_blight_00417.jpg,ok,,,-2.017301114562203,1.5216175585789573,,
Gray Blight,rotation,gray_blight_00436_aug_rotation.jpg,gray_blight_00436.jpg,ok,,,-24.19693676140858,0.8152178739688258,,
Gray Blight,brightness,gray_blight_00454_aug_brightness.jpg,gray_blight_00454.jpg,ok,1.10968535727333,-0.5696516472303452,,,,
Gray Blight,contrast,gray_blight_00466_aug_contrast.jpg,gray_blight_00466.jpg,ok,0.9313682745249383,12.47048918248213,,,,
Gray Blight,brightness,gray_blight_00472_aug_brightness.jpg,gray_blight_00472.jpg,ok,1.1969120690682622,-0.49685953099110713,,,,
Gray Blight,flip,gray_blight_00485_aug_flip_horizontal.jpg,gray_blight_00485.jpg,ok,,,,,,hflip
Gray Blight,flip,gray_blight_00489_aug_flip_vertical.jpg,gray_blight_00489.jpg,ok,,,,,,vflip
Gray Blight,zoom,gray_blight_00494_aug_zoom.jpg,gray_blight_00494.jpg,ok,,,-3.208254804770638,1.5135683004083027,,
Gray Blight,flip,gray_blight_00497_aug_flip_horizontal.jpg,gray_blight_00497.jpg,ok,,,,,,hflip
Gray Blight,flip,gray_blight_00498_aug_flip_horizontal.jpg,gray_blight_00498.jpg,ok,,,,,,hflip
Gray Blight,zoom,gray_blight_00501_aug_zoom.jpg,gray_blight_00501.jpg,ok,,,-7.687360239765334,1.3356741977491196,,
Gray Blight,rotation,gray_blight_00519_aug_rotation.jpg,gray_blight_00519.jpg,ok,,,6.042626184700947,0.9308705353959232,,
Gray Blight,blur,gray_blight_00527_aug_blur.jpg,gray_blight_00527.jpg,ok,,,,,0.40000000000000013,
Gray Blight,brightness,gray_blight_00535_aug_brightness.jpg,gray_blight_00535.jpg,ok,0.980845787789493,-0.6104141988402163,,,,
Gray Blight,zoom,gray_blight_00547_aug_zoom.jpg,gray_blight_00547.jpg,ok,,,-7.900261509576136,1.4014703777602564,,
Gray Blight,contrast,gray_blight_00555_aug_contrast.jpg,gray_blight_00555.jpg,ok,1.0356631510317709,-6.93327131142387,,,,
Gray Blight,rotation,gray_blight_00556_aug_rotation.jpg,gray_blight_00556.jpg,ok,,,13.711208241207554,0.8701126319796755,,
Gray Blight,brightness,gray_blight_00558_aug_brightness.jpg,gray_blight_00558.jpg,ok,0.7895125564395543,-0.4343029449675345,,,,
Gray Blight,brightness,gray_blight_00559_aug_brightness.jpg,gray_blight_00559.jpg,ok,0.7098091838163395,-0.47274016383789796,,,,
Gray Blight,contrast,gray_blight_00562_aug_contrast.jpg,gray_blight_00562.jpg,ok,1.1478027232031975,-25.497160561748945,,,,
Gray Blight,rotation,gray_blight_00566_aug_rotation.jpg,gray_blight_00566.jpg,ok,,,-25.06800006696704,0.8166834395527156,,
Gray Blight,contrast,gray_blight_00571_aug_contrast.jpg,gray_blight_00571.jpg,ok,0.974404928921663,4.040662967682809,,,,
Gray Blight,rotation,gray_blight_00577_aug_rotation.jpg,gray_blight_00577.jpg,ok,,,-5.434312113955887,0.9362052321204648,,
Gray Blight,blur,gray_blight_00594_aug_blur.jpg,gray_blight_00594.jpg,ok,,,,,0.5500000000000002,
Gray Blight,flip,gray_blight_00597_aug_flip_vertical.jpg,gray_blight_00597.jpg,ok,,,,,,vflip
Gray Blight,flip,gray_blight_00654_aug_flip_horizontal.jpg,gray_blight_00654.jpg,ok,,,,,,hflip
Gray Blight,rotation,gray_blight_00658_aug_rotation.jpg,gray_blight_00658.jpg,ok,,,7.262641224920148,0.9195173325489724,,
Gray Blight,flip,gray_blight_00665_aug_flip_vertical.jpg,gray_blight_00665.jpg,ok,,,,,,vflip
Gray Blight,flip,gray_blight_00670_aug_flip_vertical.jpg,gray_blight_00670.jpg,ok,,,,,,vflip
Gray Blight,rotation,gray_blight_00670_aug_rotation.jpg,gray_blight_00670.jpg,ok,,,-19.03289050338204,0.8402926733221382,,
Gray Blight,blur,gray_blight_00677_aug_blur.jpg,gray_blight_00677.jpg,ok,,,,,0.6500000000000001,
Gray Blight,flip,gray_blight_00687_aug_flip_horizontal.jpg,gray_blight_00687.jpg,ok,,,,,,hflip
Gray Blight,zoom,gray_blight_00695_aug_zoom.jpg,gray_blight_00695.jpg,ok,,,0.7593471140052784,1.4154548015488224,,
Gray Blight,contrast,gray_blight_00701_aug_contrast.jpg,gray_blight_00701.jpg,ok,0.9171599285327704,13.780999053480508,,,,
Gray Blight,flip,gray_blight_00723_aug_flip_horizontal.jpg,gray_blight_00723.jpg,ok,,,,,,hflip
Gray Blight,rotation,gray_blight_00729_aug_rotation.jpg,gray_blight_00729.jpg,ok,,,-18.77912377750309,0.839781759206681,,
Gray Blight,blur,gray_blight_00738_aug_blur.jpg,gray_blight_00738.jpg,ok,,,,,0.45000000000000007,
Gray Blight,zoom,gray_blight_00745_aug_zoom.jpg,gray_blight_00745.jpg,ok,,,7.994236997116231,1.2724565167244715,,
Gray Blight,brightness,gray_blight_00749_aug_brightness.jpg,gray_blight_00749.jpg,ok,1.1092625634828017,-0.5450341047694501,,,,
Gray Blight,zoom,gray_blight_00749_aug_zoom.jpg,gray_blight_00749.jpg,ok,,,-2.2280404755983674,1.4235781487579509,,
Gray Blight,contrast,gray_blight_00754_aug_contrast.jpg,gray_blight_00754.jpg,ok,1.1735880499517466,-32.4856902321937,,,,
Gray Blight,blur,gray_blight_00759_aug_blur.jpg,gray_blight_00759.jpg,ok,,,,,0.5000000000000001,
Gray Blight,flip,gray_blight_00765_aug_flip_horizontal.jpg,gray_blight_00765.jpg,ok,,,,,,hflip
Gray Blight,contrast,gray_blight_00774_aug_contrast.jpg,gray_blight_00774.jpg,ok,1.1566916930240128,-27.02526221555266,,,,
Gray Blight,blur,gray_blight_00778_aug_blur.jpg,gray_blight_00778.jpg,ok,,,,,0.40000000000000013,
Gray Blight,contrast,gray_blight_00779_aug_contrast.jpg,gray_blight_00779.jpg,ok,1.10899222836898,-19.09876598173447,,,,
Gray Blight,rotation,gray_blight_00781_aug_rotation.jpg,gray_blight_00781.jpg,ok,,,-6.965444990899136,0.9203609233263265,,
Gray Blight,brightness,gray_blight_00788_aug_brightness.jpg,gray_blight_00788.jpg,ok,0.7566830942515169,-0.4842049886178707,,,,
Gray Blight,blur,gray_blight_00790_aug_blur.jpg,gray_blight_00790.jpg,ok,,,,,0.7000000000000002,
Gray Blight,rotation,gray_blight_00796_aug_rotation.jpg,gray_blight_00796.jpg,ok,,,-15.106681049910893,0.8598060515213315,,
Gray Blight,rotation,gray_blight_00803_aug_rotation.jpg,gray_blight_00803.jpg,ok,,,4.845174138596916,0.9430785614754364,,
Gray Blight,zoom,gray_blight_00813_aug_zoom.jpg,gray_blight_00813.jpg,ok,,,-0.2551933209256956,1.431983018769973,,
Gray Blight,zoom,gray_blight_00847_aug_zoom.jpg,gray_blight_00847.jpg,ok,,,-7.424171799534535,1.298637346039085,,
Gray Blight,blur,gray_blight_00848_aug_blur.jpg,gray_blight_00848.jpg,ok,,,,,0.5000000000000001,
Gray Blight,brightness,gray_blight_00866_aug_brightness.jpg,gray_blight_00866.jpg,ok,0.8699825498310239,-0.4705130187293738,,,,
Gray Blight,blur,gray_blight_00892_aug_blur.jpg,gray_blight_00892.jpg,ok,,,,,0.3500000000000001,
Gray Blight,rotation,gray_blight_00894_aug_rotation.jpg,gray_blight_00894.jpg,ok,,,27.520743752719056,0.8105975298530593,,
Gray Blight,contrast,gray_blight_00904_aug_contrast.jpg,gray_blight_00904.jpg,ok,1.1418794087134123,-21.661148148640258,,,,
Gray Blight,flip,gray_blight_00914_aug_flip_horizontal.jpg,gray_blight_00914.jpg,ok,,,,,,hflip
Gray Blight,zoom,gray_blight_00921_aug_zoom.jpg,gray_blight_00921.jpg,ok,,,0.2718967713009982,1.417449135086613,,
Gray Blight,blur,gray_blight_00944_aug_blur.jpg,gray_blight_00944.jpg,ok,,,,,0.5000000000000001,
Gray Blight,blur,gray_blight_00953_aug_blur.jpg,gray_blight_00953.jpg,ok,,,,,0.5000000000000001,
Gray Blight,zoom,gray_blight_00957_aug_zoom.jpg,gray_blight_00957.jpg,ok,,,-3.383215223002782,1.3602369329563648,,
Gray Blight,contrast,gray_blight_00960_aug_contrast.jpg,gray_blight_00960.jpg,ok,1.138034660346387,-26.797178541766776,,,,
Gray Blight,flip,gray_blight_00966_aug_flip_horizontal.jpg,gray_blight_00966.jpg,ok,,,,,,hflip
Gray Blight,zoom,gray_blight_00970_aug_zoom.jpg,gray_blight_00970.jpg,ok,,,5.908671437411033,1.3447868500848088,,
Gray Blight,flip,gray_blight_00995_aug_flip_vertical.jpg,gray_blight_00995.jpg,ok,,,,,,vflip
Gray Blight,rotation,gray_blight_01002_aug_rotation.jpg,gray_blight_01002.jpg,ok,,,5.369028876149557,0.934115930270622,,
Healthy leaf,brightness,UNADJUSTEDNONRAW_thumb_20c_aug_brightness.jpg,UNADJUSTEDNONRAW_thumb_20c.jpg,ok,0.7791764120239641,-0.541677211605796,,,,
Healthy leaf,brightness,UNADJUSTEDNONRAW_thumb_210_aug_brightness.jpg,UNADJUSTEDNONRAW_thumb_210.jpg,ok,1.196601235379342,8.61150542526893,,,,
Healthy leaf,flip,UNADJUSTEDNONRAW_thumb_210_aug_flip_horizontal.jpg,UNADJUSTEDNONRAW_thumb_210.jpg,ok,,,,,,hflip
Healthy leaf,flip,UNADJUSTEDNONRAW_thumb_211_aug_flip_horizontal.jpg,UNADJUSTEDNONRAW_thumb_211.jpg,ok,,,,,,hflip
Healthy leaf,zoom,UNADJUSTEDNONRAW_thumb_217_aug_zoom.jpg,UNADJUSTEDNONRAW_thumb_217.jpg,ok,,,-0.8968859767573236,1.584739755335329,,
Healthy leaf,blur,UNADJUSTEDNONRAW_thumb_21e_aug_blur.jpg,UNADJUSTEDNONRAW_thumb_21e.jpg,ok,,,,,0.7000000000000002,
Healthy leaf,flip,UNADJUSTEDNONRAW_thumb_22b_aug_flip_vertical.jpg,UNADJUSTEDNONRAW_thumb_22b.jpg,ok,,,,,,vflip
Healthy leaf,brightness,UNADJUSTEDNONRAW_thumb_22f_aug_brightness.jpg,UNADJUSTEDNONRAW_thumb_22f.jpg,ok,1.2057882133635787,3.7386813874307654,,,,
Healthy leaf,flip,UNADJUSTEDNONRAW_thumb_234_aug_flip_vertical.jpg,UNADJUSTEDNONRAW_thumb_234.jpg,ok,,,,,,vflip
Healthy leaf,brightness,UNADJUSTEDNONRAW_thumb_235_aug_brightness.jpg,UNADJUSTEDNONRAW_thumb_235.jpg,ok,1.134288248726008,6.424075324883836,,,,
Healthy leaf,contrast,UNADJUSTEDNONRAW_thumb_236_aug_contrast.jpg,UNADJUSTEDNONRAW_thumb_236.jpg,ok,1.0714391067407494,-13.163474323921353,,,,
Healthy leaf,flip,UNADJUSTEDNONRAW_thumb_239_aug_flip_horizontal.jpg,UNADJUSTEDNONRAW_thumb_239.jpg,ok,,,,,,hflip
Healthy leaf,zoom,UNADJUSTEDNONRAW_thumb_23a_aug_zoom.jpg,UNADJUSTEDNONRAW_thumb_23a.jpg,ok,,,-0.004294106641625213,1.0637942406156438,,
Healthy leaf,flip,UNADJUSTEDNONRAW_thumb_23d_aug_flip_horizontal.jpg,UNADJUSTEDNONRAW_thumb_23d.jpg,ok,,,,,,hflip
Healthy leaf,flip,UNADJUSTEDNONRAW_thumb_244_aug_flip_vertical.jpg,UNADJUSTEDNONRAW_thumb_244.jpg,ok,,,,,,vflip
Healthy leaf,zoom,UNADJUSTEDNONRAW_thumb_248_aug_zoom.jpg,UNADJUSTEDNONRAW_thumb_248.jpg,affine_failed,,,,,,
Healthy leaf,blur,UNADJUSTEDNONRAW_thumb_24e_aug_blur.jpg,UNADJUSTEDNONRAW_thumb_24e.jpg,ok,,,,,0.40000000000000013,
Healthy leaf,rotation,healthy_00009_aug_rotation.jpg,healthy_00009.jpg,ok,,,16.94013449175013,0.8497963318384733,,
Healthy leaf,blur,healthy_00015_aug_blur.jpg,healthy_00015.jpg,ok,,,,,0.40000000000000013,
Healthy leaf,flip,healthy_00017_aug_flip_horizontal.jpg,healthy_00017.jpg,ok,,,,,,hflip
Healthy leaf,zoom,healthy_00019_aug_zoom.jpg,healthy_00019.jpg,ok,,,-1.4174820156635162,1.4078719896830887,,
Healthy leaf,contrast,healthy_00024_aug_contrast.jpg,healthy_00024.jpg,ok,1.135238594455841,-26.296845360510606,,,,
Healthy leaf,rotation,healthy_00024_aug_rotation.jpg,healthy_00024.jpg,ok,,,-14.8358066023215,0.8627988974082601,,
Healthy leaf,zoom,healthy_00036_aug_zoom.jpg,healthy_00036.jpg,ok,,,-7.908726120340493,1.3628353726944955,,
Healthy leaf,flip,healthy_00038_aug_flip_horizontal.jpg,healthy_00038.jpg,ok,,,,,,hflip
Healthy leaf,rotation,healthy_00041_aug_rotation.jpg,healthy_00041.jpg,ok,,,26.175366922451346,0.8123111358854146,,
Healthy leaf,rotation,healthy_00048_aug_rotation.jpg,healthy_00048.jpg,ok,,,-26.29192931212316,0.8146600416664037,,
Healthy leaf,brightness,healthy_00053_aug_brightness.jpg,healthy_00053.jpg,ok,0.7349965539426871,-0.4770224198581333,,,,
Healthy leaf,contrast,healthy_00061_aug_contrast.jpg,healthy_00061.jpg,ok,1.0732001430209048,-13.881724197031783,,,,
Healthy leaf,blur,healthy_00062_aug_blur.jpg,healthy_00062.jpg,ok,,,,,0.40000000000000013,
Healthy leaf,zoom,healthy_00062_aug_zoom.jpg,healthy_00062.jpg,affine_failed,,,,,,
Healthy leaf,contrast,healthy_00068_aug_contrast.jpg,healthy_00068.jpg,ok,0.9089963189606619,16.824462524694987,,,,
Healthy leaf,brightness,healthy_00071_aug_brightness.jpg,healthy_00071.jpg,ok,1.2574156445282927,-0.3360934163126739,,,,
Healthy leaf,zoom,healthy_00088_aug_zoom.jpg,healthy_00088.jpg,affine_failed,,,,,,
Healthy leaf,contrast,healthy_00097_aug_contrast.jpg,healthy_00097.jpg,ok,1.1673794592151994,-31.989921826455603,,,,
Healthy leaf,flip,healthy_00098_aug_flip_horizontal.jpg,healthy_00098.jpg,ok,,,,,,hflip
Healthy leaf,blur,healthy_00099_aug_blur.jpg,healthy_00099.jpg,ok,,,,,0.5000000000000001,
Healthy leaf,blur,healthy_00100_aug_blur.jpg,healthy_00100.jpg,ok,,,,,0.40000000000000013,
Healthy leaf,flip,healthy_00107_aug_flip_vertical.jpg,healthy_00107.jpg,ok,,,,,,vflip
Healthy leaf,brightness,healthy_00114_aug_brightness.jpg,healthy_00114.jpg,ok,0.9471869353399502,-0.520299044514463,,,,
Healthy leaf,flip,healthy_00125_aug_flip_vertical.jpg,healthy_00125.jpg,ok,,,,,,vflip
Healthy leaf,rotation,healthy_00135_aug_rotation.jpg,healthy_00135.jpg,ok,,,-22.596028748692415,0.8247410381434576,,
Healthy leaf,contrast,healthy_00138_aug_contrast.jpg,healthy_00138.jpg,ok,1.0116788232645129,-2.4228590914816395,,,,
Healthy leaf,rotation,healthy_00151_aug_rotation.jpg,healthy_00151.jpg,ok,,,15.598819389647524,0.8590335567016046,,
Healthy leaf,blur,healthy_00168_aug_blur.jpg,healthy_00168.jpg,ok,,,,,0.3500000000000001,
Healthy leaf,flip,healthy_00175_aug_flip_horizontal.jpg,healthy_00175.jpg,ok,,,,,,hflip
Healthy leaf,contrast,healthy_00178_aug_contrast.jpg,healthy_00178.jpg,ok,1.0485665035496752,-8.922017490968178,,,,
Healthy leaf,flip,healthy_00179_aug_flip_vertical.jpg,healthy_00179.jpg,ok,,,,,,vflip
Healthy leaf,brightness,healthy_00181_aug_brightness.jpg,healthy_00181.jpg,ok,0.8045690552695006,-0.5900928622331281,,,,
Healthy leaf,brightness,healthy_00194_aug_brightness.jpg,healthy_00194.jpg,ok,0.8726381650827474,-0.713543465629219,,,,
Healthy leaf,zoom,healthy_00195_aug_zoom.jpg,healthy_00195.jpg,affine_failed,,,,,,
Healthy leaf,flip,healthy_00205_aug_flip_horizontal.jpg,healthy_00205.jpg,ok,,,,,,hflip
Healthy leaf,zoom,healthy_00211_aug_zoom.jpg,healthy_00211.jpg,ok,,,-0.6868233479114912,1.53329351961959,,
Healthy leaf,blur,healthy_00221_aug_blur.jpg,healthy_00221.jpg,ok,,,,,0.7000000000000002,
Healthy leaf,rotation,healthy_00230_aug_rotation.jpg,healthy_00230.jpg,ok,,,25.741666059794486,0.8133508699531722,,
Healthy leaf,zoom,healthy_00234_aug_zoom.jpg,healthy_00234.jpg,ok,,,0.52879458345244,1.6065045050327103,,
Healthy leaf,zoom,healthy_00239_aug_zoom.jpg,healthy_00239.jpg,ok,,,-0.37235462574481115,1.4584821542934694,,
Healthy leaf,brightness,healthy_00243_aug_brightness.jpg,healthy_00243.jpg,ok,0.8788210757469834,-0.5557218653254895,,,,
Healthy leaf,flip,healthy_00243_aug_flip_vertical.jpg,healthy_00243.jpg,ok,,,,,,vflip
Healthy leaf,flip,healthy_00249_aug_flip_horizontal.jpg,healthy_00249.jpg,ok,,,,,,hflip
Healthy leaf,blur,healthy_00253_aug_blur.jpg,healthy_00253.jpg,ok,,,,,0.5500000000000002,
Healthy leaf,brightness,healthy_00255_aug_brightness.jpg,healthy_00255.jpg,ok,0.8494125288934922,-0.6093985700224164,,,,
Healthy leaf,brightness,healthy_00258_aug_brightness.jpg,healthy_00258.jpg,ok,1.0140022151725474,-0.2639603164719941,,,,
Healthy leaf,blur,healthy_00261_aug_blur.jpg,healthy_00261.jpg,ok,,,,,0.45000000000000007,
Healthy leaf,brightness,healthy_00264_aug_brightness.jpg,healthy_00264.jpg,ok,0.8359820582610121,-0.4237310771033545,,,,
Healthy leaf,brightness,healthy_00271_aug_brightness.jpg,healthy_00271.jpg,ok,1.0181757352616014,-0.6482229759491331,,,,
Healthy leaf,contrast,healthy_00272_aug_contrast.jpg,healthy_00272.jpg,ok,0.87142552100161,21.813128259889314,,,,
Healthy leaf,contrast,healthy_00278_aug_contrast.jpg,healthy_00278.jpg,ok,0.8451612031167878,23.89479300428549,,,,
Healthy leaf,contrast,healthy_00280_aug_contrast.jpg,healthy_00280.jpg,ok,1.0106577603562148,-1.991143679286244,,,,
Healthy leaf,blur,healthy_00286_aug_blur.jpg,healthy_00286.jpg,ok,,,,,0.45000000000000007,
Healthy leaf,rotation,healthy_00288_aug_rotation.jpg,healthy_00288.jpg,ok,,,21.265467780860515,0.8283698573058195,,
Healthy leaf,flip,healthy_00295_aug_flip_vertical.jpg,healthy_00295.jpg,ok,,,,,,vflip
Healthy leaf,rotation,healthy_00308_aug_rotation.jpg,healthy_00308.jpg,ok,,,29.466334213180666,0.8041509300380989,,
Healthy leaf,contrast,healthy_00311_aug_contrast.jpg,healthy_00311.jpg,ok,1.1240118221584103,-22.239377882565815,,,,
Healthy leaf,zoom,healthy_00317_aug_zoom.jpg,healthy_00317.jpg,ok,,,8.023440169565326,1.3955937148215207,,
Healthy leaf,brightness,healthy_00327_aug_brightness.jpg,healthy_00327.jpg,ok,1.2460315118067404,-0.6310016221624116,,,,
Healthy leaf,flip,healthy_00327_aug_flip_vertical.jpg,healthy_00327.jpg,ok,,,,,,vflip
Healthy leaf,flip,healthy_00333_aug_flip_horizontal.jpg,healthy_00333.jpg,ok,,,,,,hflip
Healthy leaf,rotation,healthy_00339_aug_rotation.jpg,healthy_00339.jpg,ok,,,18.69578190471652,0.8413028223198609,,
Healthy leaf,zoom,healthy_00345_aug_zoom.jpg,healthy_00345.jpg,ok,,,6.291872005331347,1.1857642720173025,,
Healthy leaf,brightness,healthy_00351_aug_brightness.jpg,healthy_00351.jpg,ok,1.292189386586121,-0.11104979434351551,,,,
Healthy leaf,zoom,healthy_00351_aug_zoom.jpg,healthy_00351.jpg,ok,,,-7.471437292285817,1.2075111290386595,,
Healthy leaf,contrast,healthy_00357_aug_contrast.jpg,healthy_00357.jpg,ok,0.9480472983044202,9.646991026847584,,,,
Healthy leaf,flip,healthy_00357_aug_flip_vertical.jpg,healthy_00357.jpg,ok,,,,,,vflip
Healthy leaf,brightness,healthy_00360_aug_brightness.jpg,healthy_00360.jpg,ok,0.7899237325576688,-0.49426000033670386,,,,
Healthy leaf,zoom,healthy_00360_aug_zoom.jpg,healthy_00360.jpg,ok,,,-2.565837890759378,1.1876071464121052,,
Healthy leaf,zoom,healthy_00365_aug_zoom.jpg,healthy_00365.jpg,ok,,,1.449748096589621,1.4499939675383728,,
Healthy leaf,zoom,healthy_00367_aug_zoom.jpg,healthy_00367.jpg,ok,,,2.864614482263404,1.2418732066729423,,
Healthy leaf,flip,healthy_00369_aug_flip_vertical.jpg,healthy_00369.jpg,ok,,,,,,vflip
Healthy leaf,flip,healthy_00371_aug_flip_horizontal.jpg,healthy_00371.jpg,ok,,,,,,hflip
Healthy leaf,rotation,healthy_00373_aug_rotation.jpg,healthy_00373.jpg,ok,,,10.893669956125583,0.8886183008736296,,
Healthy leaf,contrast,healthy_00383_aug_contrast.jpg,healthy_00383.jpg,ok,1.0881830903358811,-16.342144171892997,,,,
Healthy leaf,contrast,healthy_00400_aug_contrast.jpg,healthy_00400.jpg,ok,0.9564917535999555,7.251866879198938,,,,
Healthy leaf,contrast,healthy_00402_aug_contrast.jpg,healthy_00402.jpg,ok,1.0600578783391055,-11.313347224887838,,,,
Healthy leaf,flip,healthy_00402_aug_flip_vertical.jpg,healthy_00402.jpg,ok,,,,,,vflip
Healthy leaf,brightness,healthy_00406_aug_brightness.jpg,healthy_00406.jpg,ok,1.0700876915833115,-0.4737166284867874,,,,
Healthy leaf,brightness,healthy_00408_aug_brightness.jpg,healthy_00408.jpg,ok,0.9090466869437269,-0.3976182338586591,,,,
Healthy leaf,brightness,healthy_00409_aug_brightness.jpg,healthy_00409.jpg,ok,1.0837956127671415,-0.5001617303317456,,,,
Healthy leaf,flip,healthy_00412_aug_flip_vertical.jpg,healthy_00412.jpg,ok,,,,,,vflip
Healthy leaf,blur,healthy_00431_aug_blur.jpg,healthy_00431.jpg,ok,,,,,0.5500000000000002,
Healthy leaf,brightness,healthy_00431_aug_brightness.jpg,healthy_00431.jpg,ok,1.0316638224130121,-0.564581551930023,,,,
Healthy leaf,contrast,healthy_00437_aug_contrast.jpg,healthy_00437.jpg,ok,0.9234991501519583,13.083534664192296,,,,
Healthy leaf,rotation,healthy_00443_aug_rotation.jpg,healthy_00443.jpg,ok,,,-12.20163373296467,0.8792189598839237,,
Healthy leaf,flip,healthy_00455_aug_flip_horizontal.jpg,healthy_00455.jpg,ok,,,,,,hflip
Healthy leaf,flip,healthy_00475_aug_flip_vertical.jpg,healthy_00475.jpg,ok,,,,,,vflip
Healthy leaf,zoom,healthy_00479_aug_zoom.jpg,healthy_00479.jpg,ok,,,-1.0756533481283008,1.5626500941880592,,
Healthy leaf,contrast,healthy_00482_aug_contrast.jpg,healthy_00482.jpg,ok,1.0189459750803582,-3.868573370524359,,,,
Healthy leaf,flip,healthy_00498_aug_flip_horizontal.jpg,healthy_00498.jpg,ok,,,,,,hflip
Healthy leaf,rotation,healthy_00503_aug_rotation.jpg,healthy_00503.jpg,ok,,,-22.787488734710223,0.8240169262440227,,
Healthy leaf,blur,healthy_00509_aug_blur.jpg,healthy_00509.jpg,ok,,,,,0.45000000000000007,
Healthy leaf,zoom,healthy_00511_aug_zoom.jpg,healthy_00511.jpg,ok,,,0.7465482724719765,1.4298312285085606,,
Healthy leaf,contrast,healthy_00521_aug_contrast.jpg,healthy_00521.jpg,ok,1.0474326786297123,-8.650736626086335,,,,
Healthy leaf,brightness,healthy_00523_aug_brightness.jpg,healthy_00523.jpg,ok,0.8329114894978037,-0.5259119610779784,,,,
Healthy leaf,contrast,healthy_00529_aug_contrast.jpg,healthy_00529.jpg,ok,1.1059505349827616,-20.88310101218341,,,,
Healthy leaf,rotation,healthy_00530_aug_rotation.jpg,healthy_00530.jpg,ok,,,25.39925488476091,0.8119944770204245,,
Healthy leaf,flip,healthy_00533_aug_flip_vertical.jpg,healthy_00533.jpg,ok,,,,,,vflip
Healthy leaf,brightness,healthy_00546_aug_brightness.jpg,healthy_00546.jpg,ok,1.1681690414863475,-0.5223212802758043,,,,
Healthy leaf,flip,healthy_00546_aug_flip_vertical.jpg,healthy_00546.jpg,ok,,,,,,vflip
Healthy leaf,zoom,healthy_00556_aug_zoom.jpg,healthy_00556.jpg,ok,,,1.2723385888717287,1.646195863902133,,
Healthy leaf,contrast,healthy_00562_aug_contrast.jpg,healthy_00562.jpg,ok,1.0112106000642507,-2.261771937288122,,,,
Healthy leaf,brightness,healthy_00569_aug_brightness.jpg,healthy_00569.jpg,ok,0.8559946538679616,-0.2807573353869563,,,,
Healthy leaf,flip,healthy_00569_aug_flip_vertical.jpg,healthy_00569.jpg,ok,,,,,,vflip
Healthy leaf,zoom,healthy_00577_aug_zoom.jpg,healthy_00577.jpg,ok,,,7.6556813649845985,1.406407251586664,,
Healthy leaf,rotation,healthy_00585_aug_rotation.jpg,healthy_00585.jpg,ok,,,2.8556536586249934,0.9634865693858378,,
Healthy leaf,contrast,healthy_00604_aug_contrast.jpg,healthy_00604.jpg,ok,0.8866612387654397,19.68353183740885,,,,
Healthy leaf,rotation,healthy_00605_aug_rotation.jpg,healthy_00605.jpg,ok,,,28.25397957063122,0.8085607603834205,,
Healthy leaf,zoom,healthy_00606_aug_zoom.jpg,healthy_00606.jpg,ok,,,-4.510567241314015,1.254031736322581,,
Healthy leaf,rotation,healthy_00608_aug_rotation.jpg,healthy_00608.jpg,ok,,,-7.4227768479003,0.9173335921061938,,
Healthy leaf,brightness,healthy_00609_aug_brightness.jpg,healthy_00609.jpg,ok,1.086422465623642,-0.40673882059819755,,,,
Healthy leaf,flip,healthy_00632_aug_flip_vertical.jpg,healthy_00632.jpg,ok,,,,,,vflip
Healthy leaf,zoom,healthy_00635_aug_zoom.jpg,healthy_00635.jpg,ok,,,7.529719627288351,1.3106653857241182,,
Healthy leaf,blur,healthy_00644_aug_blur.jpg,healthy_00644.jpg,ok,,,,,0.45000000000000007,
Healthy leaf,zoom,healthy_00644_aug_zoom.jpg,healthy_00644.jpg,ok,,,-7.174928345853873,1.362422898552128,,
Healthy leaf,zoom,healthy_00651_aug_zoom.jpg,healthy_00651.jpg,ok,,,3.3525307821203914,1.559866066905348,,
Healthy leaf,contrast,healthy_00656_aug_contrast.jpg,healthy_00656.jpg,ok,1.1187177859996191,-19.80891661688416,,,,
Healthy leaf,zoom,healthy_00688_aug_zoom.jpg,healthy_00688.jpg,ok,,,-8.114478187291224,1.1990731175327336,,
Healthy leaf,contrast,healthy_00690_aug_contrast.jpg,healthy_00690.jpg,ok,1.065206339790187,-11.67028326038338,,,,
Healthy leaf,brightness,healthy_00702_aug_brightness.jpg,healthy_00702.jpg,ok,1.100325036300913,-0.4723092906387958,,,,
Healthy leaf,brightness,healthy_00705_aug_brightness.jpg,healthy_00705.jpg,ok,0.7788716836050669,-0.49319542379738907,,,,
Healthy leaf,zoom,healthy_00707_aug_zoom.jpg,healthy_00707.jpg,affine_failed,,,,,,
Healthy leaf,blur,healthy_00708_aug_blur.jpg,healthy_00708.jpg,ok,,,,,0.6000000000000002,
Healthy leaf,rotation,healthy_00712_aug_rotation.jpg,healthy_00712.jpg,ok,,,-21.70340047232618,0.8279008231095542,,
Healthy leaf,brightness,healthy_00715_aug_brightness.jpg,healthy_00715.jpg,ok,0.8228256306767863,-0.4430153570526591,,,,
Healthy leaf,rotation,healthy_00721_aug_rotation.jpg,healthy_00721.jpg,ok,,,-22.97266183732169,0.8209704921113097,,
Healthy leaf,zoom,healthy_00729_aug_zoom.jpg,healthy_00729.jpg,ok,,,-5.529518341372105,1.3675840770169252,,
Healthy leaf,flip,healthy_00737_aug_flip_horizontal.jpg,healthy_00737.jpg,ok,,,,,,hflip
Healthy leaf,rotation,healthy_00738_aug_rotation.jpg,healthy_00738.jpg,ok,,,5.808448915209294,0.9312036131373744,,
Healthy leaf,rotation,healthy_00741_aug_rotation.jpg,healthy_00741.jpg,ok,,,-23.002842874463884,0.8240288970238145,,
Healthy leaf,brightness,healthy_00747_aug_brightness.jpg,healthy_00747.jpg,ok,0.7500448264067906,-0.3913314076457437,,,,
Healthy leaf,rotation,healthy_00751_aug_rotation.jpg,healthy_00751.jpg,ok,,,-20.517556879257537,0.8335013213157961,,
Healthy leaf,blur,healthy_00761_aug_blur.jpg,healthy_00761.jpg,ok,,,,,0.5000000000000001,
Healthy leaf,flip,healthy_00761_aug_flip_vertical.jpg,healthy_00761.jpg,ok,,,,,,vflip
Healthy leaf,zoom,healthy_00767_aug_zoom.jpg,healthy_00767.jpg,ok,,,-4.498007116027969,1.5606485157609022,,
Healthy leaf,flip,healthy_00776_aug_flip_vertical.jpg,healthy_00776.jpg,ok,,,,,,vflip
Healthy leaf,blur,healthy_00778_aug_blur.jpg,healthy_00778.jpg,ok,,,,,0.45000000000000007,
Healthy leaf,flip,healthy_00784_aug_flip_horizontal.jpg,healthy_00784.jpg,ok,,,,,,hflip
Healthy leaf,flip,healthy_00785_aug_flip_vertical.jpg,healthy_00785.jpg,ok,,,,,,vflip
Healthy leaf,rotation,healthy_00787_aug_rotation.jpg,healthy_00787.jpg,ok,,,-10.269684765350043,0.8923611803635436,,
Healthy leaf,zoom,healthy_00797_aug_zoom.jpg,healthy_00797.jpg,ok,,,0.634490737888065,1.1541377907477168,,
Healthy leaf,zoom,healthy_00803_aug_zoom.jpg,healthy_00803.jpg,ok,,,7.605685275420358,1.2719645894675906,,
Healthy leaf,brightness,healthy_00807_aug_brightness.jpg,healthy_00807.jpg,ok,0.8828347936722516,-0.49876690315443156,,,,
Healthy leaf,rotation,healthy_00817_aug_rotation.jpg,healthy_00817.jpg,ok,,,13.520515585479364,0.8698927885357152,,
Healthy leaf,zoom,healthy_00817_aug_zoom.jpg,healthy_00817.jpg,ok,,,4.609757383406871,1.387714128901542,,
Healthy leaf,brightness,healthy_00833_aug_brightness.jpg,healthy_00833.jpg,ok,1.1769900258638437,-0.5695488420176718,,,,
Healthy leaf,blur,healthy_00834_aug_blur.jpg,healthy_00834.jpg,ok,,,,,0.45000000000000007,
Healthy leaf,zoom,healthy_00837_aug_zoom.jpg,healthy_00837.jpg,ok,,,-3.3955152378217077,1.4918206377362504,,
Healthy leaf,blur,healthy_00845_aug_blur.jpg,healthy_00845.jpg,ok,,,,,0.8000000000000002,
Healthy leaf,zoom,healthy_00866_aug_zoom.jpg,healthy_00866.jpg,ok,,,-0.926644844493784,1.5944108898808644,,
Healthy leaf,flip,healthy_00869_aug_flip_vertical.jpg,healthy_00869.jpg,ok,,,,,,vflip
Healthy leaf,rotation,healthy_00877_aug_rotation.jpg,healthy_00877.jpg,ok,,,-11.74235975027873,0.8819487421112033,,
Healthy leaf,brightness,healthy_00882_aug_brightness.jpg,healthy_00882.jpg,ok,0.9398998101619619,-0.45179498181138633,,,,
Healthy leaf,contrast,healthy_00888_aug_contrast.jpg,healthy_00888.jpg,ok,1.1638232180014856,-26.616455295818515,,,,
Healthy leaf,brightness,healthy_00900_aug_brightness.jpg,healthy_00900.jpg,ok,1.0378577780884588,-0.5215599999425672,,,,
Healthy leaf,flip,healthy_00900_aug_flip_horizontal.jpg,healthy_00900.jpg,ok,,,,,,hflip
Healthy leaf,rotation,healthy_00900_aug_rotation.jpg,healthy_00900.jpg,ok,,,-9.109747686081883,0.9036764853728382,,
Healthy leaf,contrast,healthy_00901_aug_contrast.jpg,healthy_00901.jpg,ok,1.0649180017195468,-11.126940256065264,,,,
Healthy leaf,contrast,healthy_00902_aug_contrast.jpg,healthy_00902.jpg,ok,0.829533260376687,27.513688874257646,,,,
Healthy leaf,zoom,healthy_00905_aug_zoom.jpg,healthy_00905.jpg,ok,,,-3.9255133002558287,1.6047712783806136,,
Healthy leaf,flip,healthy_00907_aug_flip_horizontal.jpg,healthy_00907.jpg,ok,,,,,,hflip
Healthy leaf,contrast,healthy_00911_aug_contrast.jpg,healthy_00911.jpg,ok,1.1659856152354189,-33.21055431385512,,,,
Healthy leaf,rotation,healthy_00916_aug_rotation.jpg,healthy_00916.jpg,ok,,,9.11793438925344,0.9022403145463166,,
Healthy leaf,brightness,healthy_00920_aug_brightness.jpg,healthy_00920.jpg,ok,1.089572880591804,-0.5177995878411052,,,,
Healthy leaf,rotation,healthy_00920_aug_rotation.jpg,healthy_00920.jpg,ok,,,-4.589924123121688,0.9434954517183051,,
Healthy leaf,blur,healthy_00921_aug_blur.jpg,healthy_00921.jpg,ok,,,,,0.3500000000000001,
Healthy leaf,flip,healthy_00921_aug_flip_horizontal.jpg,healthy_00921.jpg,ok,,,,,,hflip
Healthy leaf,contrast,healthy_00927_aug_contrast.jpg,healthy_00927.jpg,ok,0.9881510960668641,1.8078566391810549,,,,
Healthy leaf,zoom,healthy_00927_aug_zoom.jpg,healthy_00927.jpg,ok,,,-7.782794160566912,1.3517874623174397,,
Helopeltis,contrast,helopeltis_00002_aug_contrast.jpg,helopeltis_00002.jpg,ok,1.162044129971668,-31.618872249071345,,,,
Helopeltis,flip,helopeltis_00002_aug_flip_horizontal.jpg,helopeltis_00002.jpg,ok,,,,,,hflip
Helopeltis,flip,helopeltis_00002_aug_flip_vertical.jpg,helopeltis_00002.jpg,ok,,,,,,vflip
Helopeltis,blur,helopeltis_00004_aug_blur.jpg,helopeltis_00004.jpg,ok,,,,,0.40000000000000013,
Helopeltis,brightness,helopeltis_00004_aug_brightness.jpg,helopeltis_00004.jpg,ok,1.1089561039770275,-0.48949835246116347,,,,
Helopeltis,rotation,helopeltis_00005_aug_rotation.jpg,helopeltis_00005.jpg,ok,,,4.103875942532284,0.9501552842310622,,
Helopeltis,flip,helopeltis_00006_aug_flip_horizontal.jpg,helopeltis_00006.jpg,ok,,,,,,hflip
Helopeltis,contrast,helopeltis_00007_aug_contrast.jpg,helopeltis_00007.jpg,ok,1.0137570206162572,-2.7679434205201057,,,,
Helopeltis,flip,helopeltis_00007_aug_flip_vertical.jpg,helopeltis_00007.jpg,ok,,,,,,vflip
Helopeltis,rotation,helopeltis_00008_aug_rotation.jpg,helopeltis_00008.jpg,ok,,,29.21941784115057,0.8052789380983898,,
Helopeltis,flip,helopeltis_00009_aug_flip_vertical.jpg,helopeltis_00009.jpg,ok,,,,,,vflip
Helopeltis,brightness,helopeltis_00012_aug_brightness.jpg,helopeltis_00012.jpg,ok,0.7822667388562298,-0.509050189754271,,,,
Helopeltis,flip,helopeltis_00012_aug_flip_horizontal.jpg,helopeltis_00012.jpg,ok,,,,,,hflip
Helopeltis,zoom,helopeltis_00012_aug_zoom.jpg,helopeltis_00012.jpg,ok,,,-1.5587695675018312,1.4573253076886568,,
Helopeltis,brightness,helopeltis_00013_aug_brightness.jpg,helopeltis_00013.jpg,ok,0.8003832582067739,-0.6587183510241754,,,,
Helopeltis,rotation,helopeltis_00013_aug_rotation.jpg,helopeltis_00013.jpg,ok,,,-28.804652225953983,0.8056639891652638,,
Helopeltis,rotation,helopeltis_00015_aug_rotation.jpg,helopeltis_00015.jpg,ok,,,-6.426963802324449,0.9271637467204535,,
Helopeltis,flip,helopeltis_00017_aug_flip_vertical.jpg,helopeltis_00017.jpg,ok,,,,,,vflip
Helopeltis,zoom,helopeltis_00017_aug_zoom.jpg,helopeltis_00017.jpg,ok,,,3.0442796053959364,1.5645779663217891,,
Helopeltis,contrast,helopeltis_00020_aug_contrast.jpg,helopeltis_00020.jpg,ok,0.9074296092797882,17.10476971659437,,,,
Helopeltis,flip,helopeltis_00021_aug_flip_horizontal.jpg,helopeltis_00021.jpg,ok,,,,,,hflip
Helopeltis,flip,helopeltis_00022_aug_flip_horizontal.jpg,helopeltis_00022.jpg,ok,,,,,,hflip
Helopeltis,flip,helopeltis_00022_aug_flip_vertical.jpg,helopeltis_00022.jpg,ok,,,,,,vflip
Helopeltis,rotation,helopeltis_00022_aug_rotation.jpg,helopeltis_00022.jpg,ok,,,-13.792914946312688,0.8656996883749964,,
Helopeltis,zoom,helopeltis_00027_aug_zoom.jpg,helopeltis_00027.jpg,ok,,,0.1637312255939286,1.1354257301697293,,
Helopeltis,blur,helopeltis_00028_aug_blur.jpg,helopeltis_00028.jpg,ok,,,,,0.5000000000000001,
Helopeltis,brightness,helopeltis_00028_aug_brightness.jpg,helopeltis_00028.jpg,ok,1.0560363844029432,-0.43830587099378643,,,,
Helopeltis,flip,helopeltis_00032_aug_flip_vertical.jpg,helopeltis_00032.jpg,ok,,,,,,vflip
Helopeltis,brightness,helopeltis_00035_aug_brightness.jpg,helopeltis_00035.jpg,ok,0.7856043977550665,-0.58306557289041,,,,
Helopeltis,contrast,helopeltis_00035_aug_contrast.jpg,helopeltis_00035.jpg,ok,0.8291787433558158,29.106787834548697,,,,
Helopeltis,flip,helopeltis_00037_aug_flip_horizontal.jpg,helopeltis_00037.jpg,ok,,,,,,hflip
Helopeltis,rotation,helopeltis_00037_aug_rotation.jpg,helopeltis_00037.jpg,ok,,,17.750483148189975,0.8471070846188663,,
Helopeltis,blur,helopeltis_00038_aug_blur.jpg,helopeltis_00038.jpg,ok,,,,,0.5500000000000002,
Helopeltis,flip,helopeltis_00038_aug_flip_vertical.jpg,helopeltis_00038.jpg,ok,,,,,,vflip
Helopeltis,zoom,helopeltis_00039_aug_zoom.jpg,helopeltis_00039.jpg,ok,,,1.4021375652249073,1.2022376697390427,,
Helopeltis,brightness,helopeltis_00042_aug_brightness.jpg,helopeltis_00042.jpg,ok,1.1899184427896043,-0.5758376506147712,,,,
Helopeltis,brightness,helopeltis_00043_aug_brightness.jpg,helopeltis_00043.jpg,ok,0.7791171122675856,-0.5267383983999453,,,,
Helopeltis,rotation,helopeltis_00044_aug_rotation.jpg,helopeltis_00044.jpg,ok,,,-26.193182080272155,0.8161336537111901,,
Helopeltis,brightness,helopeltis_00046_aug_brightness.jpg,helopeltis_00046.jpg,ok,0.9885558151391289,-0.3514231988732866,,,,
Helopeltis,contrast,helopeltis_00048_aug_contrast.jpg,helopeltis_00048.jpg,ok,1.1029872879597276,-15.809118981990324,,,,
Helopeltis,flip,helopeltis_00048_aug_flip_horizontal.jpg,helopeltis_00048.jpg,ok,,,,,,hflip
Helopeltis,flip,helopeltis_00050_aug_flip_vertical.jpg,helopeltis_00050.jpg,ok,,,,,,vflip
Helopeltis,flip,helopeltis_00051_aug_flip_vertical.jpg,helopeltis_00051.jpg,ok,,,,,,vflip
Helopeltis,brightness,helopeltis_00052_aug_brightness.jpg,helopeltis_00052.jpg,ok,0.8238173779622086,-0.6107010208612038,,,,
Helopeltis,blur,helopeltis_00053_aug_blur.jpg,helopeltis_00053.jpg,blur_fit_failed,,,,,,
Helopeltis,contrast,helopeltis_00053_aug_contrast.jpg,helopeltis_00053.jpg,ok,0.8810938391733706,17.524751406340076,,,,
Helopeltis,rotation,helopeltis_00053_aug_rotation.jpg,helopeltis_00053.jpg,ok,,,3.2657725498303374,0.960958552317464,,
Helopeltis,blur,helopeltis_00055_aug_blur.jpg,helopeltis_00055.jpg,ok,,,,,0.5500000000000002,
Helopeltis,zoom,helopeltis_00055_aug_zoom.jpg,helopeltis_00055.jpg,ok,,,-0.9543094946358662,1.5728948451728213,,
Helopeltis,contrast,helopeltis_00058_aug_contrast.jpg,helopeltis_00058.jpg,ok,0.822165617272387,24.856378597909018,,,,
Helopeltis,rotation,helopeltis_00058_aug_rotation.jpg,helopeltis_00058.jpg,ok,,,-17.178462651182144,0.8521329606851302,,
Helopeltis,blur,helopeltis_00059_aug_blur.jpg,helopeltis_00059.jpg,ok,,,,,0.6500000000000001,
Helopeltis,rotation,helopeltis_00059_aug_rotation.jpg,helopeltis_00059.jpg,ok,,,-29.645821100666385,0.806247838574115,,
Helopeltis,contrast,helopeltis_00061_aug_contrast.jpg,helopeltis_00061.jpg,ok,0.8618549626782245,21.438579335638195,,,,
Helopeltis,brightness,helopeltis_00063_aug_brightness.jpg,helopeltis_00063.jpg,ok,1.0621274237091094,-0.7114118914956227,,,,
Helopeltis,brightness,helopeltis_00070_aug_brightness.jpg,helopeltis_00070.jpg,ok,1.2678188348504726,-0.3877270279135028,,,,
Helopeltis,zoom,helopeltis_00072_aug_zoom.jpg,helopeltis_00072.jpg,ok,,,1.9869074066288699,1.1339325374362754,,
Helopeltis,rotation,helopeltis_00073_aug_rotation.jpg,helopeltis_00073.jpg,ok,,,-14.55239615570263,0.8650588871896691,,
Helopeltis,flip,helopeltis_00076_aug_flip_horizontal.jpg,helopeltis_00076.jpg,ok,,,,,,hflip
Helopeltis,flip,helopeltis_00078_aug_flip_horizontal.jpg,helopeltis_00078.jpg,ok,,,,,,hflip
Helopeltis,brightness,helopeltis_00080_aug_brightness.jpg,helopeltis_00080.jpg,ok,1.075932186446126,-0.49670392036698974,,,,
Helopeltis,contrast,helopeltis_00080_aug_contrast.jpg,helopeltis_00080.jpg,ok,1.1392891556831028,-23.098974845938002,,,,
Helopeltis,rotation,helopeltis_00080_aug_rotation.jpg,helopeltis_00080.jpg,ok,,,25.72624031312099,0.8130313678185177,,
Helopeltis,zoom,helopeltis_00080_aug_zoom.jpg,helopeltis_00080.jpg,ok,,,-1.7832797479030036,1.0976909601670886,,
Helopeltis,rotation,helopeltis_00084_aug_rotation.jpg,helopeltis_00084.jpg,ok,,,27.54700380788473,0.807346622735306,,
Helopeltis,rotation,helopeltis_00087_aug_rotation.jpg,helopeltis_00087.jpg,ok,,,-0.8675106908048122,0.9891633693134121,,
Helopeltis,zoom,helopeltis_00091_aug_zoom.jpg,helopeltis_00091.jpg,ok,,,0.7989039521878778,1.6507367122680086,,
Helopeltis,blur,helopeltis_00093_aug_blur.jpg,helopeltis_00093.jpg,ok,,,,,0.45000000000000007,
Helopeltis,blur,helopeltis_00098_aug_blur.jpg,helopeltis_00098.jpg,ok,,,,,0.40000000000000013,
Helopeltis,brightness,helopeltis_00098_aug_brightness.jpg,helopeltis_00098.jpg,ok,0.8990100149877326,-0.41233439289430573,,,,
Helopeltis,flip,helopeltis_00099_aug_flip_vertical.jpg,helopeltis_00099.jpg,ok,,,,,,vflip
Helopeltis,zoom,helopeltis_00099_aug_zoom.jpg,helopeltis_00099.jpg,ok,,,4.865501931723852,1.5721650089799488,,
Helopeltis,brightness,helopeltis_00102_aug_brightness.jpg,helopeltis_00102.jpg,ok,0.9014792450334922,-0.39203658791555207,,,,
Helopeltis,contrast,helopeltis_00103_aug_contrast.jpg,helopeltis_00103.jpg,ok,1.0866856974260588,-13.640146084028578,,,,
Helopeltis,contrast,helopeltis_00104_aug_contrast.jpg,helopeltis_00104.jpg,ok,1.1579230564705671,-28.484924200821062,,,,
Helopeltis,flip,helopeltis_00104_aug_flip_horizontal.jpg,helopeltis_00104.jpg,ok,,,,,,hflip
Helopeltis,brightness,helopeltis_00105_aug_brightness.jpg,helopeltis_00105.jpg,ok,1.1465846006342384,-0.551835386035141,,,,
Helopeltis,rotation,helopeltis_00105_aug_rotation.jpg,helopeltis_00105.jpg,ok,,,-5.499575248693722,0.9346096601226882,,
Helopeltis,rotation,helopeltis_00108_aug_rotation.jpg,helopeltis_00108.jpg,ok,,,28.999533253586275,0.8069807828604058,,
Helopeltis,blur,helopeltis_00112_aug_blur.jpg,helopeltis_00112.jpg,ok,,,,,0.5500000000000002,
Helopeltis,zoom,helopeltis_00112_aug_zoom.jpg,helopeltis_00112.jpg,ok,,,-1.1124488684448652,1.5490329059205836,,
Helopeltis,blur,helopeltis_00115_aug_blur.jpg,helopeltis_00115.jpg,ok,,,,,0.6000000000000002,
Helopeltis,brightness,helopeltis_00117_aug_brightness.jpg,helopeltis_00117.jpg,ok,0.8205377114759852,-0.43852064552207604,,,,
Helopeltis,contrast,helopeltis_00118_aug_contrast.jpg,helopeltis_00118.jpg,ok,1.0088457589864235,-1.95247425076345,,,,
Helopeltis,flip,helopeltis_00118_aug_flip_horizontal.jpg,helopeltis_00118.jpg,ok,,,,,,hflip
Helopeltis,flip,helopeltis_00120_aug_flip_vertical.jpg,helopeltis_00120.jpg,ok,,,,,,vflip
Helopeltis,rotation,helopeltis_00120_aug_rotation.jpg,helopeltis_00120.jpg,ok,,,10.162511931491858,0.8975383265828268,,
Helopeltis,flip,helopeltis_00121_aug_flip_vertical.jpg,helopeltis_00121.jpg,ok,,,,,,vflip
Helopeltis,zoom,helopeltis_00121_aug_zoom.jpg,helopeltis_00121.jpg,ok,,,-0.9152944402064672,1.4732113114817957,,
Helopeltis,zoom,helopeltis_00122_aug_zoom.jpg,helopeltis_00122.jpg,ok,,,8.415607182833252,1.4417512943234183,,
Helopeltis,flip,helopeltis_00123_aug_flip_horizontal.jpg,helopeltis_00123.jpg,ok,,,,,,hflip
Helopeltis,zoom,helopeltis_00123_aug_zoom.jpg,helopeltis_00123.jpg,ok,,,6.8486190566756475,1.4503736225904853,,
Helopeltis,zoom,helopeltis_00125_aug_zoom.jpg,helopeltis_00125.jpg,ok,,,3.163335647763927,1.4843487053579696,,
Helopeltis,zoom,helopeltis_00127_aug_zoom.jpg,helopeltis_00127.jpg,ok,,,-2.293573573294541,1.519776056714627,,
Helopeltis,brightness,helopeltis_00130_aug_brightness.jpg,helopeltis_00130.jpg,ok,0.7562011117396886,-0.3561314862875137,,,,
Helopeltis,flip,helopeltis_00130_aug_flip_vertical.jpg,helopeltis_00130.jpg,ok,,,,,,vflip
Helopeltis,blur,helopeltis_00131_aug_blur.jpg,helopeltis_00131.jpg,ok,,,,,0.5500000000000002,
Helopeltis,blur,helopeltis_00133_aug_blur.jpg,helopeltis_00133.jpg,ok,,,,,0.5000000000000001,
Helopeltis,blur,helopeltis_00138_aug_blur.jpg,helopeltis_00138.jpg,ok,,,,,0.3500000000000001,
Helopeltis,rotation,helopeltis_00138_aug_rotation.jpg,helopeltis_00138.jpg,ok,,,-2.7819044096642846,0.9668202421402645,,
Helopeltis,brightness,helopeltis_00144_aug_brightness.jpg,helopeltis_00144.jpg,ok,0.752327708690818,-0.29611692641270937,,,,
Helopeltis,flip,helopeltis_00147_aug_flip_horizontal.jpg,helopeltis_00147.jpg,ok,,,,,,hflip
Helopeltis,flip,helopeltis_00147_aug_flip_vertical.jpg,helopeltis_00147.jpg,ok,,,,,,vflip
Helopeltis,rotation,helopeltis_00148_aug_rotation.jpg,helopeltis_00148.jpg,ok,,,-20.64683633432296,0.8327111750648926,,
Helopeltis,blur,helopeltis_00149_aug_blur.jpg,helopeltis_00149.jpg,ok,,,,,0.3500000000000001,
Helopeltis,contrast,helopeltis_00152_aug_contrast.jpg,helopeltis_00152.jpg,ok,1.0555386044620172,-10.5892799341572,,,,
Helopeltis,flip,helopeltis_00158_aug_flip_vertical.jpg,helopeltis_00158.jpg,ok,,,,,,vflip
Helopeltis,blur,helopeltis_00160_aug_blur.jpg,helopeltis_00160.jpg,ok,,,,,0.40000000000000013,
Helopeltis,flip,helopeltis_00160_aug_flip_horizontal.jpg,helopeltis_00160.jpg,ok,,,,,,hflip
Helopeltis,zoom,helopeltis_00160_aug_zoom.jpg,helopeltis_00160.jpg,ok,,,8.04643035091326,1.232110684615114,,
Helopeltis,zoom,helopeltis_00161_aug_zoom.jpg,helopeltis_00161.jpg,ok,,,3.7949336835613865,1.4600230822644564,,
Helopeltis,brightness,helopeltis_00162_aug_brightness.jpg,helopeltis_00162.jpg,ok,1.0293377273351216,-0.2254446663958222,,,,
Helopeltis,flip,helopeltis_00163_aug_flip_horizontal.jpg,helopeltis_00163.jpg,ok,,,,,,hflip
Helopeltis,rotation,helopeltis_00163_aug_rotation.jpg,helopeltis_00163.jpg,ok,,,-19.686021200921207,0.8348605592100868,,
Helopeltis,contrast,helopeltis_00164_aug_contrast.jpg,helopeltis_00164.jpg,ok,1.0604370657095787,-12.225557688747914,,,,
Helopeltis,zoom,helopeltis_00164_aug_zoom.jpg,helopeltis_00164.jpg,ok,,,-2.7751669825632495,1.4761970447304555,,
Helopeltis,brightness,helopeltis_00165_aug_brightness.jpg,helopeltis_00165.jpg,ok,0.7302545701932225,-0.3154945282104331,,,,
Helopeltis,zoom,helopeltis_00165_aug_zoom.jpg,helopeltis_00165.jpg,ok,,,1.1309225963255587,1.4597162918448512,,
Helopeltis,blur,helopeltis_00166_aug_blur.jpg,helopeltis_00166.jpg,ok,,,,,0.5500000000000002,
Helopeltis,rotation,helopeltis_00167_aug_rotation.jpg,helopeltis_00167.jpg,ok,,,16.927439755487377,0.8486057682117163,,
Helopeltis,zoom,helopeltis_00168_aug_zoom.jpg,helopeltis_00168.jpg,ok,,,6.226068347479806,1.3014947363494476,,
Helopeltis,blur,helopeltis_00169_aug_blur.jpg,helopeltis_00169.jpg,ok,,,,,0.8000000000000002,
Helopeltis,contrast,helopeltis_00172_aug_contrast.jpg,helopeltis_00172.jpg,ok,0.8894120734004974,21.040354128183075,,,,
Helopeltis,flip,helopeltis_00172_aug_flip_vertical.jpg,helopeltis_00172.jpg,ok,,,,,,vflip
Helopeltis,flip,helopeltis_00175_aug_flip_horizontal.jpg,helopeltis_00175.jpg,ok,,,,,,hflip
Helopeltis,brightness,helopeltis_00176_aug_brightness.jpg,helopeltis_00176.jpg,ok,1.0646604602107947,-0.42937106450953433,,,,
Helopeltis,rotation,helopeltis_00176_aug_rotation.jpg,helopeltis_00176.jpg,ok,,,10.540277603619831,0.8893726539600035,,
Helopeltis,flip,helopeltis_00177_aug_flip_horizontal.jpg,helopeltis_00177.jpg,ok,,,,,,hflip
Helopeltis,brightness,helopeltis_00179_aug_brightness.jpg,helopeltis_00179.jpg,ok,1.2837724235507326,-0.5711368887595412,,,,
Helopeltis,brightness,helopeltis_00185_aug_brightness.jpg,helopeltis_00185.jpg,ok,1.2181940647666325,-0.5009648652715708,,,,
Helopeltis,flip,helopeltis_00185_aug_flip_horizontal.jpg,helopeltis_00185.jpg,ok,,,,,,hflip
Helopeltis,flip,helopeltis_00186_aug_flip_horizontal.jpg,helopeltis_00186.jpg,ok,,,,,,hflip
Helopeltis,flip,helopeltis_00187_aug_flip_horizontal.jpg,helopeltis_00187.jpg,ok,,,,,,hflip
Helopeltis,flip,helopeltis_00187_aug_flip_vertical.jpg,helopeltis_00187.jpg,ok,,,,,,vflip
Helopeltis,zoom,helopeltis_00187_aug_zoom.jpg,helopeltis_00187.jpg,ok,,,-4.21826248563227,1.142056838862804,,
Helopeltis,flip,helopeltis_00188_aug_flip_horizontal.jpg,helopeltis_00188.jpg,ok,,,,,,hflip
Helopeltis,flip,helopeltis_00188_aug_flip_vertical.jpg,helopeltis_00188.jpg,ok,,,,,,vflip
Helopeltis,zoom,helopeltis_00188_aug_zoom.jpg,helopeltis_00188.jpg,ok,,,7.41277777736711,1.344493043008964,,
Helopeltis,blur,helopeltis_00192_aug_blur.jpg,helopeltis_00192.jpg,ok,,,,,0.6500000000000001,
Helopeltis,flip,helopeltis_00192_aug_flip_horizontal.jpg,helopeltis_00192.jpg,ok,,,,,,hflip
Helopeltis,contrast,helopeltis_00194_aug_contrast.jpg,helopeltis_00194.jpg,ok,1.0598597544292798,-11.082222591012759,,,,
Helopeltis,brightness,helopeltis_00197_aug_brightness.jpg,helopeltis_00197.jpg,ok,1.1580457173053416,-0.4733392526115245,,,,
Helopeltis,flip,helopeltis_00197_aug_flip_vertical.jpg,helopeltis_00197.jpg,ok,,,,,,vflip
Helopeltis,blur,helopeltis_00204_aug_blur.jpg,helopeltis_00204.jpg,ok,,,,,0.7500000000000002,
Helopeltis,flip,helopeltis_00204_aug_flip_horizontal.jpg,helopeltis_00204.jpg,ok,,,,,,hflip
Helopeltis,brightness,helopeltis_00206_aug_brightness.jpg,helopeltis_00206.jpg,ok,0.9620260426059436,-0.6566065225559085,,,,
Helopeltis,flip,helopeltis_00207_aug_flip_horizontal.jpg,helopeltis_00207.jpg,ok,,,,,,hflip
Helopeltis,zoom,helopeltis_00207_aug_zoom.jpg,helopeltis_00207.jpg,ok,,,-7.051461208504642,1.1592552241560197,,
Helopeltis,contrast,helopeltis_00213_aug_contrast.jpg,helopeltis_00213.jpg,ok,1.1736133204389214,-33.34824410118798,,,,
Helopeltis,zoom,helopeltis_00213_aug_zoom.jpg,helopeltis_00213.jpg,ok,,,-3.595335399242122,1.2485191426765745,,
Helopeltis,contrast,helopeltis_00215_aug_contrast.jpg,helopeltis_00215.jpg,ok,1.0226985547421457,-4.681891196935461,,,,
Helopeltis,rotation,helopeltis_00216_aug_rotation.jpg,helopeltis_00216.jpg,ok,,,-1.6407427072670684,0.978892753470252,,
Helopeltis,zoom,helopeltis_00216_aug_zoom.jpg,helopeltis_00216.jpg,ok,,,-1.293325821339581,1.432890916078037,,
Helopeltis,brightness,helopeltis_00218_aug_brightness.jpg,helopeltis_00218.jpg,ok,0.8264196917077931,-0.5971448210701621,,,,
Helopeltis,contrast,helopeltis_00219_aug_contrast.jpg,helopeltis_00219.jpg,ok,1.0358154376636493,-6.496328384694373,,,,
Helopeltis,flip,helopeltis_00219_aug_flip_vertical.jpg,helopeltis_00219.jpg,ok,,,,,,vflip
Helopeltis,rotation,helopeltis_00219_aug_rotation.jpg,helopeltis_00219.jpg,ok,,,4.886918417914548,0.9404830245999892,,
Helopeltis,zoom,helopeltis_00220_aug_zoom.jpg,helopeltis_00220.jpg,ok,,,6.083070594628624,1.4595986471830078,,
Helopeltis,contrast,helopeltis_00223_aug_contrast.jpg,helopeltis_00223.jpg,ok,0.9677983273197014,5.397537293010355,,,,
Helopeltis,zoom,helopeltis_00223_aug_zoom.jpg,helopeltis_00223.jpg,ok,,,3.111680552703158,1.4959187707729615,,
Helopeltis,blur,helopeltis_00224_aug_blur.jpg,helopeltis_00224.jpg,ok,,,,,0.5500000000000002,
Helopeltis,contrast,helopeltis_00224_aug_contrast.jpg,helopeltis_00224.jpg,ok,1.0948361977140038,-16.55297523133769,,,,
Helopeltis,flip,helopeltis_00224_aug_flip_horizontal.jpg,helopeltis_00224.jpg,ok,,,,,,hflip
Helopeltis,flip,helopeltis_00224_aug_flip_vertical.jpg,helopeltis_00224.jpg,ok,,,,,,vflip
Helopeltis,blur,helopeltis_00227_aug_blur.jpg,helopeltis_00227.jpg,ok,,,,,0.7000000000000002,
Helopeltis,contrast,helopeltis_00228_aug_contrast.jpg,helopeltis_00228.jpg,ok,1.073213497903456,-15.492772343905319,,,,
Helopeltis,rotation,helopeltis_00228_aug_rotation.jpg,helopeltis_00228.jpg,ok,,,18.79954907122244,0.840672084818612,,
Helopeltis,blur,helopeltis_00234_aug_blur.jpg,helopeltis_00234.jpg,ok,,,,,0.40000000000000013,
Helopeltis,contrast,helopeltis_00234_aug_contrast.jpg,helopeltis_00234.jpg,ok,1.1009664977060742,-17.56899373941762,,,,
Helopeltis,flip,helopeltis_00234_aug_flip_horizontal.jpg,helopeltis_00234.jpg,ok,,,,,,hflip
Helopeltis,contrast,helopeltis_00236_aug_contrast.jpg,helopeltis_00236.jpg,ok,1.1720809458614017,-31.075217526144424,,,,
Helopeltis,flip,helopeltis_00236_aug_flip_horizontal.jpg,helopeltis_00236.jpg,ok,,,,,,hflip
Helopeltis,zoom,helopeltis_00236_aug_zoom.jpg,helopeltis_00236.jpg,ok,,,-3.2626454184214375,1.4549235601752264,,
Helopeltis,blur,helopeltis_00239_aug_blur.jpg,helopeltis_00239.jpg,ok,,,,,0.5000000000000001,
Helopeltis,flip,helopeltis_00239_aug_flip_vertical.jpg,helopeltis_00239.jpg,ok,,,,,,vflip
Helopeltis,rotation,helopeltis_00243_aug_rotation.jpg,helopeltis_00243.jpg,ok,,,1.945785242808603,0.9741975575143005,,
Helopeltis,zoom,helopeltis_00243_aug_zoom.jpg,helopeltis_00243.jpg,ok,,,-4.049166449950094,1.1387583852744987,,
Helopeltis,flip,helopeltis_00244_aug_flip_vertical.jpg,helopeltis_00244.jpg,ok,,,,,,vflip
Helopeltis,blur,helopeltis_00245_aug_blur.jpg,helopeltis_00245.jpg,ok,,,,,0.40000000000000013,
Helopeltis,rotation,helopeltis_00246_aug_rotation.jpg,helopeltis_00246.jpg,ok,,,17.65083612250757,0.8469145339271955,,
Helopeltis,flip,helopeltis_00249_aug_flip_horizontal.jpg,helopeltis_00249.jpg,ok,,,,,,hflip
Helopeltis,blur,helopeltis_00251_aug_blur.jpg,helopeltis_00251.jpg,ok,,,,,0.40000000000000013,
Helopeltis,blur,helopeltis_00253_aug_blur.jpg,helopeltis_00253.jpg,ok,,,,,0.40000000000000013,
Helopeltis,brightness,helopeltis_00253_aug_brightness.jpg,helopeltis_00253.jpg,ok,1.144800177393313,-0.4959769433574935,,,,
Helopeltis,rotation,helopeltis_00255_aug_rotation.jpg,helopeltis_00255.jpg,ok,,,-23.00937035074029,0.821172294700283,,
Helopeltis,rotation,helopeltis_00256_aug_rotation.jpg,helopeltis_00256.jpg,ok,,,-25.874229336737727,0.8138236733816677,,
Helopeltis,brightness,helopeltis_00259_aug_brightness.jpg,helopeltis_00259.jpg,ok,1.1343013529290613,-0.4841983986612082,,,,
Helopeltis,contrast,helopeltis_00259_aug_contrast.jpg,helopeltis_00259.jpg,ok,0.8554174496900968,26.8910641439496,,,,
Helopeltis,blur,helopeltis_00261_aug_blur.jpg,helopeltis_00261.jpg,ok,,,,,0.7500000000000002,
Helopeltis,contrast,helopeltis_00261_aug_contrast.jpg,helopeltis_00261.jpg,ok,1.1574236999331908,-27.78904048567251,,,,
Helopeltis,contrast,helopeltis_00262_aug_contrast.jpg,helopeltis_00262.jpg,ok,1.0321843586433797,-7.020012747133766,,,,
Helopeltis,rotation,helopeltis_00262_aug_rotation.jpg,helopeltis_00262.jpg,ok,,,12.87385813120921,0.8757308098257539,,
Helopeltis,rotation,helopeltis_00263_aug_rotation.jpg,helopeltis_00263.jpg,ok,,,16.446294675772428,0.8509191260121066,,
Helopeltis,rotation,helopeltis_00265_aug_rotation.jpg,helopeltis_00265.jpg,ok,,,-22.733147499341346,0.8223720779434978,,
Helopeltis,zoom,helopeltis_00265_aug_zoom.jpg,helopeltis_00265.jpg,ok,,,-3.3594573832929013,1.2488350107722133,,
Helopeltis,blur,helopeltis_00266_aug_blur.jpg,helopeltis_00266.jpg,ok,,,,,0.6000000000000002,
Helopeltis,flip,helopeltis_00266_aug_flip_horizontal.jpg,helopeltis_00266.jpg,ok,,,,,,hflip
Helopeltis,flip,helopeltis_00266_aug_flip_vertical.jpg,helopeltis_00266.jpg,ok,,,,,,vflip
Helopeltis,rotation,helopeltis_00272_aug_rotation.jpg,helopeltis_00272.jpg,ok,,,18.762900387231184,0.8415153837225495,,
Helopeltis,rotation,helopeltis_00274_aug_rotation.jpg,helopeltis_00274.jpg,ok,,,-24.531300366679808,0.8175191378384759,,
Helopeltis,flip,helopeltis_00275_aug_flip_vertical.jpg,helopeltis_00275.jpg,ok,,,,,,vflip
Helopeltis,flip,helopeltis_00277_aug_flip_horizontal.jpg,helopeltis_00277.jpg,ok,,,,,,hflip
Helopeltis,blur,helopeltis_00278_aug_blur.jpg,helopeltis_00278.jpg,ok,,,,,0.7000000000000002,
Helopeltis,contrast,helopeltis_00278_aug_contrast.jpg,helopeltis_00278.jpg,ok,0.8329543883223027,28.10565484887205,,,,
Helopeltis,zoom,helopeltis_00278_aug_zoom.jpg,helopeltis_00278.jpg,ok,,,-0.5038893147174259,1.6001206670368995,,
Helopeltis,brightness,helopeltis_00280_aug_brightness.jpg,helopeltis_00280.jpg,ok,1.0000796552882874,-0.007197754264354117,,,,
Helopeltis,flip,helopeltis_00281_aug_flip_horizontal.jpg,helopeltis_00281.jpg,ok,,,,,,hflip
Helopeltis,contrast,helopeltis_00282_aug_contrast.jpg,helopeltis_00282.jpg,ok,1.0225747581322133,-4.504291294713513,,,,
Helopeltis,rotation,helopeltis_00282_aug_rotation.jpg,helopeltis_00282.jpg,ok,,,-21.47627555275201,0.8279207830128088,,
Helopeltis,blur,helopeltis_00284_aug_blur.jpg,helopeltis_00284.jpg,ok,,,,,0.40000000000000013,
Helopeltis,brightness,helopeltis_00285_aug_brightness.jpg,helopeltis_00285.jpg,ok,1.0392278235222978,-0.6566203873625249,,,,
Helopeltis,contrast,helopeltis_00287_aug_contrast.jpg,helopeltis_00287.jpg,ok,1.0508034719509192,-10.29246449689551,,,,
Helopeltis,rotation,helopeltis_00287_aug_rotation.jpg,helopeltis_00287.jpg,ok,,,3.7605615488907107,0.9532968583831557,,
Helopeltis,zoom,helopeltis_00289_aug_zoom.jpg,helopeltis_00289.jpg,ok,,,-7.502598336164957,1.3384852971422467,,
Helopeltis,brightness,helopeltis_00290_aug_brightness.jpg,helopeltis_00290.jpg,ok,0.7682814837931006,-0.384592650638356,,,,
Helopeltis,flip,helopeltis_00291_aug_flip_vertical.jpg,helopeltis_00291.jpg,ok,,,,,,vflip
Helopeltis,rotation,helopeltis_00291_aug_rotation.jpg,helopeltis_00291.jpg,ok,,,-11.138028723222996,0.8870102280933696,,
Helopeltis,blur,helopeltis_00292_aug_blur.jpg,helopeltis_00292.jpg,ok,,,,,0.5500000000000002,
Helopeltis,brightness,helopeltis_00292_aug_brightness.jpg,helopeltis_00292.jpg,ok,0.8414100143704764,-0.37673369871998347,,,,
Helopeltis,contrast,helopeltis_00296_aug_contrast.jpg,helopeltis_00296.jpg,ok,1.095759791511446,-16.49985961819924,,,,
Helopeltis,flip,helopeltis_00296_aug_flip_horizontal.jpg,helopeltis_00296.jpg,ok,,,,,,hflip
Helopeltis,zoom,helopeltis_00301_aug_zoom.jpg,helopeltis_00301.jpg,ok,,,6.483734309383044,1.4860122251838606,,
Helopeltis,contrast,helopeltis_00303_aug_contrast.jpg,helopeltis_00303.jpg,ok,0.990950887742317,0.958564154330966,,,,
Helopeltis,brightness,helopeltis_00304_aug_brightness.jpg,helopeltis_00304.jpg,ok,0.701226187182681,-0.26992758414929136,,,,
Helopeltis,zoom,helopeltis_00304_aug_zoom.jpg,helopeltis_00304.jpg,ok,,,1.355617809411931,1.5742881991655553,,
Helopeltis,flip,helopeltis_00305_aug_flip_vertical.jpg,helopeltis_00305.jpg,ok,,,,,,vflip
Helopeltis,brightness,helopeltis_00306_aug_brightness.jpg,helopeltis_00306.jpg,ok,1.273297489556823,-0.45328237540951377,,,,
Helopeltis,flip,helopeltis_00306_aug_flip_vertical.jpg,helopeltis_00306.jpg,ok,,,,,,vflip
Helopeltis,rotation,helopeltis_00308_aug_rotation.jpg,helopeltis_00308.jpg,ok,,,10.254110750932655,0.894908812570432,,
Helopeltis,brightness,helopeltis_00309_aug_brightness.jpg,helopeltis_00309.jpg,ok,1.044582369303005,-0.2836083018652055,,,,
Helopeltis,flip,helopeltis_00311_aug_flip_vertical.jpg,helopeltis_00311.jpg,ok,,,,,,vflip
Helopeltis,blur,helopeltis_00315_aug_blur.jpg,helopeltis_00315.jpg,ok,,,,,0.40000000000000013,
Helopeltis,blur,helopeltis_00316_aug_blur.jpg,helopeltis_00316.jpg,ok,,,,,0.5000000000000001,
Helopeltis,flip,helopeltis_00317_aug_flip_horizontal.jpg,helopeltis_00317.jpg,ok,,,,,,hflip
Helopeltis,blur,helopeltis_00318_aug_blur.jpg,helopeltis_00318.jpg,ok,,,,,0.6000000000000002,
Helopeltis,rotation,helopeltis_00320_aug_rotation.jpg,helopeltis_00320.jpg,ok,,,-19.93082265155416,0.8356555312966428,,
Helopeltis,brightness,helopeltis_00321_aug_brightness.jpg,helopeltis_00321.jpg,ok,1.2260351275419807,-0.5578071043417311,,,,
Helopeltis,blur,helopeltis_00324_aug_blur.jpg,helopeltis_00324.jpg,ok,,,,,0.5000000000000001,
Helopeltis,contrast,helopeltis_00327_aug_contrast.jpg,helopeltis_00327.jpg,ok,0.8201120820803118,30.618639768034242,,,,
Helopeltis,brightness,helopeltis_00328_aug_brightness.jpg,helopeltis_00328.jpg,ok,1.044266793215461,-0.5497006578505892,,,,
Helopeltis,flip,helopeltis_00330_aug_flip_horizontal.jpg,helopeltis_00330.jpg,ok,,,,,,hflip
Helopeltis,contrast,helopeltis_00332_aug_contrast.jpg,helopeltis_00332.jpg,ok,1.0388446942347722,-7.878989337425074,,,,
Helopeltis,flip,helopeltis_00332_aug_flip_vertical.jpg,helopeltis_00332.jpg,ok,,,,,,vflip
Helopeltis,rotation,helopeltis_00333_aug_rotation.jpg,helopeltis_00333.jpg,ok,,,-27.41383503710697,0.8103063074208264,,
Helopeltis,brightness,helopeltis_00334_aug_brightness.jpg,helopeltis_00334.jpg,ok,1.2169509668046399,-0.5132456987054999,,,,
Helopeltis,flip,helopeltis_00335_aug_flip_vertical.jpg,helopeltis_00335.jpg,ok,,,,,,vflip
Helopeltis,flip,helopeltis_00336_aug_flip_horizontal.jpg,helopeltis_00336.jpg,ok,,,,,,hflip
Helopeltis,zoom,helopeltis_00342_aug_zoom.jpg,helopeltis_00342.jpg,ok,,,-5.279609662816124,1.1300653905465483,,
Helopeltis,contrast,helopeltis_00345_aug_contrast.jpg,helopeltis_00345.jpg,ok,0.9250760334007223,12.588564800787532,,,,
Helopeltis,zoom,helopeltis_00345_aug_zoom.jpg,helopeltis_00345.jpg,ok,,,-5.908814703697587,1.5075490179247084,,
Helopeltis,rotation,helopeltis_00346_aug_rotation.jpg,helopeltis_00346.jpg,ok,,,-17.620650238625764,0.8465193226832867,,
Helopeltis,brightness,helopeltis_00349_aug_brightness.jpg,helopeltis_00349.jpg,ok,0.916038090165975,-0.5072045673157493,,,,
Helopeltis,flip,helopeltis_00349_aug_flip_vertical.jpg,helopeltis_00349.jpg,ok,,,,,,vflip
Helopeltis,zoom,helopeltis_00352_aug_zoom.jpg,helopeltis_00352.jpg,ok,,,-3.2470510261476884,1.6186300446664594,,
Helopeltis,contrast,helopeltis_00359_aug_contrast.jpg,helopeltis_00359.jpg,ok,0.8990233252337742,17.346513846378347,,,,
Helopeltis,flip,helopeltis_00359_aug_flip_horizontal.jpg,helopeltis_00359.jpg,ok,,,,,,hflip
Helopeltis,rotation,helopeltis_00359_aug_rotation.jpg,helopeltis_00359.jpg,ok,,,2.5299171939045566,0.9673716703524833,,
Helopeltis,blur,helopeltis_00364_aug_blur.jpg,helopeltis_00364.jpg,ok,,,,,0.6500000000000001,
Helopeltis,rotation,helopeltis_00364_aug_rotation.jpg,helopeltis_00364.jpg,ok,,,10.739407464771123,0.8902593318415668,,
Helopeltis,zoom,helopeltis_00364_aug_zoom.jpg,helopeltis_00364.jpg,ok,,,5.624598223885966,1.4646335362089218,,
Helopeltis,zoom,helopeltis_00368_aug_zoom.jpg,helopeltis_00368.jpg,ok,,,4.249921283380859,1.435490548315475,,
Helopeltis,zoom,helopeltis_00369_aug_zoom.jpg,helopeltis_00369.jpg,ok,,,4.31174356101266,1.4020096047389277,,
Helopeltis,blur,helopeltis_00371_aug_blur.jpg,helopeltis_00371.jpg,ok,,,,,0.45000000000000007,
Helopeltis,flip,helopeltis_00371_aug_flip_horizontal.jpg,helopeltis_00371.jpg,ok,,,,,,hflip
Helopeltis,contrast,helopeltis_00372_aug_contrast.jpg,helopeltis_00372.jpg,ok,0.8432128447000476,27.391112023708985,,,,
Helopeltis,rotation,helopeltis_00372_aug_rotation.jpg,helopeltis_00372.jpg,ok,,,8.090723676819913,0.9119098421527158,,
Helopeltis,flip,helopeltis_00374_aug_flip_vertical.jpg,helopeltis_00374.jpg,ok,,,,,,vflip
Helopeltis,brightness,helopeltis_00376_aug_brightness.jpg,helopeltis_00376.jpg,ok,0.856926647359268,-0.4115933642903346,,,,
Helopeltis,contrast,helopeltis_00378_aug_contrast.jpg,helopeltis_00378.jpg,ok,0.8975647729612373,17.653875803582057,,,,
Helopeltis,flip,helopeltis_00378_aug_flip_horizontal.jpg,helopeltis_00378.jpg,ok,,,,,,hflip
Helopeltis,blur,helopeltis_00380_aug_blur.jpg,helopeltis_00380.jpg,ok,,,,,0.5000000000000001,
Helopeltis,blur,helopeltis_00381_aug_blur.jpg,helopeltis_00381.jpg,ok,,,,,0.6500000000000001,
Helopeltis,flip,helopeltis_00381_aug_flip_horizontal.jpg,helopeltis_00381.jpg,ok,,,,,,hflip
Helopeltis,flip,helopeltis_00389_aug_flip_horizontal.jpg,helopeltis_00389.jpg,ok,,,,,,hflip
Helopeltis,flip,helopeltis_00391_aug_flip_horizontal.jpg,helopeltis_00391.jpg,ok,,,,,,hflip
Helopeltis,rotation,helopeltis_00392_aug_rotation.jpg,helopeltis_00392.jpg,ok,,,-4.25180407695634,0.9494063194206271,,
Helopeltis,brightness,helopeltis_00393_aug_brightness.jpg,helopeltis_00393.jpg,ok,0.7865355016561795,-0.5210256282099335,,,,
Helopeltis,flip,helopeltis_00393_aug_flip_horizontal.jpg,helopeltis_00393.jpg,ok,,,,,,hflip
Helopeltis,rotation,helopeltis_00393_aug_rotation.jpg,helopeltis_00393.jpg,ok,,,17.481460311515434,0.847004600091639,,
Helopeltis,zoom,helopeltis_00393_aug_zoom.jpg,helopeltis_00393.jpg,ok,,,-5.825728987093579,1.5264664023030257,,
Helopeltis,blur,helopeltis_00394_aug_blur.jpg,helopeltis_00394.jpg,ok,,,,,0.5500000000000002,
Helopeltis,flip,helopeltis_00394_aug_flip_horizontal.jpg,helopeltis_00394.jpg,ok,,,,,,hflip
Helopeltis,rotation,helopeltis_00394_aug_rotation.jpg,helopeltis_00394.jpg,ok,,,17.01294037350406,0.8485956872648704,,
Helopeltis,blur,helopeltis_00395_aug_blur.jpg,helopeltis_00395.jpg,ok,,,,,0.6000000000000002,
Helopeltis,brightness,helopeltis_00395_aug_brightness.jpg,helopeltis_00395.jpg,ok,1.0796242148342268,-0.2352236707711012,,,,
Helopeltis,contrast,helopeltis_00395_aug_contrast.jpg,helopeltis_00395.jpg,ok,0.9319818366124368,11.4167610597645,,,,
Helopeltis,flip,helopeltis_00395_aug_flip_vertical.jpg,helopeltis_00395.jpg,ok,,,,,,vflip
Helopeltis,blur,helopeltis_00397_aug_blur.jpg,helopeltis_00397.jpg,ok,,,,,0.45000000000000007,
Helopeltis,blur,helopeltis_00398_aug_blur.jpg,helopeltis_00398.jpg,ok,,,,,0.5500000000000002,
Helopeltis,flip,helopeltis_00398_aug_flip_horizontal.jpg,helopeltis_00398.jpg,ok,,,,,,hflip
Helopeltis,zoom,helopeltis_00401_aug_zoom.jpg,helopeltis_00401.jpg,ok,,,8.196653095808037,1.2459909906412119,,
Helopeltis,flip,helopeltis_00402_aug_flip_vertical.jpg,helopeltis_00402.jpg,ok,,,,,,vflip
Helopeltis,rotation,helopeltis_00402_aug_rotation.jpg,helopeltis_00402.jpg,ok,,,-20.369524274613557,0.8339154930154972,,
Helopeltis,zoom,helopeltis_00402_aug_zoom.jpg,helopeltis_00402.jpg,ok,,,5.627286909323524,1.3943958060124733,,
Helopeltis,zoom,helopeltis_00403_aug_zoom.jpg,helopeltis_00403.jpg,ok,,,-7.7563136370655075,1.4326241562222346,,
Helopeltis,zoom,helopeltis_00404_aug_zoom.jpg,helopeltis_00404.jpg,ok,,,1.5368613364363277,1.414975919064759,,
Helopeltis,rotation,helopeltis_00406_aug_rotation.jpg,helopeltis_00406.jpg,ok,,,0.7290926607257464,0.9906111252505585,,
Helopeltis,contrast,helopeltis_00409_aug_contrast.jpg,helopeltis_00409.jpg,ok,1.045630860507714,-8.326674842281484,,,,
Helopeltis,flip,helopeltis_00411_aug_flip_horizontal.jpg,helopeltis_00411.jpg,ok,,,,,,hflip
Helopeltis,flip,helopeltis_00412_aug_flip_vertical.jpg,helopeltis_00412.jpg,ok,,,,,,vflip
Helopeltis,brightness,helopeltis_00413_aug_brightness.jpg,helopeltis_00413.jpg,ok,0.9147680349913612,-0.5674168971954676,,,,
Helopeltis,flip,helopeltis_00414_aug_flip_horizontal.jpg,helopeltis_00414.jpg,ok,,,,,,hflip
Helopeltis,flip,helopeltis_00414_aug_flip_vertical.jpg,helopeltis_00414.jpg,ok,,,,,,vflip
Helopeltis,contrast,helopeltis_00416_aug_contrast.jpg,helopeltis_00416.jpg,ok,0.8109223618545802,32.300248639071825,,,,
Helopeltis,rotation,helopeltis_00416_aug_rotation.jpg,helopeltis_00416.jpg,ok,,,-5.941606048533502,0.9319418038999897,,
Helopeltis,blur,helopeltis_00418_aug_blur.jpg,helopeltis_00418.jpg,ok,,,,,0.6000000000000002,
Helopeltis,flip,helopeltis_00419_aug_flip_vertical.jpg,helopeltis_00419.jpg,ok,,,,,,vflip
Helopeltis,brightness,helopeltis_00422_aug_brightness.jpg,helopeltis_00422.jpg,ok,1.1713449492589312,-0.49287148209147824,,,,
Helopeltis,flip,helopeltis_00427_aug_flip_vertical.jpg,helopeltis_00427.jpg,ok,,,,,,vflip
Helopeltis,brightness,helopeltis_00428_aug_brightness.jpg,helopeltis_00428.jpg,ok,0.7308618688960984,-0.4025329918731132,,,,
Helopeltis,flip,helopeltis_00428_aug_flip_horizontal.jpg,helopeltis_00428.jpg,ok,,,,,,hflip
Helopeltis,zoom,helopeltis_00428_aug_zoom.jpg,helopeltis_00428.jpg,ok,,,4.402743966417908,1.4364073217033604,,
Helopeltis,contrast,helopeltis_00429_aug_contrast.jpg,helopeltis_00429.jpg,ok,1.0910359049228169,-16.16614465299119,,,,
Helopeltis,blur,helopeltis_00430_aug_blur.jpg,helopeltis_00430.jpg,ok,,,,,0.5500000000000002,
Helopeltis,brightness,helopeltis_00430_aug_brightness.jpg,helopeltis_00430.jpg,ok,0.8868236795923052,-0.3997844707060956,,,,
Helopeltis,flip,helopeltis_00430_aug_flip_horizontal.jpg,helopeltis_00430.jpg,ok,,,,,,hflip
Helopeltis,contrast,helopeltis_00431_aug_contrast.jpg,helopeltis_00431.jpg,ok,0.8045816037542568,37.664727591827365,,,,
Helopeltis,zoom,helopeltis_00432_aug_zoom.jpg,helopeltis_00432.jpg,ok,,,-8.015629609849338,1.3282802513516285,,
Helopeltis,blur,helopeltis_00433_aug_blur.jpg,helopeltis_00433.jpg,ok,,,,,0.40000000000000013,
Helopeltis,flip,helopeltis_00433_aug_flip_horizontal.jpg,helopeltis_00433.jpg,ok,,,,,,hflip
Helopeltis,rotation,helopeltis_00433_aug_rotation.jpg,helopeltis_00433.jpg,ok,,,19.018704218768324,0.8392608226782196,,
Helopeltis,contrast,helopeltis_00435_aug_contrast.jpg,helopeltis_00435.jpg,ok,1.0187254436813526,-4.008682913901744,,,,
Helopeltis,brightness,helopeltis_00437_aug_brightness.jpg,helopeltis_00437.jpg,ok,0.8732376113359932,-0.4332642855323242,,,,
Helopeltis,contrast,helopeltis_00437_aug_contrast.jpg,helopeltis_00437.jpg,ok,1.0520861602273797,-9.41684634486371,,,,
Helopeltis,rotation,helopeltis_00438_aug_rotation.jpg,helopeltis_00438.jpg,ok,,,4.767582876055673,0.9434666979096014,,
Helopeltis,contrast,helopeltis_00443_aug_contrast.jpg,helopeltis_00443.jpg,ok,0.8284885533102389,33.4218616921311,,,,
Helopeltis,flip,helopeltis_00447_aug_flip_horizontal.jpg,helopeltis_00447.jpg,ok,,,,,,hflip
Helopeltis,flip,helopeltis_00447_aug_flip_vertical.jpg,helopeltis_00447.jpg,ok,,,,,,vflip
Helopeltis,rotation,helopeltis_00448_aug_rotation.jpg,helopeltis_00448.jpg,ok,,,-0.3707884120701662,0.9930151800951303,,
Helopeltis,brightness,helopeltis_00450_aug_brightness.jpg,helopeltis_00450.jpg,ok,0.7941866233127628,-0.5600143049283086,,,,
Helopeltis,rotation,helopeltis_00451_aug_rotation.jpg,helopeltis_00451.jpg,ok,,,19.880801437877885,0.8346291500412656,,
Helopeltis,flip,helopeltis_00454_aug_flip_vertical.jpg,helopeltis_00454.jpg,ok,,,,,,vflip
Helopeltis,flip,helopeltis_00455_aug_flip_vertical.jpg,helopeltis_00455.jpg,ok,,,,,,vflip
Helopeltis,brightness,helopeltis_00458_aug_brightness.jpg,helopeltis_00458.jpg,ok,0.8906381980956742,-0.4700649293306875,,,,
Helopeltis,flip,helopeltis_00458_aug_flip_vertical.jpg,helopeltis_00458.jpg,ok,,,,,,vflip
Helopeltis,rotation,helopeltis_00459_aug_rotation.jpg,helopeltis_00459.jpg,ok,,,8.081662267036004,0.9120918983211326,,
Helopeltis,flip,helopeltis_00461_aug_flip_horizontal.jpg,helopeltis_00461.jpg,ok,,,,,,hflip
Helopeltis,contrast,helopeltis_00463_aug_contrast.jpg,helopeltis_00463.jpg,ok,1.1512850830312154,-26.84159364209716,,,,
Helopeltis,rotation,helopeltis_00469_aug_rotation.jpg,helopeltis_00469.jpg,ok,,,-13.948622681660101,0.8676913641903135,,
Helopeltis,zoom,helopeltis_00473_aug_zoom.jpg,helopeltis_00473.jpg,ok,,,7.884382250451578,1.2476324171885051,,
Helopeltis,flip,helopeltis_00476_aug_flip_horizontal.jpg,helopeltis_00476.jpg,ok,,,,,,hflip
Helopeltis,zoom,helopeltis_00476_aug_zoom.jpg,helopeltis_00476.jpg,ok,,,6.483750947495907,1.3540498758751263,,
Helopeltis,flip,helopeltis_00479_aug_flip_vertical.jpg,helopeltis_00479.jpg,ok,,,,,,vflip
Helopeltis,zoom,helopeltis_00479_aug_zoom.jpg,helopeltis_00479.jpg,ok,,,-0.1069021018588697,1.4679611194213646,,
Helopeltis,rotation,helopeltis_00482_aug_rotation.jpg,helopeltis_00482.jpg,ok,,,-9.694804529936162,0.8995785990774071,,
Helopeltis,blur,helopeltis_00484_aug_blur.jpg,helopeltis_00484.jpg,ok,,,,,0.45000000000000007,
Helopeltis,brightness,helopeltis_00484_aug_brightness.jpg,helopeltis_00484.jpg,ok,1.257981980660059,-0.49542021223474486,,,,
Helopeltis,rotation,helopeltis_00484_aug_rotation.jpg,helopeltis_00484.jpg,ok,,,7.311351717303844,0.9174440815746531,,
Helopeltis,blur,helopeltis_00487_aug_blur.jpg,helopeltis_00487.jpg,ok,,,,,0.7500000000000002,
Helopeltis,rotation,helopeltis_00487_aug_rotation.jpg,helopeltis_00487.jpg,ok,,,0.007922546348216252,0.9989863414598767,,
Helopeltis,flip,helopeltis_00494_aug_flip_horizontal.jpg,helopeltis_00494.jpg,ok,,,,,,hflip
Helopeltis,blur,helopeltis_00495_aug_blur.jpg,helopeltis_00495.jpg,ok,,,,,0.6000000000000002,
Helopeltis,brightness,helopeltis_00495_aug_brightness.jpg,helopeltis_00495.jpg,ok,0.8796961268508363,-0.3087155270307856,,,,
Helopeltis,contrast,helopeltis_00495_aug_contrast.jpg,helopeltis_00495.jpg,ok,1.177802971700688,-31.40032537327435,,,,
Helopeltis,flip,helopeltis_00495_aug_flip_horizontal.jpg,helopeltis_00495.jpg,ok,,,,,,hflip
Helopeltis,rotation,helopeltis_00495_aug_rotation.jpg,helopeltis_00495.jpg,ok,,,2.1929166343722764,0.9699900166206488,,
Helopeltis,contrast,helopeltis_00496_aug_contrast.jpg,helopeltis_00496.jpg,ok,1.0119682839684527,-2.4183304338856924,,,,
Helopeltis,brightness,helopeltis_00500_aug_brightness.jpg,helopeltis_00500.jpg,ok,1.187230233323431,-0.07018440633600785,,,,
Helopeltis,contrast,helopeltis_00500_aug_contrast.jpg,helopeltis_00500.jpg,ok,0.981657105341806,3.1137074661399162,,,,
Helopeltis,flip,helopeltis_00500_aug_flip_horizontal.jpg,helopeltis_00500.jpg,ok,,,,,,hflip
Helopeltis,brightness,helopeltis_00501_aug_brightness.jpg,helopeltis_00501.jpg,ok,1.179844879154063,-0.10062656386402487,,,,
Helopeltis,contrast,helopeltis_00501_aug_contrast.jpg,helopeltis_00501.jpg,ok,0.82226337470447,35.988304859500026,,,,
Helopeltis,flip,helopeltis_00501_aug_flip_horizontal.jpg,helopeltis_00501.jpg,ok,,,,,,hflip
Helopeltis,brightness,helopeltis_00502_aug_brightness.jpg,helopeltis_00502.jpg,ok,0.772018887303033,-0.5122679483396191,,,,
Helopeltis,flip,helopeltis_00506_aug_flip_vertical.jpg,helopeltis_00506.jpg,ok,,,,,,vflip
Helopeltis,blur,helopeltis_00507_aug_blur.jpg,helopeltis_00507.jpg,ok,,,,,0.45000000000000007,
Helopeltis,zoom,helopeltis_00507_aug_zoom.jpg,helopeltis_00507.jpg,ok,,,7.424632801919317,1.3112220498230625,,
Helopeltis,contrast,helopeltis_00508_aug_contrast.jpg,helopeltis_00508.jpg,ok,0.8377885447915875,30.66624461209473,,,,
Helopeltis,zoom,helopeltis_00508_aug_zoom.jpg,helopeltis_00508.jpg,ok,,,6.4990276106383025,1.463248603093373,,
Helopeltis,blur,helopeltis_00509_aug_blur.jpg,helopeltis_00509.jpg,ok,,,,,0.40000000000000013,
Helopeltis,flip,helopeltis_00510_aug_flip_horizontal.jpg,helopeltis_00510.jpg,ok,,,,,,hflip
Helopeltis,brightness,helopeltis_00512_aug_brightness.jpg,helopeltis_00512.jpg,ok,1.241290668778159,-0.3349377321231249,,,,
Helopeltis,contrast,helopeltis_00512_aug_contrast.jpg,helopeltis_00512.jpg,ok,1.0612984084596215,-12.719114148591235,,,,
Helopeltis,flip,helopeltis_00514_aug_flip_horizontal.jpg,helopeltis_00514.jpg,ok,,,,,,hflip
Helopeltis,flip,helopeltis_00515_aug_flip_vertical.jpg,helopeltis_00515.jpg,ok,,,,,,vflip
Helopeltis,zoom,helopeltis_00515_aug_zoom.jpg,helopeltis_00515.jpg,ok,,,7.104472456061006,1.4557763397068564,,
Helopeltis,rotation,helopeltis_00516_aug_rotation.jpg,helopeltis_00516.jpg,ok,,,-1.4609338735029493,0.9798700260675947,,
Helopeltis,flip,helopeltis_00518_aug_flip_vertical.jpg,helopeltis_00518.jpg,ok,,,,,,vflip
Helopeltis,flip,helopeltis_00527_aug_flip_vertical.jpg,helopeltis_00527.jpg,ok,,,,,,vflip
Helopeltis,rotation,helopeltis_00527_aug_rotation.jpg,helopeltis_00527.jpg,ok,,,1.6142427292672095,0.9776074689093707,,
Helopeltis,contrast,helopeltis_00532_aug_contrast.jpg,helopeltis_00532.jpg,ok,0.9330453394787805,11.157472548637754,,,,
Helopeltis,flip,helopeltis_00533_aug_flip_horizontal.jpg,helopeltis_00533.jpg,ok,,,,,,hflip
Helopeltis,blur,helopeltis_00535_aug_blur.jpg,helopeltis_00535.jpg,ok,,,,,0.6000000000000002,
Helopeltis,brightness,helopeltis_00535_aug_brightness.jpg,helopeltis_00535.jpg,ok,0.9152694540588939,-0.6048816802685081,,,,
Helopeltis,rotation,helopeltis_00535_aug_rotation.jpg,helopeltis_00535.jpg,ok,,,9.622953775152324,0.8990369845229796,,
Helopeltis,blur,helopeltis_00536_aug_blur.jpg,helopeltis_00536.jpg,ok,,,,,0.8000000000000002,
Helopeltis,contrast,helopeltis_00536_aug_contrast.jpg,helopeltis_00536.jpg,ok,0.8463790586131785,26.299345205589734,,,,
Helopeltis,zoom,helopeltis_00536_aug_zoom.jpg,helopeltis_00536.jpg,ok,,,-6.391704330717032,1.4172803297524463,,
Helopeltis,blur,helopeltis_00538_aug_blur.jpg,helopeltis_00538.jpg,ok,,,,,0.45000000000000007,
Helopeltis,brightness,helopeltis_00538_aug_brightness.jpg,helopeltis_00538.jpg,ok,0.8907276078086509,-0.5329586826393264,,,,
Helopeltis,brightness,helopeltis_00541_aug_brightness.jpg,helopeltis_00541.jpg,ok,0.8470630651656504,-0.556458213492269,,,,
Helopeltis,flip,helopeltis_00541_aug_flip_horizontal.jpg,helopeltis_00541.jpg,ok,,,,,,hflip
Helopeltis,flip,helopeltis_00543_aug_flip_horizontal.jpg,helopeltis_00543.jpg,ok,,,,,,hflip
Helopeltis,zoom,helopeltis_00543_aug_zoom.jpg,helopeltis_00543.jpg,ok,,,-5.851253136665536,1.5892111722791957,,
Helopeltis,zoom,helopeltis_00544_aug_zoom.jpg,helopeltis_00544.jpg,ok,,,8.205360027932697,1.3748394615797077,,
Helopeltis,flip,helopeltis_00545_aug_flip_horizontal.jpg,helopeltis_00545.jpg,ok,,,,,,hflip
Helopeltis,flip,helopeltis_00547_aug_flip_vertical.jpg,helopeltis_00547.jpg,ok,,,,,,vflip
Helopeltis,zoom,helopeltis_00547_aug_zoom.jpg,helopeltis_00547.jpg,ok,,,2.0886517131997473,1.4820489715738283,,
Helopeltis,contrast,helopeltis_00548_aug_contrast.jpg,helopeltis_00548.jpg,ok,0.9580737508246427,7.145526562516479,,,,
Helopeltis,flip,helopeltis_00550_aug_flip_vertical.jpg,helopeltis_00550.jpg,ok,,,,,,vflip
Helopeltis,zoom,helopeltis_00550_aug_zoom.jpg,helopeltis_00550.jpg,ok,,,-1.9544421741267899,1.4681122729237062,,
Helopeltis,contrast,helopeltis_00560_aug_contrast.jpg,helopeltis_00560.jpg,ok,1.1771763289066208,-34.30214141781549,,,,
Helopeltis,blur,helopeltis_00561_aug_blur.jpg,helopeltis_00561.jpg,ok,,,,,0.45000000000000007,
Helopeltis,flip,helopeltis_00562_aug_flip_vertical.jpg,helopeltis_00562.jpg,ok,,,,,,vflip
Helopeltis,contrast,helopeltis_00567_aug_contrast.jpg,helopeltis_00567.jpg,ok,1.075286638824209,-15.753463392353956,,,,
Helopeltis,rotation,helopeltis_00567_aug_rotation.jpg,helopeltis_00567.jpg,ok,,,-13.88551819625327,0.871634432833046,,
Helopeltis,blur,helopeltis_00568_aug_blur.jpg,helopeltis_00568.jpg,ok,,,,,0.3500000000000001,
Helopeltis,brightness,helopeltis_00568_aug_brightness.jpg,helopeltis_00568.jpg,ok,1.148947084748792,-0.3376275168018565,,,,
Helopeltis,flip,helopeltis_00568_aug_flip_horizontal.jpg,helopeltis_00568.jpg,ok,,,,,,hflip
Helopeltis,flip,helopeltis_00569_aug_flip_vertical.jpg,helopeltis_00569.jpg,ok,,,,,,vflip
Helopeltis,flip,helopeltis_00570_aug_flip_horizontal.jpg,helopeltis_00570.jpg,ok,,,,,,hflip
Helopeltis,rotation,helopeltis_00572_aug_rotation.jpg,helopeltis_00572.jpg,ok,,,-20.93915836717007,0.8310790048929243,,
Helopeltis,zoom,helopeltis_00572_aug_zoom.jpg,helopeltis_00572.jpg,ok,,,-7.54098702858351,1.2964521377759246,,
Helopeltis,contrast,helopeltis_00574_aug_contrast.jpg,helopeltis_00574.jpg,ok,0.8281503124586577,33.3817806668378,,,,
Helopeltis,blur,helopeltis_00576_aug_blur.jpg,helopeltis_00576.jpg,ok,,,,,0.5000000000000001,
Helopeltis,blur,helopeltis_00578_aug_blur.jpg,helopeltis_00578.jpg,ok,,,,,0.45000000000000007,
Helopeltis,rotation,helopeltis_00578_aug_rotation.jpg,helopeltis_00578.jpg,ok,,,-8.302541189672914,0.9091892405072903,,
Helopeltis,contrast,helopeltis_00581_aug_contrast.jpg,helopeltis_00581.jpg,ok,0.8084064717975047,31.03119975608667,,,,
Helopeltis,rotation,helopeltis_00582_aug_rotation.jpg,helopeltis_00582.jpg,ok,,,-16.435767646881963,0.8519748511522217,,
Helopeltis,blur,helopeltis_00585_aug_blur.jpg,helopeltis_00585.jpg,ok,,,,,0.5000000000000001,
Helopeltis,contrast,helopeltis_00585_aug_contrast.jpg,helopeltis_00585.jpg,ok,0.8980819616271015,16.919828979673355,,,,
Helopeltis,zoom,helopeltis_00585_aug_zoom.jpg,helopeltis_00585.jpg,ok,,,6.630293597604732,1.4768455508977263,,
Helopeltis,contrast,helopeltis_00586_aug_contrast.jpg,helopeltis_00586.jpg,ok,1.020571663220027,-4.512385367813027,,,,
Helopeltis,blur,helopeltis_00587_aug_blur.jpg,helopeltis_00587.jpg,ok,,,,,0.40000000000000013,
Helopeltis,brightness,helopeltis_00587_aug_brightness.jpg,helopeltis_00587.jpg,ok,0.7405697204573715,-0.4734563428221406,,,,
Helopeltis,flip,helopeltis_00588_aug_flip_horizontal.jpg,helopeltis_00588.jpg,ok,,,,,,hflip
Helopeltis,flip,helopeltis_00588_aug_flip_vertical.jpg,helopeltis_00588.jpg,ok,,,,,,vflip
Helopeltis,blur,helopeltis_00589_aug_blur.jpg,helopeltis_00589.jpg,ok,,,,,0.45000000000000007,
Helopeltis,rotation,helopeltis_00591_aug_rotation.jpg,helopeltis_00591.jpg,ok,,,17.50256832131702,0.8478011116742555,,
Helopeltis,flip,helopeltis_00593_aug_flip_horizontal.jpg,helopeltis_00593.jpg,ok,,,,,,hflip
Helopeltis,contrast,helopeltis_00594_aug_contrast.jpg,helopeltis_00594.jpg,ok,0.908635398361747,15.566787072148388,,,,
Helopeltis,zoom,helopeltis_00595_aug_zoom.jpg,helopeltis_00595.jpg,ok,,,7.351214804478007,1.4425651204231074,,
Helopeltis,flip,helopeltis_00597_aug_flip_vertical.jpg,helopeltis_00597.jpg,ok,,,,,,vflip
Helopeltis,brightness,helopeltis_00600_aug_brightness.jpg,helopeltis_00600.jpg,ok,0.7643284552857421,-0.4754065848540149,,,,
Helopeltis,rotation,helopeltis_00601_aug_rotation.jpg,helopeltis_00601.jpg,ok,,,-27.280341619644062,0.8110032776072134,,
Helopeltis,rotation,helopeltis_00604_aug_rotation.jpg,helopeltis_00604.jpg,ok,,,1.1018560261315171,0.9863751337113293,,
Helopeltis,flip,helopeltis_00606_aug_flip_horizontal.jpg,helopeltis_00606.jpg,ok,,,,,,hflip
Helopeltis,blur,helopeltis_00607_aug_blur.jpg,helopeltis_00607.jpg,ok,,,,,0.40000000000000013,
Red spider,blur,red_spider_00005_aug_blur.jpg,red_spider_00005.jpg,ok,,,,,0.40000000000000013,
Red spider,rotation,red_spider_00005_aug_rotation.jpg,red_spider_00005.jpg,ok,,,-3.261779043174655,0.9607328872018207,,
Red spider,brightness,red_spider_00006_aug_brightness.jpg,red_spider_00006.jpg,ok,1.2150556111651685,-0.46810956608730503,,,,
Red spider,contrast,red_spider_00006_aug_contrast.jpg,red_spider_00006.jpg,ok,0.8505244694957073,27.781388521993495,,,,
Red spider,flip,red_spider_00006_aug_flip_vertical.jpg,red_spider_00006.jpg,ok,,,,,,vflip
Red spider,contrast,red_spider_00007_aug_contrast.jpg,red_spider_00007.jpg,ok,0.8322780808110849,33.16080615038465,,,,
Red spider,flip,red_spider_00008_aug_flip_horizontal.jpg,red_spider_00008.jpg,ok,,,,,,hflip
Red spider,brightness,red_spider_00009_aug_brightness.jpg,red_spider_00009.jpg,ok,0.8271422750568613,-0.5256733780636762,,,,
Red spider,rotation,red_spider_00011_aug_rotation.jpg,red_spider_00011.jpg,ok,,,22.76780477876197,0.8220641182798756,,
Red spider,flip,red_spider_00013_aug_flip_vertical.jpg,red_spider_00013.jpg,ok,,,,,,vflip
Red spider,contrast,red_spider_00016_aug_contrast.jpg,red_spider_00016.jpg,ok,1.1435012202683619,-27.429925284954063,,,,
Red spider,brightness,red_spider_00017_aug_brightness.jpg,red_spider_00017.jpg,ok,1.1839615374530907,-0.3576105949102478,,,,
Red spider,contrast,red_spider_00017_aug_contrast.jpg,red_spider_00017.jpg,ok,1.0393624814307652,-8.219591575268122,,,,
Red spider,brightness,red_spider_00018_aug_brightness.jpg,red_spider_00018.jpg,ok,1.196332556479596,-0.48518584974297974,,,,
Red spider,contrast,red_spider_00019_aug_contrast.jpg,red_spider_00019.jpg,ok,0.9782189233635172,3.538293778428823,,,,
Red spider,flip,red_spider_00019_aug_flip_horizontal.jpg,red_spider_00019.jpg,ok,,,,,,hflip
Red spider,zoom,red_spider_00019_aug_zoom.jpg,red_spider_00019.jpg,ok,,,5.170887590300927,1.3736578398864627,,
Red spider,zoom,red_spider_00020_aug_zoom.jpg,red_spider_00020.jpg,ok,,,-2.4716630837628837,1.6100979053593163,,
Red spider,contrast,red_spider_00024_aug_contrast.jpg,red_spider_00024.jpg,ok,1.0909032495559061,-18.993774418620294,,,,
Red spider,flip,red_spider_00024_aug_flip_vertical.jpg,red_spider_00024.jpg,ok,,,,,,vflip
Red spider,rotation,red_spider_00024_aug_rotation.jpg,red_spider_00024.jpg,ok,,,-3.5219113821513535,0.9558729023921783,,
Red spider,zoom,red_spider_00024_aug_zoom.jpg,red_spider_00024.jpg,ok,,,3.2810724208427184,1.4840074528737606,,
Red spider,contrast,red_spider_00025_aug_contrast.jpg,red_spider_00025.jpg,ok,0.8874957476006031,20.966807347721808,,,,
Red spider,flip,red_spider_00025_aug_flip_horizontal.jpg,red_spider_00025.jpg,ok,,,,,,hflip
Red spider,flip,red_spider_00028_aug_flip_vertical.jpg,red_spider_00028.jpg,ok,,,,,,vflip
Red spider,zoom,red_spider_00028_aug_zoom.jpg,red_spider_00028.jpg,ok,,,7.348431733610157,1.3043824240340978,,
Red spider,flip,red_spider_00029_aug_flip_horizontal.jpg,red_spider_00029.jpg,ok,,,,,,hflip
Red spider,rotation,red_spider_00029_aug_rotation.jpg,red_spider_00029.jpg,ok,,,-11.930721125286786,0.8817552269415017,,
Red spider,zoom,red_spider_00029_aug_zoom.jpg,red_spider_00029.jpg,ok,,,-0.30160078546877256,1.5429437327143056,,
Red spider,blur,red_spider_00031_aug_blur.jpg,red_spider_00031.jpg,ok,,,,,0.8000000000000002,
Red spider,zoom,red_spider_00031_aug_zoom.jpg,red_spider_00031.jpg,ok,,,-1.4524386211860634,1.5871813904262932,,
Red spider,flip,red_spider_00032_aug_flip_vertical.jpg,red_spider_00032.jpg,ok,,,,,,vflip
Red spider,brightness,red_spider_00033_aug_brightness.jpg,red_spider_00033.jpg,ok,0.8006455640906491,-0.44365635647014906,,,,
Red spider,contrast,red_spider_00033_aug_contrast.jpg,red_spider_00033.jpg,ok,0.9819303414019517,2.4646552898812715,,,,
Red spider,flip,red_spider_00036_aug_flip_vertical.jpg,red_spider_00036.jpg,ok,,,,,,vflip
Red spider,brightness,red_spider_00038_aug_brightness.jpg,red_spider_00038.jpg,ok,1.0571271483825486,-0.5356644191717949,,,,
Red spider,flip,red_spider_00038_aug_flip_horizontal.jpg,red_spider_00038.jpg,ok,,,,,,hflip
Red spider,contrast,red_spider_00039_aug_contrast.jpg,red_spider_00039.jpg,ok,0.8705906305823925,25.63186253230283,,,,
Red spider,rotation,red_spider_00039_aug_rotation.jpg,red_spider_00039.jpg,ok,,,27.318575760737648,0.8135900724398532,,
Red spider,zoom,red_spider_00039_aug_zoom.jpg,red_spider_00039.jpg,ok,,,1.1523558194204981,1.4216002800236371,,
Red spider,blur,red_spider_00040_aug_blur.jpg,red_spider_00040.jpg,ok,,,,,0.5500000000000002,
Red spider,brightness,red_spider_00040_aug_brightness.jpg,red_spider_00040.jpg,ok,1.2834205213838235,0.0950680617258998,,,,
Red spider,rotation,red_spider_00040_aug_rotation.jpg,red_spider_00040.jpg,ok,,,-12.634980124798732,0.8780903833267476,,
Red spider,flip,red_spider_00041_aug_flip_vertical.jpg,red_spider_00041.jpg,ok,,,,,,vflip
Red spider,rotation,red_spider_00042_aug_rotation.jpg,red_spider_00042.jpg,ok,,,-24.5835613830152,0.8185912653234134,,
Red spider,brightness,red_spider_00045_aug_brightness.jpg,red_spider_00045.jpg,ok,0.9537836568649114,-0.4689303449498053,,,,
Red spider,flip,red_spider_00045_aug_flip_horizontal.jpg,red_spider_00045.jpg,ok,,,,,,hflip
Red spider,zoom,red_spider_00046_aug_zoom.jpg,red_spider_00046.jpg,ok,,,-6.262064473577942,1.44364247912016,,
Red spider,brightness,red_spider_00047_aug_brightness.jpg,red_spider_00047.jpg,ok,1.1003519604278729,-0.4793694821147954,,,,
Red spider,flip,red_spider_00047_aug_flip_horizontal.jpg,red_spider_00047.jpg,ok,,,,,,hflip
Red spider,blur,red_spider_00050_aug_blur.jpg,red_spider_00050.jpg,ok,,,,,0.6500000000000001,
Red spider,flip,red_spider_00050_aug_flip_vertical.jpg,red_spider_00050.jpg,ok,,,,,,vflip
Red spider,rotation,red_spider_00050_aug_rotation.jpg,red_spider_00050.jpg,ok,,,-19.19652800312207,0.8400705562557083,,
Red spider,brightness,red_spider_00056_aug_brightness.jpg,red_spider_00056.jpg,ok,1.1920657446068592,-0.4786339429547032,,,,
Red spider,flip,red_spider_00056_aug_flip_horizontal.jpg,red_spider_00056.jpg,ok,,,,,,hflip
Red spider,blur,red_spider_00062_aug_blur.jpg,red_spider_00062.jpg,ok,,,,,0.3500000000000001,
Red spider,contrast,red_spider_00062_aug_contrast.jpg,red_spider_00062.jpg,ok,1.1029423007884094,-18.687779993872486,,,,
Red spider,zoom,red_spider_00062_aug_zoom.jpg,red_spider_00062.jpg,ok,,,-0.925570975704071,1.5179092919448565,,
Red spider,flip,red_spider_00065_aug_flip_vertical.jpg,red_spider_00065.jpg,ok,,,,,,vflip
Red spider,brightness,red_spider_00066_aug_brightness.jpg,red_spider_00066.jpg,ok,1.0124043738896857,-0.2702742942089755,,,,
Red spider,flip,red_spider_00066_aug_flip_horizontal.jpg,red_spider_00066.jpg,ok,,,,,,hflip
Red spider,flip,red_spider_00066_aug_flip_vertical.jpg,red_spider_00066.jpg,ok,,,,,,vflip
Red spider,brightness,red_spider_00068_aug_brightness.jpg,red_spider_00068.jpg,ok,0.9369622073602063,-0.5887216527883036,,,,
Red spider,zoom,red_spider_00068_aug_zoom.jpg,red_spider_00068.jpg,ok,,,-0.5647729247608361,1.493795435498443,,
Red spider,flip,red_spider_00069_aug_flip_horizontal.jpg,red_spider_00069.jpg,ok,,,,,,hflip
Red spider,zoom,red_spider_00069_aug_zoom.jpg,red_spider_00069.jpg,ok,,,4.091085335213835,1.5138312624853312,,
Red spider,rotation,red_spider_00070_aug_rotation.jpg,red_spider_00070.jpg,ok,,,25.063660440661913,0.816287483558656,,
Red spider,contrast,red_spider_00071_aug_contrast.jpg,red_spider_00071.jpg,ok,1.0342452440897705,-5.956162302315056,,,,
Red spider,blur,red_spider_00073_aug_blur.jpg,red_spider_00073.jpg,ok,,,,,0.5500000000000002,
Red spider,flip,red_spider_00073_aug_flip_vertical.jpg,red_spider_00073.jpg,ok,,,,,,vflip
Red spider,rotation,red_spider_00075_aug_rotation.jpg,red_spider_00075.jpg,ok,,,-14.645483832772106,0.8624561706951204,,
Red spider,blur,red_spider_00078_aug_blur.jpg,red_spider_00078.jpg,ok,,,,,0.45000000000000007,
Red spider,zoom,red_spider_00080_aug_zoom.jpg,red_spider_00080.jpg,ok,,,-6.056239364841934,1.3495119155033477,,
Red spider,blur,red_spider_00081_aug_blur.jpg,red_spider_00081.jpg,ok,,,,,0.7000000000000002,
Red spider,brightness,red_spider_00081_aug_brightness.jpg,red_spider_00081.jpg,ok,1.1184383715532682,-0.45930376882380014,,,,
Red spider,flip,red_spider_00084_aug_flip_vertical.jpg,red_spider_00084.jpg,ok,,,,,,vflip
Red spider,brightness,red_spider_00088_aug_brightness.jpg,red_spider_00088.jpg,ok,1.019956414806559,-0.5357402299570152,,,,
Red spider,rotation,red_spider_00088_aug_rotation.jpg,red_spider_00088.jpg,ok,,,-9.771674987458066,0.8975456422256548,,
Red spider,blur,red_spider_00089_aug_blur.jpg,red_spider_00089.jpg,ok,,,,,0.5500000000000002,
Red spider,flip,red_spider_00089_aug_flip_vertical.jpg,red_spider_00089.jpg,ok,,,,,,vflip
Red spider,blur,red_spider_00090_aug_blur.jpg,red_spider_00090.jpg,ok,,,,,0.40000000000000013,
Red spider,flip,red_spider_00090_aug_flip_vertical.jpg,red_spider_00090.jpg,ok,,,,,,vflip
Red spider,rotation,red_spider_00090_aug_rotation.jpg,red_spider_00090.jpg,ok,,,5.937220242927965,0.927004376676697,,
Red spider,blur,red_spider_00092_aug_blur.jpg,red_spider_00092.jpg,ok,,,,,0.5000000000000001,
Red spider,flip,red_spider_00094_aug_flip_horizontal.jpg,red_spider_00094.jpg,ok,,,,,,hflip
Red spider,flip,red_spider_00094_aug_flip_vertical.jpg,red_spider_00094.jpg,ok,,,,,,vflip
Red spider,zoom,red_spider_00096_aug_zoom.jpg,red_spider_00096.jpg,ok,,,-1.7639376283075834,1.5922946802963505,,
Red spider,blur,red_spider_00097_aug_blur.jpg,red_spider_00097.jpg,ok,,,,,0.7000000000000002,
Red spider,contrast,red_spider_00098_aug_contrast.jpg,red_spider_00098.jpg,ok,1.0434363611750248,-8.346236011449841,,,,
Red spider,flip,red_spider_00098_aug_flip_vertical.jpg,red_spider_00098.jpg,ok,,,,,,vflip
Red spider,rotation,red_spider_00098_aug_rotation.jpg,red_spider_00098.jpg,ok,,,5.075792488261857,0.9389138195361925,,
Red spider,zoom,red_spider_00102_aug_zoom.jpg,red_spider_00102.jpg,ok,,,-4.216643484568269,1.1553298892916364,,
Red spider,zoom,red_spider_00103_aug_zoom.jpg,red_spider_00103.jpg,ok,,,-5.060717927941204,1.2483644059800707,,
Red spider,flip,red_spider_00105_aug_flip_vertical.jpg,red_spider_00105.jpg,ok,,,,,,vflip
Red spider,rotation,red_spider_00105_aug_rotation.jpg,red_spider_00105.jpg,ok,,,-1.008991665697647,0.9872427937108652,,
Red spider,zoom,red_spider_00106_aug_zoom.jpg,red_spider_00106.jpg,ok,,,7.616157549233894,1.464306357540392,,
Red spider,rotation,red_spider_00107_aug_rotation.jpg,red_spider_00107.jpg,ok,,,20.109325101956298,0.834441034345372,,
Red spider,flip,red_spider_00109_aug_flip_vertical.jpg,red_spider_00109.jpg,ok,,,,,,vflip
Red spider,rotation,red_spider_00110_aug_rotation.jpg,red_spider_00110.jpg,ok,,,20.649959426169872,0.8309752306226563,,
Red spider,contrast,red_spider_00113_aug_contrast.jpg,red_spider_00113.jpg,ok,1.0907730381595824,-16.06107569697234,,,,
Red spider,flip,red_spider_00113_aug_flip_horizontal.jpg,red_spider_00113.jpg,ok,,,,,,hflip
Red spider,rotation,red_spider_00113_aug_rotation.jpg,red_spider_00113.jpg,ok,,,-9.180414382880796,0.8974364273641731,,
Red spider,flip,red_spider_00116_aug_flip_horizontal.jpg,red_spider_00116.jpg,ok,,,,,,hflip
Red spider,rotation,red_spider_00116_aug_rotation.jpg,red_spider_00116.jpg,ok,,,-8.000284058925637,0.9120967888942852,,
Red spider,brightness,red_spider_00118_aug_brightness.jpg,red_spider_00118.jpg,ok,0.9888661857693584,-0.6183997500301204,,,,
Red spider,flip,red_spider_00118_aug_flip_horizontal.jpg,red_spider_00118.jpg,ok,,,,,,hflip
Red spider,flip,red_spider_00120_aug_flip_horizontal.jpg,red_spider_00120.jpg,ok,,,,,,hflip
Red spider,rotation,red_spider_00120_aug_rotation.jpg,red_spider_00120.jpg,ok,,,9.75699287540919,0.8974304393374825,,
Red spider,contrast,red_spider_00121_aug_contrast.jpg,red_spider_00121.jpg,ok,0.9269555170152335,12.249675548466536,,,,
Red spider,flip,red_spider_00121_aug_flip_horizontal.jpg,red_spider_00121.jpg,ok,,,,,,hflip
Red spider,blur,red_spider_00122_aug_blur.jpg,red_spider_00122.jpg,ok,,,,,0.45000000000000007,
Red spider,contrast,red_spider_00122_aug_contrast.jpg,red_spider_00122.jpg,ok,0.8292704150249814,29.63999772713267,,,,
Red spider,brightness,red_spider_00124_aug_brightness.jpg,red_spider_00124.jpg,ok,0.8658169526124732,-0.37850239475752545,,,,
Red spider,contrast,red_spider_00126_aug_contrast.jpg,red_spider_00126.jpg,ok,0.8309974370264462,30.86129091018499,,,,
Red spider,rotation,red_spider_00126_aug_rotation.jpg,red_spider_00126.jpg,ok,,,-18.249983252387572,0.8427429413369674,,
Red spider,zoom,red_spider_00126_aug_zoom.jpg,red_spider_00126.jpg,ok,,,6.5422710071707115,1.5524185955761194,,
Red spider,brightness,red_spider_00127_aug_brightness.jpg,red_spider_00127.jpg,ok,0.8694974218308087,-0.45728068837548286,,,,
Red spider,contrast,red_spider_00127_aug_contrast.jpg,red_spider_00127.jpg,ok,1.0872511338924462,-16.397698540748532,,,,
Red spider,brightness,red_spider_00134_aug_brightness.jpg,red_spider_00134.jpg,ok,1.193563805880043,-0.5122139082790508,,,,
Red spider,zoom,red_spider_00135_aug_zoom.jpg,red_spider_00135.jpg,ok,,,6.102566347917616,1.4870312529424983,,
Red spider,flip,red_spider_00136_aug_flip_vertical.jpg,red_spider_00136.jpg,ok,,,,,,vflip
Red spider,blur,red_spider_00137_aug_blur.jpg,red_spider_00137.jpg,ok,,,,,0.5000000000000001,
Red spider,contrast,red_spider_00138_aug_contrast.jpg,red_spider_00138.jpg,ok,0.803278810387871,34.608797949138385,,,,
Red spider,blur,red_spider_00139_aug_blur.jpg,red_spider_00139.jpg,ok,,,,,0.6500000000000001,
Red spider,flip,red_spider_00139_aug_flip_vertical.jpg,red_spider_00139.jpg,ok,,,,,,vflip
Red spider,blur,red_spider_00140_aug_blur.jpg,red_spider_00140.jpg,ok,,,,,0.7500000000000002,
Red spider,contrast,red_spider_00142_aug_contrast.jpg,red_spider_00142.jpg,ok,1.1696424561149545,-30.544860791120254,,,,
Red spider,flip,red_spider_00142_aug_flip_vertical.jpg,red_spider_00142.jpg,ok,,,,,,vflip
Red spider,rotation,red_spider_00143_aug_rotation.jpg,red_spider_00143.jpg,ok,,,-19.93297750250952,0.8351113298436423,,
Red spider,zoom,red_spider_00143_aug_zoom.jpg,red_spider_00143.jpg,ok,,,8.068898445081645,1.3658901956822913,,
Red spider,flip,red_spider_00144_aug_flip_horizontal.jpg,red_spider_00144.jpg,ok,,,,,,hflip
Red spider,rotation,red_spider_00146_aug_rotation.jpg,red_spider_00146.jpg,ok,,,27.973268822936827,0.8078252775171243,,
Red spider,blur,red_spider_00147_aug_blur.jpg,red_spider_00147.jpg,ok,,,,,0.6000000000000002,
Red spider,blur,red_spider_00151_aug_blur.jpg,red_spider_00151.jpg,ok,,,,,0.8500000000000002,
Red spider,contrast,red_spider_00151_aug_contrast.jpg,red_spider_00151.jpg,ok,0.8556758780174502,26.73682299159303,,,,
Red spider,flip,red_spider_00151_aug_flip_horizontal.jpg,red_spider_00151.jpg,ok,,,,,,hflip
Red spider,blur,red_spider_00152_aug_blur.jpg,red_spider_00152.jpg,ok,,,,,0.5000000000000001,
Red spider,zoom,red_spider_00152_aug_zoom.jpg,red_spider_00152.jpg,ok,,,3.898787842940574,1.095863087706067,,
Red spider,contrast,red_spider_00153_aug_contrast.jpg,red_spider_00153.jpg,ok,0.9614622455671059,6.647604165681053,,,,
Red spider,zoom,red_spider_00153_aug_zoom.jpg,red_spider_00153.jpg,ok,,,-7.337807239869019,1.2687085826189302,,
Red spider,rotation,red_spider_00154_aug_rotation.jpg,red_spider_00154.jpg,ok,,,27.609171225989872,0.8095722567350133,,
Red spider,brightness,red_spider_00155_aug_brightness.jpg,red_spider_00155.jpg,ok,0.7643970882697124,-0.33674398753310864,,,,
Red spider,flip,red_spider_00156_aug_flip_vertical.jpg,red_spider_00156.jpg,ok,,,,,,vflip
Red spider,blur,red_spider_00157_aug_blur.jpg,red_spider_00157.jpg,ok,,,,,0.8000000000000002,
Red spider,brightness,red_spider_00158_aug_brightness.jpg,red_spider_00158.jpg,ok,1.1128662846534003,-0.5199368916468723,,,,
Red spider,blur,red_spider_00159_aug_blur.jpg,red_spider_00159.jpg,ok,,,,,0.5500000000000002,
Red spider,brightness,red_spider_00159_aug_brightness.jpg,red_spider_00159.jpg,ok,1.2467821934503973,-0.44794096685778273,,,,
Red spider,blur,red_spider_00164_aug_blur.jpg,red_spider_00164.jpg,ok,,,,,0.40000000000000013,
Red spider,flip,red_spider_00164_aug_flip_horizontal.jpg,red_spider_00164.jpg,ok,,,,,,hflip
Red spider,flip,red_spider_00164_aug_flip_vertical.jpg,red_spider_00164.jpg,ok,,,,,,vflip
Red spider,rotation,red_spider_00167_aug_rotation.jpg,red_spider_00167.jpg,ok,,,-28.493334495515327,0.8063139752303496,,
Red spider,zoom,red_spider_00167_aug_zoom.jpg,red_spider_00167.jpg,ok,,,7.989874116200995,1.3614883482430935,,
Red spider,flip,red_spider_00168_aug_flip_vertical.jpg,red_spider_00168.jpg,ok,,,,,,vflip
Red spider,zoom,red_spider_00169_aug_zoom.jpg,red_spider_00169.jpg,ok,,,6.438683218099876,1.466543732335042,,
Red spider,brightness,red_spider_00170_aug_brightness.jpg,red_spider_00170.jpg,ok,1.1699584472764342,-0.5776767278375258,,,,
Red spider,flip,red_spider_00170_aug_flip_vertical.jpg,red_spider_00170.jpg,ok,,,,,,vflip
Red spider,rotation,red_spider_00170_aug_rotation.jpg,red_spider_00170.jpg,ok,,,-24.11333774183994,0.8191092807504986,,
Red spider,blur,red_spider_00173_aug_blur.jpg,red_spider_00173.jpg,ok,,,,,0.40000000000000013,
Red spider,rotation,red_spider_00173_aug_rotation.jpg,red_spider_00173.jpg,ok,,,-15.63506979598175,0.8558834096477216,,
Red spider,zoom,red_spider_00173_aug_zoom.jpg,red_spider_00173.jpg,ok,,,-7.080650611771745,1.5323867532158857,,
Red spider,flip,red_spider_00174_aug_flip_horizontal.jpg,red_spider_00174.jpg,ok,,,,,,hflip
Red spider,flip,red_spider_00175_aug_flip_vertical.jpg,red_spider_00175.jpg,ok,,,,,,vflip
Red spider,brightness,red_spider_00177_aug_brightness.jpg,red_spider_00177.jpg,ok,0.7636972627216252,-0.47466527149316234,,,,
Red spider,flip,red_spider_00177_aug_flip_vertical.jpg,red_spider_00177.jpg,ok,,,,,,vflip
Red spider,brightness,red_spider_00186_aug_brightness.jpg,red_spider_00186.jpg,ok,0.869857676182991,-0.49918257483219786,,,,
Red spider,contrast,red_spider_00186_aug_contrast.jpg,red_spider_00186.jpg,ok,0.9911955779342264,0.8668489344218857,,,,
Red spider,flip,red_spider_00186_aug_flip_horizontal.jpg,red_spider_00186.jpg,ok,,,,,,hflip
Red spider,contrast,red_spider_00190_aug_contrast.jpg,red_spider_00190.jpg,ok,0.9931324519995957,0.45004069469877916,,,,
Red spider,brightness,red_spider_00191_aug_brightness.jpg,red_spider_00191.jpg,ok,0.9683243748373108,-0.47296726314038134,,,,
Red spider,flip,red_spider_00192_aug_flip_horizontal.jpg,red_spider_00192.jpg,ok,,,,,,hflip
Red spider,flip,red_spider_00192_aug_flip_vertical.jpg,red_spider_00192.jpg,ok,,,,,,vflip
Red spider,blur,red_spider_00194_aug_blur.jpg,red_spider_00194.jpg,ok,,,,,0.5000000000000001,
Red spider,flip,red_spider_00194_aug_flip_horizontal.jpg,red_spider_00194.jpg,ok,,,,,,hflip
Red spider,flip,red_spider_00194_aug_flip_vertical.jpg,red_spider_00194.jpg,ok,,,,,,vflip
Red spider,flip,red_spider_00195_aug_flip_horizontal.jpg,red_spider_00195.jpg,ok,,,,,,hflip
Red spider,rotation,red_spider_00195_aug_rotation.jpg,red_spider_00195.jpg,ok,,,6.315650988057499,0.927741376320112,,
Red spider,rotation,red_spider_00197_aug_rotation.jpg,red_spider_00197.jpg,ok,,,15.450432250818023,0.859053016435916,,
Red spider,flip,red_spider_00198_aug_flip_horizontal.jpg,red_spider_00198.jpg,ok,,,,,,hflip
Red spider,rotation,red_spider_00198_aug_rotation.jpg,red_spider_00198.jpg,ok,,,9.57271844111668,0.8982193334585881,,
Red spider,brightness,red_spider_00201_aug_brightness.jpg,red_spider_00201.jpg,ok,0.9035332983427364,-0.5228606509375859,,,,
Red spider,contrast,red_spider_00201_aug_contrast.jpg,red_spider_00201.jpg,ok,0.9441306848093283,9.321384901623869,,,,
Red spider,flip,red_spider_00207_aug_flip_vertical.jpg,red_spider_00207.jpg,ok,,,,,,vflip
Red spider,zoom,red_spider_00207_aug_zoom.jpg,red_spider_00207.jpg,ok,,,6.8014950727716865,1.3883707491208206,,
Red spider,blur,red_spider_00208_aug_blur.jpg,red_spider_00208.jpg,ok,,,,,0.6000000000000002,
Red spider,brightness,red_spider_00208_aug_brightness.jpg,red_spider_00208.jpg,ok,1.0593277953166726,-0.5770280293126037,,,,
Red spider,zoom,red_spider_00209_aug_zoom.jpg,red_spider_00209.jpg,ok,,,4.752944729801353,1.584917317206041,,
Red spider,rotation,red_spider_00210_aug_rotation.jpg,red_spider_00210.jpg,ok,,,-14.450274425910832,0.8641998198363382,,
Red spider,blur,red_spider_00211_aug_blur.jpg,red_spider_00211.jpg,ok,,,,,0.7500000000000002,
Red spider,brightness,red_spider_00211_aug_brightness.jpg,red_spider_00211.jpg,ok,1.0815009308534107,-0.6588720991927914,,,,
Red spider,zoom,red_spider_00211_aug_zoom.jpg,red_spider_00211.jpg,ok,,,7.781982233466226,1.3828453476369518,,
Red spider,brightness,red_spider_00212_aug_brightness.jpg,red_spider_00212.jpg,ok,0.9879005853615498,-0.13714636214487286,,,,
Red spider,blur,red_spider_00213_aug_blur.jpg,red_spider_00213.jpg,ok,,,,,0.5500000000000002,
Red spider,flip,red_spider_00213_aug_flip_horizontal.jpg,red_spider_00213.jpg,ok,,,,,,hflip
Red spider,rotation,red_spider_00214_aug_rotation.jpg,red_spider_00214.jpg,ok,,,23.139271551556845,0.8223456348099674,,
Red spider,rotation,red_spider_00215_aug_rotation.jpg,red_spider_00215.jpg,ok,,,24.166970782387192,0.8177108503902673,,
Red spider,zoom,red_spider_00215_aug_zoom.jpg,red_spider_00215.jpg,ok,,,-3.0519583745986,1.0896808052229703,,
Red spider,brightness,red_spider_00216_aug_brightness.jpg,red_spider_00216.jpg,ok,0.8933846964975528,-0.4679960148854462,,,,
Red spider,contrast,red_spider_00216_aug_contrast.jpg,red_spider_00216.jpg,ok,0.8835808471704503,19.87501315435626,,,,
Red spider,rotation,red_spider_00216_aug_rotation.jpg,red_spider_00216.jpg,ok,,,-21.567434424390424,0.8237930312291991,,
Red spider,blur,red_spider_00218_aug_blur.jpg,red_spider_00218.jpg,ok,,,,,0.8000000000000002,
Red spider,flip,red_spider_00218_aug_flip_horizontal.jpg,red_spider_00218.jpg,ok,,,,,,hflip
Red spider,zoom,red_spider_00220_aug_zoom.jpg,red_spider_00220.jpg,ok,,,-6.7975024087854194,1.139423210704515,,
Red spider,blur,red_spider_00222_aug_blur.jpg,red_spider_00222.jpg,ok,,,,,0.6500000000000001,
Red spider,brightness,red_spider_00222_aug_brightness.jpg,red_spider_00222.jpg,ok,1.113503441522444,-0.5354039747528561,,,,
Red spider,zoom,red_spider_00222_aug_zoom.jpg,red_spider_00222.jpg,ok,,,5.028688008223752,1.4091353370104005,,
Red spider,contrast,red_spider_00223_aug_contrast.jpg,red_spider_00223.jpg,ok,1.1913161969033221,-33.65970947890839,,,,
Red spider,contrast,red_spider_00226_aug_contrast.jpg,red_spider_00226.jpg,ok,0.9854811627604272,1.7974490620731307,,,,
Red spider,blur,red_spider_00227_aug_blur.jpg,red_spider_00227.jpg,ok,,,,,0.6500000000000001,
Red spider,contrast,red_spider_00227_aug_contrast.jpg,red_spider_00227.jpg,ok,0.8700826291698941,22.05007758104443,,,,
Red spider,flip,red_spider_00229_aug_flip_horizontal.jpg,red_spider_00229.jpg,ok,,,,,,hflip
Red spider,flip,red_spider_00231_aug_flip_vertical.jpg,red_spider_00231.jpg,ok,,,,,,vflip
Red spider,brightness,red_spider_00234_aug_brightness.jpg,red_spider_00234.jpg,ok,1.2599547548983643,-0.3077329099980123,,,,
Red spider,brightness,red_spider_00236_aug_brightness.jpg,red_spider_00236.jpg,ok,1.1535104557294218,-0.5235232882248216,,,,
Red spider,brightness,red_spider_00239_aug_brightness.jpg,red_spider_00239.jpg,ok,1.2255243434324739,-0.5217194716416566,,,,
Red spider,contrast,red_spider_00239_aug_contrast.jpg,red_spider_00239.jpg,ok,1.170605288148737,-32.74274292509158,,,,
Red spider,blur,red_spider_00240_aug_blur.jpg,red_spider_00240.jpg,ok,,,,,0.3500000000000001,
Red spider,brightness,red_spider_00240_aug_brightness.jpg,red_spider_00240.jpg,ok,0.8660013102034555,-0.41486624424549634,,,,
Red spider,contrast,red_spider_00240_aug_contrast.jpg,red_spider_00240.jpg,ok,1.1105238992112205,-21.386015281849488,,,,
Red spider,flip,red_spider_00240_aug_flip_horizontal.jpg,red_spider_00240.jpg,ok,,,,,,hflip
Red spider,flip,red_spider_00241_aug_flip_horizontal.jpg,red_spider_00241.jpg,ok,,,,,,hflip
Red spider,rotation,red_spider_00241_aug_rotation.jpg,red_spider_00241.jpg,ok,,,21.062256992285906,0.8291455434617593,,
Red spider,brightness,red_spider_00242_aug_brightness.jpg,red_spider_00242.jpg,ok,1.0567102718994634,-0.4140803366540879,,,,
Red spider,rotation,red_spider_00242_aug_rotation.jpg,red_spider_00242.jpg,ok,,,22.579814687454252,0.8237058894375396,,
Red spider,contrast,red_spider_00245_aug_contrast.jpg,red_spider_00245.jpg,ok,1.1594859806488482,-28.657429826221886,,,,
Red spider,flip,red_spider_00245_aug_flip_horizontal.jpg,red_spider_00245.jpg,ok,,,,,,hflip
Red spider,rotation,red_spider_00245_aug_rotation.jpg,red_spider_00245.jpg,ok,,,-3.3118773764625327,0.9583626457449667,,
Red spider,brightness,red_spider_00247_aug_brightness.jpg,red_spider_00247.jpg,ok,0.840054460595167,-0.4141671228290539,,,,
Red spider,flip,red_spider_00247_aug_flip_horizontal.jpg,red_spider_00247.jpg,ok,,,,,,hflip
Red spider,contrast,red_spider_00249_aug_contrast.jpg,red_spider_00249.jpg,ok,0.9198972445617116,14.044594401033534,,,,
Red spider,rotation,red_spider_00249_aug_rotation.jpg,red_spider_00249.jpg,ok,,,22.408578525104662,0.8222723142073688,,
Red spider,contrast,red_spider_00251_aug_contrast.jpg,red_spider_00251.jpg,ok,1.151719529255552,-26.402924800726296,,,,
Red spider,flip,red_spider_00254_aug_flip_horizontal.jpg,red_spider_00254.jpg,ok,,,,,,hflip
Red spider,blur,red_spider_00255_aug_blur.jpg,red_spider_00255.jpg,ok,,,,,0.45000000000000007,
Red spider,flip,red_spider_00261_aug_flip_vertical.jpg,red_spider_00261.jpg,ok,,,,,,vflip
Red spider,rotation,red_spider_00261_aug_rotation.jpg,red_spider_00261.jpg,ok,,,21.829028899291682,0.8264173882236417,,
Red spider,flip,red_spider_00262_aug_flip_vertical.jpg,red_spider_00262.jpg,ok,,,,,,vflip
Red spider,zoom,red_spider_00262_aug_zoom.jpg,red_spider_00262.jpg,ok,,,2.9197331345377053,1.4234930146680764,,
Red spider,zoom,red_spider_00264_aug_zoom.jpg,red_spider_00264.jpg,ok,,,-2.528232117748711,1.2411875746552041,,
Red spider,blur,red_spider_00267_aug_blur.jpg,red_spider_00267.jpg,ok,,,,,0.45000000000000007,
Red spider,contrast,red_spider_00267_aug_contrast.jpg,red_spider_00267.jpg,ok,0.8346056163671398,30.905003106876325,,,,
Red spider,blur,red_spider_00272_aug_blur.jpg,red_spider_00272.jpg,ok,,,,,0.40000000000000013,
Red spider,brightness,red_spider_00273_aug_brightness.jpg,red_spider_00273.jpg,ok,1.2291054097118914,-0.6468568379392985,,,,
Red spider,zoom,red_spider_00273_aug_zoom.jpg,red_spider_00273.jpg,ok,,,-2.240048805616887,1.4484534457873124,,
Red spider,blur,red_spider_00274_aug_blur.jpg,red_spider_00274.jpg,ok,,,,,0.40000000000000013,
Red spider,contrast,red_spider_00274_aug_contrast.jpg,red_spider_00274.jpg,ok,1.1374200386962,-25.957400871359486,,,,
Red spider,flip,red_spider_00274_aug_flip_horizontal.jpg,red_spider_00274.jpg,ok,,,,,,hflip
Red spider,rotation,red_spider_00274_aug_rotation.jpg,red_spider_00274.jpg,ok,,,21.472075756110186,0.8288033069048835,,
Red spider,blur,red_spider_00278_aug_blur.jpg,red_spider_00278.jpg,ok,,,,,0.45000000000000007,
Red spider,brightness,red_spider_00278_aug_brightness.jpg,red_spider_00278.jpg,ok,1.2560524645848659,-0.49529889781428965,,,,
Red spider,flip,red_spider_00278_aug_flip_vertical.jpg,red_spider_00278.jpg,ok,,,,,,vflip
Red spider,zoom,red_spider_00278_aug_zoom.jpg,red_spider_00278.jpg,ok,,,8.789348252889328,1.3766720206949208,,
Red spider,brightness,red_spider_00279_aug_brightness.jpg,red_spider_00279.jpg,ok,1.2062460285192194,-0.46573698364288585,,,,
Red spider,rotation,red_spider_00279_aug_rotation.jpg,red_spider_00279.jpg,ok,,,11.462270128030198,0.8849982517420376,,
Red spider,zoom,red_spider_00279_aug_zoom.jpg,red_spider_00279.jpg,ok,,,1.019288492420537,1.4787039387869954,,
Red spider,brightness,red_spider_00280_aug_brightness.jpg,red_spider_00280.jpg,ok,0.7918507708789649,-0.48348943080718587,,,,
Red spider,zoom,red_spider_00280_aug_zoom.jpg,red_spider_00280.jpg,ok,,,-1.4534743028025852,1.4362753658210192,,
Red spider,rotation,red_spider_00281_aug_rotation.jpg,red_spider_00281.jpg,ok,,,-23.885898895091167,0.8193416936737457,,
Red spider,blur,red_spider_00282_aug_blur.jpg,red_spider_00282.jpg,ok,,,,,0.40000000000000013,
Red spider,contrast,red_spider_00282_aug_contrast.jpg,red_spider_00282.jpg,ok,0.8857984231255185,19.707721241793127,,,,
Red spider,flip,red_spider_00284_aug_flip_vertical.jpg,red_spider_00284.jpg,ok,,,,,,vflip
Red spider,zoom,red_spider_00284_aug_zoom.jpg,red_spider_00284.jpg,ok,,,5.139950393346638,1.4303356744007594,,
Red spider,brightness,red_spider_00285_aug_brightness.jpg,red_spider_00285.jpg,ok,1.0124628260732411,-0.5971457429315258,,,,
Red spider,blur,red_spider_00286_aug_blur.jpg,red_spider_00286.jpg,ok,,,,,0.6000000000000002,
Red spider,contrast,red_spider_00286_aug_contrast.jpg,red_spider_00286.jpg,ok,1.0657601554900067,-13.017991535608994,,,,
Red spider,rotation,red_spider_00286_aug_rotation.jpg,red_spider_00286.jpg,ok,,,23.64412322444497,0.8216115931038521,,
Red spider,rotation,red_spider_00288_aug_rotation.jpg,red_spider_00288.jpg,ok,,,-21.084554820159386,0.8304945103822738,,
Red spider,brightness,red_spider_00289_aug_brightness.jpg,red_spider_00289.jpg,ok,1.058004918689683,-0.34135173385386697,,,,
Red spider,contrast,red_spider_00289_aug_contrast.jpg,red_spider_00289.jpg,ok,0.8399565217546725,28.591146380264373,,,,
Red spider,brightness,red_spider_00291_aug_brightness.jpg,red_spider_00291.jpg,ok,0.9931668584264293,-0.54471384835016,,,,
Red spider,rotation,red_spider_00291_aug_rotation.jpg,red_spider_00291.jpg,ok,,,-25.384193346276078,0.8136898135354739,,
Red spider,zoom,red_spider_00291_aug_zoom.jpg,red_spider_00291.jpg,ok,,,-4.006276079587839,1.0483157990991154,,
Red spider,blur,red_spider_00292_aug_blur.jpg,red_spider_00292.jpg,ok,,,,,0.5000000000000001,
Red spider,brightness,red_spider_00292_aug_brightness.jpg,red_spider_00292.jpg,ok,1.0761899357487636,-0.5049181928747095,,,,
Red spider,blur,red_spider_00293_aug_blur.jpg,red_spider_00293.jpg,ok,,,,,0.45000000000000007,
Red spider,contrast,red_spider_00293_aug_contrast.jpg,red_spider_00293.jpg,ok,0.979174315441341,3.2416012240049934,,,,
Red spider,zoom,red_spider_00293_aug_zoom.jpg,red_spider_00293.jpg,ok,,,-4.295783686815445,1.1955166288544763,,
Red spider,blur,red_spider_00298_aug_blur.jpg,red_spider_00298.jpg,ok,,,,,0.3500000000000001,
Red spider,brightness,red_spider_00298_aug_brightness.jpg,red_spider_00298.jpg,ok,0.88698851433273,-0.40997824768704805,,,,
Red spider,flip,red_spider_00299_aug_flip_horizontal.jpg,red_spider_00299.jpg,ok,,,,,,hflip
Red spider,brightness,red_spider_00300_aug_brightness.jpg,red_spider_00300.jpg,ok,1.1320895070463315,-0.58092362438957,,,,
Red spider,flip,red_spider_00300_aug_flip_horizontal.jpg,red_spider_00300.jpg,ok,,,,,,hflip
Red spider,rotation,red_spider_00300_aug_rotation.jpg,red_spider_00300.jpg,ok,,,28.749875298640166,0.8088226776822026,,
Red spider,flip,red_spider_00302_aug_flip_vertical.jpg,red_spider_00302.jpg,ok,,,,,,vflip
Red spider,zoom,red_spider_00302_aug_zoom.jpg,red_spider_00302.jpg,ok,,,-7.922034388092286,1.3226237012096096,,
Red spider,blur,red_spider_00303_aug_blur.jpg,red_spider_00303.jpg,ok,,,,,0.5000000000000001,
Red spider,brightness,red_spider_00304_aug_brightness.jpg,red_spider_00304.jpg,ok,1.0192487766099492,-0.599405761396826,,,,
Red spider,rotation,red_spider_00305_aug_rotation.jpg,red_spider_00305.jpg,ok,,,4.885079782925469,0.9403438122408408,,
Red spider,brightness,red_spider_00307_aug_brightness.jpg,red_spider_00307.jpg,ok,1.2158374736814777,-0.4810921617140024,,,,
Red spider,rotation,red_spider_00307_aug_rotation.jpg,red_spider_00307.jpg,ok,,,17.569845008330226,0.8473676512217835,,
Red spider,zoom,red_spider_00307_aug_zoom.jpg,red_spider_00307.jpg,ok,,,7.6658989751511095,1.351072798025124,,
Red spider,brightness,red_spider_00308_aug_brightness.jpg,red_spider_00308.jpg,ok,1.086407250960173,-0.5005442728989438,,,,
Red spider,brightness,red_spider_00309_aug_brightness.jpg,red_spider_00309.jpg,ok,0.8666594553020042,-0.5439422543079144,,,,
Red spider,contrast,red_spider_00310_aug_contrast.jpg,red_spider_00310.jpg,ok,0.8109795760054789,31.08483601088969,,,,
Red spider,flip,red_spider_00310_aug_flip_horizontal.jpg,red_spider_00310.jpg,ok,,,,,,hflip
Red spider,flip,red_spider_00310_aug_flip_vertical.jpg,red_spider_00310.jpg,ok,,,,,,vflip
Red spider,contrast,red_spider_00311_aug_contrast.jpg,red_spider_00311.jpg,ok,1.0951787999117806,-16.74141479397459,,,,
Red spider,flip,red_spider_00311_aug_flip_horizontal.jpg,red_spider_00311.jpg,ok,,,,,,hflip
Red spider,zoom,red_spider_00312_aug_zoom.jpg,red_spider_00312.jpg,ok,,,-6.478266188496341,1.3399620556653498,,
Red spider,rotation,red_spider_00313_aug_rotation.jpg,red_spider_00313.jpg,ok,,,-18.818082587655173,0.8402846788349001,,
Red spider,flip,red_spider_00314_aug_flip_horizontal.jpg,red_spider_00314.jpg,ok,,,,,,hflip
Red spider,rotation,red_spider_00314_aug_rotation.jpg,red_spider_00314.jpg,ok,,,2.2265812939803653,0.9696505232366249,,
Red spider,contrast,red_spider_00315_aug_contrast.jpg,red_spider_00315.jpg,ok,0.9802800479690628,3.1027179572056665,,,,
Red spider,flip,red_spider_00315_aug_flip_horizontal.jpg,red_spider_00315.jpg,ok,,,,,,hflip
Red spider,brightness,red_spider_00316_aug_brightness.jpg,red_spider_00316.jpg,ok,1.0531127920602874,-0.3689266336427486,,,,
Red spider,zoom,red_spider_00316_aug_zoom.jpg,red_spider_00316.jpg,ok,,,-1.898483821069104,1.427611290142726,,
Red spider,flip,red_spider_00317_aug_flip_horizontal.jpg,red_spider_00317.jpg,ok,,,,,,hflip
Red spider,contrast,red_spider_00320_aug_contrast.jpg,red_spider_00320.jpg,ok,1.0071956107444375,-1.6496712506885256,,,,
Red spider,flip,red_spider_00320_aug_flip_horizontal.jpg,red_spider_00320.jpg,ok,,,,,,hflip
Red spider,blur,red_spider_00321_aug_blur.jpg,red_spider_00321.jpg,ok,,,,,0.7000000000000002,
Red spider,flip,red_spider_00321_aug_flip_horizontal.jpg,red_spider_00321.jpg,ok,,,,,,hflip
Red spider,brightness,red_spider_00324_aug_brightness.jpg,red_spider_00324.jpg,ok,0.8705021423612057,-0.45490750211647335,,,,
Red spider,flip,red_spider_00325_aug_flip_horizontal.jpg,red_spider_00325.jpg,ok,,,,,,hflip
Red spider,rotation,red_spider_00326_aug_rotation.jpg,red_spider_00326.jpg,ok,,,-1.3941945339993538,0.9810030988808504,,
Red spider,zoom,red_spider_00326_aug_zoom.jpg,red_spider_00326.jpg,ok,,,-8.362019046044766,1.4298744202932796,,
Red spider,zoom,red_spider_00327_aug_zoom.jpg,red_spider_00327.jpg,ok,,,7.956532984125767,1.3557850948104828,,
Red spider,blur,red_spider_00330_aug_blur.jpg,red_spider_00330.jpg,ok,,,,,0.5500000000000002,
Red spider,brightness,red_spider_00330_aug_brightness.jpg,red_spider_00330.jpg,ok,1.0245175746632629,-0.32432927804762085,,,,
Red spider,brightness,red_spider_00331_aug_brightness.jpg,red_spider_00331.jpg,ok,0.7382907429900504,-0.46921620990942753,,,,
Red spider,contrast,red_spider_00331_aug_contrast.jpg,red_spider_00331.jpg,ok,0.9438415338601209,9.26025299883668,,,,
Red spider,contrast,red_spider_00334_aug_contrast.jpg,red_spider_00334.jpg,ok,1.0087801290423029,-1.872907306079442,,,,
Red spider,flip,red_spider_00337_aug_flip_vertical.jpg,red_spider_00337.jpg,ok,,,,,,vflip
Red spider,contrast,red_spider_00338_aug_contrast.jpg,red_spider_00338.jpg,ok,0.9904339996332847,1.0947748891441407,,,,
Red spider,flip,red_spider_00338_aug_flip_vertical.jpg,red_spider_00338.jpg,ok,,,,,,vflip
Red spider,blur,red_spider_00340_aug_blur.jpg,red_spider_00340.jpg,ok,,,,,0.3500000000000001,
Red spider,blur,red_spider_00341_aug_blur.jpg,red_spider_00341.jpg,ok,,,,,0.5000000000000001,
Red spider,contrast,red_spider_00341_aug_contrast.jpg,red_spider_00341.jpg,ok,1.0705804290772853,-13.444603543490917,,,,
Red spider,flip,red_spider_00341_aug_flip_vertical.jpg,red_spider_00341.jpg,ok,,,,,,vflip
Red spider,zoom,red_spider_00341_aug_zoom.jpg,red_spider_00341.jpg,ok,,,-7.539664492724654,1.4652410206212,,
Red spider,flip,red_spider_00342_aug_flip_horizontal.jpg,red_spider_00342.jpg,ok,,,,,,hflip
Red spider,contrast,red_spider_00343_aug_contrast.jpg,red_spider_00343.jpg,ok,0.8303637364852285,29.363121836032917,,,,
Red spider,rotation,red_spider_00343_aug_rotation.jpg,red_spider_00343.jpg,ok,,,-29.197390259254117,0.8065196435469388,,
Red spider,rotation,red_spider_00347_aug_rotation.jpg,red_spider_00347.jpg,ok,,,-9.295182186009438,0.8980514832698413,,
Red spider,blur,red_spider_00348_aug_blur.jpg,red_spider_00348.jpg,ok,,,,,0.5500000000000002,
Red spider,flip,red_spider_00348_aug_flip_horizontal.jpg,red_spider_00348.jpg,ok,,,,,,hflip
Red spider,flip,red_spider_00350_aug_flip_horizontal.jpg,red_spider_00350.jpg,ok,,,,,,hflip
Red spider,flip,red_spider_00351_aug_flip_horizontal.jpg,red_spider_00351.jpg,ok,,,,,,hflip
Red spider,flip,red_spider_00353_aug_flip_vertical.jpg,red_spider_00353.jpg,ok,,,,,,vflip
Red spider,rotation,red_spider_00353_aug_rotation.jpg,red_spider_00353.jpg,ok,,,23.43789901981771,0.8195707517515388,,
Red spider,blur,red_spider_00359_aug_blur.jpg,red_spider_00359.jpg,ok,,,,,0.45000000000000007,
Red spider,contrast,red_spider_00359_aug_contrast.jpg,red_spider_00359.jpg,ok,1.1378691375496313,-24.756630128072036,,,,
Red spider,zoom,red_spider_00360_aug_zoom.jpg,red_spider_00360.jpg,ok,,,-0.3781661219508224,1.430514625055587,,
Red spider,flip,red_spider_00362_aug_flip_horizontal.jpg,red_spider_00362.jpg,ok,,,,,,hflip
Red spider,zoom,red_spider_00365_aug_zoom.jpg,red_spider_00365.jpg,ok,,,-7.286978143734169,1.4345005388703909,,
Red spider,flip,red_spider_00366_aug_flip_vertical.jpg,red_spider_00366.jpg,ok,,,,,,vflip
Red spider,zoom,red_spider_00366_aug_zoom.jpg,red_spider_00366.jpg,ok,,,-2.1658709911733274,1.5818269150056183,,
Red spider,flip,red_spider_00369_aug_flip_vertical.jpg,red_spider_00369.jpg,ok,,,,,,vflip
Red spider,blur,red_spider_00370_aug_blur.jpg,red_spider_00370.jpg,ok,,,,,0.5000000000000001,
Red spider,flip,red_spider_00372_aug_flip_vertical.jpg,red_spider_00372.jpg,ok,,,,,,vflip
Red spider,zoom,red_spider_00372_aug_zoom.jpg,red_spider_00372.jpg,ok,,,-2.5534172080697504,1.3928780082341405,,
Red spider,zoom,red_spider_00373_aug_zoom.jpg,red_spider_00373.jpg,ok,,,-0.0509459804632266,1.1591404152735245,,
Red spider,brightness,red_spider_00376_aug_brightness.jpg,red_spider_00376.jpg,ok,0.9893529165861239,-0.9336127467310994,,,,
Red spider,flip,red_spider_00376_aug_flip_vertical.jpg,red_spider_00376.jpg,ok,,,,,,vflip
Red spider,flip,red_spider_00378_aug_flip_vertical.jpg,red_spider_00378.jpg,ok,,,,,,vflip
Red spider,flip,red_spider_00379_aug_flip_horizontal.jpg,red_spider_00379.jpg,ok,,,,,,hflip
Red spider,flip,red_spider_00381_aug_flip_vertical.jpg,red_spider_00381.jpg,ok,,,,,,vflip
Red spider,brightness,red_spider_00382_aug_brightness.jpg,red_spider_00382.jpg,ok,0.8245612743764374,-0.542940355643288,,,,
Red spider,flip,red_spider_00382_aug_flip_horizontal.jpg,red_spider_00382.jpg,ok,,,,,,hflip
Red spider,brightness,red_spider_00384_aug_brightness.jpg,red_spider_00384.jpg,ok,0.7676476860413454,-0.6407652779911007,,,,
Red spider,rotation,red_spider_00384_aug_rotation.jpg,red_spider_00384.jpg,ok,,,3.359624743966369,0.957320552345202,,
Red spider,zoom,red_spider_00386_aug_zoom.jpg,red_spider_00386.jpg,ok,,,-3.4279447586303124,1.4689746167910434,,
Red spider,flip,red_spider_00388_aug_flip_horizontal.jpg,red_spider_00388.jpg,ok,,,,,,hflip
Red spider,flip,red_spider_00390_aug_flip_vertical.jpg,red_spider_00390.jpg,ok,,,,,,vflip
Red spider,blur,red_spider_00392_aug_blur.jpg,red_spider_00392.jpg,ok,,,,,0.6500000000000001,
Red spider,rotation,red_spider_00392_aug_rotation.jpg,red_spider_00392.jpg,ok,,,-8.487005890168788,0.9084762455633767,,
Red spider,zoom,red_spider_00392_aug_zoom.jpg,red_spider_00392.jpg,affine_failed,,,,,,
Red spider,blur,red_spider_00397_aug_blur.jpg,red_spider_00397.jpg,ok,,,,,0.6500000000000001,
Red spider,contrast,red_spider_00397_aug_contrast.jpg,red_spider_00397.jpg,ok,1.0712354673018554,-13.167676983522638,,,,
Red spider,contrast,red_spider_00398_aug_contrast.jpg,red_spider_00398.jpg,ok,1.1635376250560874,-29.09091565649647,,,,
Red spider,rotation,red_spider_00398_aug_rotation.jpg,red_spider_00398.jpg,ok,,,-20.834292012780352,0.8319864597506852,,
Red spider,zoom,red_spider_00398_aug_zoom.jpg,red_spider_00398.jpg,ok,,,1.2055787523815635,1.4231255133332368,,
Red spider,zoom,red_spider_00399_aug_zoom.jpg,red_spider_00399.jpg,ok,,,0.17497428609039564,1.5218711522654762,,
Red spider,blur,red_spider_00402_aug_blur.jpg,red_spider_00402.jpg,ok,,,,,0.7000000000000002,
Red spider,flip,red_spider_00402_aug_flip_vertical.jpg,red_spider_00402.jpg,ok,,,,,,vflip
Red spider,brightness,red_spider_00404_aug_brightness.jpg,red_spider_00404.jpg,ok,0.9482821855383514,-0.5195169654191447,,,,
Red spider,rotation,red_spider_00404_aug_rotation.jpg,red_spider_00404.jpg,ok,,,-20.774050941579215,0.8321451695173543,,
Red spider,zoom,red_spider_00405_aug_zoom.jpg,red_spider_00405.jpg,ok,,,-4.958776640663434,1.4217808601436557,,
Red spider,flip,red_spider_00407_aug_flip_horizontal.jpg,red_spider_00407.jpg,ok,,,,,,hflip
Red spider,flip,red_spider_00407_aug_flip_vertical.jpg,red_spider_00407.jpg,ok,,,,,,vflip
Red spider,flip,red_spider_00408_aug_flip_vertical.jpg,red_spider_00408.jpg,ok,,,,,,vflip
Red spider,blur,red_spider_00411_aug_blur.jpg,red_spider_00411.jpg,ok,,,,,0.5500000000000002,
Red spider,flip,red_spider_00411_aug_flip_horizontal.jpg,red_spider_00411.jpg,ok,,,,,,hflip
Red spider,brightness,red_spider_00415_aug_brightness.jpg,red_spider_00415.jpg,ok,1.039715839408061,-0.5585533160696654,,,,
Red spider,flip,red_spider_00415_aug_flip_horizontal.jpg,red_spider_00415.jpg,ok,,,,,,hflip
Red spider,brightness,red_spider_00417_aug_brightness.jpg,red_spider_00417.jpg,ok,1.2244655105487376,-0.5176842959195562,,,,
Red spider,zoom,red_spider_00417_aug_zoom.jpg,red_spider_00417.jpg,ok,,,-5.267578965377548,1.486193696010418,,
Red spider,zoom,red_spider_00418_aug_zoom.jpg,red_spider_00418.jpg,ok,,,-6.870575430087229,1.310422606017872,,
Red spider,rotation,red_spider_00419_aug_rotation.jpg,red_spider_00419.jpg,ok,,,6.11498126165937,0.9300016827927781,,
Red spider,flip,red_spider_00420_aug_flip_vertical.jpg,red_spider_00420.jpg,ok,,,,,,vflip
Red spider,flip,red_spider_00421_aug_flip_horizontal.jpg,red_spider_00421.jpg,ok,,,,,,hflip
Red spider,rotation,red_spider_00422_aug_rotation.jpg,red_spider_00422.jpg,ok,,,26.773746014092406,0.8112775239593422,,
Red spider,blur,red_spider_00423_aug_blur.jpg,red_spider_00423.jpg,ok,,,,,0.5000000000000001,
Red spider,rotation,red_spider_00423_aug_rotation.jpg,red_spider_00423.jpg,ok,,,22.8137444625842,0.8236048770330959,,
Red spider,zoom,red_spider_00423_aug_zoom.jpg,red_spider_00423.jpg,ok,,,8.097061592073091,1.2470064029489043,,
Red spider,flip,red_spider_00424_aug_flip_horizontal.jpg,red_spider_00424.jpg,ok,,,,,,hflip
Red spider,zoom,red_spider_00424_aug_zoom.jpg,red_spider_00424.jpg,ok,,,-1.7110596038249295,1.5110100863274771,,
Red spider,flip,red_spider_00426_aug_flip_horizontal.jpg,red_spider_00426.jpg,ok,,,,,,hflip
Red spider,blur,red_spider_00428_aug_blur.jpg,red_spider_00428.jpg,ok,,,,,0.45000000000000007,
Red spider,blur,red_spider_00429_aug_blur.jpg,red_spider_00429.jpg,ok,,,,,0.5000000000000001,
Red spider,contrast,red_spider_00429_aug_contrast.jpg,red_spider_00429.jpg,ok,0.8565168337562926,25.47702718406917,,,,
Red spider,flip,red_spider_00429_aug_flip_horizontal.jpg,red_spider_00429.jpg,ok,,,,,,hflip
Red spider,flip,red_spider_00429_aug_flip_vertical.jpg,red_spider_00429.jpg,ok,,,,,,vflip
Red spider,rotation,red_spider_00429_aug_rotation.jpg,red_spider_00429.jpg,ok,,,15.199383890589914,0.857800135989759,,
Red spider,blur,red_spider_00431_aug_blur.jpg,red_spider_00431.jpg,ok,,,,,0.45000000000000007,
Red spider,flip,red_spider_00431_aug_flip_horizontal.jpg,red_spider_00431.jpg,ok,,,,,,hflip
Red spider,flip,red_spider_00434_aug_flip_vertical.jpg,red_spider_00434.jpg,ok,,,,,,vflip
Red spider,contrast,red_spider_00437_aug_contrast.jpg,red_spider_00437.jpg,ok,1.0520229034305968,-9.549375064081246,,,,
Red spider,flip,red_spider_00437_aug_flip_horizontal.jpg,red_spider_00437.jpg,ok,,,,,,hflip
Red spider,flip,red_spider_00438_aug_flip_vertical.jpg,red_spider_00438.jpg,ok,,,,,,vflip
Red spider,brightness,red_spider_00439_aug_brightness.jpg,red_spider_00439.jpg,ok,1.1157513436082822,-0.45782328564688934,,,,
Red spider,flip,red_spider_00439_aug_flip_vertical.jpg,red_spider_00439.jpg,ok,,,,,,vflip
Red spider,zoom,red_spider_00439_aug_zoom.jpg,red_spider_00439.jpg,ok,,,-0.5149417234761552,1.572339479903043,,
Red spider,flip,red_spider_00442_aug_flip_vertical.jpg,red_spider_00442.jpg,ok,,,,,,vflip
Red spider,blur,red_spider_00443_aug_blur.jpg,red_spider_00443.jpg,ok,,,,,0.6000000000000002,
Red spider,contrast,red_spider_00444_aug_contrast.jpg,red_spider_00444.jpg,ok,0.8479978967433348,28.426000755935597,,,,
Red spider,flip,red_spider_00446_aug_flip_horizontal.jpg,red_spider_00446.jpg,ok,,,,,,hflip
Red spider,flip,red_spider_00447_aug_flip_horizontal.jpg,red_spider_00447.jpg,ok,,,,,,hflip
Red spider,flip,red_spider_00447_aug_flip_vertical.jpg,red_spider_00447.jpg,ok,,,,,,vflip
Red spider,zoom,red_spider_00447_aug_zoom.jpg,red_spider_00447.jpg,ok,,,1.0644849122024875,1.4381579949840253,,
Red spider,flip,red_spider_00449_aug_flip_vertical.jpg,red_spider_00449.jpg,ok,,,,,,vflip
Red spider,brightness,red_spider_00450_aug_brightness.jpg,red_spider_00450.jpg,ok,0.9411727001966932,-0.5591962713488063,,,,
Red spider,flip,red_spider_00451_aug_flip_vertical.jpg,red_spider_00451.jpg,ok,,,,,,vflip
Red spider,blur,red_spider_00452_aug_blur.jpg,red_spider_00452.jpg,ok,,,,,0.3500000000000001,
Red spider,rotation,red_spider_00455_aug_rotation.jpg,red_spider_00455.jpg,ok,,,3.997531688467904,0.948420639502505,,
Red spider,flip,red_spider_00457_aug_flip_vertical.jpg,red_spider_00457.jpg,ok,,,,,,vflip
Red spider,zoom,red_spider_00461_aug_zoom.jpg,red_spider_00461.jpg,ok,,,6.4683169541822645,1.3302120528623202,,
Red spider,brightness,red_spider_00464_aug_brightness.jpg,red_spider_00464.jpg,ok,0.8349309009561456,-0.46591005155562354,,,,
Red spider,flip,red_spider_00465_aug_flip_horizontal.jpg,red_spider_00465.jpg,ok,,,,,,hflip
Red spider,zoom,red_spider_00466_aug_zoom.jpg,red_spider_00466.jpg,ok,,,-1.799626177225732,1.6265665056936331,,
Red spider,zoom,red_spider_00468_aug_zoom.jpg,red_spider_00468.jpg,ok,,,2.9983599982255416,1.4838392475237412,,
Red spider,rotation,red_spider_00469_aug_rotation.jpg,red_spider_00469.jpg,ok,,,-9.743389937500712,0.8986226091557038,,
Red spider,flip,red_spider_00471_aug_flip_horizontal.jpg,red_spider_00471.jpg,ok,,,,,,hflip
Red spider,rotation,red_spider_00471_aug_rotation.jpg,red_spider_00471.jpg,ok,,,-8.03507241592899,0.9127540333341707,,
Red spider,rotation,red_spider_00472_aug_rotation.jpg,red_spider_00472.jpg,ok,,,-17.5072749543952,0.8468427551539144,,
Red spider,zoom,red_spider_00472_aug_zoom.jpg,red_spider_00472.jpg,ok,,,3.0086387502076395,1.4742261447041658,,
Red spider,blur,red_spider_00473_aug_blur.jpg,red_spider_00473.jpg,ok,,,,,0.3500000000000001,
Red spider,zoom,red_spider_00473_aug_zoom.jpg,red_spider_00473.jpg,ok,,,1.3912805018824752,1.4175041910288075,,
Red spider,zoom,red_spider_00475_aug_zoom.jpg,red_spider_00475.jpg,ok,,,-6.833158865292361,1.3241020445466067,,
Red spider,flip,red_spider_00478_aug_flip_horizontal.jpg,red_spider_00478.jpg,ok,,,,,,hflip
Red spider,contrast,red_spider_00480_aug_contrast.jpg,red_spider_00480.jpg,ok,1.0719660784788685,-13.172429662614588,,,,
Red spider,brightness,red_spider_00481_aug_brightness.jpg,red_spider_00481.jpg,ok,0.9486892744482044,-0.48820146936924613,,,,
Red spider,rotation,red_spider_00481_aug_rotation.jpg,red_spider_00481.jpg,ok,,,22.552973284262414,0.8228137109576652,,
Red spider,flip,red_spider_00484_aug_flip_vertical.jpg,red_spider_00484.jpg,ok,,,,,,vflip
Red spider,flip,red_spider_00485_aug_flip_horizontal.jpg,red_spider_00485.jpg,ok,,,,,,hflip
Red spider,zoom,red_spider_00485_aug_zoom.jpg,red_spider_00485.jpg,ok,,,0.1726952718801053,1.2253284456962161,,
Red spider,blur,red_spider_00488_aug_blur.jpg,red_spider_00488.jpg,ok,,,,,0.40000000000000013,
Red spider,contrast,red_spider_00488_aug_contrast.jpg,red_spider_00488.jpg,ok,0.8990169630525852,16.938900545870187,,,,
Red spider,flip,red_spider_00488_aug_flip_horizontal.jpg,red_spider_00488.jpg,ok,,,,,,hflip
Red spider,rotation,red_spider_00488_aug_rotation.jpg,red_spider_00488.jpg,ok,,,0.07008930455019752,0.997374913174071,,
Red spider,blur,red_spider_00489_aug_blur.jpg,red_spider_00489.jpg,ok,,,,,0.45000000000000007,
Red spider,flip,red_spider_00489_aug_flip_horizontal.jpg,red_spider_00489.jpg,ok,,,,,,hflip
Red spider,flip,red_spider_00492_aug_flip_horizontal.jpg,red_spider_00492.jpg,ok,,,,,,hflip
Red spider,flip,red_spider_00492_aug_flip_vertical.jpg,red_spider_00492.jpg,ok,,,,,,vflip
Red spider,flip,red_spider_00493_aug_flip_vertical.jpg,red_spider_00493.jpg,ok,,,,,,vflip
Red spider,blur,red_spider_00494_aug_blur.jpg,red_spider_00494.jpg,ok,,,,,0.5000000000000001,
Red spider,rotation,red_spider_00494_aug_rotation.jpg,red_spider_00494.jpg,ok,,,4.236804795099701,0.9496983298865236,,
Red spider,flip,red_spider_00501_aug_flip_horizontal.jpg,red_spider_00501.jpg,ok,,,,,,hflip
Red spider,zoom,red_spider_00501_aug_zoom.jpg,red_spider_00501.jpg,ok,,,-4.659989283172146,1.3965078334593832,,
Red spider,zoom,red_spider_00503_aug_zoom.jpg,red_spider_00503.jpg,affine_failed,,,,,,
Red spider,flip,red_spider_00504_aug_flip_horizontal.jpg,red_spider_00504.jpg,ok,,,,,,hflip
Red spider,rotation,red_spider_00504_aug_rotation.jpg,red_spider_00504.jpg,ok,,,-9.431048958062886,0.9009401912523852,,
Red spider,blur,red_spider_00505_aug_blur.jpg,red_spider_00505.jpg,ok,,,,,0.6000000000000002,
Red spider,brightness,red_spider_00505_aug_brightness.jpg,red_spider_00505.jpg,ok,1.2506200772793277,-0.38498358881149974,,,,
Red spider,contrast,red_spider_00505_aug_contrast.jpg,red_spider_00505.jpg,ok,1.1368945445330583,-24.616370588384303,,,,
Red spider,contrast,red_spider_00507_aug_contrast.jpg,red_spider_00507.jpg,ok,1.0186255796822523,-3.6735045528111674,,,,
Red spider,blur,red_spider_00508_aug_blur.jpg,red_spider_00508.jpg,ok,,,,,0.3500000000000001,
Red spider,brightness,red_spider_00508_aug_brightness.jpg,red_spider_00508.jpg,ok,1.2608606306438124,-0.4742519534873647,,,,
Red spider,flip,red_spider_00508_aug_flip_vertical.jpg,red_spider_00508.jpg,ok,,,,,,vflip
Red spider,rotation,red_spider_00508_aug_rotation.jpg,red_spider_00508.jpg,ok,,,18.195502091934582,0.8410977482029433,,
Red spider,zoom,red_spider_00508_aug_zoom.jpg,red_spider_00508.jpg,ok,,,1.7510996802261831,1.112580885890321,,
Red spider,blur,red_spider_00509_aug_blur.jpg,red_spider_00509.jpg,ok,,,,,0.6000000000000002,
Red spider,flip,red_spider_00509_aug_flip_vertical.jpg,red_spider_00509.jpg,ok,,,,,,vflip
Red spider,rotation,red_spider_00509_aug_rotation.jpg,red_spider_00509.jpg,ok,,,18.89392850310482,0.8400296342984227,,
Red spider,zoom,red_spider_00512_aug_zoom.jpg,red_spider_00512.jpg,ok,,,-1.516427274774759,1.5056943548565191,,
Red spider,flip,red_spider_00513_aug_flip_horizontal.jpg,red_spider_00513.jpg,ok,,,,,,hflip
Red spider,zoom,red_spider_00513_aug_zoom.jpg,red_spider_00513.jpg,affine_failed,,,,,,
Tea algal leaf spot,flip,UNADJUSTEDNONRAW_thumb_12_aug_flip_vertical.jpg,UNADJUSTEDNONRAW_thumb_12.jpg,ok,,,,,,vflip
Tea algal leaf spot,flip,UNADJUSTEDNONRAW_thumb_14_aug_flip_horizontal.jpg,UNADJUSTEDNONRAW_thumb_14.jpg,ok,,,,,,hflip
Tea algal leaf spot,blur,UNADJUSTEDNONRAW_thumb_15_aug_blur.jpg,UNADJUSTEDNONRAW_thumb_15.jpg,ok,,,,,0.9000000000000002,
Tea algal leaf spot,blur,UNADJUSTEDNONRAW_thumb_17_aug_blur.jpg,UNADJUSTEDNONRAW_thumb_17.jpg,ok,,,,,0.9500000000000003,
Tea algal leaf spot,rotation,UNADJUSTEDNONRAW_thumb_17_aug_rotation.jpg,UNADJUSTEDNONRAW_thumb_17.jpg,ok,,,-9.455350833180175,0.8998526875944975,,
Tea algal leaf spot,flip,UNADJUSTEDNONRAW_thumb_1_aug_flip_horizontal.jpg,UNADJUSTEDNONRAW_thumb_1.jpg,ok,,,,,,hflip
Tea algal leaf spot,rotation,UNADJUSTEDNONRAW_thumb_1_aug_rotation.jpg,UNADJUSTEDNONRAW_thumb_1.jpg,ok,,,-9.907276773484007,0.8967303399170891,,
Tea algal leaf spot,zoom,UNADJUSTEDNONRAW_thumb_1_aug_zoom.jpg,UNADJUSTEDNONRAW_thumb_1.jpg,ok,,,-2.7489792640530557,1.097215709729168,,
Tea algal leaf spot,zoom,UNADJUSTEDNONRAW_thumb_1e_aug_zoom.jpg,UNADJUSTEDNONRAW_thumb_1e.jpg,ok,,,6.3458124331305665,1.3486785935344645,,
Tea algal leaf spot,blur,UNADJUSTEDNONRAW_thumb_20_aug_blur.jpg,UNADJUSTEDNONRAW_thumb_20.jpg,ok,,,,,0.7500000000000002,
Tea algal leaf spot,zoom,UNADJUSTEDNONRAW_thumb_21_aug_zoom.jpg,UNADJUSTEDNONRAW_thumb_21.jpg,ok,,,-5.052532237272105,1.4478132568834283,,
Tea algal leaf spot,flip,UNADJUSTEDNONRAW_thumb_22_aug_flip_vertical.jpg,UNADJUSTEDNONRAW_thumb_22.jpg,ok,,,,,,vflip
Tea algal leaf spot,flip,UNADJUSTEDNONRAW_thumb_23_aug_flip_vertical.jpg,UNADJUSTEDNONRAW_thumb_23.jpg,ok,,,,,,vflip
Tea algal leaf spot,contrast,UNADJUSTEDNONRAW_thumb_24_aug_contrast.jpg,UNADJUSTEDNONRAW_thumb_24.jpg,ok,0.8380591559894984,28.76158957064691,,,,
Tea algal leaf spot,flip,UNADJUSTEDNONRAW_thumb_24_aug_flip_horizontal.jpg,UNADJUSTEDNONRAW_thumb_24.jpg,ok,,,,,,hflip
Tea algal leaf spot,zoom,UNADJUSTEDNONRAW_thumb_25_aug_zoom.jpg,UNADJUSTEDNONRAW_thumb_25.jpg,ok,,,-1.0728331681959757,1.5796723572183995,,
Tea algal leaf spot,contrast,UNADJUSTEDNONRAW_thumb_27_aug_contrast.jpg,UNADJUSTEDNONRAW_thumb_27.jpg,ok,0.846698469385306,27.666682923538776,,,,
Tea algal leaf spot,flip,UNADJUSTEDNONRAW_thumb_29_aug_flip_horizontal.jpg,UNADJUSTEDNONRAW_thumb_29.jpg,ok,,,,,,hflip
Tea algal leaf spot,rotation,UNADJUSTEDNONRAW_thumb_29_aug_rotation.jpg,UNADJUSTEDNONRAW_thumb_29.jpg,ok,,,4.2468432037397434,0.9426290593038682,,
Tea algal leaf spot,flip,UNADJUSTEDNONRAW_thumb_2a_aug_flip_vertical.jpg,UNADJUSTEDNONRAW_thumb_2a.jpg,ok,,,,,,vflip
Tea algal leaf spot,zoom,UNADJUSTEDNONRAW_thumb_2a_aug_zoom.jpg,UNADJUSTEDNONRAW_thumb_2a.jpg,ok,,,3.959619621771574,1.459809902488191,,
Tea algal leaf spot,blur,UNADJUSTEDNONRAW_thumb_2d_aug_blur.jpg,UNADJUSTEDNONRAW_thumb_2d.jpg,ok,,,,,0.8000000000000002,
Tea algal leaf spot,rotation,UNADJUSTEDNONRAW_thumb_2d_aug_rotation.jpg,UNADJUSTEDNONRAW_thumb_2d.jpg,ok,,,-26.007754067079475,0.8134756918581916,,
Tea algal leaf spot,blur,UNADJUSTEDNONRAW_thumb_2e_aug_blur.jpg,UNADJUSTEDNONRAW_thumb_2e.jpg,ok,,,,,0.6000000000000002,
Tea algal leaf spot,contrast,UNADJUSTEDNONRAW_thumb_30_aug_contrast.jpg,UNADJUSTEDNONRAW_thumb_30.jpg,ok,1.1114554448244536,-21.311147147603602,,,,
Tea algal leaf spot,blur,UNADJUSTEDNONRAW_thumb_31_aug_blur.jpg,UNADJUSTEDNONRAW_thumb_31.jpg,ok,,,,,0.40000000000000013,
Tea algal leaf spot,flip,UNADJUSTEDNONRAW_thumb_31_aug_flip_vertical.jpg,UNADJUSTEDNONRAW_thumb_31.jpg,ok,,,,,,vflip
Tea algal leaf spot,rotation,UNADJUSTEDNONRAW_thumb_31_aug_rotation.jpg,UNADJUSTEDNONRAW_thumb_31.jpg,ok,,,6.754360970981291,0.9262679237810536,,
Tea algal leaf spot,brightness,UNADJUSTEDNONRAW_thumb_34_aug_brightness.jpg,UNADJUSTEDNONRAW_thumb_34.jpg,ok,0.8973058567521635,-0.5895725916762428,,,,
Tea algal leaf spot,contrast,UNADJUSTEDNONRAW_thumb_34_aug_contrast.jpg,UNADJUSTEDNONRAW_thumb_34.jpg,ok,1.19267006267749,-37.16943616445189,,,,
Tea algal leaf spot,zoom,UNADJUSTEDNONRAW_thumb_34_aug_zoom.jpg,UNADJUSTEDNONRAW_thumb_34.jpg,ok,,,0.6977589640389661,1.067345048381186,,
Tea algal leaf spot,flip,UNADJUSTEDNONRAW_thumb_35_aug_flip_vertical.jpg,UNADJUSTEDNONRAW_thumb_35.jpg,ok,,,,,,vflip
Tea algal leaf spot,zoom,UNADJUSTEDNONRAW_thumb_35_aug_zoom.jpg,UNADJUSTEDNONRAW_thumb_35.jpg,ok,,,-8.300800230735238,1.3925038361410675,,
Tea algal leaf spot,brightness,UNADJUSTEDNONRAW_thumb_36_aug_brightness.jpg,UNADJUSTEDNONRAW_thumb_36.jpg,ok,0.8530781535909165,-0.5298727679183853,,,,
Tea algal leaf spot,flip,UNADJUSTEDNONRAW_thumb_36_aug_flip_horizontal.jpg,UNADJUSTEDNONRAW_thumb_36.jpg,ok,,,,,,hflip
Tea algal leaf spot,blur,UNADJUSTEDNONRAW_thumb_37_aug_blur.jpg,UNADJUSTEDNONRAW_thumb_37.jpg,ok,,,,,0.45000000000000007,
Tea algal leaf spot,flip,UNADJUSTEDNONRAW_thumb_37_aug_flip_vertical.jpg,UNADJUSTEDNONRAW_thumb_37.jpg,ok,,,,,,vflip
Tea algal leaf spot,brightness,UNADJUSTEDNONRAW_thumb_39_aug_brightness.jpg,UNADJUSTEDNONRAW_thumb_39.jpg,ok,1.2165601146818166,0.15942258842115223,,,,
Tea algal leaf spot,flip,UNADJUSTEDNONRAW_thumb_3_aug_flip_horizontal.jpg,UNADJUSTEDNONRAW_thumb_3.jpg,ok,,,,,,hflip
Tea algal leaf spot,blur,UNADJUSTEDNONRAW_thumb_3a_aug_blur.jpg,UNADJUSTEDNONRAW_thumb_3a.jpg,ok,,,,,0.7000000000000002,
Tea algal leaf spot,flip,UNADJUSTEDNONRAW_thumb_3a_aug_flip_horizontal.jpg,UNADJUSTEDNONRAW_thumb_3a.jpg,ok,,,,,,hflip
Tea algal leaf spot,rotation,UNADJUSTEDNONRAW_thumb_3d_aug_rotation.jpg,UNADJUSTEDNONRAW_thumb_3d.jpg,ok,,,-1.468515501031094,0.9802560697758173,,
Tea algal leaf spot,blur,UNADJUSTEDNONRAW_thumb_3f_aug_blur.jpg,UNADJUSTEDNONRAW_thumb_3f.jpg,ok,,,,,0.45000000000000007,
Tea algal leaf spot,brightness,UNADJUSTEDNONRAW_thumb_42_aug_brightness.jpg,UNADJUSTEDNONRAW_thumb_42.jpg,ok,1.1876549702356733,-0.08760971434567752,,,,
Tea algal leaf spot,rotation,UNADJUSTEDNONRAW_thumb_42_aug_rotation.jpg,UNADJUSTEDNONRAW_thumb_42.jpg,ok,,,-25.64257296363208,0.8149792426064725,,
Tea algal leaf spot,zoom,UNADJUSTEDNONRAW_thumb_42_aug_zoom.jpg,UNADJUSTEDNONRAW_thumb_42.jpg,ok,,,2.3724774678017426,1.1290902152183606,,
Tea algal leaf spot,rotation,UNADJUSTEDNONRAW_thumb_43_aug_rotation.jpg,UNADJUSTEDNONRAW_thumb_43.jpg,ok,,,21.53700498966282,0.8286538485089965,,
Tea algal leaf spot,brightness,UNADJUSTEDNONRAW_thumb_47_aug_brightness.jpg,UNADJUSTEDNONRAW_thumb_47.jpg,ok,1.204356037982762,-0.21808016064828487,,,,
Tea algal leaf spot,flip,UNADJUSTEDNONRAW_thumb_47_aug_flip_vertical.jpg,UNADJUSTEDNONRAW_thumb_47.jpg,ok,,,,,,vflip
Tea algal leaf spot,rotation,UNADJUSTEDNONRAW_thumb_47_aug_rotation.jpg,UNADJUSTEDNONRAW_thumb_47.jpg,ok,,,3.314389971374668,0.958060503583401,,
Tea algal leaf spot,blur,UNADJUSTEDNONRAW_thumb_48_aug_blur.jpg,UNADJUSTEDNONRAW_thumb_48.jpg,ok,,,,,0.5000000000000001,
Tea algal leaf spot,brightness,UNADJUSTEDNONRAW_thumb_48_aug_brightness.jpg,UNADJUSTEDNONRAW_thumb_48.jpg,ok,0.7779643280659603,-0.5400478818641586,,,,
Tea algal leaf spot,zoom,UNADJUSTEDNONRAW_thumb_49_aug_zoom.jpg,UNADJUSTEDNONRAW_thumb_49.jpg,ok,,,3.2286603647337744,1.4253982906889604,,
Tea algal leaf spot,contrast,UNADJUSTEDNONRAW_thumb_4_aug_contrast.jpg,UNADJUSTEDNONRAW_thumb_4.jpg,ok,1.0357849961002703,-7.137213896164485,,,,
Tea algal leaf spot,flip,UNADJUSTEDNONRAW_thumb_4a_aug_flip_horizontal.jpg,UNADJUSTEDNONRAW_thumb_4a.jpg,ok,,,,,,hflip
Tea algal leaf spot,rotation,UNADJUSTEDNONRAW_thumb_4a_aug_rotation.jpg,UNADJUSTEDNONRAW_thumb_4a.jpg,ok,,,1.0364302448684926,0.9855469857245016,,
Tea algal leaf spot,blur,UNADJUSTEDNONRAW_thumb_4e_aug_blur.jpg,UNADJUSTEDNONRAW_thumb_4e.jpg,ok,,,,,0.9500000000000003,
Tea algal leaf spot,flip,UNADJUSTEDNONRAW_thumb_4f_aug_flip_vertical.jpg,UNADJUSTEDNONRAW_thumb_4f.jpg,ok,,,,,,vflip
Tea algal leaf spot,rotation,UNADJUSTEDNONRAW_thumb_4f_aug_rotation.jpg,UNADJUSTEDNONRAW_thumb_4f.jpg,ok,,,23.602076826660944,0.8187493772471881,,
Tea algal leaf spot,blur,UNADJUSTEDNONRAW_thumb_53_aug_blur.jpg,UNADJUSTEDNONRAW_thumb_53.jpg,ok,,,,,0.45000000000000007,
Tea algal leaf spot,zoom,UNADJUSTEDNONRAW_thumb_53_aug_zoom.jpg,UNADJUSTEDNONRAW_thumb_53.jpg,ok,,,-1.3702847303946184,1.664644886228248,,
Tea algal leaf spot,flip,UNADJUSTEDNONRAW_thumb_54_aug_flip_horizontal.jpg,UNADJUSTEDNONRAW_thumb_54.jpg,ok,,,,,,hflip
Tea algal leaf spot,blur,UNADJUSTEDNONRAW_thumb_55_aug_blur.jpg,UNADJUSTEDNONRAW_thumb_55.jpg,ok,,,,,0.45000000000000007,
Tea algal leaf spot,blur,UNADJUSTEDNONRAW_thumb_5a_aug_blur.jpg,UNADJUSTEDNONRAW_thumb_5a.jpg,ok,,,,,0.3500000000000001,
Tea algal leaf spot,contrast,UNADJUSTEDNONRAW_thumb_5b_aug_contrast.jpg,UNADJUSTEDNONRAW_thumb_5b.jpg,ok,0.831490379130436,33.867101402578704,,,,
Tea algal leaf spot,flip,UNADJUSTEDNONRAW_thumb_5b_aug_flip_horizontal.jpg,UNADJUSTEDNONRAW_thumb_5b.jpg,ok,,,,,,hflip
Tea algal leaf spot,flip,UNADJUSTEDNONRAW_thumb_5b_aug_flip_vertical.jpg,UNADJUSTEDNONRAW_thumb_5b.jpg,ok,,,,,,vflip
Tea algal leaf spot,zoom,UNADJUSTEDNONRAW_thumb_5b_aug_zoom.jpg,UNADJUSTEDNONRAW_thumb_5b.jpg,ok,,,0.21555153277306183,1.4029701982428464,,
Tea algal leaf spot,brightness,UNADJUSTEDNONRAW_thumb_5c_aug_brightness.jpg,UNADJUSTEDNONRAW_thumb_5c.jpg,ok,0.8914517075907138,-0.5148037222243564,,,,
Tea algal leaf spot,rotation,UNADJUSTEDNONRAW_thumb_5c_aug_rotation.jpg,UNADJUSTEDNONRAW_thumb_5c.jpg,ok,,,3.0020853178682434,0.9619975605705754,,
Tea algal leaf spot,brightness,UNADJUSTEDNONRAW_thumb_5e_aug_brightness.jpg,UNADJUSTEDNONRAW_thumb_5e.jpg,ok,0.9645186966821296,-0.6148501274917478,,,,
Tea algal leaf spot,brightness,UNADJUSTEDNONRAW_thumb_5f_aug_brightness.jpg,UNADJUSTEDNONRAW_thumb_5f.jpg,ok,1.056312754313359,-0.5223180630118447,,,,
Tea algal leaf spot,rotation,UNADJUSTEDNONRAW_thumb_60_aug_rotation.jpg,UNADJUSTEDNONRAW_thumb_60.jpg,ok,,,17.299528570268063,0.8496838823687819,,
Tea algal leaf spot,flip,UNADJUSTEDNONRAW_thumb_65_aug_flip_vertical.jpg,UNADJUSTEDNONRAW_thumb_65.jpg,ok,,,,,,vflip
Tea algal leaf spot,zoom,UNADJUSTEDNONRAW_thumb_65_aug_zoom.jpg,UNADJUSTEDNONRAW_thumb_65.jpg,ok,,,-0.08240391504710509,1.5077225064057111,,
Tea algal leaf spot,flip,UNADJUSTEDNONRAW_thumb_66_aug_flip_vertical.jpg,UNADJUSTEDNONRAW_thumb_66.jpg,ok,,,,,,vflip
Tea algal leaf spot,blur,UNADJUSTEDNONRAW_thumb_6a_aug_blur.jpg,UNADJUSTEDNONRAW_thumb_6a.jpg,ok,,,,,1.0000000000000004,
Tea algal leaf spot,brightness,UNADJUSTEDNONRAW_thumb_6b_aug_brightness.jpg,UNADJUSTEDNONRAW_thumb_6b.jpg,ok,0.9172376617328174,-0.5797673542632814,,,,
Tea algal leaf spot,brightness,UNADJUSTEDNONRAW_thumb_6e_aug_brightness.jpg,UNADJUSTEDNONRAW_thumb_6e.jpg,ok,1.0000197527866652,-0.002713414514669693,,,,
Tea algal leaf spot,flip,UNADJUSTEDNONRAW_thumb_6e_aug_flip_horizontal.jpg,UNADJUSTEDNONRAW_thumb_6e.jpg,ok,,,,,,hflip
Tea algal leaf spot,brightness,UNADJUSTEDNONRAW_thumb_6f_aug_brightness.jpg,UNADJUSTEDNONRAW_thumb_6f.jpg,ok,1.2275285545747894,-0.3849438925049459,,,,
Tea algal leaf spot,rotation,UNADJUSTEDNONRAW_thumb_6f_aug_rotation.jpg,UNADJUSTEDNONRAW_thumb_6f.jpg,ok,,,-13.541429573695007,0.8703525985065543,,
Tea algal leaf spot,flip,UNADJUSTEDNONRAW_thumb_7_aug_flip_vertical.jpg,UNADJUSTEDNONRAW_thumb_7.jpg,ok,,,,,,vflip
Tea algal leaf spot,brightness,UNADJUSTEDNONRAW_thumb_8_aug_brightness.jpg,UNADJUSTEDNONRAW_thumb_8.jpg,ok,1.0896234736372135,-0.5902996888930645,,,,
Tea algal leaf spot,flip,UNADJUSTEDNONRAW_thumb_8_aug_flip_horizontal.jpg,UNADJUSTEDNONRAW_thumb_8.jpg,ok,,,,,,hflip
Tea algal leaf spot,flip,UNADJUSTEDNONRAW_thumb_8_aug_flip_vertical.jpg,UNADJUSTEDNONRAW_thumb_8.jpg,ok,,,,,,vflip
Tea algal leaf spot,contrast,UNADJUSTEDNONRAW_thumb_c_aug_contrast.jpg,UNADJUSTEDNONRAW_thumb_c.jpg,ok,0.9441488041927814,9.987046338512922,,,,
Tea algal leaf spot,flip,UNADJUSTEDNONRAW_thumb_c_aug_flip_vertical.jpg,UNADJUSTEDNONRAW_thumb_c.jpg,ok,,,,,,vflip
Tea algal leaf spot,contrast,UNADJUSTEDNONRAW_thumb_d_aug_contrast.jpg,UNADJUSTEDNONRAW_thumb_d.jpg,ok,0.8791722202935894,22.386006324952195,,,,
Tea algal leaf spot,flip,UNADJUSTEDNONRAW_thumb_d_aug_flip_vertical.jpg,UNADJUSTEDNONRAW_thumb_d.jpg,ok,,,,,,vflip
Tea algal leaf spot,zoom,UNADJUSTEDNONRAW_thumb_d_aug_zoom.jpg,UNADJUSTEDNONRAW_thumb_d.jpg,affine_failed,,,,,,
Tea algal leaf spot,contrast,UNADJUSTEDNONRAW_thumb_e_aug_contrast.jpg,UNADJUSTEDNONRAW_thumb_e.jpg,ok,1.1747423904457124,-32.08256916793514,,,,
Tea algal leaf spot,flip,UNADJUSTEDNONRAW_thumb_f_aug_flip_vertical.jpg,UNADJUSTEDNONRAW_thumb_f.jpg,ok,,,,,,vflip
Tea algal leaf spot,flip,tea_algal_leaf_spot_00001_aug_flip_horizontal.jpg,tea_algal_leaf_spot_00001.jpg,ok,,,,,,hflip
Tea algal leaf spot,brightness,tea_algal_leaf_spot_00002_aug_brightness.jpg,tea_algal_leaf_spot_00002.jpg,ok,0.9436193851117988,-0.6133057992932317,,,,
Tea algal leaf spot,flip,tea_algal_leaf_spot_00002_aug_flip_horizontal.jpg,tea_algal_leaf_spot_00002.jpg,ok,,,,,,hflip
Tea algal leaf spot,flip,tea_algal_leaf_spot_00002_aug_flip_vertical.jpg,tea_algal_leaf_spot_00002.jpg,ok,,,,,,vflip
Tea algal leaf spot,brightness,tea_algal_leaf_spot_00003_aug_brightness.jpg,tea_algal_leaf_spot_00003.jpg,ok,0.8814931021697413,-0.5688723549275848,,,,
Tea algal leaf spot,flip,tea_algal_leaf_spot_00003_aug_flip_horizontal.jpg,tea_algal_leaf_spot_00003.jpg,ok,,,,,,hflip
Tea algal leaf spot,rotation,tea_algal_leaf_spot_00003_aug_rotation.jpg,tea_algal_leaf_spot_00003.jpg,ok,,,4.301869304444727,0.9479485242096606,,
Tea algal leaf spot,contrast,tea_algal_leaf_spot_00004_aug_contrast.jpg,tea_algal_leaf_spot_00004.jpg,ok,0.8840924246203631,22.686137734931016,,,,
Tea algal leaf spot,zoom,tea_algal_leaf_spot_00006_aug_zoom.jpg,tea_algal_leaf_spot_00006.jpg,ok,,,0.4347154483162482,1.402225817034516,,
Tea algal leaf spot,flip,tea_algal_leaf_spot_00007_aug_flip_vertical.jpg,tea_algal_leaf_spot_00007.jpg,ok,,,,,,vflip
Tea algal leaf spot,flip,tea_algal_leaf_spot_00009_aug_flip_vertical.jpg,tea_algal_leaf_spot_00009.jpg,ok,,,,,,vflip
Tea algal leaf spot,rotation,tea_algal_leaf_spot_00009_aug_rotation.jpg,tea_algal_leaf_spot_00009.jpg,ok,,,0.08954484701937407,0.9985171817117466,,
Tea algal leaf spot,zoom,tea_algal_leaf_spot_00009_aug_zoom.jpg,tea_algal_leaf_spot_00009.jpg,ok,,,6.958688333212235,1.505531663961196,,
Tea algal leaf spot,flip,tea_algal_leaf_spot_00010_aug_flip_vertical.jpg,tea_algal_leaf_spot_00010.jpg,ok,,,,,,vflip
Tea algal leaf spot,rotation,tea_algal_leaf_spot_00010_aug_rotation.jpg,tea_algal_leaf_spot_00010.jpg,ok,,,-14.686168978489098,0.8645501571796416,,
Tea algal leaf spot,contrast,tea_algal_leaf_spot_00011_aug_contrast.jpg,tea_algal_leaf_spot_00011.jpg,ok,1.0759707895401018,-15.67813200102978,,,,
Tea algal leaf spot,rotation,tea_algal_leaf_spot_00012_aug_rotation.jpg,tea_algal_leaf_spot_00012.jpg,ok,,,11.998694487434143,0.8821423888461947,,
Tea algal leaf spot,zoom,tea_algal_leaf_spot_00012_aug_zoom.jpg,tea_algal_leaf_spot_00012.jpg,ok,,,-5.188716853745771,1.5656236807940722,,
Tea algal leaf spot,flip,tea_algal_leaf_spot_00013_aug_flip_vertical.jpg,tea_algal_leaf_spot_00013.jpg,ok,,,,,,vflip
Tea algal leaf spot,flip,tea_algal_leaf_spot_00014_aug_flip_horizontal.jpg,tea_algal_leaf_spot_00014.jpg,ok,,,,,,hflip
Tea algal leaf spot,flip,tea_algal_leaf_spot_00014_aug_flip_vertical.jpg,tea_algal_leaf_spot_00014.jpg,ok,,,,,,vflip
Tea algal leaf spot,blur,tea_algal_leaf_spot_00017_aug_blur.jpg,tea_algal_leaf_spot_00017.jpg,ok,,,,,0.7500000000000002,
Tea algal leaf spot,contrast,tea_algal_leaf_spot_00018_aug_contrast.jpg,tea_algal_leaf_spot_00018.jpg,ok,1.0744845791087327,-14.250259005118815,,,,
Tea algal leaf spot,blur,tea_algal_leaf_spot_00021_aug_blur.jpg,tea_algal_leaf_spot_00021.jpg,ok,,,,,0.45000000000000007,
Tea algal leaf spot,contrast,tea_algal_leaf_spot_00021_aug_contrast.jpg,tea_algal_leaf_spot_00021.jpg,ok,0.8016117787293089,37.476288799753725,,,,
Tea algal leaf spot,flip,tea_algal_leaf_spot_00021_aug_flip_vertical.jpg,tea_algal_leaf_spot_00021.jpg,ok,,,,,,vflip
Tea algal leaf spot,blur,tea_algal_leaf_spot_00022_aug_blur.jpg,tea_algal_leaf_spot_00022.jpg,ok,,,,,0.7000000000000002,
Tea algal leaf spot,brightness,tea_algal_leaf_spot_00022_aug_brightness.jpg,tea_algal_leaf_spot_00022.jpg,ok,1.1573013236872118,-0.5051179079639933,,,,
Tea algal leaf spot,zoom,tea_algal_leaf_spot_00022_aug_zoom.jpg,tea_algal_leaf_spot_00022.jpg,ok,,,1.4370697375413473,1.3988416270229802,,
Tea algal leaf spot,flip,tea_algal_leaf_spot_00026_aug_flip_horizontal.jpg,tea_algal_leaf_spot_00026.jpg,ok,,,,,,hflip
Tea algal leaf spot,flip,tea_algal_leaf_spot_00027_aug_flip_horizontal.jpg,tea_algal_leaf_spot_00027.jpg,ok,,,,,,hflip
Tea algal leaf spot,flip,tea_algal_leaf_spot_00027_aug_flip_vertical.jpg,tea_algal_leaf_spot_00027.jpg,ok,,,,,,vflip
Tea algal leaf spot,zoom,tea_algal_leaf_spot_00027_aug_zoom.jpg,tea_algal_leaf_spot_00027.jpg,ok,,,-6.841458865859203,1.5256482743077506,,
Tea algal leaf spot,blur,tea_algal_leaf_spot_00029_aug_blur.jpg,tea_algal_leaf_spot_00029.jpg,ok,,,,,0.7500000000000002,
Tea algal leaf spot,brightness,tea_algal_leaf_spot_00029_aug_brightness.jpg,tea_algal_leaf_spot_00029.jpg,ok,1.1258800622243144,-0.1730123317311079,,,,
Tea algal leaf spot,contrast,tea_algal_leaf_spot_00029_aug_contrast.jpg,tea_algal_leaf_spot_00029.jpg,ok,0.9051436383213298,18.97888141931166,,,,
Tea algal leaf spot,contrast,tea_algal_leaf_spot_00031_aug_contrast.jpg,tea_algal_leaf_spot_00031.jpg,ok,0.9059212644319745,18.339733175087474,,,,
Tea algal leaf spot,zoom,tea_algal_leaf_spot_00032_aug_zoom.jpg,tea_algal_leaf_spot_00032.jpg,ok,,,6.093012230648366,1.5517109554973034,,
Tea algal leaf spot,brightness,tea_algal_leaf_spot_00033_aug_brightness.jpg,tea_algal_leaf_spot_00033.jpg,ok,0.9864857940413528,-0.36064628374146057,,,,
Tea algal leaf spot,contrast,tea_algal_leaf_spot_00034_aug_contrast.jpg,tea_algal_leaf_spot_00034.jpg,ok,1.1046285900805508,-20.785715921823964,,,,
Tea algal leaf spot,flip,tea_algal_leaf_spot_00034_aug_flip_horizontal.jpg,tea_algal_leaf_spot_00034.jpg,ok,,,,,,hflip
Tea algal leaf spot,contrast,tea_algal_leaf_spot_00035_aug_contrast.jpg,tea_algal_leaf_spot_00035.jpg,ok,0.869834459383812,22.81087989248906,,,,
Tea algal leaf spot,flip,tea_algal_leaf_spot_00035_aug_flip_horizontal.jpg,tea_algal_leaf_spot_00035.jpg,ok,,,,,,hflip
Tea algal leaf spot,rotation,tea_algal_leaf_spot_00035_aug_rotation.jpg,tea_algal_leaf_spot_00035.jpg,ok,,,-28.273170104363953,0.8071135794736303,,
Tea algal leaf spot,flip,tea_algal_leaf_spot_00036_aug_flip_vertical.jpg,tea_algal_leaf_spot_00036.jpg,ok,,,,,,vflip
Tea algal leaf spot,brightness,tea_algal_leaf_spot_00037_aug_brightness.jpg,tea_algal_leaf_spot_00037.jpg,ok,1.1604077127367243,-0.48589444877705706,,,,
Tea algal leaf spot,flip,tea_algal_leaf_spot_00037_aug_flip_vertical.jpg,tea_algal_leaf_spot_00037.jpg,ok,,,,,,vflip
Tea algal leaf spot,brightness,tea_algal_leaf_spot_00038_aug_brightness.jpg,tea_algal_leaf_spot_00038.jpg,ok,1.0528850967178647,-0.46375313306010685,,,,
Tea algal leaf spot,contrast,tea_algal_leaf_spot_00039_aug_contrast.jpg,tea_algal_leaf_spot_00039.jpg,ok,1.176524371836184,-28.030884318281462,,,,
Tea algal leaf spot,rotation,tea_algal_leaf_spot_00039_aug_rotation.jpg,tea_algal_leaf_spot_00039.jpg,ok,,,-28.247324711399152,0.8079864243225295,,
Tea algal leaf spot,zoom,tea_algal_leaf_spot_00043_aug_zoom.jpg,tea_algal_leaf_spot_00043.jpg,ok,,,1.7861685356668755,1.612051520343773,,
Tea algal leaf spot,brightness,tea_algal_leaf_spot_00044_aug_brightness.jpg,tea_algal_leaf_spot_00044.jpg,ok,1.1701519720395614,-0.450028608531965,,,,
Tea algal leaf spot,flip,tea_algal_leaf_spot_00052_aug_flip_vertical.jpg,tea_algal_leaf_spot_00052.jpg,ok,,,,,,vflip
Tea algal leaf spot,zoom,tea_algal_leaf_spot_00052_aug_zoom.jpg,tea_algal_leaf_spot_00052.jpg,ok,,,4.55247676229627,1.3638585688640297,,
Tea algal leaf spot,blur,tea_algal_leaf_spot_00056_aug_blur.jpg,tea_algal_leaf_spot_00056.jpg,ok,,,,,0.6000000000000002,
Tea algal leaf spot,contrast,tea_algal_leaf_spot_00056_aug_contrast.jpg,tea_algal_leaf_spot_00056.jpg,ok,0.9913625309505504,0.8045184145759547,,,,
Tea algal leaf spot,rotation,tea_algal_leaf_spot_00056_aug_rotation.jpg,tea_algal_leaf_spot_00056.jpg,ok,,,-13.889611391430027,0.8703833219933526,,
Tea algal leaf spot,zoom,tea_algal_leaf_spot_00056_aug_zoom.jpg,tea_algal_leaf_spot_00056.jpg,ok,,,6.963450898123463,1.187244471016994,,
Tea algal leaf spot,brightness,tea_algal_leaf_spot_00058_aug_brightness.jpg,tea_algal_leaf_spot_00058.jpg,ok,1.0872081499407948,-0.5332771480015653,,,,
Tea algal leaf spot,zoom,tea_algal_leaf_spot_00058_aug_zoom.jpg,tea_algal_leaf_spot_00058.jpg,ok,,,-5.419110760739094,1.4973603538212403,,
Tea algal leaf spot,brightness,tea_algal_leaf_spot_00061_aug_brightness.jpg,tea_algal_leaf_spot_00061.jpg,ok,1.0435577301462455,-0.37396263879412983,,,,
Tea algal leaf spot,rotation,tea_algal_leaf_spot_00061_aug_rotation.jpg,tea_algal_leaf_spot_00061.jpg,ok,,,-26.05990841077371,0.814414157935706,,
Tea algal leaf spot,zoom,tea_algal_leaf_spot_00061_aug_zoom.jpg,tea_algal_leaf_spot_00061.jpg,ok,,,-6.044650803447294,1.5658292665201883,,
Tea algal leaf spot,brightness,tea_algal_leaf_spot_00063_aug_brightness.jpg,tea_algal_leaf_spot_00063.jpg,ok,1.1253342678995195,-0.4161798693232859,,,,
Tea algal leaf spot,zoom,tea_algal_leaf_spot_00063_aug_zoom.jpg,tea_algal_leaf_spot_00063.jpg,ok,,,2.420268846168531,1.0621365088727501,,
Tea algal leaf spot,blur,tea_algal_leaf_spot_00066_aug_blur.jpg,tea_algal_leaf_spot_00066.jpg,ok,,,,,0.45000000000000007,
Tea algal leaf spot,contrast,tea_algal_leaf_spot_00071_aug_contrast.jpg,tea_algal_leaf_spot_00071.jpg,ok,1.0421491383256916,-8.141203659958522,,,,
Tea algal leaf spot,flip,tea_algal_leaf_spot_00071_aug_flip_vertical.jpg,tea_algal_leaf_spot_00071.jpg,ok,,,,,,vflip
Tea algal leaf spot,blur,tea_algal_leaf_spot_00073_aug_blur.jpg,tea_algal_leaf_spot_00073.jpg,ok,,,,,0.5500000000000002,
Tea algal leaf spot,brightness,tea_algal_leaf_spot_00073_aug_brightness.jpg,tea_algal_leaf_spot_00073.jpg,ok,1.0273958543193533,-0.5571448246930695,,,,
Tea algal leaf spot,blur,tea_algal_leaf_spot_00076_aug_blur.jpg,tea_algal_leaf_spot_00076.jpg,ok,,,,,0.3500000000000001,
Tea algal leaf spot,contrast,tea_algal_leaf_spot_00081_aug_contrast.jpg,tea_algal_leaf_spot_00081.jpg,ok,1.1803720812090197,-34.033891532390406,,,,
Tea algal leaf spot,blur,tea_algal_leaf_spot_00082_aug_blur.jpg,tea_algal_leaf_spot_00082.jpg,ok,,,,,0.3500000000000001,
Tea algal leaf spot,flip,tea_algal_leaf_spot_00082_aug_flip_vertical.jpg,tea_algal_leaf_spot_00082.jpg,ok,,,,,,vflip
Tea algal leaf spot,rotation,tea_algal_leaf_spot_00082_aug_rotation.jpg,tea_algal_leaf_spot_00082.jpg,ok,,,-24.07559943694506,0.819747119251305,,
Tea algal leaf spot,zoom,tea_algal_leaf_spot_00082_aug_zoom.jpg,tea_algal_leaf_spot_00082.jpg,ok,,,-5.93593292247266,1.3783134192026212,,
Tea algal leaf spot,flip,tea_algal_leaf_spot_00083_aug_flip_horizontal.jpg,tea_algal_leaf_spot_00083.jpg,ok,,,,,,hflip
Tea algal leaf spot,flip,tea_algal_leaf_spot_00084_aug_flip_horizontal.jpg,tea_algal_leaf_spot_00084.jpg,ok,,,,,,hflip
Tea algal leaf spot,brightness,tea_algal_leaf_spot_00086_aug_brightness.jpg,tea_algal_leaf_spot_00086.jpg,ok,0.7067564730596343,-0.47310374122562104,,,,
Tea algal leaf spot,contrast,tea_algal_leaf_spot_00086_aug_contrast.jpg,tea_algal_leaf_spot_00086.jpg,ok,0.9834840470890839,1.5910669172668626,,,,
Tea algal leaf spot,flip,tea_algal_leaf_spot_00086_aug_flip_vertical.jpg,tea_algal_leaf_spot_00086.jpg,ok,,,,,,vflip
Tea algal leaf spot,rotation,tea_algal_leaf_spot_00088_aug_rotation.jpg,tea_algal_leaf_spot_00088.jpg,ok,,,24.61238138908762,0.8157253770519659,,
Tea algal leaf spot,zoom,tea_algal_leaf_spot_00088_aug_zoom.jpg,tea_algal_leaf_spot_00088.jpg,ok,,,2.884661721988192,1.5565639160896692,,
Tea algal leaf spot,flip,tea_algal_leaf_spot_00094_aug_flip_horizontal.jpg,tea_algal_leaf_spot_00094.jpg,ok,,,,,,hflip
Tea algal leaf spot,brightness,tea_algal_leaf_spot_00095_aug_brightness.jpg,tea_algal_leaf_spot_00095.jpg,ok,0.9228058066886484,-0.5226654141782705,,,,
Tea algal leaf spot,contrast,tea_algal_leaf_spot_00095_aug_contrast.jpg,tea_algal_leaf_spot_00095.jpg,ok,0.8729808035292094,22.96553163990009,,,,
Tea algal leaf spot,zoom,tea_algal_leaf_spot_00095_aug_zoom.jpg,tea_algal_leaf_spot_00095.jpg,ok,,,7.882158471582165,1.2893031802353545,,
Tea algal leaf spot,rotation,tea_algal_leaf_spot_00096_aug_rotation.jpg,tea_algal_leaf_spot_00096.jpg,ok,,,27.01029998932426,0.8114027523494606,,
Tea algal leaf spot,blur,tea_algal_leaf_spot_00099_aug_blur.jpg,tea_algal_leaf_spot_00099.jpg,ok,,,,,0.5000000000000001,
Tea algal leaf spot,flip,tea_algal_leaf_spot_00099_aug_flip_horizontal.jpg,tea_algal_leaf_spot_00099.jpg,ok,,,,,,hflip
Tea algal leaf spot,blur,tea_algal_leaf_spot_00103_aug_blur.jpg,tea_algal_leaf_spot_00103.jpg,ok,,,,,0.6000000000000002,
Tea algal leaf spot,zoom,tea_algal_leaf_spot_00104_aug_zoom.jpg,tea_algal_leaf_spot_00104.jpg,ok,,,1.479143742976156,1.4130665150048736,,
Tea algal leaf spot,blur,tea_algal_leaf_spot_00105_aug_blur.jpg,tea_algal_leaf_spot_00105.jpg,ok,,,,,0.40000000000000013,
Tea algal leaf spot,rotation,tea_algal_leaf_spot_00105_aug_rotation.jpg,tea_algal_leaf_spot_00105.jpg,ok,,,25.680440278541173,0.8160014465775148,,
Tea algal leaf spot,zoom,tea_algal_leaf_spot_00105_aug_zoom.jpg,tea_algal_leaf_spot_00105.jpg,ok,,,-0.26001621703473776,1.6406347044122287,,
Tea algal leaf spot,flip,tea_algal_leaf_spot_00109_aug_flip_vertical.jpg,tea_algal_leaf_spot_00109.jpg,ok,,,,,,vflip
Tea algal leaf spot,zoom,tea_algal_leaf_spot_00109_aug_zoom.jpg,tea_algal_leaf_spot_00109.jpg,ok,,,6.923943296459685,1.425777748191721,,
Tea algal leaf spot,contrast,tea_algal_leaf_spot_00112_aug_contrast.jpg,tea_algal_leaf_spot_00112.jpg,ok,0.9540371955780065,7.711874512714181,,,,
Tea algal leaf spot,rotation,tea_algal_leaf_spot_00112_aug_rotation.jpg,tea_algal_leaf_spot_00112.jpg,ok,,,3.238726693824214,0.9577155162641272,,
Tea algal leaf spot,brightness,tea_algal_leaf_spot_00113_aug_brightness.jpg,tea_algal_leaf_spot_00113.jpg,ok,1.168984352760177,-0.6225153929772322,,,,
Tea algal leaf spot,brightness,tea_algal_leaf_spot_00114_aug_brightness.jpg,tea_algal_leaf_spot_00114.jpg,ok,1.0000890235544946,-1.0062383028182822,,,,
Tea algal leaf spot,blur,tea_algal_leaf_spot_00115_aug_blur.jpg,tea_algal_leaf_spot_00115.jpg,ok,,,,,0.3500000000000001,
Tea algal leaf spot,flip,tea_algal_leaf_spot_00115_aug_flip_horizontal.jpg,tea_algal_leaf_spot_00115.jpg,ok,,,,,,hflip
Tea algal leaf spot,rotation,tea_algal_leaf_spot_00117_aug_rotation.jpg,tea_algal_leaf_spot_00117.jpg,ok,,,-12.233631554536808,0.8785612625093965,,
Tea algal leaf spot,brightness,tea_algal_leaf_spot_00118_aug_brightness.jpg,tea_algal_leaf_spot_00118.jpg,ok,1.2157707189469402,0.04020379682194424,,,,
Tea algal leaf spot,contrast,tea_algal_leaf_spot_00118_aug_contrast.jpg,tea_algal_leaf_spot_00118.jpg,ok,0.8630136986447785,25.184237960800363,,,,
Tea algal leaf spot,flip,tea_algal_leaf_spot_00118_aug_flip_horizontal.jpg,tea_algal_leaf_spot_00118.jpg,ok,,,,,,hflip
Tea algal leaf spot,brightness,tea_algal_leaf_spot_00120_aug_brightness.jpg,tea_algal_leaf_spot_00120.jpg,ok,1.1721109410838657,-0.49470266389126744,,,,
Tea algal leaf spot,contrast,tea_algal_leaf_spot_00120_aug_contrast.jpg,tea_algal_leaf_spot_00120.jpg,ok,0.9569975642062502,7.166339412868939,,,,
Tea algal leaf spot,rotation,tea_algal_leaf_spot_00120_aug_rotation.jpg,tea_algal_leaf_spot_00120.jpg,ok,,,-2.133666676218869,0.9738780265044595,,
Tea algal leaf spot,zoom,tea_algal_leaf_spot_00120_aug_zoom.jpg,tea_algal_leaf_spot_00120.jpg,ok,,,2.8773451322441987,1.5299126363044362,,
Tea algal leaf spot,flip,tea_algal_leaf_spot_00121_aug_flip_vertical.jpg,tea_algal_leaf_spot_00121.jpg,ok,,,,,,vflip
Tea algal leaf spot,flip,tea_algal_leaf_spot_00122_aug_flip_horizontal.jpg,tea_algal_leaf_spot_00122.jpg,ok,,,,,,hflip
Tea algal leaf spot,rotation,tea_algal_leaf_spot_00122_aug_rotation.jpg,tea_algal_leaf_spot_00122.jpg,ok,,,8.37875155772264,0.9096760995028761,,
Tea algal leaf spot,blur,tea_algal_leaf_spot_00124_aug_blur.jpg,tea_algal_leaf_spot_00124.jpg,ok,,,,,0.45000000000000007,
Tea algal leaf spot,contrast,tea_algal_leaf_spot_00124_aug_contrast.jpg,tea_algal_leaf_spot_00124.jpg,ok,1.1004256294999226,-15.815056582804411,,,,
Tea algal leaf spot,rotation,tea_algal_leaf_spot_00124_aug_rotation.jpg,tea_algal_leaf_spot_00124.jpg,ok,,,26.857943616701046,0.8119208153314473,,
Tea algal leaf spot,flip,tea_algal_leaf_spot_00128_aug_flip_vertical.jpg,tea_algal_leaf_spot_00128.jpg,ok,,,,,,vflip
Tea algal leaf spot,rotation,tea_algal_leaf_spot_00128_aug_rotation.jpg,tea_algal_leaf_spot_00128.jpg,ok,,,-15.860084953979493,0.8571671540138008,,
Tea algal leaf spot,rotation,tea_algal_leaf_spot_00129_aug_rotation.jpg,tea_algal_leaf_spot_00129.jpg,ok,,,-23.65481814153183,0.820449326350314,,
Tea algal leaf spot,zoom,tea_algal_leaf_spot_00129_aug_zoom.jpg,tea_algal_leaf_spot_00129.jpg,ok,,,-7.3369933407962025,1.3721458145943732,,
Tea algal leaf spot,contrast,tea_algal_leaf_spot_00130_aug_contrast.jpg,tea_algal_leaf_spot_00130.jpg,ok,1.1139726011903972,-17.2538989716524,,,,
Tea algal leaf spot,flip,tea_algal_leaf_spot_00130_aug_flip_vertical.jpg,tea_algal_leaf_spot_00130.jpg,ok,,,,,,vflip
Tea algal leaf spot,contrast,tea_algal_leaf_spot_00133_aug_contrast.jpg,tea_algal_leaf_spot_00133.jpg,ok,1.0303287246249044,-5.548634366298579,,,,
Tea algal leaf spot,blur,tea_algal_leaf_spot_00134_aug_blur.jpg,tea_algal_leaf_spot_00134.jpg,ok,,,,,0.40000000000000013,
Tea algal leaf spot,contrast,tea_algal_leaf_spot_00135_aug_contrast.jpg,tea_algal_leaf_spot_00135.jpg,ok,0.824096779848593,29.025207372608985,,,,
Tea algal leaf spot,blur,tea_algal_leaf_spot_00139_aug_blur.jpg,tea_algal_leaf_spot_00139.jpg,ok,,,,,0.45000000000000007,
Tea algal leaf spot,zoom,tea_algal_leaf_spot_00139_aug_zoom.jpg,tea_algal_leaf_spot_00139.jpg,ok,,,7.975441563674558,1.3667913643453253,,
Tea algal leaf spot,zoom,tea_algal_leaf_spot_00140_aug_zoom.jpg,tea_algal_leaf_spot_00140.jpg,ok,,,-0.08162517868060039,1.423669213355358,,
Tea algal leaf spot,flip,tea_algal_leaf_spot_00141_aug_flip_vertical.jpg,tea_algal_leaf_spot_00141.jpg,ok,,,,,,vflip
Tea algal leaf spot,contrast,tea_algal_leaf_spot_00142_aug_contrast.jpg,tea_algal_leaf_spot_00142.jpg,ok,1.0431446067648371,-8.957895346007685,,,,
Tea algal leaf spot,zoom,tea_algal_leaf_spot_00142_aug_zoom.jpg,tea_algal_leaf_spot_00142.jpg,ok,,,-8.091078053094906,1.2535952116026692,,
Tea algal leaf spot,flip,tea_algal_leaf_spot_00145_aug_flip_horizontal.jpg,tea_algal_leaf_spot_00145.jpg,ok,,,,,,hflip
Tea algal leaf spot,rotation,tea_algal_leaf_spot_00146_aug_rotation.jpg,tea_algal_leaf_spot_00146.jpg,ok,,,11.482036067045492,0.8837516762450275,,
Tea algal leaf spot,blur,tea_algal_leaf_spot_00147_aug_blur.jpg,tea_algal_leaf_spot_00147.jpg,ok,,,,,0.5000000000000001,
Tea algal leaf spot,flip,tea_algal_leaf_spot_00148_aug_flip_horizontal.jpg,tea_algal_leaf_spot_00148.jpg,ok,,,,,,hflip
Tea algal leaf spot,zoom,tea_algal_leaf_spot_00148_aug_zoom.jpg,tea_algal_leaf_spot_00148.jpg,ok,,,-3.142429417670229,1.0954307803006738,,
Tea algal leaf spot,rotation,tea_algal_leaf_spot_00149_aug_rotation.jpg,tea_algal_leaf_spot_00149.jpg,ok,,,-14.33841518700682,0.8638298183459112,,
Tea algal leaf spot,brightness,tea_algal_leaf_spot_00153_aug_brightness.jpg,tea_algal_leaf_spot_00153.jpg,ok,0.8521119039772472,-0.46170065399401716,,,,
Tea algal leaf spot,zoom,tea_algal_leaf_spot_00153_aug_zoom.jpg,tea_algal_leaf_spot_00153.jpg,ok,,,-7.833656578446152,1.480522000144257,,
Tea algal leaf spot,blur,tea_algal_leaf_spot_00154_aug_blur.jpg,tea_algal_leaf_spot_00154.jpg,ok,,,,,0.45000000000000007,
Tea algal leaf spot,brightness,tea_algal_leaf_spot_00158_aug_brightness.jpg,tea_algal_leaf_spot_00158.jpg,ok,1.1293275380410677,-0.48428141849988604,,,,
Tea algal leaf spot,flip,tea_algal_leaf_spot_00160_aug_flip_vertical.jpg,tea_algal_leaf_spot_00160.jpg,ok,,,,,,vflip
Tea algal leaf spot,zoom,tea_algal_leaf_spot_00160_aug_zoom.jpg,tea_algal_leaf_spot_00160.jpg,ok,,,0.8435551703754963,1.408593717522474,,
Tea algal leaf spot,brightness,tea_algal_leaf_spot_00161_aug_brightness.jpg,tea_algal_leaf_spot_00161.jpg,ok,1.1920459484385637,-0.539766262454374,,,,
Tea algal leaf spot,flip,tea_algal_leaf_spot_00161_aug_flip_horizontal.jpg,tea_algal_leaf_spot_00161.jpg,ok,,,,,,hflip
Tea algal leaf spot,flip,tea_algal_leaf_spot_00161_aug_flip_vertical.jpg,tea_algal_leaf_spot_00161.jpg,ok,,,,,,vflip
Tea algal leaf spot,zoom,tea_algal_leaf_spot_00161_aug_zoom.jpg,tea_algal_leaf_spot_00161.jpg,ok,,,2.259995165295338,1.0936361179981795,,
Tea algal leaf spot,flip,tea_algal_leaf_spot_00162_aug_flip_horizontal.jpg,tea_algal_leaf_spot_00162.jpg,ok,,,,,,hflip
Tea algal leaf spot,flip,tea_algal_leaf_spot_00162_aug_flip_vertical.jpg,tea_algal_leaf_spot_00162.jpg,ok,,,,,,vflip
Tea algal leaf spot,blur,tea_algal_leaf_spot_00164_aug_blur.jpg,tea_algal_leaf_spot_00164.jpg,ok,,,,,0.5000000000000001,
Tea algal leaf spot,blur,tea_algal_leaf_spot_00165_aug_blur.jpg,tea_algal_leaf_spot_00165.jpg,ok,,,,,0.45000000000000007,
Tea algal leaf spot,brightness,tea_algal_leaf_spot_00165_aug_brightness.jpg,tea_algal_leaf_spot_00165.jpg,ok,1.1705394605004533,-0.750389940920786,,,,
Tea algal leaf spot,zoom,tea_algal_leaf_spot_00165_aug_zoom.jpg,tea_algal_leaf_spot_00165.jpg,ok,,,3.9373183939115215,1.6132367623092407,,
Tea algal leaf spot,brightness,tea_algal_leaf_spot_00166_aug_brightness.jpg,tea_algal_leaf_spot_00166.jpg,ok,1.287192087991331,-0.4673323526929087,,,,
Tea algal leaf spot,contrast,tea_algal_leaf_spot_00166_aug_contrast.jpg,tea_algal_leaf_spot_00166.jpg,ok,0.8253448317483887,32.496786534509646,,,,
Tea algal leaf spot,blur,tea_algal_leaf_spot_00167_aug_blur.jpg,tea_algal_leaf_spot_00167.jpg,ok,,,,,0.8500000000000002,
Tea algal leaf spot,contrast,tea_algal_leaf_spot_00167_aug_contrast.jpg,tea_algal_leaf_spot_00167.jpg,ok,0.9060291910526096,17.89498488519454,,,,
Tea algal leaf spot,blur,tea_algal_leaf_spot_00168_aug_blur.jpg,tea_algal_leaf_spot_00168.jpg,ok,,,,,0.45000000000000007,
Tea algal leaf spot,flip,tea_algal_leaf_spot_00168_aug_flip_horizontal.jpg,tea_algal_leaf_spot_00168.jpg,ok,,,,,,hflip
Tea algal leaf spot,flip,tea_algal_leaf_spot_00168_aug_flip_vertical.jpg,tea_algal_leaf_spot_00168.jpg,ok,,,,,,vflip
Tea algal leaf spot,contrast,tea_algal_leaf_spot_00171_aug_contrast.jpg,tea_algal_leaf_spot_00171.jpg,ok,0.8932032789782354,18.584862013069866,,,,
Tea algal leaf spot,flip,tea_algal_leaf_spot_00171_aug_flip_horizontal.jpg,tea_algal_leaf_spot_00171.jpg,ok,,,,,,hflip
Tea algal leaf spot,rotation,tea_algal_leaf_spot_00171_aug_rotation.jpg,tea_algal_leaf_spot_00171.jpg,ok,,,-16.038385851003753,0.8574640546097557,,
Tea algal leaf spot,flip,tea_algal_leaf_spot_00172_aug_flip_horizontal.jpg,tea_algal_leaf_spot_00172.jpg,ok,,,,,,hflip
Tea algal leaf spot,rotation,tea_algal_leaf_spot_00174_aug_rotation.jpg,tea_algal_leaf_spot_00174.jpg,ok,,,-6.272855268367152,0.9270260028323789,,
Tea algal leaf spot,brightness,tea_algal_leaf_spot_00176_aug_brightness.jpg,tea_algal_leaf_spot_00176.jpg,ok,0.737641906865126,-0.5161839401635698,,,,
Tea algal leaf spot,flip,tea_algal_leaf_spot_00176_aug_flip_horizontal.jpg,tea_algal_leaf_spot_00176.jpg,ok,,,,,,hflip
Tea algal leaf spot,brightness,tea_algal_leaf_spot_00177_aug_brightness.jpg,tea_algal_leaf_spot_00177.jpg,ok,1.184656148905452,-0.5602640520242929,,,,
Tea algal leaf spot,blur,tea_algal_leaf_spot_00179_aug_blur.jpg,tea_algal_leaf_spot_00179.jpg,ok,,,,,0.40000000000000013,
Tea algal leaf spot,rotation,tea_algal_leaf_spot_00179_aug_rotation.jpg,tea_algal_leaf_spot_00179.jpg,ok,,,22.45653272730145,0.8260735845758682,,
Tea algal leaf spot,brightness,tea_algal_leaf_spot_00180_aug_brightness.jpg,tea_algal_leaf_spot_00180.jpg,ok,0.9640019514290366,-0.6783883576312353,,,,
Tea algal leaf spot,rotation,tea_algal_leaf_spot_00180_aug_rotation.jpg,tea_algal_leaf_spot_00180.jpg,ok,,,-14.266010300406519,0.864226055730411,,
Tea algal leaf spot,contrast,tea_algal_leaf_spot_00184_aug_contrast.jpg,tea_algal_leaf_spot_00184.jpg,ok,1.0853564919546328,-16.364274073185214,,,,
Tea algal leaf spot,flip,tea_algal_leaf_spot_00184_aug_flip_horizontal.jpg,tea_algal_leaf_spot_00184.jpg,ok,,,,,,hflip
Tea algal leaf spot,flip,tea_algal_leaf_spot_00184_aug_flip_vertical.jpg,tea_algal_leaf_spot_00184.jpg,ok,,,,,,vflip
Tea algal leaf spot,flip,tea_algal_leaf_spot_00185_aug_flip_vertical.jpg,tea_algal_leaf_spot_00185.jpg,ok,,,,,,vflip
Tea algal leaf spot,blur,tea_algal_leaf_spot_00186_aug_blur.jpg,tea_algal_leaf_spot_00186.jpg,ok,,,,,0.40000000000000013,
Tea algal leaf spot,brightness,tea_algal_leaf_spot_00186_aug_brightness.jpg,tea_algal_leaf_spot_00186.jpg,ok,1.0798092069343381,-0.5024448477871325,,,,
Tea algal leaf spot,blur,tea_algal_leaf_spot_00187_aug_blur.jpg,tea_algal_leaf_spot_00187.jpg,ok,,,,,0.5000000000000001,
Tea algal leaf spot,flip,tea_algal_leaf_spot_00193_aug_flip_vertical.jpg,tea_algal_leaf_spot_00193.jpg,ok,,,,,,vflip
Tea algal leaf spot,brightness,tea_algal_leaf_spot_00194_aug_brightness.jpg,tea_algal_leaf_spot_00194.jpg,ok,1.0309729920529496,-0.47866063111180157,,,,
Tea algal leaf spot,rotation,tea_algal_leaf_spot_00194_aug_rotation.jpg,tea_algal_leaf_spot_00194.jpg,ok,,,-12.874361981228589,0.8752627613337998,,
Tea algal leaf spot,flip,tea_algal_leaf_spot_00196_aug_flip_horizontal.jpg,tea_algal_leaf_spot_00196.jpg,ok,,,,,,hflip
Tea algal leaf spot,flip,tea_algal_leaf_spot_00199_aug_flip_horizontal.jpg,tea_algal_leaf_spot_00199.jpg,ok,,,,,,hflip
Tea algal leaf spot,rotation,tea_algal_leaf_spot_00199_aug_rotation.jpg,tea_algal_leaf_spot_00199.jpg,ok,,,-29.21864749487971,0.8056105034303155,,
Tea algal leaf spot,flip,tea_algal_leaf_spot_00200_aug_flip_vertical.jpg,tea_algal_leaf_spot_00200.jpg,ok,,,,,,vflip
Tea algal leaf spot,zoom,tea_algal_leaf_spot_00200_aug_zoom.jpg,tea_algal_leaf_spot_00200.jpg,ok,,,-2.6136639759829823,1.4687567850163268,,
Tea algal leaf spot,contrast,tea_algal_leaf_spot_00204_aug_contrast.jpg,tea_algal_leaf_spot_00204.jpg,ok,1.0389148887048207,-7.4761899738800635,,,,
Tea algal leaf spot,brightness,tea_algal_leaf_spot_00205_aug_brightness.jpg,tea_algal_leaf_spot_00205.jpg,ok,1.1322247179078297,-0.5275736659714099,,,,
Tea algal leaf spot,flip,tea_algal_leaf_spot_00205_aug_flip_horizontal.jpg,tea_algal_leaf_spot_00205.jpg,ok,,,,,,hflip
Tea algal leaf spot,rotation,tea_algal_leaf_spot_00205_aug_rotation.jpg,tea_algal_leaf_spot_00205.jpg,ok,,,3.2340562862918985,0.9587391473963024,,
Tea algal leaf spot,flip,tea_algal_leaf_spot_00206_aug_flip_horizontal.jpg,tea_algal_leaf_spot_00206.jpg,ok,,,,,,hflip
Tea algal leaf spot,brightness,tea_algal_leaf_spot_00207_aug_brightness.jpg,tea_algal_leaf_spot_00207.jpg,ok,1.0249918052981037,-0.5282553315163834,,,,
Tea algal leaf spot,contrast,tea_algal_leaf_spot_00207_aug_contrast.jpg,tea_algal_leaf_spot_00207.jpg,ok,0.9521141900495582,7.655213875493244,,,,
Tea algal leaf spot,brightness,tea_algal_leaf_spot_00208_aug_brightness.jpg,tea_algal_leaf_spot_00208.jpg,ok,0.7340337287133818,-0.43997725931599824,,,,
Tea algal leaf spot,flip,tea_algal_leaf_spot_00208_aug_flip_horizontal.jpg,tea_algal_leaf_spot_00208.jpg,ok,,,,,,hflip
Tea algal leaf spot,brightness,tea_algal_leaf_spot_00209_aug_brightness.jpg,tea_algal_leaf_spot_00209.jpg,ok,0.9226040236081595,-0.3580989701608377,,,,
Tea algal leaf spot,zoom,tea_algal_leaf_spot_00209_aug_zoom.jpg,tea_algal_leaf_spot_00209.jpg,ok,,,0.26609442216387547,1.4408704293584034,,
Tea algal leaf spot,rotation,tea_algal_leaf_spot_00210_aug_rotation.jpg,tea_algal_leaf_spot_00210.jpg,ok,,,1.3380679117819363,0.9805508826876024,,
Tea algal leaf spot,brightness,tea_algal_leaf_spot_00211_aug_brightness.jpg,tea_algal_leaf_spot_00211.jpg,ok,0.776164622643747,-0.4840706862181103,,,,
Tea algal leaf spot,brightness,tea_algal_leaf_spot_00212_aug_brightness.jpg,tea_algal_leaf_spot_00212.jpg,ok,1.0075564610739534,-0.5050285308044445,,,,
Tea algal leaf spot,brightness,tea_algal_leaf_spot_00214_aug_brightness.jpg,tea_algal_leaf_spot_00214.jpg,ok,0.9929854481611756,-0.5759476643309986,,,,
Tea algal leaf spot,rotation,tea_algal_leaf_spot_00216_aug_rotation.jpg,tea_algal_leaf_spot_00216.jpg,ok,,,15.247281929805682,0.8599427180422667,,
Tea algal leaf spot,flip,tea_algal_leaf_spot_00218_aug_flip_vertical.jpg,tea_algal_leaf_spot_00218.jpg,ok,,,,,,vflip
Tea algal leaf spot,zoom,tea_algal_leaf_spot_00218_aug_zoom.jpg,tea_algal_leaf_spot_00218.jpg,ok,,,4.594788758971895,1.2642142493767803,,
Tea algal leaf spot,blur,tea_algal_leaf_spot_00220_aug_blur.jpg,tea_algal_leaf_spot_00220.jpg,ok,,,,,0.5000000000000001,
Tea algal leaf spot,brightness,tea_algal_leaf_spot_00220_aug_brightness.jpg,tea_algal_leaf_spot_00220.jpg,ok,0.7612324648409329,-0.44384924445197815,,,,
Tea algal leaf spot,flip,tea_algal_leaf_spot_00220_aug_flip_vertical.jpg,tea_algal_leaf_spot_00220.jpg,ok,,,,,,vflip
Tea algal leaf spot,contrast,tea_algal_leaf_spot_00223_aug_contrast.jpg,tea_algal_leaf_spot_00223.jpg,ok,0.9637916893582686,5.594424555400367,,,,
Tea algal leaf spot,flip,tea_algal_leaf_spot_00223_aug_flip_horizontal.jpg,tea_algal_leaf_spot_00223.jpg,ok,,,,,,hflip
Tea algal leaf spot,flip,tea_algal_leaf_spot_00225_aug_flip_horizontal.jpg,tea_algal_leaf_spot_00225.jpg,ok,,,,,,hflip
Tea algal leaf spot,flip,tea_algal_leaf_spot_00225_aug_flip_vertical.jpg,tea_algal_leaf_spot_00225.jpg,ok,,,,,,vflip
Tea algal leaf spot,rotation,tea_algal_leaf_spot_00225_aug_rotation.jpg,tea_algal_leaf_spot_00225.jpg,ok,,,18.701328999389343,0.8405335395878992,,
Tea algal leaf spot,brightness,tea_algal_leaf_spot_00227_aug_brightness.jpg,tea_algal_leaf_spot_00227.jpg,ok,1.2165999965347534,-0.5564400515542519,,,,
Tea algal leaf spot,flip,tea_algal_leaf_spot_00227_aug_flip_horizontal.jpg,tea_algal_leaf_spot_00227.jpg,ok,,,,,,hflip
Tea algal leaf spot,zoom,tea_algal_leaf_spot_00227_aug_zoom.jpg,tea_algal_leaf_spot_00227.jpg,ok,,,7.443435200831502,1.3451268098051035,,
Tea algal leaf spot,contrast,tea_algal_leaf_spot_00229_aug_contrast.jpg,tea_algal_leaf_spot_00229.jpg,ok,0.8148065701852808,33.18126198766387,,,,
Tea algal leaf spot,flip,tea_algal_leaf_spot_00230_aug_flip_vertical.jpg,tea_algal_leaf_spot_00230.jpg,ok,,,,,,vflip
Tea algal leaf spot,brightness,tea_algal_leaf_spot_00233_aug_brightness.jpg,tea_algal_leaf_spot_00233.jpg,ok,1.1799220448842862,-0.5147849255138625,,,,
Tea algal leaf spot,flip,tea_algal_leaf_spot_00233_aug_flip_horizontal.jpg,tea_algal_leaf_spot_00233.jpg,ok,,,,,,hflip
Tea algal leaf spot,flip,tea_algal_leaf_spot_00233_aug_flip_vertical.jpg,tea_algal_leaf_spot_00233.jpg,ok,,,,,,vflip
Tea algal leaf spot,rotation,tea_algal_leaf_spot_00233_aug_rotation.jpg,tea_algal_leaf_spot_00233.jpg,ok,,,24.586596931689634,0.8161002006653292,,
Tea algal leaf spot,contrast,tea_algal_leaf_spot_00234_aug_contrast.jpg,tea_algal_leaf_spot_00234.jpg,ok,1.0705094015892624,-13.344696966481864,,,,
Tea algal leaf spot,flip,tea_algal_leaf_spot_00234_aug_flip_horizontal.jpg,tea_algal_leaf_spot_00234.jpg,ok,,,,,,hflip
Tea algal leaf spot,contrast,tea_algal_leaf_spot_00236_aug_contrast.jpg,tea_algal_leaf_spot_00236.jpg,ok,0.8965411142378974,17.721971876429073,,,,
Tea algal leaf spot,brightness,tea_algal_leaf_spot_00237_aug_brightness.jpg,tea_algal_leaf_spot_00237.jpg,ok,1.1161336325074414,-0.5140537577097085,,,,
Tea algal leaf spot,contrast,tea_algal_leaf_spot_00237_aug_contrast.jpg,tea_algal_leaf_spot_00237.jpg,ok,0.9102916449320164,15.180042164346203,,,,
Tea algal leaf spot,zoom,tea_algal_leaf_spot_00237_aug_zoom.jpg,tea_algal_leaf_spot_00237.jpg,ok,,,5.501071661470067,1.5952977185631891,,
Tea algal leaf spot,brightness,tea_algal_leaf_spot_00238_aug_brightness.jpg,tea_algal_leaf_spot_00238.jpg,ok,1.0165897681906257,-0.21353373348319057,,,,
Tea algal leaf spot,rotation,tea_algal_leaf_spot_00238_aug_rotation.jpg,tea_algal_leaf_spot_00238.jpg,ok,,,7.327132657485185,0.918438737396706,,
Tea algal leaf spot,rotation,tea_algal_leaf_spot_00239_aug_rotation.jpg,tea_algal_leaf_spot_00239.jpg,ok,,,23.90848051654922,0.8202342965583133,,
Tea algal leaf spot,flip,tea_algal_leaf_spot_00242_aug_flip_vertical.jpg,tea_algal_leaf_spot_00242.jpg,ok,,,,,,vflip
Tea algal leaf spot,blur,tea_algal_leaf_spot_00248_aug_blur.jpg,tea_algal_leaf_spot_00248.jpg,ok,,,,,0.6000000000000002,
Tea algal leaf spot,contrast,tea_algal_leaf_spot_00249_aug_contrast.jpg,tea_algal_leaf_spot_00249.jpg,ok,1.0924907339000114,-16.864697099904895,,,,
Tea algal leaf spot,flip,tea_algal_leaf_spot_00249_aug_flip_vertical.jpg,tea_algal_leaf_spot_00249.jpg,ok,,,,,,vflip
Tea algal leaf spot,zoom,tea_algal_leaf_spot_00249_aug_zoom.jpg,tea_algal_leaf_spot_00249.jpg,ok,,,3.364902135242243,1.449190817242444,,
Tea algal leaf spot,flip,tea_algal_leaf_spot_00251_aug_flip_vertical.jpg,tea_algal_leaf_spot_00251.jpg,ok,,,,,,vflip
Tea algal leaf spot,rotation,tea_algal_leaf_spot_00251_aug_rotation.jpg,tea_algal_leaf_spot_00251.jpg,ok,,,-4.1502809211821186,0.9489294622322104,,
Tea algal leaf spot,flip,tea_algal_leaf_spot_00254_aug_flip_horizontal.jpg,tea_algal_leaf_spot_00254.jpg,ok,,,,,,hflip
Tea algal leaf spot,blur,tea_algal_leaf_spot_00256_aug_blur.jpg,tea_algal_leaf_spot_00256.jpg,ok,,,,,0.6000000000000002,
Tea algal leaf spot,flip,tea_algal_leaf_spot_00256_aug_flip_horizontal.jpg,tea_algal_leaf_spot_00256.jpg,ok,,,,,,hflip
Tea algal leaf spot,rotation,tea_algal_leaf_spot_00257_aug_rotation.jpg,tea_algal_leaf_spot_00257.jpg,ok,,,-12.2007804960771,0.8794513792609974,,
Tea algal leaf spot,zoom,tea_algal_leaf_spot_00257_aug_zoom.jpg,tea_algal_leaf_spot_00257.jpg,ok,,,-3.52255036666066,1.4354031180265414,,
Tea algal leaf spot,rotation,tea_algal_leaf_spot_00258_aug_rotation.jpg,tea_algal_leaf_spot_00258.jpg,ok,,,19.137168397551303,0.8391056707033162,,
Tea algal leaf spot,blur,tea_algal_leaf_spot_00260_aug_blur.jpg,tea_algal_leaf_spot_00260.jpg,ok,,,,,0.45000000000000007,
Tea algal leaf spot,contrast,tea_algal_leaf_spot_00260_aug_contrast.jpg,tea_algal_leaf_spot_00260.jpg,ok,0.8056199232624444,34.453942534168654,,,,
Tea algal leaf spot,flip,tea_algal_leaf_spot_00260_aug_flip_vertical.jpg,tea_algal_leaf_spot_00260.jpg,ok,,,,,,vflip
Tea algal leaf spot,blur,tea_algal_leaf_spot_00263_aug_blur.jpg,tea_algal_leaf_spot_00263.jpg,ok,,,,,0.45000000000000007,
Tea algal leaf spot,brightness,tea_algal_leaf_spot_00263_aug_brightness.jpg,tea_algal_leaf_spot_00263.jpg,ok,0.806984809605837,-0.4771810481995682,,,,
Tea algal leaf spot,flip,tea_algal_leaf_spot_00263_aug_flip_vertical.jpg,tea_algal_leaf_spot_00263.jpg,ok,,,,,,vflip
Tea algal leaf spot,contrast,tea_algal_leaf_spot_00266_aug_contrast.jpg,tea_algal_leaf_spot_00266.jpg,ok,1.0663099839087145,-12.175481318858589,,,,
Tea algal leaf spot,rotation,tea_algal_leaf_spot_00266_aug_rotation.jpg,tea_algal_leaf_spot_00266.jpg,ok,,,-13.716958141617772,0.8692696015623687,,
Tea algal leaf spot,contrast,tea_algal_leaf_spot_00267_aug_contrast.jpg,tea_algal_leaf_spot_00267.jpg,ok,0.8795321096521337,20.059059140745877,,,,
Tea algal leaf spot,rotation,tea_algal_leaf_spot_00267_aug_rotation.jpg,tea_algal_leaf_spot_00267.jpg,ok,,,-13.857300861166873,0.8668096861897089,,
Tea algal leaf spot,brightness,tea_algal_leaf_spot_00268_aug_brightness.jpg,tea_algal_leaf_spot_00268.jpg,ok,1.0158707554374236,-0.2743555375617063,,,,
Tea algal leaf spot,contrast,tea_algal_leaf_spot_00268_aug_contrast.jpg,tea_algal_leaf_spot_00268.jpg,ok,0.8773907349576286,22.525097181998895,,,,
Tea algal leaf spot,zoom,tea_algal_leaf_spot_00268_aug_zoom.jpg,tea_algal_leaf_spot_00268.jpg,ok,,,-5.541618967413799,1.5516254796815196,,
Tea algal leaf spot,brightness,tea_algal_leaf_spot_00270_aug_brightness.jpg,tea_algal_leaf_spot_00270.jpg,ok,1.0605447681886704,-0.5492666115398368,,,,
Tea algal leaf spot,flip,tea_algal_leaf_spot_00270_aug_flip_horizontal.jpg,tea_algal_leaf_spot_00270.jpg,ok,,,,,,hflip
Tea algal leaf spot,contrast,tea_algal_leaf_spot_00271_aug_contrast.jpg,tea_algal_leaf_spot_00271.jpg,ok,0.8337614203093735,28.88079384296745,,,,
Tea algal leaf spot,blur,tea_algal_leaf_spot_00272_aug_blur.jpg,tea_algal_leaf_spot_00272.jpg,ok,,,,,0.5000000000000001,
Tea algal leaf spot,brightness,tea_algal_leaf_spot_00272_aug_brightness.jpg,tea_algal_leaf_spot_00272.jpg,ok,1.0965958158308529,-0.5136714387013924,,,,
Tea algal leaf spot,contrast,tea_algal_leaf_spot_00272_aug_contrast.jpg,tea_algal_leaf_spot_00272.jpg,ok,1.1689652702816113,-28.778034887993044,,,,
Tea algal leaf spot,rotation,tea_algal_leaf_spot_00272_aug_rotation.jpg,tea_algal_leaf_spot_00272.jpg,ok,,,23.492781836762862,0.8216870211286413,,
Tea algal leaf spot,rotation,tea_algal_leaf_spot_00274_aug_rotation.jpg,tea_algal_leaf_spot_00274.jpg,ok,,,-5.837700822198041,0.9323687431813623,,
Tea algal leaf spot,blur,tea_algal_leaf_spot_00275_aug_blur.jpg,tea_algal_leaf_spot_00275.jpg,ok,,,,,0.40000000000000013,
Tea algal leaf spot,flip,tea_algal_leaf_spot_00275_aug_flip_horizontal.jpg,tea_algal_leaf_spot_00275.jpg,ok,,,,,,hflip
Tea algal leaf spot,flip,tea_algal_leaf_spot_00276_aug_flip_horizontal.jpg,tea_algal_leaf_spot_00276.jpg,ok,,,,,,hflip
Tea algal leaf spot,blur,tea_algal_leaf_spot_00279_aug_blur.jpg,tea_algal_leaf_spot_00279.jpg,ok,,,,,0.45000000000000007,
Tea algal leaf spot,brightness,tea_algal_leaf_spot_00279_aug_brightness.jpg,tea_algal_leaf_spot_00279.jpg,ok,1.0768487848784511,-0.5690534273271314,,,,
Tea algal leaf spot,brightness,tea_algal_leaf_spot_00281_aug_brightness.jpg,tea_algal_leaf_spot_00281.jpg,ok,0.7912693426143516,-0.3613935952332219,,,,
Tea algal leaf spot,flip,tea_algal_leaf_spot_00284_aug_flip_horizontal.jpg,tea_algal_leaf_spot_00284.jpg,ok,,,,,,hflip
Tea algal leaf spot,zoom,tea_algal_leaf_spot_00284_aug_zoom.jpg,tea_algal_leaf_spot_00284.jpg,ok,,,-7.444553999102188,1.2930230429430443,,
Tea algal leaf spot,contrast,tea_algal_leaf_spot_00285_aug_contrast.jpg,tea_algal_leaf_spot_00285.jpg,ok,0.9890030586100972,1.3624975601535658,,,,
Tea algal leaf spot,blur,tea_algal_leaf_spot_00286_aug_blur.jpg,tea_algal_leaf_spot_00286.jpg,ok,,,,,0.5000000000000001,
Tea algal leaf spot,flip,tea_algal_leaf_spot_00286_aug_flip_vertical.jpg,tea_algal_leaf_spot_00286.jpg,ok,,,,,,vflip
Tea algal leaf spot,zoom,tea_algal_leaf_spot_00286_aug_zoom.jpg,tea_algal_leaf_spot_00286.jpg,ok,,,7.895074190784131,1.1938386751660213,,
Tea algal leaf spot,brightness,tea_algal_leaf_spot_00289_aug_brightness.jpg,tea_algal_leaf_spot_00289.jpg,ok,1.2808800216861067,-0.4771990924820735,,,,
Tea algal leaf spot,flip,tea_algal_leaf_spot_00289_aug_flip_horizontal.jpg,tea_algal_leaf_spot_00289.jpg,ok,,,,,,hflip
Tea algal leaf spot,contrast,tea_algal_leaf_spot_00291_aug_contrast.jpg,tea_algal_leaf_spot_00291.jpg,ok,0.9924159075373123,0.5582624997428306,,,,
Tea algal leaf spot,blur,tea_algal_leaf_spot_00292_aug_blur.jpg,tea_algal_leaf_spot_00292.jpg,ok,,,,,0.40000000000000013,
Tea algal leaf spot,contrast,tea_algal_leaf_spot_00292_aug_contrast.jpg,tea_algal_leaf_spot_00292.jpg,ok,0.9039315785271103,15.918297436697111,,,,
Tea algal leaf spot,flip,tea_algal_leaf_spot_00292_aug_flip_vertical.jpg,tea_algal_leaf_spot_00292.jpg,ok,,,,,,vflip
Tea algal leaf spot,contrast,tea_algal_leaf_spot_00293_aug_contrast.jpg,tea_algal_leaf_spot_00293.jpg,ok,0.8731706369103805,19.426363743856164,,,,
Tea algal leaf spot,flip,tea_algal_leaf_spot_00296_aug_flip_vertical.jpg,tea_algal_leaf_spot_00296.jpg,ok,,,,,,vflip
Tea algal leaf spot,flip,tea_algal_leaf_spot_00297_aug_flip_vertical.jpg,tea_algal_leaf_spot_00297.jpg,ok,,,,,,vflip
Tea algal leaf spot,zoom,tea_algal_leaf_spot_00297_aug_zoom.jpg,tea_algal_leaf_spot_00297.jpg,ok,,,1.6243440918351497,1.458389318432402,,
Tea algal leaf spot,zoom,tea_algal_leaf_spot_00298_aug_zoom.jpg,tea_algal_leaf_spot_00298.jpg,ok,,,2.150064172589662,1.5978417896159922,,
Tea algal leaf spot,contrast,tea_algal_leaf_spot_00300_aug_contrast.jpg,tea_algal_leaf_spot_00300.jpg,ok,1.1221753538660066,-21.901672358886106,,,,
Tea algal leaf spot,flip,tea_algal_leaf_spot_00300_aug_flip_horizontal.jpg,tea_algal_leaf_spot_00300.jpg,ok,,,,,,hflip
Tea algal leaf spot,flip,tea_algal_leaf_spot_00303_aug_flip_vertical.jpg,tea_algal_leaf_spot_00303.jpg,ok,,,,,,vflip
Tea algal leaf spot,brightness,tea_algal_leaf_spot_00304_aug_brightness.jpg,tea_algal_leaf_spot_00304.jpg,ok,0.7388155760930362,-0.49312011166596786,,,,
Tea algal leaf spot,contrast,tea_algal_leaf_spot_00304_aug_contrast.jpg,tea_algal_leaf_spot_00304.jpg,ok,0.990882753234081,0.9237864607256376,,,,
Tea algal leaf spot,brightness,tea_algal_leaf_spot_00305_aug_brightness.jpg,tea_algal_leaf_spot_00305.jpg,ok,0.7100720951094117,-0.5287635261178507,,,,
Tea algal leaf spot,contrast,tea_algal_leaf_spot_00310_aug_contrast.jpg,tea_algal_leaf_spot_00310.jpg,ok,0.8631475716712976,23.18136609848416,,,,
Tea algal leaf spot,flip,tea_algal_leaf_spot_00312_aug_flip_horizontal.jpg,tea_algal_leaf_spot_00312.jpg,ok,,,,,,hflip
Tea algal leaf spot,rotation,tea_algal_leaf_spot_00312_aug_rotation.jpg,tea_algal_leaf_spot_00312.jpg,ok,,,12.063033415947906,0.8807273124382181,,
Tea algal leaf spot,flip,tea_algal_leaf_spot_00316_aug_flip_vertical.jpg,tea_algal_leaf_spot_00316.jpg,ok,,,,,,vflip
Tea algal leaf spot,rotation,tea_algal_leaf_spot_00316_aug_rotation.jpg,tea_algal_leaf_spot_00316.jpg,ok,,,25.686129041585513,0.8114104770230279,,
Tea algal leaf spot,contrast,tea_algal_leaf_spot_00319_aug_contrast.jpg,tea_algal_leaf_spot_00319.jpg,ok,1.1151111738341077,-21.303161056666518,,,,
Tea algal leaf spot,contrast,tea_algal_leaf_spot_00320_aug_contrast.jpg,tea_algal_leaf_spot_00320.jpg,ok,1.0428045003850632,-7.4591120435604985,,,,
Tea algal leaf spot,contrast,tea_algal_leaf_spot_00323_aug_contrast.jpg,tea_algal_leaf_spot_00323.jpg,ok,1.0941901919396793,-17.143452834584764,,,,
Tea algal leaf spot,rotation,tea_algal_leaf_spot_00323_aug_rotation.jpg,tea_algal_leaf_spot_00323.jpg,ok,,,-17.14223812087226,0.8484407537610298,,
Tea algal leaf spot,brightness,tea_algal_leaf_spot_00324_aug_brightness.jpg,tea_algal_leaf_spot_00324.jpg,ok,1.136078876048194,-0.4866577201111311,,,,
Tea algal leaf spot,rotation,tea_algal_leaf_spot_00324_aug_rotation.jpg,tea_algal_leaf_spot_00324.jpg,ok,,,7.935556562098681,0.9122328646823281,,
Tea algal leaf spot,contrast,tea_algal_leaf_spot_00328_aug_contrast.jpg,tea_algal_leaf_spot_00328.jpg,ok,1.0409995043042075,-7.120520328573279,,,,
Tea algal leaf spot,flip,tea_algal_leaf_spot_00328_aug_flip_horizontal.jpg,tea_algal_leaf_spot_00328.jpg,ok,,,,,,hflip
Tea algal leaf spot,brightness,tea_algal_leaf_spot_00329_aug_brightness.jpg,tea_algal_leaf_spot_00329.jpg,ok,1.1597653140090731,-0.5284566364308853,,,,
Tea algal leaf spot,brightness,tea_algal_leaf_spot_00331_aug_brightness.jpg,tea_algal_leaf_spot_00331.jpg,ok,0.9011488840151578,-0.480674590183256,,,,
Tea algal leaf spot,brightness,tea_algal_leaf_spot_00332_aug_brightness.jpg,tea_algal_leaf_spot_00332.jpg,ok,1.2717970102669907,-0.5290975627415633,,,,
Tea algal leaf spot,zoom,tea_algal_leaf_spot_00333_aug_zoom.jpg,tea_algal_leaf_spot_00333.jpg,ok,,,0.10916902760651431,1.636170840898038,,
Tea algal leaf spot,zoom,tea_algal_leaf_spot_00335_aug_zoom.jpg,tea_algal_leaf_spot_00335.jpg,ok,,,-5.841891675722162,1.4533812964823338,,
Tea algal leaf spot,blur,tea_algal_leaf_spot_00337_aug_blur.jpg,tea_algal_leaf_spot_00337.jpg,ok,,,,,0.3500000000000001,
Tea algal leaf spot,flip,tea_algal_leaf_spot_00339_aug_flip_vertical.jpg,tea_algal_leaf_spot_00339.jpg,ok,,,,,,vflip
Tea algal leaf spot,blur,tea_algal_leaf_spot_00340_aug_blur.jpg,tea_algal_leaf_spot_00340.jpg,ok,,,,,0.3500000000000001,
Tea algal leaf spot,blur,tea_algal_leaf_spot_00341_aug_blur.jpg,tea_algal_leaf_spot_00341.jpg,ok,,,,,0.6500000000000001,
Tea algal leaf spot,rotation,tea_algal_leaf_spot_00342_aug_rotation.jpg,tea_algal_leaf_spot_00342.jpg,ok,,,26.19736177137492,0.8133464581612868,,
Tea algal leaf spot,contrast,tea_algal_leaf_spot_00343_aug_contrast.jpg,tea_algal_leaf_spot_00343.jpg,ok,1.020133253367592,-4.260494479247308,,,,
Tea algal leaf spot,zoom,tea_algal_leaf_spot_00343_aug_zoom.jpg,tea_algal_leaf_spot_00343.jpg,ok,,,-4.195386663621504,1.433951014821017,,
Tea algal leaf spot,blur,tea_algal_leaf_spot_00344_aug_blur.jpg,tea_algal_leaf_spot_00344.jpg,ok,,,,,0.5000000000000001,
Tea algal leaf spot,flip,tea_algal_leaf_spot_00345_aug_flip_horizontal.jpg,tea_algal_leaf_spot_00345.jpg,ok,,,,,,hflip
Tea algal leaf spot,blur,tea_algal_leaf_spot_00346_aug_blur.jpg,tea_algal_leaf_spot_00346.jpg,ok,,,,,0.6500000000000001,
Tea algal leaf spot,contrast,tea_algal_leaf_spot_00346_aug_contrast.jpg,tea_algal_leaf_spot_00346.jpg,ok,0.8376337742853356,26.446679040699657,,,,
Tea algal leaf spot,brightness,tea_algal_leaf_spot_00348_aug_brightness.jpg,tea_algal_leaf_spot_00348.jpg,ok,1.217145207478539,-0.5127349054067276,,,,
Tea algal leaf spot,rotation,tea_algal_leaf_spot_00350_aug_rotation.jpg,tea_algal_leaf_spot_00350.jpg,ok,,,-5.568293924374199,0.9351392656385624,,
Tea algal leaf spot,brightness,tea_algal_leaf_spot_00351_aug_brightness.jpg,tea_algal_leaf_spot_00351.jpg,ok,0.9406623922601378,-0.516394077456679,,,,
Tea algal leaf spot,flip,tea_algal_leaf_spot_00351_aug_flip_horizontal.jpg,tea_algal_leaf_spot_00351.jpg,ok,,,,,,hflip
Tea algal leaf spot,flip,tea_algal_leaf_spot_00352_aug_flip_vertical.jpg,tea_algal_leaf_spot_00352.jpg,ok,,,,,,vflip
Tea algal leaf spot,rotation,tea_algal_leaf_spot_00353_aug_rotation.jpg,tea_algal_leaf_spot_00353.jpg,ok,,,22.559799838552912,0.8221327952763412,,
Tea algal leaf spot,rotation,tea_algal_leaf_spot_00354_aug_rotation.jpg,tea_algal_leaf_spot_00354.jpg,ok,,,-11.241134356067995,0.8870415288439517,,
Tea algal leaf spot,zoom,tea_algal_leaf_spot_00354_aug_zoom.jpg,tea_algal_leaf_spot_00354.jpg,ok,,,-5.106734210674754,1.5662810134460579,,
Tea algal leaf spot,contrast,tea_algal_leaf_spot_00355_aug_contrast.jpg,tea_algal_leaf_spot_00355.jpg,ok,0.976342638398989,3.577082928621756,,,,
Tea algal leaf spot,zoom,tea_algal_leaf_spot_00355_aug_zoom.jpg,tea_algal_leaf_spot_00355.jpg,ok,,,0.4878458224281394,1.6388718621464375,,
Tea algal leaf spot,brightness,tea_algal_leaf_spot_00358_aug_brightness.jpg,tea_algal_leaf_spot_00358.jpg,ok,1.1687479627011308,-0.5417415806198801,,,,
Tea algal leaf spot,contrast,tea_algal_leaf_spot_00358_aug_contrast.jpg,tea_algal_leaf_spot_00358.jpg,ok,0.9552824024357448,7.200258778791066,,,,
Tea algal leaf spot,flip,tea_algal_leaf_spot_00358_aug_flip_vertical.jpg,tea_algal_leaf_spot_00358.jpg,ok,,,,,,vflip
Tea algal leaf spot,brightness,tea_algal_leaf_spot_00359_aug_brightness.jpg,tea_algal_leaf_spot_00359.jpg,ok,1.2228629914275633,-0.44556675956293795,,,,
Tea algal leaf spot,brightness,tea_algal_leaf_spot_00361_aug_brightness.jpg,tea_algal_leaf_spot_00361.jpg,ok,1.2570563524817258,-0.5835899200165379,,,,
Tea algal leaf spot,brightness,tea_algal_leaf_spot_00363_aug_brightness.jpg,tea_algal_leaf_spot_00363.jpg,ok,0.779113022177883,-0.6671684115553588,,,,
Tea algal leaf spot,flip,tea_algal_leaf_spot_00363_aug_flip_vertical.jpg,tea_algal_leaf_spot_00363.jpg,ok,,,,,,vflip
Tea algal leaf spot,flip,tea_algal_leaf_spot_00365_aug_flip_horizontal.jpg,tea_algal_leaf_spot_00365.jpg,ok,,,,,,hflip
Tea algal leaf spot,flip,tea_algal_leaf_spot_00365_aug_flip_vertical.jpg,tea_algal_leaf_spot_00365.jpg,ok,,,,,,vflip
Tea algal leaf spot,blur,tea_algal_leaf_spot_00367_aug_blur.jpg,tea_algal_leaf_spot_00367.jpg,ok,,,,,0.6500000000000001,
Tea algal leaf spot,contrast,tea_algal_leaf_spot_00367_aug_contrast.jpg,tea_algal_leaf_spot_00367.jpg,ok,0.8742563432487317,21.32099385460767,,,,
Tea algal leaf spot,contrast,tea_algal_leaf_spot_00372_aug_contrast.jpg,tea_algal_leaf_spot_00372.jpg,ok,1.1402979173136616,-25.30505381205103,,,,
Tea algal leaf spot,zoom,tea_algal_leaf_spot_00372_aug_zoom.jpg,tea_algal_leaf_spot_00372.jpg,ok,,,0.5462369323626572,1.6380896285878552,,
Tea algal leaf spot,zoom,tea_algal_leaf_spot_00373_aug_zoom.jpg,tea_algal_leaf_spot_00373.jpg,ok,,,0.026722781740596075,1.6164936197386381,,
Tea algal leaf spot,brightness,tea_algal_leaf_spot_00374_aug_brightness.jpg,tea_algal_leaf_spot_00374.jpg,ok,1.2417037358728742,-0.440136987304189,,,,
Tea algal leaf spot,flip,tea_algal_leaf_spot_00375_aug_flip_vertical.jpg,tea_algal_leaf_spot_00375.jpg,ok,,,,,,vflip
Tea algal leaf spot,flip,tea_algal_leaf_spot_00378_aug_flip_horizontal.jpg,tea_algal_leaf_spot_00378.jpg,ok,,,,,,hflip
Tea algal leaf spot,contrast,tea_algal_leaf_spot_00382_aug_contrast.jpg,tea_algal_leaf_spot_00382.jpg,ok,0.9116843510589292,15.500175721201144,,,,
Tea algal leaf spot,contrast,tea_algal_leaf_spot_00383_aug_contrast.jpg,tea_algal_leaf_spot_00383.jpg,ok,1.1887727601101343,-33.121826703745825,,,,
Tea algal leaf spot,flip,tea_algal_leaf_spot_00387_aug_flip_vertical.jpg,tea_algal_leaf_spot_00387.jpg,ok,,,,,,vflip
Tea algal leaf spot,blur,tea_algal_leaf_spot_00388_aug_blur.jpg,tea_algal_leaf_spot_00388.jpg,ok,,,,,0.3500000000000001,
Tea algal leaf spot,flip,tea_algal_leaf_spot_00389_aug_flip_horizontal.jpg,tea_algal_leaf_spot_00389.jpg,ok,,,,,,hflip
Tea algal leaf spot,zoom,tea_algal_leaf_spot_00389_aug_zoom.jpg,tea_algal_leaf_spot_00389.jpg,ok,,,-1.995300614388928,1.4577606389106383,,
Tea algal leaf spot,flip,tea_algal_leaf_spot_00392_aug_flip_vertical.jpg,tea_algal_leaf_spot_00392.jpg,ok,,,,,,vflip
Tea algal leaf spot,rotation,tea_algal_leaf_spot_00392_aug_rotation.jpg,tea_algal_leaf_spot_00392.jpg,ok,,,18.32162783514397,0.8417841508024304,,
Tea algal leaf spot,blur,tea_algal_leaf_spot_00396_aug_blur.jpg,tea_algal_leaf_spot_00396.jpg,ok,,,,,0.6500000000000001,
Tea algal leaf spot,brightness,tea_algal_leaf_spot_00396_aug_brightness.jpg,tea_algal_leaf_spot_00396.jpg,ok,0.9732363218037441,-0.5052054280170359,,,,
Tea algal leaf spot,contrast,tea_algal_leaf_spot_00396_aug_contrast.jpg,tea_algal_leaf_spot_00396.jpg,ok,1.064650477915557,-11.731348382567244,,,,
Tea algal leaf spot,rotation,tea_algal_leaf_spot_00396_aug_rotation.jpg,tea_algal_leaf_spot_00396.jpg,ok,,,-28.12651380461369,0.8078951452082436,,
Tea algal leaf spot,contrast,tea_algal_leaf_spot_00398_aug_contrast.jpg,tea_algal_leaf_spot_00398.jpg,ok,0.983413853781328,2.2326012026669577,,,,
Tea algal leaf spot,flip,tea_algal_leaf_spot_00398_aug_flip_horizontal.jpg,tea_algal_leaf_spot_00398.jpg,ok,,,,,,hflip
Tea algal leaf spot,contrast,tea_algal_leaf_spot_00400_aug_contrast.jpg,tea_algal_leaf_spot_00400.jpg,ok,1.1601405697240161,-28.62137954740709,,,,
Tea algal leaf spot,flip,tea_algal_leaf_spot_00401_aug_flip_vertical.jpg,tea_algal_leaf_spot_00401.jpg,ok,,,,,,vflip
Tea algal leaf spot,zoom,tea_algal_leaf_spot_00402_aug_zoom.jpg,tea_algal_leaf_spot_00402.jpg,ok,,,7.095517382157411,1.215130710119982,,
Tea algal leaf spot,contrast,tea_algal_leaf_spot_00406_aug_contrast.jpg,tea_algal_leaf_spot_00406.jpg,ok,1.0362158872323715,-7.018540736799646,,,,
Tea algal leaf spot,rotation,tea_algal_leaf_spot_00406_aug_rotation.jpg,tea_algal_leaf_spot_00406.jpg,ok,,,9.525561595108252,0.8971362708340306,,
Tea algal leaf spot,flip,tea_algal_leaf_spot_00408_aug_flip_horizontal.jpg,tea_algal_leaf_spot_00408.jpg,ok,,,,,,hflip
Tea algal leaf spot,zoom,tea_algal_leaf_spot_00408_aug_zoom.jpg,tea_algal_leaf_spot_00408.jpg,ok,,,4.911460617221459,1.5046141637063444,,
Tea algal leaf spot,blur,tea_algal_leaf_spot_00409_aug_blur.jpg,tea_algal_leaf_spot_00409.jpg,ok,,,,,0.6000000000000002,
Tea algal leaf spot,brightness,tea_algal_leaf_spot_00409_aug_brightness.jpg,tea_algal_leaf_spot_00409.jpg,ok,0.9628866301635012,-0.7158921270823209,,,,
Tea algal leaf spot,zoom,tea_algal_leaf_spot_00409_aug_zoom.jpg,tea_algal_leaf_spot_00409.jpg,ok,,,-7.119794759805034,1.395641893935848,,
Tea algal leaf spot,flip,tea_algal_leaf_spot_00410_aug_flip_vertical.jpg,tea_algal_leaf_spot_00410.jpg,ok,,,,,,vflip
Tea algal leaf spot,zoom,tea_algal_leaf_spot_00413_aug_zoom.jpg,tea_algal_leaf_spot_00413.jpg,ok,,,-2.033623502240995,1.4949944864824414,,
Tea algal leaf spot,contrast,tea_algal_leaf_spot_00414_aug_contrast.jpg,tea_algal_leaf_spot_00414.jpg,ok,1.0065331571687424,-1.4139284503404204,,,,
Tea algal leaf spot,flip,tea_algal_leaf_spot_00414_aug_flip_horizontal.jpg,tea_algal_leaf_spot_00414.jpg,ok,,,,,,hflip
Tea algal leaf spot,rotation,tea_algal_leaf_spot_00414_aug_rotation.jpg,tea_algal_leaf_spot_00414.jpg,ok,,,-1.4090495730204156,0.981388738727171,,
Tea algal leaf spot,zoom,tea_algal_leaf_spot_00414_aug_zoom.jpg,tea_algal_leaf_spot_00414.jpg,ok,,,-8.311289403983778,1.284394635054164,,
Tea algal leaf spot,contrast,tea_algal_leaf_spot_00415_aug_contrast.jpg,tea_algal_leaf_spot_00415.jpg,ok,1.0782993643760848,-15.385956003813016,,,,
Tea algal leaf spot,brightness,tea_algal_leaf_spot_00416_aug_brightness.jpg,tea_algal_leaf_spot_00416.jpg,ok,1.2485028324267708,-0.5431556649788871,,,,
