split,class_name,filename,md5,canonical_id,is_derived,op
test,Brown Blight,UNADJUSTEDNONRAW_thumb_107.jpg,3afc3106abec3caeda1a0011afc5057a,UNADJUSTEDNONRAW_thumb_107,False,
test,Brown Blight,UNADJUSTEDNONRAW_thumb_111.jpg,e60d9debadfd51359653558dab6a27cc,UNADJUSTEDNONRAW_thumb_111,False,
test,Brown Blight,UNADJUSTEDNONRAW_thumb_112.jpg,d577588aeab4e1b5ad616e5bbf1a607e,UNADJUSTEDNONRAW_thumb_112,False,
test,Brown Blight,UNADJUSTEDNONRAW_thumb_113.jpg,c4e70a5b2cf55b58d01d7c709f831d78,UNADJUSTEDNONRAW_thumb_113,False,
test,Brown Blight,UNADJUSTEDNONRAW_thumb_114.jpg,13bc2e70b7a14858afccb8551c8880fa,UNADJUSTEDNONRAW_thumb_114,False,
test,Brown Blight,UNADJUSTEDNONRAW_thumb_117.jpg,12c9709f20156cdc37c27d4056c0910b,UNADJUSTEDNONRAW_thumb_117,False,
test,Brown Blight,UNADJUSTEDNONRAW_thumb_11a.jpg,61ca5fde9a02099d6008e5832f8bc7c9,UNADJUSTEDNONRAW_thumb_11a,False,
test,Brown Blight,UNADJUSTEDNONRAW_thumb_11e.jpg,91b4df16edbc8e692b42f229f0e74eab,UNADJUSTEDNONRAW_thumb_11e,False,
test,Brown Blight,UNADJUSTEDNONRAW_thumb_127.jpg,001ac4da45466040fd3d85f9f8dd970c,UNADJUSTEDNONRAW_thumb_127,False,
test,Brown Blight,UNADJUSTEDNONRAW_thumb_128.jpg,d68cb51b54e906f24eac2bbe9f83e432,UNADJUSTEDNONRAW_thumb_128,False,
test,Brown Blight,UNADJUSTEDNONRAW_thumb_129.jpg,e476424c7eabbbd00b9a73f289c80348,UNADJUSTEDNONRAW_thumb_129,False,
test,Brown Blight,UNADJUSTEDNONRAW_thumb_12e.jpg,66831ab7283d306c791a4d2d08a6ec2b,UNADJUSTEDNONRAW_thumb_12e,False,
test,Brown Blight,UNADJUSTEDNONRAW_thumb_12f.jpg,aa17a9380d3a1d4ab604ffa6b3489560,UNADJUSTEDNONRAW_thumb_12f,False,
test,Brown Blight,UNADJUSTEDNONRAW_thumb_142.jpg,852e7eb919a76db8f1bd9e8caca8a60d,UNADJUSTEDNONRAW_thumb_142,False,
test,Brown Blight,UNADJUSTEDNONRAW_thumb_15c.jpg,98138160529dc63ed26fa640672cded4,UNADJUSTEDNONRAW_thumb_15c,False,
test,Brown Blight,UNADJUSTEDNONRAW_thumb_15f.jpg,a16219c8a828784675fbed33172e27c3,UNADJUSTEDNONRAW_thumb_15f,False,
test,Brown Blight,UNADJUSTEDNONRAW_thumb_166.jpg,24558d3fc52c8936b4bd99dbdc645603,UNADJUSTEDNONRAW_thumb_166,False,
test,Brown Blight,UNADJUSTEDNONRAW_thumb_168.jpg,1300a48f3608b533311f41e25ac5bc6d,UNADJUSTEDNONRAW_thumb_168,False,
test,Brown Blight,UNADJUSTEDNONRAW_thumb_16f.jpg,d5b70bc5ade9786e430415a71a6d8cab,UNADJUSTEDNONRAW_thumb_16f,False,
test,Brown Blight,brown_blight_00008.jpg,5c965f96e1153de9a282a7fafe42cdac,brown_blight_00008,False,
test,Brown Blight,brown_blight_00014.jpg,f992c0c712d17051fe5b0de094c90433,brown_blight_00014,False,
test,Brown Blight,brown_blight_00019.jpg,69f296468de65d3db4ec09027e6ce048,brown_blight_00019,False,
test,Brown Blight,brown_blight_00032.jpg,dacc5b277900e98945ad0f7ee7702256,brown_blight_00032,False,
test,Brown Blight,brown_blight_00040.jpg,f522e5b3c09df549f97a5b95509048c8,brown_blight_00040,False,
test,Brown Blight,brown_blight_00041.jpg,976ae4d075c643f27705d2c99bcb9764,brown_blight_00041,False,
test,Brown Blight,brown_blight_00054.jpg,27b18b528dba220130b3dc81269774a9,brown_blight_00054,False,
test,Brown Blight,brown_blight_00072.jpg,34908bdb7d7efa499fffac63cb468c5d,brown_blight_00072,False,
test,Brown Blight,brown_blight_00090.jpg,398a29bae269cd39af465f8f845dbba1,brown_blight_00090,False,
test,Brown Blight,brown_blight_00096.jpg,1cd774cbb0ddadb1560e605dbce22364,brown_blight_00096,False,
test,Brown Blight,brown_blight_00097.jpg,2b3dd41d2223fd04894c5f00a44ef156,brown_blight_00097,False,
test,Brown Blight,brown_blight_00105.jpg,bbc5f9a0b03d39e5539ca7f705d2f7d0,brown_blight_00105,False,
test,Brown Blight,brown_blight_00112.jpg,e0e81e4734370d92b1322764325fd098,brown_blight_00112,False,
test,Brown Blight,brown_blight_00114.jpg,c9a0f452b58ebd849bf83ac1628a4b29,brown_blight_00114,False,
test,Brown Blight,brown_blight_00123.jpg,3749d49d4859b57c91092e1a2b5631a1,brown_blight_00123,False,
test,Brown Blight,brown_blight_00136.jpg,afbf2a4cd067afdffdb5432c0d0215b8,brown_blight_00136,False,
test,Brown Blight,brown_blight_00143.jpg,0ee9b2a282248d64f8ccf579449eac91,brown_blight_00143,False,
test,Brown Blight,brown_blight_00148.jpg,daa7f9a5fd8bd00528e3b326e28df2ce,brown_blight_00148,False,
test,Brown Blight,brown_blight_00153.jpg,ddce86f740adbb750afb5b1fd72d1c8f,brown_blight_00153,False,
test,Brown Blight,brown_blight_00173.jpg,c6c5c312c91a1bc5f231289e24dbbd3c,brown_blight_00173,False,
test,Brown Blight,brown_blight_00184.jpg,4f8a1d7c113ce2869b0e68d41981fa0b,brown_blight_00184,False,
test,Brown Blight,brown_blight_00187.jpg,452a4cc555f4601036ad6cde8b5b24d4,brown_blight_00187,False,
test,Brown Blight,brown_blight_00190.jpg,f06b5be4083f710e8801ae08d046fdde,brown_blight_00190,False,
test,Brown Blight,brown_blight_00194.jpg,aab075a9b21f86db6682cb2fc08c9ddb,brown_blight_00194,False,
test,Brown Blight,brown_blight_00204.jpg,4f8fdd9e56f0f1660397281ab4ebafc9,brown_blight_00204,False,
test,Brown Blight,brown_blight_00205.jpg,3c4270cb017cc12f71901fde1a583a21,brown_blight_00205,False,
test,Brown Blight,brown_blight_00206.jpg,bec6e45f93a5ff8c453ae33b0d39f658,brown_blight_00206,False,
test,Brown Blight,brown_blight_00221.jpg,90ecee7cad8539bebfbe386e43b75e27,brown_blight_00221,False,
test,Brown Blight,brown_blight_00222.jpg,1d665c3ed4d5f0e49e9ce8c66c883fa9,brown_blight_00222,False,
test,Brown Blight,brown_blight_00243.jpg,a9e893b5b96a5434b5e7d3610fa3e7da,brown_blight_00243,False,
test,Brown Blight,brown_blight_00253.jpg,81d497c392a887b4e89372ccd3cf6841,brown_blight_00253,False,
test,Brown Blight,brown_blight_00256.jpg,82d2921b665796ad79daed51efe44307,brown_blight_00256,False,
test,Brown Blight,brown_blight_00269.jpg,3eb347f5f0aa69940fa694c78a44809b,brown_blight_00269,False,
test,Brown Blight,brown_blight_00278.jpg,ac90abef7e02cc477fe41b9162212b34,brown_blight_00278,False,
test,Brown Blight,brown_blight_00293.jpg,474951071ade808ce235d7ff0ad31529,brown_blight_00293,False,
test,Brown Blight,brown_blight_00304.jpg,a8718453a91332b91e43a94703663595,brown_blight_00304,False,
test,Brown Blight,brown_blight_00314.jpg,692ca1e4a5fa70c2ec436f87aa08a438,brown_blight_00314,False,
test,Brown Blight,brown_blight_00319.jpg,ca2675e7dfce015c1fc0ccfe58c23ac4,brown_blight_00319,False,
test,Brown Blight,brown_blight_00327.jpg,99c4ab3b81e1efde2223118ff4a6b09a,brown_blight_00327,False,
test,Brown Blight,brown_blight_00335.jpg,2e411f1e7427c88b5e14c88a5a82775e,brown_blight_00335,False,
test,Brown Blight,brown_blight_00337.jpg,dff923cc61a452cc00fb447f15645e09,brown_blight_00337,False,
test,Brown Blight,brown_blight_00339.jpg,6c845db7a1412e7f84a5000e9a98d0c3,brown_blight_00339,False,
test,Brown Blight,brown_blight_00343.jpg,943728c4b2f456d83980f98fb1527916,brown_blight_00343,False,
test,Brown Blight,brown_blight_00347.jpg,6ba08ee39cb14d5304f399d9daa2bb7e,brown_blight_00347,False,
test,Brown Blight,brown_blight_00348.jpg,40b0037eb65d2be4f2145afc4e46cb6f,brown_blight_00348,False,
test,Brown Blight,brown_blight_00354.jpg,0c4eb095b80e58de2f243cedd0cbe171,brown_blight_00354,False,
test,Brown Blight,brown_blight_00361.jpg,16d47d114242727342966e5879ab0771,brown_blight_00361,False,
test,Brown Blight,brown_blight_00364.jpg,8c0216f9f85fa91beb256132343f72a7,brown_blight_00364,False,
test,Brown Blight,brown_blight_00366.jpg,c74fd2f932b9616d19c7ad19ffc2992a,brown_blight_00366,False,
test,Brown Blight,brown_blight_00374.jpg,e8d2b9acb6933364eaca343b46a7e650,brown_blight_00374,False,
test,Brown Blight,brown_blight_00378.jpg,6419e108bd461271f7704e8dd2991d6c,brown_blight_00378,False,
test,Brown Blight,brown_blight_00379.jpg,d9cbc635accc9ce2685896bdd3ccf74e,brown_blight_00379,False,
test,Brown Blight,brown_blight_00399.jpg,bd11474f3bf229763fcfe6ae019f7860,brown_blight_00399,False,
test,Brown Blight,brown_blight_00401.jpg,756a37004cd8236e126ea717351bd4dc,brown_blight_00401,False,
test,Brown Blight,brown_blight_00415.jpg,8af32b35b53c139e8c76f20ce71d3e4d,brown_blight_00415,False,
test,Brown Blight,brown_blight_00424.jpg,91fa5be86b6f3a8cf36cfc09813d8fd3,brown_blight_00424,False,
test,Brown Blight,brown_blight_00428.jpg,498e115b2970d7e13c645c82931b57fc,brown_blight_00428,False,
test,Brown Blight,brown_blight_00434.jpg,2ed7dd6e7210d37c2f83b7c67d74f905,brown_blight_00434,False,
test,Brown Blight,brown_blight_00440.jpg,3f3f49272be83963038fa5f105393457,brown_blight_00440,False,
test,Brown Blight,brown_blight_00450.jpg,1d7c668a5ef60a23f6306085cd988f17,brown_blight_00450,False,
test,Brown Blight,brown_blight_00464.jpg,f5d94a1bdb5500da407b68fb33c6bc9c,brown_blight_00464,False,
test,Brown Blight,brown_blight_00470.jpg,5351e97a8b48f51a865e814b42c3f91d,brown_blight_00470,False,
test,Brown Blight,brown_blight_00472.jpg,7401118253ed56a245dd5dec1e18c680,brown_blight_00472,False,
test,Brown Blight,brown_blight_00480.jpg,f4fdf9a88dea38eef2bc60a03be04867,brown_blight_00480,False,
test,Brown Blight,brown_blight_00481.jpg,f4a6c43158859c6bd8a186b9e1f3a9a1,brown_blight_00481,False,
test,Brown Blight,brown_blight_00485.jpg,8d1cb6c2f294a55057cf2f65605ddf16,brown_blight_00485,False,
test,Brown Blight,brown_blight_00490.jpg,303367aa27e48fcfcd5540462fe55a99,brown_blight_00490,False,
test,Gray Blight,IMG_20220503_135331.jpg,e122a8c2219e92379533c91d82257c57,IMG_20220503_135331,False,
test,Gray Blight,IMG_20220503_135500.jpg,821feff19a386c1f479c9f63a902b4ad,IMG_20220503_135500,False,
test,Gray Blight,IMG_20220503_135527.jpg,8e6fd12a3f65e36ee4f1c950e481bce6,IMG_20220503_135527,False,
test,Gray Blight,IMG_20220503_135841.jpg,cd7ed54b254e7815c90e22b39410c873,IMG_20220503_135841,False,
test,Gray Blight,IMG_20220503_140024.jpg,0ca87f2ca4a0858265e9d5464d2def83,IMG_20220503_140024,False,
test,Gray Blight,IMG_20220503_140452.jpg,52e08311955d133f49bbeb40cdf2e77e,IMG_20220503_140452,False,
test,Gray Blight,IMG_20220503_140849.jpg,16564465913d76ea893e8f85dbd56305,IMG_20220503_140849,False,
test,Gray Blight,IMG_20220503_140926.jpg,900e7b6063d33d51cbbb0455c61b752b,IMG_20220503_140926,False,
test,Gray Blight,IMG_20220503_141035.jpg,bcc70f3170155a2556ea4055edc1f94e,IMG_20220503_141035,False,
test,Gray Blight,IMG_20220503_141252.jpg,388e0b2dab941f0c82d97d0746cc14e4,IMG_20220503_141252,False,
test,Gray Blight,IMG_20220503_141342.jpg,117e46fbfcbb252fbbc04b03b200c1e2,IMG_20220503_141342,False,
test,Gray Blight,IMG_20220503_141503.jpg,5952d83d4090db4d80e9f9279cd158da,IMG_20220503_141503,False,
test,Gray Blight,IMG_20220503_141616.jpg,83603648bd894a6f529a90ea8781da76,IMG_20220503_141616,False,
test,Gray Blight,IMG_20220503_141626.jpg,8f2d762cd9feb6a6322a3ddd6536b21b,IMG_20220503_141626,False,
test,Gray Blight,IMG_20220503_141642.jpg,046da66bfefbcb5d1c572432c59d7356,IMG_20220503_141642,False,
test,Gray Blight,IMG_20220503_141932.jpg,0cd9dee12a5d12631b32190da5c7cd16,IMG_20220503_141932,False,
test,Gray Blight,IMG_20220503_142632.jpg,c062f2f3aa9a9b12bfe67a75cf7f495a,IMG_20220503_142632,False,
test,Gray Blight,gray_blight_00010.jpg,90446eb08bc74dfdcae26b09052205b3,gray_blight_00010,False,
test,Gray Blight,gray_blight_00025.jpg,0256fc59fdc67e4fa79243f606b904ec,gray_blight_00025,False,
test,Gray Blight,gray_blight_00035.jpg,37df89482afb7d3e3299b26c627ac4e7,gray_blight_00035,False,
test,Gray Blight,gray_blight_00041.jpg,2bd0dc00980ebb7e8ff5564974ccf132,gray_blight_00041,False,
test,Gray Blight,gray_blight_00052.jpg,8c4a126bef0e76a7cc7ae3c080abdab0,gray_blight_00052,False,
test,Gray Blight,gray_blight_00055.jpg,61c61b79a577f8e4914a5fceb8e7f99b,gray_blight_00055,False,
test,Gray Blight,gray_blight_00059.jpg,15becd03c67f39a6fe4c68cf083ee955,gray_blight_00059,False,
test,Gray Blight,gray_blight_00060.jpg,d6c6fa79bb160b6e947df634c3a3071d,gray_blight_00060,False,
test,Gray Blight,gray_blight_00062.jpg,0b323788af8439c34a7f35c01dd1413d,gray_blight_00062,False,
test,Gray Blight,gray_blight_00063.jpg,3a9f159c1662bcf7e840cf1fd313a759,gray_blight_00063,False,
test,Gray Blight,gray_blight_00080.jpg,ae77362673bc86c19219bbcdb69d4335,gray_blight_00080,False,
test,Gray Blight,gray_blight_00090.jpg,1894185b19c168962822e9500f9276ef,gray_blight_00090,False,
test,Gray Blight,gray_blight_00099.jpg,77c3125dace627a513eedc93013f1d20,gray_blight_00099,False,
test,Gray Blight,gray_blight_00112.jpg,76f6bc283360566008f4dbe338629e64,gray_blight_00112,False,
test,Gray Blight,gray_blight_00114.jpg,92c62f7788c5797132c976c1ea55d5ff,gray_blight_00114,False,
test,Gray Blight,gray_blight_00116.jpg,79656ad6f2f66fed87a3873a1a4c4455,gray_blight_00116,False,
test,Gray Blight,gray_blight_00131.jpg,f729d1ec1f13b4b0e581a4b87f78e1b8,gray_blight_00131,False,
test,Gray Blight,gray_blight_00136.jpg,2e3b14ed02db16db14857b1301056fe1,gray_blight_00136,False,
test,Gray Blight,gray_blight_00137.jpg,2fd4f5d883fca10c0b92e9f278e29b12,gray_blight_00137,False,
test,Gray Blight,gray_blight_00138.jpg,4a12959645dfa8e7dde4f963047a7aeb,gray_blight_00138,False,
test,Gray Blight,gray_blight_00139.jpg,06242b3f7a2ed7d637f08d2cc726c958,gray_blight_00139,False,
test,Gray Blight,gray_blight_00141.jpg,8e1187d2dfd6bd69fb4d5ef5177be383,gray_blight_00141,False,
test,Gray Blight,gray_blight_00148.jpg,93c2d623891fd5a54fe514edaed6a952,gray_blight_00148,False,
test,Gray Blight,gray_blight_00159.jpg,c511fc9a83653028a55002e7aa645f85,gray_blight_00159,False,
test,Gray Blight,gray_blight_00166.jpg,55fb7d898166aedc4d8ba144dd7b1c5c,gray_blight_00166,False,
test,Gray Blight,gray_blight_00187.jpg,15082daaa1e7f4cdb9f9994866aeef5a,gray_blight_00187,False,
test,Gray Blight,gray_blight_00190.jpg,918aa7958f062a0726ed454623d7a08f,gray_blight_00190,False,
test,Gray Blight,gray_blight_00199.jpg,fd96a638440e5ae4e3fe21ce68538121,gray_blight_00199,False,
test,Gray Blight,gray_blight_00206.jpg,6598f0a2c61a199f29f7a0251c9a3bc4,gray_blight_00206,False,
test,Gray Blight,gray_blight_00208.jpg,ec030966563c5ac30d5b0b90d5fa0514,gray_blight_00208,False,
test,Gray Blight,gray_blight_00223.jpg,6d3c71f65783f2794edf9b8155151498,gray_blight_00223,False,
test,Gray Blight,gray_blight_00234.jpg,f6dea3379d8495b002cc1a8cfec755f2,gray_blight_00234,False,
test,Gray Blight,gray_blight_00242.jpg,39be1fc9226fbf1068129b52ce84d6b4,gray_blight_00242,False,
test,Gray Blight,gray_blight_00248.jpg,f8d1011c632c1290cff81aff7a3bff26,gray_blight_00248,False,
test,Gray Blight,gray_blight_00267.jpg,6c231a4879eb3a746de6b822184e0b49,gray_blight_00267,False,
test,Gray Blight,gray_blight_00280.jpg,261b480a939e49812953830e09707785,gray_blight_00280,False,
test,Gray Blight,gray_blight_00281.jpg,1f4564b1bd1a51524e564649eb47f4e5,gray_blight_00281,False,
test,Gray Blight,gray_blight_00290.jpg,88e447c7b8b363ac5318b98c5e49a896,gray_blight_00290,False,
test,Gray Blight,gray_blight_00302.jpg,6d544a425e32d8e88f896ac205cdb345,gray_blight_00302,False,
test,Gray Blight,gray_blight_00303.jpg,2763787a16232816bc0be7109b5267f9,gray_blight_00303,False,
test,Gray Blight,gray_blight_00317.jpg,2e9313037b0a6cf2c0a566eb96fe6089,gray_blight_00317,False,
test,Gray Blight,gray_blight_00327.jpg,54087bcb5fddbdc5c7c9dd280acec052,gray_blight_00327,False,
test,Gray Blight,gray_blight_00330.jpg,57b97d9e5d4173487f49e00ff3b842cd,gray_blight_00330,False,
test,Gray Blight,gray_blight_00337.jpg,710e1aaf369360522dd0c4b2447774b1,gray_blight_00337,False,
test,Gray Blight,gray_blight_00342.jpg,614602435315efa2a8af1794b5562f0e,gray_blight_00342,False,
test,Gray Blight,gray_blight_00348.jpg,316e76a464689a03cd35c0dedd307bf2,gray_blight_00348,False,
test,Gray Blight,gray_blight_00351.jpg,658465503d7351750d8938853b3ab311,gray_blight_00351,False,
test,Gray Blight,gray_blight_00383.jpg,698e56dc979023b77772918dd00cef2b,gray_blight_00383,False,
test,Gray Blight,gray_blight_00389.jpg,72a4e053ca59575dcd6990103e312cc5,gray_blight_00389,False,
test,Gray Blight,gray_blight_00391.jpg,ad5664ae26ee8848e8749cf0ffe4e9ac,gray_blight_00391,False,
test,Gray Blight,gray_blight_00395.jpg,ddb86f3db237d316d0ed738d86c44566,gray_blight_00395,False,
test,Gray Blight,gray_blight_00408.jpg,d245d80065c0ce5ad898f1c6ea0b3fd3,gray_blight_00408,False,
test,Gray Blight,gray_blight_00410.jpg,c692cb05d8ce4968dad352915c15ec94,gray_blight_00410,False,
test,Gray Blight,gray_blight_00411.jpg,bff3993723c189aa063324fb1373efbd,gray_blight_00411,False,
test,Gray Blight,gray_blight_00421.jpg,137b8bf29ac627263990207ae6553b1e,gray_blight_00421,False,
test,Gray Blight,gray_blight_00432.jpg,5c80f0fb05537ca04f83f82a1a925e87,gray_blight_00432,False,
test,Gray Blight,gray_blight_00441.jpg,df553a364e16c94eb0c2270536d03847,gray_blight_00441,False,
test,Gray Blight,gray_blight_00448.jpg,80b2de4b73e6a907db4716b35a7c7024,gray_blight_00448,False,
test,Gray Blight,gray_blight_00453.jpg,359812e9ea25488385ad09fb2e8da933,gray_blight_00453,False,
test,Gray Blight,gray_blight_00455.jpg,c9071a5993815ca7e5d93c15a111d665,gray_blight_00455,False,
test,Gray Blight,gray_blight_00456.jpg,606eb7bd37b0f13d67c852fcdfff54f9,gray_blight_00456,False,
test,Gray Blight,gray_blight_00465.jpg,26b46cbf9c9cd0a1be18d77c277c56d5,gray_blight_00465,False,
test,Gray Blight,gray_blight_00467.jpg,035c3b4fd59b0f7b693842e9572e617c,gray_blight_00467,False,
test,Gray Blight,gray_blight_00469.jpg,6da0bd590682e5e0f5875078a67810bf,gray_blight_00469,False,
test,Gray Blight,gray_blight_00480.jpg,30eebd0d6d6e60f25465801de6d63b42,gray_blight_00480,False,
test,Gray Blight,gray_blight_00481.jpg,9b15e1bee3565f9f20dbf4fff0a5270d,gray_blight_00481,False,
test,Gray Blight,gray_blight_00486.jpg,6a173a3744ad16d5c968cec82a537856,gray_blight_00486,False,
test,Gray Blight,gray_blight_00496.jpg,9ea19b3e80de99a5cef9a18122c207af,gray_blight_00496,False,
test,Gray Blight,gray_blight_00502.jpg,782fe565f2aea102e34da732a33c8d93,gray_blight_00502,False,
test,Gray Blight,gray_blight_00504.jpg,7572c2cbf53e131d95f159c66414c405,gray_blight_00504,False,
test,Gray Blight,gray_blight_00505.jpg,7b0ffb83616f300dbe7837541e67a1a8,gray_blight_00505,False,
test,Gray Blight,gray_blight_00511.jpg,b2acddc6899e2c004d2ac2fec876666a,gray_blight_00511,False,
test,Gray Blight,gray_blight_00536.jpg,c14b3d130d630b2d46d6940b1e90c131,gray_blight_00536,False,
test,Gray Blight,gray_blight_00540.jpg,f7fcba88f50d4c76f297480b900dcfe2,gray_blight_00540,False,
test,Gray Blight,gray_blight_00543.jpg,ab2b2ef77d0c4ee31cac097e655f3275,gray_blight_00543,False,
test,Gray Blight,gray_blight_00544.jpg,bf60d630e1900f4b0fbc837e5546b1c0,gray_blight_00544,False,
test,Gray Blight,gray_blight_00549.jpg,0cad4f14756412252198fd016ab359f1,gray_blight_00549,False,
test,Gray Blight,gray_blight_00552.jpg,0d83f5d6dc5bcb34ddc620a56d824a68,gray_blight_00552,False,
test,Gray Blight,gray_blight_00554.jpg,a11dd75ee78994edfe6076129c0013b9,gray_blight_00554,False,
test,Gray Blight,gray_blight_00563.jpg,1753bc34ee6adc92930dec16dae11f26,gray_blight_00563,False,
test,Gray Blight,gray_blight_00586.jpg,2f0c910a4d3e65b5b7d34fe237bbd13d,gray_blight_00586,False,
test,Gray Blight,gray_blight_00602.jpg,96bf6e7cae674e97deb3ff1b87effe91,gray_blight_00602,False,
test,Gray Blight,gray_blight_00606.jpg,b2cb30e3ce8af3195c85b917269c6a39,gray_blight_00606,False,
test,Gray Blight,gray_blight_00608.jpg,6e48f51614d769affad3b2b62e8ba1e0,gray_blight_00608,False,
test,Gray Blight,gray_blight_00609.jpg,57dd32e6033d1236555a9e5589d53692,gray_blight_00609,False,
test,Gray Blight,gray_blight_00624.jpg,8dc25b738ea2d5c69c019fac40c63639,gray_blight_00624,False,
test,Gray Blight,gray_blight_00628.jpg,99def50bbfb12d1de2a811796e645a09,gray_blight_00628,False,
test,Gray Blight,gray_blight_00637.jpg,79e5941feef853d1226b15c1238efb3d,gray_blight_00637,False,
test,Gray Blight,gray_blight_00640.jpg,b7720c4356b69dbff8a782ea37a23a0b,gray_blight_00640,False,
test,Gray Blight,gray_blight_00643.jpg,c9b8ac8b538229dd30519b3d81e6ea40,gray_blight_00643,False,
test,Gray Blight,gray_blight_00645.jpg,03d0b7bd2175290f0e6b054a6deb02b6,gray_blight_00645,False,
test,Gray Blight,gray_blight_00649.jpg,7a97edf61e2d0141651f26b9489d4d1b,gray_blight_00649,False,
test,Gray Blight,gray_blight_00657.jpg,cd8f449d7ef040b213dc5cdc6a9a82eb,gray_blight_00657,False,
test,Gray Blight,gray_blight_00671.jpg,e3e3577824caf24f2c53103b300721fb,gray_blight_00671,False,
test,Gray Blight,gray_blight_00678.jpg,05933f2ca521212cf1a4e95bd442edc6,gray_blight_00678,False,
test,Gray Blight,gray_blight_00685.jpg,bf242952b1bec21f2fee07f5fcf6a7fe,gray_blight_00685,False,
test,Gray Blight,gray_blight_00691.jpg,7ddc2c0b854b6734a33dadf584827552,gray_blight_00691,False,
test,Gray Blight,gray_blight_00703.jpg,728da160576a22c9adadf2cc3cc1e01b,gray_blight_00703,False,
test,Gray Blight,gray_blight_00728.jpg,b4dff8355156e358b815a623392acff0,gray_blight_00728,False,
test,Gray Blight,gray_blight_00743.jpg,769ba243cbd34f0a4bdd32d19ae60c30,gray_blight_00743,False,
test,Gray Blight,gray_blight_00750.jpg,d3152f48be9d0e3c0c638336bd66a9ea,gray_blight_00750,False,
test,Gray Blight,gray_blight_00756.jpg,9fbf173c9e5322e71521b2f6bbae18d5,gray_blight_00756,False,
test,Gray Blight,gray_blight_00758.jpg,94db81e85c502de09859df36da1d5399,gray_blight_00758,False,
test,Gray Blight,gray_blight_00761.jpg,8d263327be178e7eabc9d6a50c7827e7,gray_blight_00761,False,
test,Gray Blight,gray_blight_00784.jpg,948dab1b87e4eba914b03cd9ea88167e,gray_blight_00784,False,
test,Gray Blight,gray_blight_00785.jpg,284d44672e5d55587bb7790f1fad3a3f,gray_blight_00785,False,
test,Gray Blight,gray_blight_00787.jpg,039e2a6b32c59ecdfed94b12719dbe22,gray_blight_00787,False,
test,Gray Blight,gray_blight_00792.jpg,b4ad2982c188aec9365827548e4dbb7a,gray_blight_00792,False,
test,Gray Blight,gray_blight_00798.jpg,88bace525b7b650d9ac141bebd5abceb,gray_blight_00798,False,
test,Gray Blight,gray_blight_00802.jpg,cc950b82a102fef8bc9156fe43c04107,gray_blight_00802,False,
test,Gray Blight,gray_blight_00804.jpg,c297f5ec4b39ea322206050af61ef6e1,gray_blight_00804,False,
test,Gray Blight,gray_blight_00805.jpg,df7c74f7bbebc5dd4535e4a80ea7bd78,gray_blight_00805,False,
test,Gray Blight,gray_blight_00809.jpg,d0ed5591212e15eea14d8cbaac8e4675,gray_blight_00809,False,
test,Gray Blight,gray_blight_00812.jpg,2291dc3c4c6c02c101e752456e003315,gray_blight_00812,False,
test,Gray Blight,gray_blight_00832.jpg,4619518cd5ff89d2d771afea27cb4478,gray_blight_00832,False,
test,Gray Blight,gray_blight_00838.jpg,b87f32abdfd397fc1c0a84a3fd992f05,gray_blight_00838,False,
test,Gray Blight,gray_blight_00839.jpg,4718f188e4a29991c8de08dc7ec66c26,gray_blight_00839,False,
test,Gray Blight,gray_blight_00849.jpg,c19fc72f7be709ad79e4ef3258e174ad,gray_blight_00849,False,
test,Gray Blight,gray_blight_00854.jpg,37f9a98f1174fc3241c3fb0e181aa2ab,gray_blight_00854,False,
test,Gray Blight,gray_blight_00860.jpg,6523faf0674164ea72c77e7d2118d1ae,gray_blight_00860,False,
test,Gray Blight,gray_blight_00869.jpg,c68010c4de6bf948d09085170b2597a3,gray_blight_00869,False,
test,Gray Blight,gray_blight_00873.jpg,17d7d20ebe16e1a3ec21dc59a684294b,gray_blight_00873,False,
test,Gray Blight,gray_blight_00874.jpg,c7045ddd7d0dc3533aed10a68c06b3a3,gray_blight_00874,False,
test,Gray Blight,gray_blight_00883.jpg,0d9e022e21c6959610c1076ce8f6659b,gray_blight_00883,False,
test,Gray Blight,gray_blight_00884.jpg,594fb0e6aa70a03d5e07eb9be57ebd7a,gray_blight_00884,False,
test,Gray Blight,gray_blight_00888.jpg,4bef6c353bee273d5b9418983599a34d,gray_blight_00888,False,
test,Gray Blight,gray_blight_00889.jpg,3c47db28721e09a00839c9ae13b27234,gray_blight_00889,False,
test,Gray Blight,gray_blight_00895.jpg,7db7363065c9bf763a5383fb0199d5c1,gray_blight_00895,False,
test,Gray Blight,gray_blight_00896.jpg,f2fffdb974fd712f55b5c32797617633,gray_blight_00896,False,
test,Gray Blight,gray_blight_00899.jpg,4aea3d6a17e050549f7a81ad1a473d4b,gray_blight_00899,False,
test,Gray Blight,gray_blight_00917.jpg,9f6d875cbb32a91177bdb7bf622612bd,gray_blight_00917,False,
test,Gray Blight,gray_blight_00920.jpg,48904ebcffc198822a4e2bef7a4b1ac5,gray_blight_00920,False,
test,Gray Blight,gray_blight_00926.jpg,75590b072bfda412b8aba0b5e4269774,gray_blight_00926,False,
test,Gray Blight,gray_blight_00932.jpg,0080e3f0369542bc77fb0a08ca15ae47,gray_blight_00932,False,
test,Gray Blight,gray_blight_00938.jpg,bee62f53bcee93003513742ff7c83673,gray_blight_00938,False,
test,Gray Blight,gray_blight_00956.jpg,188e682a018b2637954fbc3d2b50d16d,gray_blight_00956,False,
test,Gray Blight,gray_blight_00962.jpg,c59b9c7fefbdb0b9e110492f851d8ec6,gray_blight_00962,False,
test,Gray Blight,gray_blight_00963.jpg,4dc28ff8762f2b77adb8922d5e63675c,gray_blight_00963,False,
test,Gray Blight,gray_blight_00967.jpg,da3dd46a871d64fe1e0bd27d8b722a3a,gray_blight_00967,False,
test,Gray Blight,gray_blight_00996.jpg,c94e5c01e7f855c200836cb873bdd64c,gray_blight_00996,False,
test,Gray Blight,gray_blight_00998.jpg,569ad2cf64c6474d19bb85197adc50c9,gray_blight_00998,False,
test,Gray Blight,gray_blight_01009.jpg,ead4dc4bf907c204077cd9ec274f05db,gray_blight_01009,False,
test,Gray Blight,gray_blight_01013.jpg,5ee64065e091711732b96665ff692618,gray_blight_01013,False,
test,Green mirid bug,green_mirid_bug_00006.jpg,1c27bc290ccd85c9bd22a404c1c004d9,green_mirid_bug_00006,False,
test,Green mirid bug,green_mirid_bug_00014.jpg,31ea6b5f413ee39d0a9b0f06a4771851,green_mirid_bug_00014,False,
test,Green mirid bug,green_mirid_bug_00015.jpg,cb53610cc20fad2f64294e6c364d5f59,green_mirid_bug_00015,False,
test,Green mirid bug,green_mirid_bug_00016.jpg,613a54534d50ddb4777940586c878810,green_mirid_bug_00016,False,
test,Green mirid bug,green_mirid_bug_00021.jpg,3e53ced6a3f1d65f592cbc2189dcaf1c,green_mirid_bug_00021,False,
test,Green mirid bug,green_mirid_bug_00034.jpg,c816e7fc62be6c0e6e334560aa5168ec,green_mirid_bug_00034,False,
test,Green mirid bug,green_mirid_bug_00036.jpg,9bb37937399ab0bc46d0cf00e0494d58,green_mirid_bug_00036,False,
test,Green mirid bug,green_mirid_bug_00041.jpg,047fa6055941b46c7f5447ad7d27640e,green_mirid_bug_00041,False,
test,Green mirid bug,green_mirid_bug_00054.jpg,4458a164224aa44a23205485f2c25729,green_mirid_bug_00054,False,
test,Green mirid bug,green_mirid_bug_00056.jpg,f2aa5e048f3cb3fe8a4dbb2c25888051,green_mirid_bug_00056,False,
test,Green mirid bug,green_mirid_bug_00072.jpg,ed1ae7d52ea66dd81f8b40669dbf03d4,green_mirid_bug_00072,False,
test,Green mirid bug,green_mirid_bug_00075.jpg,b7e394cc511cce0ee33e42a9592fb67b,green_mirid_bug_00075,False,
test,Green mirid bug,green_mirid_bug_00077.jpg,3353455aedc7640ac4e62a44d3afefb1,green_mirid_bug_00077,False,
test,Green mirid bug,green_mirid_bug_00082.jpg,3aa095c34ac968a2398c334ec31f1590,green_mirid_bug_00082,False,
test,Green mirid bug,green_mirid_bug_00085.jpg,ca2a24d7e4d80f3e8b03353e02c9c15d,green_mirid_bug_00085,False,
test,Green mirid bug,green_mirid_bug_00095.jpg,a06667c6c5abc72df01afc2a52a01fe3,green_mirid_bug_00095,False,
test,Green mirid bug,green_mirid_bug_00099.jpg,9d5e231c0614d3519fb3f9ee4ab80b5c,green_mirid_bug_00099,False,
test,Green mirid bug,green_mirid_bug_00109.jpg,2e358e08842ef824a47f33a5810f18b1,green_mirid_bug_00109,False,
test,Green mirid bug,green_mirid_bug_00121.jpg,cd97aaa314fafb9d54e7b62ded546b5b,green_mirid_bug_00121,False,
test,Green mirid bug,green_mirid_bug_00122.jpg,aad809d1a0c032dee83cff1679c26dad,green_mirid_bug_00122,False,
test,Green mirid bug,green_mirid_bug_00131.jpg,04536444e3a7d81bed4128ad6d097264,green_mirid_bug_00131,False,
test,Green mirid bug,green_mirid_bug_00135.jpg,5572c79c7f3b8e67cbd5c2426c77494f,green_mirid_bug_00135,False,
test,Green mirid bug,green_mirid_bug_00138.jpg,3eec019a533189e1bba54fb9aca61bad,green_mirid_bug_00138,False,
test,Green mirid bug,green_mirid_bug_00140.jpg,7eb851240ada2d847d0cfd9375524716,green_mirid_bug_00140,False,
test,Green mirid bug,green_mirid_bug_00149.jpg,5f1ffc08f0ba7d43c9a5fe7c240e763a,green_mirid_bug_00149,False,
test,Green mirid bug,green_mirid_bug_00151.jpg,5eb6eb86f7b1f176d899054f884a5795,green_mirid_bug_00151,False,
test,Green mirid bug,green_mirid_bug_00158.jpg,8571bee6aca39ba6fcd153128c38a3ad,green_mirid_bug_00158,False,
test,Green mirid bug,green_mirid_bug_00185.jpg,2274bce128f24a5199d511bcbf67dc92,green_mirid_bug_00185,False,
test,Green mirid bug,green_mirid_bug_00190.jpg,2ca1c5d33dc79d6150c6f0cd42d8db6a,green_mirid_bug_00190,False,
test,Green mirid bug,green_mirid_bug_00192.jpg,cbed85c4239ce3b141b5a4d72d1f588d,green_mirid_bug_00192,False,
test,Green mirid bug,green_mirid_bug_00207.jpg,9c0eaf8c6f4a3f09c8ce8d09b3058f5e,green_mirid_bug_00207,False,
test,Green mirid bug,green_mirid_bug_00208.jpg,8d00f79ddda39d422a348d2b94dce77d,green_mirid_bug_00208,False,
test,Green mirid bug,green_mirid_bug_00212.jpg,643f1d8dd9001251194ab49f42dc6c10,green_mirid_bug_00212,False,
test,Green mirid bug,green_mirid_bug_00222.jpg,2c2d7141ba6954917c1be32ce7323b85,green_mirid_bug_00222,False,
test,Green mirid bug,green_mirid_bug_00231.jpg,ca4ce8b5542e6d34495e9db2d8e9b6aa,green_mirid_bug_00231,False,
test,Green mirid bug,green_mirid_bug_00233.jpg,a404f427d2b5d5e1ca35ff6db35382c5,green_mirid_bug_00233,False,
test,Green mirid bug,green_mirid_bug_00239.jpg,de6d933de71a01810b8b14c45bd10011,green_mirid_bug_00239,False,
test,Green mirid bug,green_mirid_bug_00247.jpg,4a1d4a0ebecbcbed6e0c33691ae91ae4,green_mirid_bug_00247,False,
test,Green mirid bug,green_mirid_bug_00249.jpg,6b80f09e13cf5be40bf752d3ceb99245,green_mirid_bug_00249,False,
test,Green mirid bug,green_mirid_bug_00256.jpg,58e99a5670b27065920d1637418c3f67,green_mirid_bug_00256,False,
test,Green mirid bug,green_mirid_bug_00271.jpg,64d4658f60c449929c746ad04dad18b8,green_mirid_bug_00271,False,
test,Green mirid bug,green_mirid_bug_00274.jpg,fc368d839ff79b32fd1c546cf7224c79,green_mirid_bug_00274,False,
test,Green mirid bug,green_mirid_bug_00286.jpg,206ba7aa013e643cd1322b1152785ee9,green_mirid_bug_00286,False,
test,Green mirid bug,green_mirid_bug_00290.jpg,e5fcf8c157f68bf405f8fb77af77aeca,green_mirid_bug_00290,False,
test,Green mirid bug,green_mirid_bug_00304.jpg,67c4518a9cb76e28b68155da7dbdc8b0,green_mirid_bug_00304,False,
test,Green mirid bug,green_mirid_bug_00307.jpg,ab9e1c56449469a02e4b3a8e52c26de2,green_mirid_bug_00307,False,
test,Green mirid bug,green_mirid_bug_00308.jpg,2fa5eb44401df13bd3b012e3f6759ee9,green_mirid_bug_00308,False,
test,Green mirid bug,green_mirid_bug_00314.jpg,b6374f702d1779e4fa55f9d5498fae35,green_mirid_bug_00314,False,
test,Green mirid bug,green_mirid_bug_00332.jpg,2c798f93543a6302acb5a3d52d491935,green_mirid_bug_00332,False,
test,Green mirid bug,green_mirid_bug_00333.jpg,c06383e66519189b00372b821d757b41,green_mirid_bug_00333,False,
test,Green mirid bug,green_mirid_bug_00337.jpg,27b49906e08cf189dd121557adda6d55,green_mirid_bug_00337,False,
test,Green mirid bug,green_mirid_bug_00338.jpg,c6f11681084e54f1c11d89927c69ebd9,green_mirid_bug_00338,False,
test,Green mirid bug,green_mirid_bug_00342.jpg,f89eabb868f0360ca291d496c15dd863,green_mirid_bug_00342,False,
test,Green mirid bug,green_mirid_bug_00355.jpg,f269a288102d537188aed96c897b216b,green_mirid_bug_00355,False,
test,Green mirid bug,green_mirid_bug_00364.jpg,159ae57f9dd32a16bb3874ebf05b68df,green_mirid_bug_00364,False,
test,Green mirid bug,green_mirid_bug_00368.jpg,82ad549c9723a0e6f0464437dfdd40a6,green_mirid_bug_00368,False,
test,Green mirid bug,green_mirid_bug_00369.jpg,2b500f31a7b1b57edd74b176ce377a6b,green_mirid_bug_00369,False,
test,Green mirid bug,green_mirid_bug_00370.jpg,976d062da4d9722532642fb54b88037c,green_mirid_bug_00370,False,
test,Green mirid bug,green_mirid_bug_00371.jpg,d7d8aaa8b6afb8b7877005b7df93af5c,green_mirid_bug_00371,False,
test,Green mirid bug,green_mirid_bug_00375.jpg,cfbd8bb39eb38ba49ae8078ffce4599c,green_mirid_bug_00375,False,
test,Green mirid bug,green_mirid_bug_00381.jpg,8ba6bf4ca804505f4e82e88c7fbc5e9e,green_mirid_bug_00381,False,
test,Green mirid bug,green_mirid_bug_00382.jpg,1d25c5fe21645b97c84b76ed46d88024,green_mirid_bug_00382,False,
test,Green mirid bug,green_mirid_bug_00386.jpg,016ca948ac6c1ea25f3de00b57464554,green_mirid_bug_00386,False,
test,Green mirid bug,green_mirid_bug_00387.jpg,afb9d5542202f17d80ed0a5b8d2b9832,green_mirid_bug_00387,False,
test,Green mirid bug,green_mirid_bug_00392.jpg,91ba9e1e8e65b889a34268a6645caeb4,green_mirid_bug_00392,False,
test,Green mirid bug,green_mirid_bug_00394.jpg,af457798d739a786aace9917b3c95034,green_mirid_bug_00394,False,
test,Green mirid bug,green_mirid_bug_00396.jpg,e664d921e7cf190bcea1d6f325256226,green_mirid_bug_00396,False,
test,Green mirid bug,green_mirid_bug_00397.jpg,e0ccf8f33adac6aea3afa62de9b6ff82,green_mirid_bug_00397,False,
test,Green mirid bug,green_mirid_bug_00403.jpg,32e9c1a1afe10ffe80da1e60fbdf72b5,green_mirid_bug_00403,False,
test,Green mirid bug,green_mirid_bug_00411.jpg,123e1c12d99a239d61a19a3ea64f0c12,green_mirid_bug_00411,False,
test,Green mirid bug,green_mirid_bug_00423.jpg,e3a8dc5b1c26d1235ec6a69e3c770666,green_mirid_bug_00423,False,
test,Green mirid bug,green_mirid_bug_00442.jpg,e3d5c656b8729fe82c0062df296cc494,green_mirid_bug_00442,False,
test,Green mirid bug,green_mirid_bug_00447.jpg,34771c1033297b67b26c85a956c54239,green_mirid_bug_00447,False,
test,Green mirid bug,green_mirid_bug_00454.jpg,3fe5c140354d2608198563f05da6fd43,green_mirid_bug_00454,False,
test,Green mirid bug,green_mirid_bug_00456.jpg,e1a30c7236c293e1183df7b5c138f830,green_mirid_bug_00456,False,
test,Green mirid bug,green_mirid_bug_00470.jpg,7abf8c622ad5ccb96efb16417209498b,green_mirid_bug_00470,False,
test,Green mirid bug,green_mirid_bug_00471.jpg,ec9f41e85c4586336326897a6e68d8b4,green_mirid_bug_00471,False,
test,Green mirid bug,green_mirid_bug_00484.jpg,c20161c1cbe78694015608a8056b2b28,green_mirid_bug_00484,False,
test,Green mirid bug,green_mirid_bug_00513.jpg,8c7a936d695fed73420512ca7224ca91,green_mirid_bug_00513,False,
test,Green mirid bug,green_mirid_bug_00523.jpg,a38e6ac2f59d3dcdcb99fbe33a8c8f5b,green_mirid_bug_00523,False,
test,Green mirid bug,green_mirid_bug_00524.jpg,525dd45aaa7a507a1a0b2b54bbabd984,green_mirid_bug_00524,False,
test,Green mirid bug,green_mirid_bug_00530.jpg,be3e1b57a32d0e97f132964aa8681a7e,green_mirid_bug_00530,False,
test,Green mirid bug,green_mirid_bug_00537.jpg,c980cd58e0332f579e7d2ab38f956c65,green_mirid_bug_00537,False,
test,Green mirid bug,green_mirid_bug_00545.jpg,b392b1c44b4761f1c056f9c7ec7d7ff6,green_mirid_bug_00545,False,
test,Green mirid bug,green_mirid_bug_00559.jpg,67c4821b0405aa26c00735bc82e9030f,green_mirid_bug_00559,False,
test,Green mirid bug,green_mirid_bug_00579.jpg,25ddc368b304f1e2a91afd30f140f004,green_mirid_bug_00579,False,
test,Green mirid bug,green_mirid_bug_00583.jpg,5eca31f523a299948102bc8636d8408c,green_mirid_bug_00583,False,
test,Green mirid bug,green_mirid_bug_00592.jpg,1b705d4a8c51c488be5e26d4a866abc1,green_mirid_bug_00592,False,
test,Green mirid bug,green_mirid_bug_00594.jpg,3faf3109cc1973c14e52280e66edcac2,green_mirid_bug_00594,False,
test,Green mirid bug,green_mirid_bug_00614.jpg,52ce9002cacb1582142624a7499b63fe,green_mirid_bug_00614,False,
test,Green mirid bug,green_mirid_bug_00625.jpg,c2ba4f4cfb327987728934caec2b66b8,green_mirid_bug_00625,False,
test,Green mirid bug,green_mirid_bug_00628.jpg,54839d00bc45ca2ea4233cd4d20312ca,green_mirid_bug_00628,False,
test,Green mirid bug,green_mirid_bug_00629.jpg,2d2901724cce20d33edc2c996a825025,green_mirid_bug_00629,False,
test,Green mirid bug,green_mirid_bug_00663.jpg,a9ae000d50052cc4a126249f298c4c8a,green_mirid_bug_00663,False,
test,Green mirid bug,green_mirid_bug_00666.jpg,dbb7a84da5be6a12c4dccb8be330b3d0,green_mirid_bug_00666,False,
test,Green mirid bug,green_mirid_bug_00673.jpg,8c94e9e63340e3e2eba88890586c8046,green_mirid_bug_00673,False,
test,Green mirid bug,green_mirid_bug_00674.jpg,c5eb15e68618fe3d51d5c4d6f20d8078,green_mirid_bug_00674,False,
test,Green mirid bug,green_mirid_bug_00694.jpg,c0eba7057d8f1f3a22ab96bd4b19885d,green_mirid_bug_00694,False,
test,Green mirid bug,green_mirid_bug_00701.jpg,2ba0272847ab522ba7daab70a0f496d3,green_mirid_bug_00701,False,
test,Green mirid bug,green_mirid_bug_00703.jpg,bdb16b5d8a2ecf00a0f268d7cf069d53,green_mirid_bug_00703,False,
test,Green mirid bug,green_mirid_bug_00713.jpg,fa794f2eff3e0e7cde56ec5b7da1c8e9,green_mirid_bug_00713,False,
test,Green mirid bug,green_mirid_bug_00721.jpg,3df4a943b525d32e7d790a86e60abba8,green_mirid_bug_00721,False,
test,Green mirid bug,green_mirid_bug_00722.jpg,b0e85c7f042e0fd281e1652adcb1eb42,green_mirid_bug_00722,False,
test,Green mirid bug,green_mirid_bug_00732.jpg,d6c9dd090612007aad7cc2550f1e87ae,green_mirid_bug_00732,False,
test,Green mirid bug,green_mirid_bug_00744.jpg,5d97e87e2f44bec65382175f9786994d,green_mirid_bug_00744,False,
test,Green mirid bug,green_mirid_bug_00749.jpg,be770cab92394858e5d5268356fcb55f,green_mirid_bug_00749,False,
test,Green mirid bug,green_mirid_bug_00761.jpg,a0674f91f6984e1541078f23a90cfeb9,green_mirid_bug_00761,False,
test,Green mirid bug,green_mirid_bug_00765.jpg,a682d0207135bac80faf9025679fbfc4,green_mirid_bug_00765,False,
test,Green mirid bug,green_mirid_bug_00780.jpg,15aff302674bf5a1a1b3e4f0d6eb0801,green_mirid_bug_00780,False,
test,Green mirid bug,green_mirid_bug_00787.jpg,d779b9b5ee84a9a29adaab06886d229c,green_mirid_bug_00787,False,
test,Green mirid bug,green_mirid_bug_00794.jpg,959d8120962abc9933eb1f07fee2a6b9,green_mirid_bug_00794,False,
test,Green mirid bug,green_mirid_bug_00795.jpg,e5df0cd952c4b65edabce2c8ab3c4769,green_mirid_bug_00795,False,
test,Green mirid bug,green_mirid_bug_00800.jpg,cfd73020df219b9df61619b3178e47e3,green_mirid_bug_00800,False,
test,Green mirid bug,green_mirid_bug_00807.jpg,4e1793f6938446f84985920e88a386cb,green_mirid_bug_00807,False,
test,Green mirid bug,green_mirid_bug_00809.jpg,981ad9567ccc630fc5b2ebfa9159004f,green_mirid_bug_00809,False,
test,Green mirid bug,green_mirid_bug_00815.jpg,34b850cc3b9975be8dd0f41171196984,green_mirid_bug_00815,False,
test,Green mirid bug,green_mirid_bug_00822.jpg,9816e2bca37a47b8a8680252d8cd5043,green_mirid_bug_00822,False,
test,Green mirid bug,green_mirid_bug_00832.jpg,75f0094741ed9fb9b24bb4ffcd36d044,green_mirid_bug_00832,False,
test,Green mirid bug,green_mirid_bug_00843.jpg,19bbb4b725063e5d8d60871604f9f2e5,green_mirid_bug_00843,False,
test,Green mirid bug,green_mirid_bug_00849.jpg,85ae6b26a74edcdbcc13125c543a3c10,green_mirid_bug_00849,False,
test,Green mirid bug,green_mirid_bug_00853.jpg,0357f227e564016aa568688db8d23d2f,green_mirid_bug_00853,False,
test,Green mirid bug,green_mirid_bug_00868.jpg,e4f6389207c21877219b058e349e2528,green_mirid_bug_00868,False,
test,Green mirid bug,green_mirid_bug_00876.jpg,ca49b949eaca0cb23f299d4783e69006,green_mirid_bug_00876,False,
test,Green mirid bug,green_mirid_bug_00883.jpg,b5c0145f9763108c24d0cdfc5b9becaf,green_mirid_bug_00883,False,
test,Green mirid bug,green_mirid_bug_00884.jpg,85fb3dbcbb363502a45ae7deddd13377,green_mirid_bug_00884,False,
test,Green mirid bug,green_mirid_bug_00889.jpg,661c516442e98133f7ebb86bb3410e4a,green_mirid_bug_00889,False,
test,Green mirid bug,green_mirid_bug_00905.jpg,bf139130627cd47aaf97c9b2cdb67cbc,green_mirid_bug_00905,False,
test,Green mirid bug,green_mirid_bug_00924.jpg,5e4c4cd4bc96163389ba9fb31fc52d50,green_mirid_bug_00924,False,
test,Green mirid bug,green_mirid_bug_00950.jpg,764ee74c32719da6680c9ebf1442e8b7,green_mirid_bug_00950,False,
test,Green mirid bug,green_mirid_bug_00951.jpg,929631afad293b28b6d49c5ca03ea6f6,green_mirid_bug_00951,False,
test,Green mirid bug,green_mirid_bug_00958.jpg,a821164a92917800721ce3af02af1afb,green_mirid_bug_00958,False,
test,Green mirid bug,green_mirid_bug_00960.jpg,e4bc01450c6b14100ec22fd164ffd5cb,green_mirid_bug_00960,False,
test,Green mirid bug,green_mirid_bug_00966.jpg,0616f17a5ed686d787d92aba0c705c43,green_mirid_bug_00966,False,
test,Green mirid bug,green_mirid_bug_00969.jpg,efc4a83a0387e84504da0b258b01ea90,green_mirid_bug_00969,False,
test,Green mirid bug,green_mirid_bug_00973.jpg,139fcf31a8c437dc2b37b0a74856b8fe,green_mirid_bug_00973,False,
test,Green mirid bug,green_mirid_bug_00980.jpg,33d51d498bce147182dca95ffff10569,green_mirid_bug_00980,False,
test,Green mirid bug,green_mirid_bug_00985.jpg,25e0c70d036a60417f0f036c33237b41,green_mirid_bug_00985,False,
test,Green mirid bug,green_mirid_bug_00993.jpg,45bf6cde4fb718bdc69cc25ceee9aea3,green_mirid_bug_00993,False,
test,Green mirid bug,green_mirid_bug_00995.jpg,d23af7eeb87cb63783b2f5886e6fbee5,green_mirid_bug_00995,False,
test,Green mirid bug,green_mirid_bug_00996.jpg,ede36a92eae214e9056f7e3c9c8a781e,green_mirid_bug_00996,False,
test,Green mirid bug,green_mirid_bug_00998.jpg,b4ac088d741b34fe802979187625942b,green_mirid_bug_00998,False,
test,Green mirid bug,green_mirid_bug_01001.jpg,67d67ba7756a127b83bd91ee591ee4da,green_mirid_bug_01001,False,
test,Green mirid bug,green_mirid_bug_01014.jpg,43628013eeb8db8821375acde8770e98,green_mirid_bug_01014,False,
test,Green mirid bug,green_mirid_bug_01018.jpg,b004e277569c3536a14b95f70f89249d,green_mirid_bug_01018,False,
test,Green mirid bug,green_mirid_bug_01022.jpg,b7d9fa97adf74ce9bb442c10c8a5389b,green_mirid_bug_01022,False,
test,Green mirid bug,green_mirid_bug_01027.jpg,7c238a8e8d262765272331e39fa424e1,green_mirid_bug_01027,False,
test,Green mirid bug,green_mirid_bug_01041.jpg,409bac6d27c1a9276cf4e2a02a7c2758,green_mirid_bug_01041,False,
test,Green mirid bug,green_mirid_bug_01047.jpg,a8d0ec342ae5c9c2137e50bf399005ff,green_mirid_bug_01047,False,
test,Green mirid bug,green_mirid_bug_01055.jpg,9fb7b1ebd5438811c16d3d02cac8bfbe,green_mirid_bug_01055,False,
test,Green mirid bug,green_mirid_bug_01056.jpg,677710a5fdde44dab2bbbb41d66f8a55,green_mirid_bug_01056,False,
test,Green mirid bug,green_mirid_bug_01057.jpg,81ac7bb9c2dc81763adfcbcb4084e115,green_mirid_bug_01057,False,
test,Green mirid bug,green_mirid_bug_01062.jpg,29176bdccf11b336b3354f9f5a1c080b,green_mirid_bug_01062,False,
test,Green mirid bug,green_mirid_bug_01077.jpg,1413223be346032aa4ee74fc0c3bc631,green_mirid_bug_01077,False,
test,Green mirid bug,green_mirid_bug_01080.jpg,12e2d23e94b6fa033edf48bffb1ba424,green_mirid_bug_01080,False,
test,Green mirid bug,green_mirid_bug_01083.jpg,10e16434197ba1d02c08a9daf3ba5706,green_mirid_bug_01083,False,
test,Green mirid bug,green_mirid_bug_01086.jpg,44085d673c10de44fc88c5f857ca8bc1,green_mirid_bug_01086,False,
test,Green mirid bug,green_mirid_bug_01093.jpg,0a83ec89e6fabdf02442e77072c9ac0e,green_mirid_bug_01093,False,
test,Green mirid bug,green_mirid_bug_01099.jpg,9d8d77ab3991d443cbfbbdd13641624b,green_mirid_bug_01099,False,
test,Green mirid bug,green_mirid_bug_01103.jpg,7eac38bf97118ba6957d8a7517b73ea7,green_mirid_bug_01103,False,
test,Green mirid bug,green_mirid_bug_01108.jpg,ddf4178e08fab9418905084a71094cd4,green_mirid_bug_01108,False,
test,Green mirid bug,green_mirid_bug_01109.jpg,0272c7adde7d5bcf4a21b89437fc2851,green_mirid_bug_01109,False,
test,Green mirid bug,green_mirid_bug_01126.jpg,5697892383db681c3f8e6f4c70b4abe0,green_mirid_bug_01126,False,
test,Green mirid bug,green_mirid_bug_01141.jpg,815c1ee3ee879a977b4666810b20d595,green_mirid_bug_01141,False,
test,Green mirid bug,green_mirid_bug_01155.jpg,6eba2bc56d8234e0e5589f2ed6647710,green_mirid_bug_01155,False,
test,Green mirid bug,green_mirid_bug_01164.jpg,b19b3ec8a1356b7a03b3e9f183015d32,green_mirid_bug_01164,False,
test,Green mirid bug,green_mirid_bug_01179.jpg,bf49a3f2679a4682b4ed11883738d43e,green_mirid_bug_01179,False,
test,Green mirid bug,green_mirid_bug_01194.jpg,bc27e0d884ea0b15cbcfa89000318fdd,green_mirid_bug_01194,False,
test,Green mirid bug,green_mirid_bug_01195.jpg,d1e7128cbc82beb447178cb171d1c5c7,green_mirid_bug_01195,False,
test,Green mirid bug,green_mirid_bug_01197.jpg,e0d9681be92cc36e399cf306d27ca80b,green_mirid_bug_01197,False,
test,Green mirid bug,green_mirid_bug_01206.jpg,b4c020fe8bc2381d41cd21b63a978b8f,green_mirid_bug_01206,False,
test,Green mirid bug,green_mirid_bug_01220.jpg,47137b5a4d4daefe4239e68e65fea471,green_mirid_bug_01220,False,
test,Green mirid bug,green_mirid_bug_01221.jpg,84b2163d9c8e3bd2b7aaacc5392c7dcc,green_mirid_bug_01221,False,
test,Green mirid bug,green_mirid_bug_01226.jpg,23fa582ab839827ef51461922d858eee,green_mirid_bug_01226,False,
test,Green mirid bug,green_mirid_bug_01230.jpg,75f5a6cc7b60b4c5d87347206acf8107,green_mirid_bug_01230,False,
test,Green mirid bug,green_mirid_bug_01232.jpg,f0da4e9ddd4e5997e4a94474c9c01779,green_mirid_bug_01232,False,
test,Green mirid bug,green_mirid_bug_01240.jpg,e519b4976622163c821fa30664a07098,green_mirid_bug_01240,False,
test,Green mirid bug,green_mirid_bug_01248.jpg,feb528468fab0e3557796b08cc44467f,green_mirid_bug_01248,False,
test,Green mirid bug,green_mirid_bug_01265.jpg,e68dc803e16d41394824bce4401b3344,green_mirid_bug_01265,False,
test,Green mirid bug,green_mirid_bug_01276.jpg,d0a5795a37ee7ef44f33284902460bd9,green_mirid_bug_01276,False,
test,Healthy leaf,UNADJUSTEDNONRAW_thumb_20a.jpg,e99d22df0046d1a583ebad9d59809f23,UNADJUSTEDNONRAW_thumb_20a,False,
test,Healthy leaf,UNADJUSTEDNONRAW_thumb_20d.jpg,b6026443628d38c5f10ac4faa636162d,UNADJUSTEDNONRAW_thumb_20d,False,
test,Healthy leaf,UNADJUSTEDNONRAW_thumb_214.jpg,2f72236330736619c9baf9f3f02878b0,UNADJUSTEDNONRAW_thumb_214,False,
test,Healthy leaf,UNADJUSTEDNONRAW_thumb_21b.jpg,097279d899761f0cebfab03ffa49ba40,UNADJUSTEDNONRAW_thumb_21b,False,
test,Healthy leaf,UNADJUSTEDNONRAW_thumb_228.jpg,3be5fc00396abcb45cc4fff07bb20e8e,UNADJUSTEDNONRAW_thumb_228,False,
test,Healthy leaf,UNADJUSTEDNONRAW_thumb_230.jpg,373cb2e1ea7a76fbb70b426e9871b1df,UNADJUSTEDNONRAW_thumb_230,False,
test,Healthy leaf,healthy_00005.jpg,4575cdd957981b28a123f0499c86c0c9,healthy_00005,False,
test,Healthy leaf,healthy_00008.jpg,db1f382b6bdd4daccbce0d5b192f964b,healthy_00008,False,
test,Healthy leaf,healthy_00013.jpg,729494fe6ccf1f6ebaac7ecf4294b2e8,healthy_00013,False,
test,Healthy leaf,healthy_00021.jpg,16beb3bd4cbf66630cd616ec8e385757,healthy_00021,False,
test,Healthy leaf,healthy_00027.jpg,1cdd9dcc63ce1bb117d155d830b8009f,healthy_00027,False,
test,Healthy leaf,healthy_00031.jpg,6a58f58065b11b441c111e0710d1cb92,healthy_00031,False,
test,Healthy leaf,healthy_00042.jpg,ec17cdcdd4e9981c9b2d3ab772690e6a,healthy_00042,False,
test,Healthy leaf,healthy_00047.jpg,29388104f14676bcaf278273f95557d8,healthy_00047,False,
test,Healthy leaf,healthy_00064.jpg,aaed8d0f171b6538408f79fd56fa315c,healthy_00064,False,
test,Healthy leaf,healthy_00065.jpg,bf1d12718b63cb880bb609f2d6c9f5df,healthy_00065,False,
test,Healthy leaf,healthy_00086.jpg,1070df644ae4785e971c1074ac2c7f12,healthy_00086,False,
test,Healthy leaf,healthy_00094.jpg,daaa277a61f24ccc2c69cac9ace17b8b,healthy_00094,False,
test,Healthy leaf,healthy_00096.jpg,93520dc0a7ed84c340a30d3c0f9b45a3,healthy_00096,False,
test,Healthy leaf,healthy_00103.jpg,66f818c3249035b411167f8fe84db79d,healthy_00103,False,
test,Healthy leaf,healthy_00110.jpg,f31fb9a34dac7882645ccccec63fff1e,healthy_00110,False,
test,Healthy leaf,healthy_00120.jpg,0a0de6c22611d510b03a6627ba448e4e,healthy_00120,False,
test,Healthy leaf,healthy_00121.jpg,cfe73c40c3c609c80062f4caaa542bf1,healthy_00121,False,
test,Healthy leaf,healthy_00126.jpg,dcf8b4401f8b52374a5923136ef7659a,healthy_00126,False,
test,Healthy leaf,healthy_00128.jpg,2799581707da2b597c35e85ac17429dc,healthy_00128,False,
test,Healthy leaf,healthy_00143.jpg,15a4ec1c66e9221c4a70fb62250cbf04,healthy_00143,False,
test,Healthy leaf,healthy_00154.jpg,6832432d237ddf5aacbbadc215acc74e,healthy_00154,False,
test,Healthy leaf,healthy_00158.jpg,b61f1988ade16e06d1af5c6f1b8b748a,healthy_00158,False,
test,Healthy leaf,healthy_00173.jpg,59909ed0d7ad9ae34ed5706bed69a0b4,healthy_00173,False,
test,Healthy leaf,healthy_00189.jpg,99354b4978f1c74eb7105f222029e381,healthy_00189,False,
test,Healthy leaf,healthy_00193.jpg,788df43771ce5ac5f36ac52becfb9ebf,healthy_00193,False,
test,Healthy leaf,healthy_00202.jpg,ef5df3ff89cd3972a4a7afbf1e23e0aa,healthy_00202,False,
test,Healthy leaf,healthy_00212.jpg,451c920fb1ef48980d0c5df1c70cf87a,healthy_00212,False,
test,Healthy leaf,healthy_00213.jpg,ad9d6ba9056fc285bde316609a9c0d53,healthy_00213,False,
test,Healthy leaf,healthy_00227.jpg,65d9b4dc0eb1ad4719c64c47c7872d8b,healthy_00227,False,
test,Healthy leaf,healthy_00244.jpg,1539db26e4434bb600c1864f58b954d5,healthy_00244,False,
test,Healthy leaf,healthy_00245.jpg,29d37ed9a402f2483cf4c920fb761b05,healthy_00245,False,
test,Healthy leaf,healthy_00250.jpg,bc886600490ab9c94422624fc2be1ebd,healthy_00250,False,
test,Healthy leaf,healthy_00259.jpg,cfc2da0db0ccc5fc6c8fc8f10acd4681,healthy_00259,False,
test,Healthy leaf,healthy_00266.jpg,367283564137924a075584a649eaf57c,healthy_00266,False,
test,Healthy leaf,healthy_00282.jpg,17b6adfc6741db0752d168e53949cfd0,healthy_00282,False,
test,Healthy leaf,healthy_00284.jpg,08061647cd8bac1d4f69ac8a0cbf4229,healthy_00284,False,
test,Healthy leaf,healthy_00290.jpg,1fab3a457c0c8a06b96c3090dbc8abff,healthy_00290,False,
test,Healthy leaf,healthy_00293.jpg,36eefc999762e488fc2d4fe3360bb840,healthy_00293,False,
test,Healthy leaf,healthy_00294.jpg,81b690c0ca00830b82cd3bd3c308d0b6,healthy_00294,False,
test,Healthy leaf,healthy_00300.jpg,2cfa103af349eeb11a68370335629097,healthy_00300,False,
test,Healthy leaf,healthy_00301.jpg,af2e8205abcb3e3c545e14b6519787b9,healthy_00301,False,
test,Healthy leaf,healthy_00303.jpg,0bad53f2bdb065177c0bdf02c592e7e6,healthy_00303,False,
test,Healthy leaf,healthy_00305.jpg,994682e8462c89e388bd828e67459e70,healthy_00305,False,
test,Healthy leaf,healthy_00307.jpg,4cb6c04215d1c21ced38571b493d8639,healthy_00307,False,
test,Healthy leaf,healthy_00312.jpg,c4eb8fbc9d435e4daa088f88b184e70e,healthy_00312,False,
test,Healthy leaf,healthy_00319.jpg,2a4b36ea0e43ce0a88629be0d2d19bb9,healthy_00319,False,
test,Healthy leaf,healthy_00325.jpg,7ee1eb2c1d3108437cfbb76eadc5c905,healthy_00325,False,
test,Healthy leaf,healthy_00328.jpg,1870c53f4b69d9456b036cfc0c8d67b0,healthy_00328,False,
test,Healthy leaf,healthy_00335.jpg,8ccfc1071fb590eafe0d103246964a83,healthy_00335,False,
test,Healthy leaf,healthy_00344.jpg,fa54c7043490ee3948e5baf9e6560909,healthy_00344,False,
test,Healthy leaf,healthy_00348.jpg,9dbc48efe30f9d1a19f8adf912d8c7dc,healthy_00348,False,
test,Healthy leaf,healthy_00354.jpg,29b5b9ce48dcc0ca7daffcecb0d59427,healthy_00354,False,
test,Healthy leaf,healthy_00355.jpg,c595e0e6991f8e73ca40c636ddf6c77a,healthy_00355,False,
test,Healthy leaf,healthy_00358.jpg,cb3c9adb80f4235e35cd7624de7278cd,healthy_00358,False,
test,Healthy leaf,healthy_00359.jpg,d3d63c9b09e3e7ade3651e4aeff99178,healthy_00359,False,
test,Healthy leaf,healthy_00362.jpg,87a8aa81a61480813c672f1989e85ce1,healthy_00362,False,
test,Healthy leaf,healthy_00384.jpg,d8aedb2e13e0867ff801fdfc00198781,healthy_00384,False,
test,Healthy leaf,healthy_00396.jpg,5c1e2dfcde844ce4b2e02fbbb20158c0,healthy_00396,False,
test,Healthy leaf,healthy_00403.jpg,7b4a0b4fe3b766ef83937ef9836f2995,healthy_00403,False,
test,Healthy leaf,healthy_00411.jpg,d797006fc2c0fbc3acf2fc2460ed477a,healthy_00411,False,
test,Healthy leaf,healthy_00417.jpg,cd515b5906eb41dea6a39a8e65a053ef,healthy_00417,False,
test,Healthy leaf,healthy_00432.jpg,cf83426e401bc9e1660d7e6e6df4e9e1,healthy_00432,False,
test,Healthy leaf,healthy_00445.jpg,de0540bace52b58f128e89fbfe3796c0,healthy_00445,False,
test,Healthy leaf,healthy_00467.jpg,db6a852d1edd51f85ec3336aaa70e8a9,healthy_00467,False,
test,Healthy leaf,healthy_00473.jpg,954e7aa6f734a2b26aa769b9eef1a474,healthy_00473,False,
test,Healthy leaf,healthy_00481.jpg,467d2bbb111c3c9bb3b56c0c2c21b36a,healthy_00481,False,
test,Healthy leaf,healthy_00483.jpg,9ead694fa974274796ab60e7869ffba0,healthy_00483,False,
test,Healthy leaf,healthy_00487.jpg,f0e9d810f64716360f535ca723933f3f,healthy_00487,False,
test,Healthy leaf,healthy_00488.jpg,8aa5037abf572b3bee0102d91c43b713,healthy_00488,False,
test,Healthy leaf,healthy_00499.jpg,7d5fb93fd36cd14749ab81ccbfbd7daa,healthy_00499,False,
test,Healthy leaf,healthy_00512.jpg,226b62f61a8aaaf800116e3f04555e6e,healthy_00512,False,
test,Healthy leaf,healthy_00526.jpg,cfc20d90f179ff4016f2edbca6599568,healthy_00526,False,
test,Healthy leaf,healthy_00528.jpg,8633027fab5492ea3760d47e75c0f7ab,healthy_00528,False,
test,Healthy leaf,healthy_00542.jpg,98c7f2fbe1d30b8f840ad1b3a8ca8c2e,healthy_00542,False,
test,Healthy leaf,healthy_00544.jpg,0998d4e14aa0de3041428431c92b6cb1,healthy_00544,False,
test,Healthy leaf,healthy_00557.jpg,bc384b92c911961637d3115f08712bba,healthy_00557,False,
test,Healthy leaf,healthy_00560.jpg,1c85fbbc767013d351266ba0a1b779a0,healthy_00560,False,
test,Healthy leaf,healthy_00563.jpg,c09b60e51fa3c4c95c0dfa53510ae9fa,healthy_00563,False,
test,Healthy leaf,healthy_00571.jpg,7c217335b2ddbc75ab2bef2809e3ca2e,healthy_00571,False,
test,Healthy leaf,healthy_00573.jpg,c39a457858bf71af8bb535b4901332e0,healthy_00573,False,
test,Healthy leaf,healthy_00584.jpg,7c01f4bef6f20fe5ec3649f06f036dcb,healthy_00584,False,
test,Healthy leaf,healthy_00588.jpg,3070b1aca133043c1704aa85a7aabe41,healthy_00588,False,
test,Healthy leaf,healthy_00589.jpg,b2839f7cd0dbfc6ebef6b6140f59dff8,healthy_00589,False,
test,Healthy leaf,healthy_00596.jpg,39fbe5df2d2f9bd0cbb9b1221d09cc45,healthy_00596,False,
test,Healthy leaf,healthy_00601.jpg,4ecff451f1a4c73b0540ee031552c401,healthy_00601,False,
test,Healthy leaf,healthy_00619.jpg,580703b0421bcae28cced321d90d16cb,healthy_00619,False,
test,Healthy leaf,healthy_00637.jpg,09ef54b1462864dc2e780448e272e0cc,healthy_00637,False,
test,Healthy leaf,healthy_00640.jpg,9634bee44595758b5c2443a2f2bcf198,healthy_00640,False,
test,Healthy leaf,healthy_00652.jpg,3674e9f2e6112457c1a760deb89e30c7,healthy_00652,False,
test,Healthy leaf,healthy_00658.jpg,51b2291ee5e7078d40582a275cbca8e1,healthy_00658,False,
test,Healthy leaf,healthy_00660.jpg,201329813b16a3b06666f963dc02960e,healthy_00660,False,
test,Healthy leaf,healthy_00670.jpg,a87fb771037802991be9d6afacb8dd09,healthy_00670,False,
test,Healthy leaf,healthy_00672.jpg,608f6cecf1138ed0b03d754f0fe8f33a,healthy_00672,False,
test,Healthy leaf,healthy_00680.jpg,0f714f8e110c9d819a3132323e33b88f,healthy_00680,False,
test,Healthy leaf,healthy_00681.jpg,b685f49830c9a081e505be8efd14ec60,healthy_00681,False,
test,Healthy leaf,healthy_00686.jpg,79017ae4907c0c3ccd5f9389afbe7ad6,healthy_00686,False,
test,Healthy leaf,healthy_00689.jpg,d1059782f7ce28fe3449a9b25f14a172,healthy_00689,False,
test,Healthy leaf,healthy_00691.jpg,d917c817676331b5371dc77a15582c0b,healthy_00691,False,
test,Healthy leaf,healthy_00700.jpg,d44547a867117ce82f4c719ed8b2093e,healthy_00700,False,
test,Healthy leaf,healthy_00711.jpg,be7ae22867ee7b01f20f0f5c7fd3cbc6,healthy_00711,False,
test,Healthy leaf,healthy_00736.jpg,e17bc221ed9c5512d1c24e06f032b465,healthy_00736,False,
test,Healthy leaf,healthy_00753.jpg,8efffb35bdb130d958cae73e792d3f36,healthy_00753,False,
test,Healthy leaf,healthy_00755.jpg,56edeeabaa2914b221d081b326bc9c42,healthy_00755,False,
test,Healthy leaf,healthy_00758.jpg,59bcd2b191c0c928e3a4d7ffcecf73ae,healthy_00758,False,
test,Healthy leaf,healthy_00765.jpg,c21606c850478f32469949b284ac7b73,healthy_00765,False,
test,Healthy leaf,healthy_00777.jpg,f9539ad12c944ce85fd8a1d516be70ae,healthy_00777,False,
test,Healthy leaf,healthy_00790.jpg,93515c3cf1c58b235cb652e0b5877a68,healthy_00790,False,
test,Healthy leaf,healthy_00791.jpg,291ddd6086d4a62770a40241e135badf,healthy_00791,False,
test,Healthy leaf,healthy_00792.jpg,427c6b87435822900d134979a0fd4628,healthy_00792,False,
test,Healthy leaf,healthy_00804.jpg,2c3d941e73e0778fdcf4c706101a4884,healthy_00804,False,
test,Healthy leaf,healthy_00815.jpg,f309570fe9ac8c95d703fbfbad9b06b5,healthy_00815,False,
test,Healthy leaf,healthy_00820.jpg,0953333d0750d7864ec699ec82d91915,healthy_00820,False,
test,Healthy leaf,healthy_00822.jpg,c3ccd859bfddf6c5050da1edc26e71f7,healthy_00822,False,
test,Healthy leaf,healthy_00824.jpg,b0fe7ed863763a29ea399067ec1ed933,healthy_00824,False,
test,Healthy leaf,healthy_00826.jpg,c934e76d823b1a966d0acc2e521c001b,healthy_00826,False,
test,Healthy leaf,healthy_00828.jpg,dd2d01a9ebb11f24a18dfc3a033769c0,healthy_00828,False,
test,Healthy leaf,healthy_00849.jpg,990a7324d534a22cb29f5d3cc03f0124,healthy_00849,False,
test,Healthy leaf,healthy_00856.jpg,adc8099ea33ff0ec66cd790a95053f30,healthy_00856,False,
test,Healthy leaf,healthy_00859.jpg,745c8949d5759fc7dfb66d846d2b2411,healthy_00859,False,
test,Healthy leaf,healthy_00861.jpg,8d450f987ecd7ce81f76703438098113,healthy_00861,False,
test,Healthy leaf,healthy_00865.jpg,436ff39637b7cd37ec495e86ef49d0fb,healthy_00865,False,
test,Healthy leaf,healthy_00881.jpg,6825f706a15025ce3e4b27138dc0b608,healthy_00881,False,
test,Healthy leaf,healthy_00886.jpg,2d863e1ed10933d0a05b33004188889f,healthy_00886,False,
test,Healthy leaf,healthy_00889.jpg,2df1366cb4c1392fc69bb0543b8059f5,healthy_00889,False,
test,Healthy leaf,healthy_00892.jpg,bc8988a73484bc804f53c506dc35dfc2,healthy_00892,False,
test,Healthy leaf,healthy_00903.jpg,fc3ba006ab22a08f8f27dedc152222f6,healthy_00903,False,
test,Healthy leaf,healthy_00906.jpg,a56a796d82cf45bec5ae0662e1668fd8,healthy_00906,False,
test,Healthy leaf,healthy_00909.jpg,2cd0ca2970110296879cf37834755b9c,healthy_00909,False,
test,Healthy leaf,healthy_00912.jpg,db42d864d6d1ea932d05a9a9a7cd6cc9,healthy_00912,False,
test,Healthy leaf,healthy_00915.jpg,1249eba191e1c1713f012cd81300898f,healthy_00915,False,
test,Healthy leaf,healthy_00922.jpg,30804e8a81524cde47769f188f897c16,healthy_00922,False,
test,Healthy leaf,healthy_00925.jpg,5a2e136d4c082f759b0de2d250ed28db,healthy_00925,False,
test,Healthy leaf,healthy_00929.jpg,ed7cc82d6da20f83071507c4e1f6c285,healthy_00929,False,
test,Healthy leaf,healthy_00932.jpg,3327638cd80b4c8200483c0472ffe712,healthy_00932,False,
test,Healthy leaf,healthy_00934.jpg,92524fc74511fe8a22567d712d5c053e,healthy_00934,False,
test,Helopeltis,helopeltis_00010.jpg,dff5a944423023a421947bf87f85afd1,helopeltis_00010,False,
test,Helopeltis,helopeltis_00014.jpg,7dc9759c084299fd95aa9d9320b382b9,helopeltis_00014,False,
test,Helopeltis,helopeltis_00019.jpg,968d3df8b74a0bd163e9f3b756d26730,helopeltis_00019,False,
test,Helopeltis,helopeltis_00026.jpg,8aa353a8aaff926948bac57a54120f0a,helopeltis_00026,False,
test,Helopeltis,helopeltis_00030.jpg,3731a4d49a87bd765ef4f532f1931bcd,helopeltis_00030,False,
test,Helopeltis,helopeltis_00033.jpg,22271a128bc68381f94371ec4c43c71b,helopeltis_00033,False,
test,Helopeltis,helopeltis_00034.jpg,5c6205d1430ff40c77208aef26ba20ad,helopeltis_00034,False,
test,Helopeltis,helopeltis_00047.jpg,a6471612f60645f110d978c42d40fc44,helopeltis_00047,False,
test,Helopeltis,helopeltis_00060.jpg,16b7bcf57329a155b75d57543eabe848,helopeltis_00060,False,
test,Helopeltis,helopeltis_00062.jpg,17aedc81615d863d5432932703b1faf0,helopeltis_00062,False,
test,Helopeltis,helopeltis_00064.jpg,69f1e3fe2c2f43f11e550025abd730b7,helopeltis_00064,False,
test,Helopeltis,helopeltis_00068.jpg,20095c0b1d5bc64b511ae825a7e0f1d0,helopeltis_00068,False,
test,Helopeltis,helopeltis_00069.jpg,0129a657346f3f12578ba76d8108cd95,helopeltis_00069,False,
test,Helopeltis,helopeltis_00075.jpg,1dd40865fbfd54ba7c97001a22b09882,helopeltis_00075,False,
test,Helopeltis,helopeltis_00082.jpg,d7b6c2cf7a6f7ecf6796d5789595a36a,helopeltis_00082,False,
test,Helopeltis,helopeltis_00085.jpg,36bf997e08f8031a4b7a85eeaec927f5,helopeltis_00085,False,
test,Helopeltis,helopeltis_00090.jpg,22d862ff1c3fd83bd197f48b19b9e356,helopeltis_00090,False,
test,Helopeltis,helopeltis_00092.jpg,8791df8c45b2787af5bf247cb33d5f82,helopeltis_00092,False,
test,Helopeltis,helopeltis_00094.jpg,8da30c080264b80101231ae3f6be4b47,helopeltis_00094,False,
test,Helopeltis,helopeltis_00097.jpg,fe056757858e1630e2dd0584bef4521a,helopeltis_00097,False,
test,Helopeltis,helopeltis_00106.jpg,8bf5ea18caf1f0ced0e7fd2e98875372,helopeltis_00106,False,
test,Helopeltis,helopeltis_00107.jpg,53a6109835c1bb25b9cc5767b9b8ad06,helopeltis_00107,False,
test,Helopeltis,helopeltis_00111.jpg,d39a9b06af3fd46de62c314181360e96,helopeltis_00111,False,
test,Helopeltis,helopeltis_00116.jpg,a3f9c1f21084c1b3182ea6854ec2c409,helopeltis_00116,False,
test,Helopeltis,helopeltis_00132.jpg,b68abf78ec3dcaccd340aa90cc2fc93d,helopeltis_00132,False,
test,Helopeltis,helopeltis_00139.jpg,9c58bf5ecedd5194e4ad8911142bd781,helopeltis_00139,False,
test,Helopeltis,helopeltis_00142.jpg,befe2935a123bdfae469c931d9e53774,helopeltis_00142,False,
test,Helopeltis,helopeltis_00153.jpg,b8fccf5acc9ea14017ba08cec2916c9d,helopeltis_00153,False,
test,Helopeltis,helopeltis_00154.jpg,79ad71f7d65bd946edcf48a5b220393f,helopeltis_00154,False,
test,Helopeltis,helopeltis_00173.jpg,5fb220c0bd0fece7ce7a8c073186a9ba,helopeltis_00173,False,
test,Helopeltis,helopeltis_00180.jpg,419045a6f8dc054438a983bc5785b502,helopeltis_00180,False,
test,Helopeltis,helopeltis_00182.jpg,aff8ef946f04305c337df893cadbc238,helopeltis_00182,False,
test,Helopeltis,helopeltis_00196.jpg,658ab1ffa4b45f38c212c09d9a64a45f,helopeltis_00196,False,
test,Helopeltis,helopeltis_00198.jpg,5b4d70d9ee41c7f1d2d44a259ce31d1e,helopeltis_00198,False,
test,Helopeltis,helopeltis_00202.jpg,2eca3e1335818ff16b0e4a0bc0f78f28,helopeltis_00202,False,
test,Helopeltis,helopeltis_00210.jpg,82bc717c1a45441aca720f2e263e44eb,helopeltis_00210,False,
test,Helopeltis,helopeltis_00212.jpg,478897f96120b6eb2d5dd2728263143f,helopeltis_00212,False,
test,Helopeltis,helopeltis_00214.jpg,325e52cdb9dc8c3903b73caa74da625c,helopeltis_00214,False,
test,Helopeltis,helopeltis_00230.jpg,ded6d8f7251ca9f24749aff6f66e1da8,helopeltis_00230,False,
test,Helopeltis,helopeltis_00231.jpg,951388bf6c940dabd0ed069837cc7efe,helopeltis_00231,False,
test,Helopeltis,helopeltis_00237.jpg,8bd5b623d96b247563319f16e07e0b35,helopeltis_00237,False,
test,Helopeltis,helopeltis_00238.jpg,d0b9e93d4e906bfe33937532ae77f890,helopeltis_00238,False,
test,Helopeltis,helopeltis_00240.jpg,637ed8f3e4778d817f51e1f55a5d4083,helopeltis_00240,False,
test,Helopeltis,helopeltis_00254.jpg,3507063b2dcf1aba5aaf0f5709f088f5,helopeltis_00254,False,
test,Helopeltis,helopeltis_00270.jpg,48007ecabbe1d78a1709a5c812f85748,helopeltis_00270,False,
test,Helopeltis,helopeltis_00283.jpg,a12840c7baeb5f703dc80deb4170e643,helopeltis_00283,False,
test,Helopeltis,helopeltis_00293.jpg,4a09fce7d2277826992182413ae3480e,helopeltis_00293,False,
test,Helopeltis,helopeltis_00294.jpg,8cc8dea8e8608b82bb21e62954daeeb5,helopeltis_00294,False,
test,Helopeltis,helopeltis_00300.jpg,440b3ca454cadaba97cc87229aa26277,helopeltis_00300,False,
test,Helopeltis,helopeltis_00310.jpg,c4ea78fcb52eab6503f6399e356832ba,helopeltis_00310,False,
test,Helopeltis,helopeltis_00314.jpg,fe855e008ab3e29d144e2db1adf36260,helopeltis_00314,False,
test,Helopeltis,helopeltis_00325.jpg,92742051afcea060177b2c472d4da2cb,helopeltis_00325,False,
test,Helopeltis,helopeltis_00329.jpg,89cabec4fe05a50a16e06d33ab205cb6,helopeltis_00329,False,
test,Helopeltis,helopeltis_00337.jpg,95a3954f353b3eeaad4a1414c6187d30,helopeltis_00337,False,
test,Helopeltis,helopeltis_00339.jpg,4a60ca90e6270d04a48f03b966c94f11,helopeltis_00339,False,
test,Helopeltis,helopeltis_00340.jpg,3cdcfacab2953ccfc0460a0ea7bf994f,helopeltis_00340,False,
test,Helopeltis,helopeltis_00341.jpg,3017c0ef48462784a4979aa605eb71de,helopeltis_00341,False,
test,Helopeltis,helopeltis_00358.jpg,35979d0eca6e4ad32703360155163d9f,helopeltis_00358,False,
test,Helopeltis,helopeltis_00362.jpg,6971b895d91a651cd4b47adbc15e7b7a,helopeltis_00362,False,
test,Helopeltis,helopeltis_00370.jpg,32c589c0ca5e4f3dac237a05f0487670,helopeltis_00370,False,
test,Helopeltis,helopeltis_00385.jpg,669f70733bedc686c96b95f4d0fe3c9a,helopeltis_00385,False,
test,Helopeltis,helopeltis_00405.jpg,18d6f969196a6be6de1ee50ddda79399,helopeltis_00405,False,
test,Helopeltis,helopeltis_00421.jpg,0337d64f1f32198b23d07decad0401a3,helopeltis_00421,False,
test,Helopeltis,helopeltis_00445.jpg,4dd5b65dbe3c850b166c62a6634846b7,helopeltis_00445,False,
test,Helopeltis,helopeltis_00449.jpg,4d7484082acd45c73e6dfed978e6851a,helopeltis_00449,False,
test,Helopeltis,helopeltis_00464.jpg,6aeff7eb320fdb21bf9ff8ee8beed130,helopeltis_00464,False,
test,Helopeltis,helopeltis_00465.jpg,f7e451c2e89bf47f44b28393414148d1,helopeltis_00465,False,
test,Helopeltis,helopeltis_00467.jpg,182a018f978cbcd17323110d2966dbf0,helopeltis_00467,False,
test,Helopeltis,helopeltis_00471.jpg,3b4be174a515eb454560231b78fb570f,helopeltis_00471,False,
test,Helopeltis,helopeltis_00478.jpg,bd1d977973e80ce71116f2525d3a75df,helopeltis_00478,False,
test,Helopeltis,helopeltis_00483.jpg,7cad25a097889973e349cd3959f72a35,helopeltis_00483,False,
test,Helopeltis,helopeltis_00485.jpg,d0c7fa11de42123f3220536e8d640f5a,helopeltis_00485,False,
test,Helopeltis,helopeltis_00486.jpg,e9291985479bd866b25a5d720b01f958,helopeltis_00486,False,
test,Helopeltis,helopeltis_00491.jpg,36461cfe5bd1752dd42b23c4cad20ffb,helopeltis_00491,False,
test,Helopeltis,helopeltis_00492.jpg,7a63710f0292aed23acba7d3d8935e94,helopeltis_00492,False,
test,Helopeltis,helopeltis_00497.jpg,a5d4596e62eee098804a1d21dd0b1f9a,helopeltis_00497,False,
test,Helopeltis,helopeltis_00498.jpg,a7a872f0956f721a2275499ad1654b31,helopeltis_00498,False,
test,Helopeltis,helopeltis_00503.jpg,7e97e4229a698a50445425cae316f19b,helopeltis_00503,False,
test,Helopeltis,helopeltis_00521.jpg,f0ddd8ecb968244fd19c67520b242bef,helopeltis_00521,False,
test,Helopeltis,helopeltis_00522.jpg,f818825c446dc1e0fdbcb0640421493e,helopeltis_00522,False,
test,Helopeltis,helopeltis_00537.jpg,8bdc08cb2edd797f55da5e6ee6077f4d,helopeltis_00537,False,
test,Helopeltis,helopeltis_00542.jpg,947cf4329fe8dba200d8114bb3d120b5,helopeltis_00542,False,
test,Helopeltis,helopeltis_00546.jpg,1f9dc6346aa957880548d21a741ac785,helopeltis_00546,False,
test,Helopeltis,helopeltis_00556.jpg,81153e52e9e17d2855a636739b03c22e,helopeltis_00556,False,
test,Helopeltis,helopeltis_00559.jpg,350806269d24e77d2ddab15ff23f0f58,helopeltis_00559,False,
test,Helopeltis,helopeltis_00571.jpg,11ba981b625fd6b61b37e81cef94610a,helopeltis_00571,False,
test,Helopeltis,helopeltis_00573.jpg,b1fe2867f827c45d2eece55a8e8da88c,helopeltis_00573,False,
test,Helopeltis,helopeltis_00584.jpg,45d1aec9151f4892b69da032798fc423,helopeltis_00584,False,
test,Helopeltis,helopeltis_00605.jpg,7e83bcd2baef9bcf1bd7b7697be0490c,helopeltis_00605,False,
test,Red spider,red_spider_00002.jpg,7ba1e6a54d80a9c794489427a43ddc83,red_spider_00002,False,
test,Red spider,red_spider_00003.jpg,299f6ebe432158f23414fa40169b21e8,red_spider_00003,False,
test,Red spider,red_spider_00012.jpg,c15a62514c277b7b87fe1dfc291956ac,red_spider_00012,False,
test,Red spider,red_spider_00014.jpg,00485dc1321e75dec7d69f1e50125b5d,red_spider_00014,False,
test,Red spider,red_spider_00022.jpg,f0699264f6e05fc7690467126d6809ba,red_spider_00022,False,
test,Red spider,red_spider_00027.jpg,b467993442030f22967c7b87cc7e7783,red_spider_00027,False,
test,Red spider,red_spider_00030.jpg,01643eada0cba03d13fe34eecb92017a,red_spider_00030,False,
test,Red spider,red_spider_00049.jpg,f7939b054f4660af902baa554ef86915,red_spider_00049,False,
test,Red spider,red_spider_00051.jpg,9c762b6b54b1ed4163e7c226d36f1ae8,red_spider_00051,False,
test,Red spider,red_spider_00058.jpg,038b345a5292eef23a5e02a156027a3a,red_spider_00058,False,
test,Red spider,red_spider_00059.jpg,d9ef86197b7584464ba452ac4ec06f72,red_spider_00059,False,
test,Red spider,red_spider_00060.jpg,438e6b991ef55572ab29d6f96e039855,red_spider_00060,False,
test,Red spider,red_spider_00064.jpg,f12cb477fcf96e4cf06da601a1146be8,red_spider_00064,False,
test,Red spider,red_spider_00072.jpg,b11b74d17c6bb9e85b0a6f0f7c02bd86,red_spider_00072,False,
test,Red spider,red_spider_00083.jpg,488da923cebec3ec58c08450ee01712b,red_spider_00083,False,
test,Red spider,red_spider_00085.jpg,ec07c264bca2022f18dd6c1c9f8ea743,red_spider_00085,False,
test,Red spider,red_spider_00093.jpg,607c36b3ef1f2c71f5b880348a6b9fa4,red_spider_00093,False,
test,Red spider,red_spider_00108.jpg,07b6973333c8fb95791adc3283c54dd9,red_spider_00108,False,
test,Red spider,red_spider_00111.jpg,f7bdd9e358fb4260a5605a92d8e99c2d,red_spider_00111,False,
test,Red spider,red_spider_00141.jpg,cb522b2168b7d5a6a7a5b573d863145f,red_spider_00141,False,
test,Red spider,red_spider_00145.jpg,55e54352d266eeeaba753e65b16756ab,red_spider_00145,False,
test,Red spider,red_spider_00160.jpg,0b39579e3c84bf0da7f56993d160d6da,red_spider_00160,False,
test,Red spider,red_spider_00166.jpg,4197a5a82e48bade9bca20ca2ad12087,red_spider_00166,False,
test,Red spider,red_spider_00183.jpg,19309df5546e5fa39a2e85c18d0b89ef,red_spider_00183,False,
test,Red spider,red_spider_00193.jpg,04ad352cb1105e274e3dc835d5acd0d8,red_spider_00193,False,
test,Red spider,red_spider_00200.jpg,a6d2383730cab21a7f45b3d64bcdb439,red_spider_00200,False,
test,Red spider,red_spider_00219.jpg,00f9da81383179b64c24203f5c1e50d2,red_spider_00219,False,
test,Red spider,red_spider_00225.jpg,86c98059d1d288928e66d0288e2912c8,red_spider_00225,False,
test,Red spider,red_spider_00230.jpg,b714a6450c69766c25bc84a19a681eff,red_spider_00230,False,
test,Red spider,red_spider_00232.jpg,3fee0520e7ccb27c008f508b073af73a,red_spider_00232,False,
test,Red spider,red_spider_00233.jpg,b5d90caa9082a0c6d9895786948c564e,red_spider_00233,False,
test,Red spider,red_spider_00235.jpg,2041972cfffcd3601ef02861081c1907,red_spider_00235,False,
test,Red spider,red_spider_00248.jpg,00bb368e6148d32e8fc6e6a5f53fd4cf,red_spider_00248,False,
test,Red spider,red_spider_00253.jpg,e89e49bc0475275f1a818d1d614e80e6,red_spider_00253,False,
test,Red spider,red_spider_00258.jpg,acb865291ce6e2ccc8a6b3e375b560b7,red_spider_00258,False,
test,Red spider,red_spider_00259.jpg,44e577d6dfd8c2e5a11a88963139d73d,red_spider_00259,False,
test,Red spider,red_spider_00263.jpg,f3ec25fb07180798f76abb8e9fcac014,red_spider_00263,False,
test,Red spider,red_spider_00265.jpg,09e77851ab7949b1a64c54fcd108e21f,red_spider_00265,False,
test,Red spider,red_spider_00269.jpg,656cce33b18813f3add5b71595a57a91,red_spider_00269,False,
test,Red spider,red_spider_00270.jpg,4cc28bc0549058858ba789907a6093bf,red_spider_00270,False,
test,Red spider,red_spider_00294.jpg,b4f7d9c5f9db280272552c57fe4fb710,red_spider_00294,False,
test,Red spider,red_spider_00301.jpg,c52243f4579c0993dba44a529a17d90b,red_spider_00301,False,
test,Red spider,red_spider_00306.jpg,2859aba2581d4619267d6daa26a8c776,red_spider_00306,False,
test,Red spider,red_spider_00336.jpg,564c35f4202d33241392d3c5ae2eccbe,red_spider_00336,False,
test,Red spider,red_spider_00339.jpg,a285c1ae56cb7f0c1bffe81ad2622523,red_spider_00339,False,
test,Red spider,red_spider_00345.jpg,932f5b696b184e26f359ce832b1ff4de,red_spider_00345,False,
test,Red spider,red_spider_00346.jpg,d4e507db7a142f67857daa37919f436c,red_spider_00346,False,
test,Red spider,red_spider_00352.jpg,bfa651026a9234dbce3df498826510d6,red_spider_00352,False,
test,Red spider,red_spider_00355.jpg,9031599bd36a58ab37806a4906e4092b,red_spider_00355,False,
test,Red spider,red_spider_00358.jpg,e484610b65005c166616bd2b9e539339,red_spider_00358,False,
test,Red spider,red_spider_00374.jpg,038d90f18b2253e1426021e60772ef18,red_spider_00374,False,
test,Red spider,red_spider_00383.jpg,dde6cc2a94c1633f98ebb3213a3637b3,red_spider_00383,False,
test,Red spider,red_spider_00387.jpg,14e30d204e3467f509b4d90dc5a55742,red_spider_00387,False,
test,Red spider,red_spider_00391.jpg,db74e64cb5a6264eb3ff47398c9752cd,red_spider_00391,False,
test,Red spider,red_spider_00403.jpg,0f187a8ae3f0ce17d7d71a8440580fd3,red_spider_00403,False,
test,Red spider,red_spider_00412.jpg,2faa4bbe4b41c9e7cbc9d1ea15340054,red_spider_00412,False,
test,Red spider,red_spider_00413.jpg,30e67024f30f179e2ed484dbaeb05800,red_spider_00413,False,
test,Red spider,red_spider_00414.jpg,491645ba055171597bb5258c14e78700,red_spider_00414,False,
test,Red spider,red_spider_00416.jpg,aa935a692cd2c5a83c09655827283b1c,red_spider_00416,False,
test,Red spider,red_spider_00425.jpg,2063883663c18408ffc1b542c7256c30,red_spider_00425,False,
test,Red spider,red_spider_00427.jpg,26affa0eec537f94e932c52c043bf024,red_spider_00427,False,
test,Red spider,red_spider_00433.jpg,3a61eb8b3a924068f3ba35e59c200e48,red_spider_00433,False,
test,Red spider,red_spider_00440.jpg,2b3b04143eca2003ce325355bd46fa78,red_spider_00440,False,
test,Red spider,red_spider_00441.jpg,6c2f3b27b15162193fab2f7b044aeacb,red_spider_00441,False,
test,Red spider,red_spider_00448.jpg,72b50abf2e0f71a355b07cfa8c563c57,red_spider_00448,False,
test,Red spider,red_spider_00458.jpg,f4e8f3925fd05996ad7fc9837585b9cd,red_spider_00458,False,
test,Red spider,red_spider_00460.jpg,212f8692c8ad9757ae7865f44bc63af2,red_spider_00460,False,
test,Red spider,red_spider_00463.jpg,dac09265ab2afad92f03a9900be581ef,red_spider_00463,False,
test,Red spider,red_spider_00470.jpg,151d1e412797c727b9619519590f05ad,red_spider_00470,False,
test,Red spider,red_spider_00483.jpg,e793b6784f4bb26689711fecc696728d,red_spider_00483,False,
test,Red spider,red_spider_00486.jpg,db26c6f4975793cf5d256f9a398f4096,red_spider_00486,False,
test,Red spider,red_spider_00487.jpg,4bb4984e018c7f52b4a99f2578db2ace,red_spider_00487,False,
test,Red spider,red_spider_00495.jpg,860d2ea470f455edeb41bd4ee54e61b9,red_spider_00495,False,
test,Red spider,red_spider_00510.jpg,37f5f48e8ec2d4d23b3a38efd4eb5773,red_spider_00510,False,
test,Red spider,red_spider_00511.jpg,62d8480a0716f2267267799997cb57e6,red_spider_00511,False,
test,Tea algal leaf spot,UNADJUSTEDNONRAW_thumb_16.jpg,39854cc1cca24e10e621e86bb1a9360a,UNADJUSTEDNONRAW_thumb_16,False,
test,Tea algal leaf spot,UNADJUSTEDNONRAW_thumb_19.jpg,47eb0ad8c60fae1aa52a271f6ad0811f,UNADJUSTEDNONRAW_thumb_19,False,
test,Tea algal leaf spot,UNADJUSTEDNONRAW_thumb_1b.jpg,b209ea55c39487cfdcde71af9de5f92d,UNADJUSTEDNONRAW_thumb_1b,False,
test,Tea algal leaf spot,UNADJUSTEDNONRAW_thumb_1f.jpg,b1673abaa6cd35db15747066710651b6,UNADJUSTEDNONRAW_thumb_1f,False,
test,Tea algal leaf spot,UNADJUSTEDNONRAW_thumb_2.jpg,6774aee98ef518ce8aa03cb4e7b05143,UNADJUSTEDNONRAW_thumb_2,False,
test,Tea algal leaf spot,UNADJUSTEDNONRAW_thumb_28.jpg,68b86fd49fcd7bcef3f1f6aa321d995a,UNADJUSTEDNONRAW_thumb_28,False,
test,Tea algal leaf spot,UNADJUSTEDNONRAW_thumb_2c.jpg,ec2e9d735df919b74c61bb923b16f11f,UNADJUSTEDNONRAW_thumb_2c,False,
test,Tea algal leaf spot,UNADJUSTEDNONRAW_thumb_3c.jpg,37770d52f4965f52cc0f384b07efc46f,UNADJUSTEDNONRAW_thumb_3c,False,
test,Tea algal leaf spot,UNADJUSTEDNONRAW_thumb_40.jpg,086f6ef73e7513831ea2be2f16f5064a,UNADJUSTEDNONRAW_thumb_40,False,
test,Tea algal leaf spot,UNADJUSTEDNONRAW_thumb_50.jpg,b05a10141a74a633f78d020277f39e1a,UNADJUSTEDNONRAW_thumb_50,False,
test,Tea algal leaf spot,UNADJUSTEDNONRAW_thumb_56.jpg,3c9662aac080f9287046c196991b24bb,UNADJUSTEDNONRAW_thumb_56,False,
test,Tea algal leaf spot,UNADJUSTEDNONRAW_thumb_57.jpg,47e095c164f9b208952d0c181ebc5798,UNADJUSTEDNONRAW_thumb_57,False,
test,Tea algal leaf spot,UNADJUSTEDNONRAW_thumb_62.jpg,a5e9bbcc72d780beaa66515ef5e3d071,UNADJUSTEDNONRAW_thumb_62,False,
test,Tea algal leaf spot,UNADJUSTEDNONRAW_thumb_63.jpg,aa7331796837d838109fe3e77f4d0f38,UNADJUSTEDNONRAW_thumb_63,False,
test,Tea algal leaf spot,UNADJUSTEDNONRAW_thumb_67.jpg,e6e4f7ec8cd8ee9a544a5eecf3a6f3c1,UNADJUSTEDNONRAW_thumb_67,False,
test,Tea algal leaf spot,UNADJUSTEDNONRAW_thumb_68.jpg,e62a04126695f06889b24a32af64b96a,UNADJUSTEDNONRAW_thumb_68,False,
test,Tea algal leaf spot,UNADJUSTEDNONRAW_thumb_6d.jpg,c1e2f4a9d310c8529357ce378c68d8d0,UNADJUSTEDNONRAW_thumb_6d,False,
test,Tea algal leaf spot,UNADJUSTEDNONRAW_thumb_9.jpg,0b42e28331888f14b77621baa4f71ac5,UNADJUSTEDNONRAW_thumb_9,False,
test,Tea algal leaf spot,UNADJUSTEDNONRAW_thumb_a.jpg,a517c5b0112dbb0ec599f909e1130c17,UNADJUSTEDNONRAW_thumb_a,False,
test,Tea algal leaf spot,UNADJUSTEDNONRAW_thumb_b.jpg,86bd3592db8650747571125494724fb4,UNADJUSTEDNONRAW_thumb_b,False,
test,Tea algal leaf spot,tea_algal_leaf_spot_00005.jpg,c6860c8d8ae3e3b045b41445a0ada8aa,tea_algal_leaf_spot_00005,False,
test,Tea algal leaf spot,tea_algal_leaf_spot_00008.jpg,6e1a924af8bc840b231bd4eaca9ac0f3,tea_algal_leaf_spot_00008,False,
test,Tea algal leaf spot,tea_algal_leaf_spot_00025.jpg,42f6d4c1740c7d7721924fea885f7cc6,tea_algal_leaf_spot_00025,False,
test,Tea algal leaf spot,tea_algal_leaf_spot_00028.jpg,0a447abb51c8bacd889aa9dabf5f5345,tea_algal_leaf_spot_00028,False,
test,Tea algal leaf spot,tea_algal_leaf_spot_00042.jpg,85ef413ba15251fecaa6502d5fc6f4d9,tea_algal_leaf_spot_00042,False,
test,Tea algal leaf spot,tea_algal_leaf_spot_00045.jpg,a75971ab5cde0c3f4e04935f568acf77,tea_algal_leaf_spot_00045,False,
test,Tea algal leaf spot,tea_algal_leaf_spot_00047.jpg,2b1b63401d2788feb611d67f70e3e40a,tea_algal_leaf_spot_00047,False,
test,Tea algal leaf spot,tea_algal_leaf_spot_00048.jpg,c84fbfecee3e0e3c553fd9cf81da833d,tea_algal_leaf_spot_00048,False,
test,Tea algal leaf spot,tea_algal_leaf_spot_00049.jpg,0dcd0464462ed483f20e922193d375d8,tea_algal_leaf_spot_00049,False,
test,Tea algal leaf spot,tea_algal_leaf_spot_00050.jpg,3857959f6202bf997006d04dec0c270d,tea_algal_leaf_spot_00050,False,
test,Tea algal leaf spot,tea_algal_leaf_spot_00053.jpg,2c18279425a334fad686cbcb600f197d,tea_algal_leaf_spot_00053,False,
test,Tea algal leaf spot,tea_algal_leaf_spot_00055.jpg,2f3f8eea7342a1ee54c7cc2a8bd5d4f9,tea_algal_leaf_spot_00055,False,
test,Tea algal leaf spot,tea_algal_leaf_spot_00059.jpg,82e55a4b5271fa073e7f4383c48d3a3c,tea_algal_leaf_spot_00059,False,
test,Tea algal leaf spot,tea_algal_leaf_spot_00065.jpg,aa891d8a9114b0bf3f9117f6c44a0bf2,tea_algal_leaf_spot_00065,False,
test,Tea algal leaf spot,tea_algal_leaf_spot_00067.jpg,80ce117ca83192ba70e8580aeca5c1c3,tea_algal_leaf_spot_00067,False,
test,Tea algal leaf spot,tea_algal_leaf_spot_00075.jpg,5a3bbb1f715b307e3c7e82a16e1fb948,tea_algal_leaf_spot_00075,False,
test,Tea algal leaf spot,tea_algal_leaf_spot_00077.jpg,4a06f23f6cbbcb821423ad0b40e9a4a7,tea_algal_leaf_spot_00077,False,
test,Tea algal leaf spot,tea_algal_leaf_spot_00078.jpg,ce91faaa4fe7c5a0ab5952378105646b,tea_algal_leaf_spot_00078,False,
test,Tea algal leaf spot,tea_algal_leaf_spot_00080.jpg,35506da0bd41a29f32ca1d4182d7da60,tea_algal_leaf_spot_00080,False,
test,Tea algal leaf spot,tea_algal_leaf_spot_00087.jpg,ce99ebcd83b370c0b78571d21627753b,tea_algal_leaf_spot_00087,False,
test,Tea algal leaf spot,tea_algal_leaf_spot_00092.jpg,c7d6014ab75b643d142cda15ee6e09d5,tea_algal_leaf_spot_00092,False,
test,Tea algal leaf spot,tea_algal_leaf_spot_00097.jpg,081c97e38e6de1cbf9bbe151697af3f7,tea_algal_leaf_spot_00097,False,
test,Tea algal leaf spot,tea_algal_leaf_spot_00106.jpg,6669b693c8e6900e5ab195ff804a2059,tea_algal_leaf_spot_00106,False,
test,Tea algal leaf spot,tea_algal_leaf_spot_00107.jpg,b4f376cd669fc796aa82e27ff9faa473,tea_algal_leaf_spot_00107,False,
test,Tea algal leaf spot,tea_algal_leaf_spot_00110.jpg,7009914c688a6d14d38e94be3d54f914,tea_algal_leaf_spot_00110,False,
test,Tea algal leaf spot,tea_algal_leaf_spot_00143.jpg,e45c9419f5af52b5ae2e014f1d0dea88,tea_algal_leaf_spot_00143,False,
test,Tea algal leaf spot,tea_algal_leaf_spot_00151.jpg,c1e04077050d2bfab4aa7270e6cbd3d6,tea_algal_leaf_spot_00151,False,
test,Tea algal leaf spot,tea_algal_leaf_spot_00156.jpg,797d524fb4f19f98ab554cee717c3a2b,tea_algal_leaf_spot_00156,False,
test,Tea algal leaf spot,tea_algal_leaf_spot_00175.jpg,e5bc8674b6d6f779925e72be03c17bd2,tea_algal_leaf_spot_00175,False,
test,Tea algal leaf spot,tea_algal_leaf_spot_00189.jpg,b861c7b4602824c3e58d3b3b6e8f4564,tea_algal_leaf_spot_00189,False,
test,Tea algal leaf spot,tea_algal_leaf_spot_00195.jpg,0c86f4eae47fdcecb7248e17a85481a8,tea_algal_leaf_spot_00195,False,
test,Tea algal leaf spot,tea_algal_leaf_spot_00198.jpg,6e862819be4baa4e6c5508a46cf4ce01,tea_algal_leaf_spot_00198,False,
test,Tea algal leaf spot,tea_algal_leaf_spot_00202.jpg,ac9913cc9ed7129bb7db6a19af632fa2,tea_algal_leaf_spot_00202,False,
test,Tea algal leaf spot,tea_algal_leaf_spot_00203.jpg,0435db175bc398896546fd0c1b5138f3,tea_algal_leaf_spot_00203,False,
test,Tea algal leaf spot,tea_algal_leaf_spot_00235.jpg,520587e5ca11f7f09de341a4800f409a,tea_algal_leaf_spot_00235,False,
test,Tea algal leaf spot,tea_algal_leaf_spot_00253.jpg,736e1dcb2f78a8827533bfcdc7092738,tea_algal_leaf_spot_00253,False,
test,Tea algal leaf spot,tea_algal_leaf_spot_00273.jpg,5710490db0f328c501a0cdd3c5c75a18,tea_algal_leaf_spot_00273,False,
test,Tea algal leaf spot,tea_algal_leaf_spot_00280.jpg,5910e1d01a0f14cdf95a2bb987dcf756,tea_algal_leaf_spot_00280,False,
test,Tea algal leaf spot,tea_algal_leaf_spot_00283.jpg,61c98d47266262f706c42095d9196e81,tea_algal_leaf_spot_00283,False,
test,Tea algal leaf spot,tea_algal_leaf_spot_00287.jpg,0f4fbb013e4a7176bd750145f9c3bc38,tea_algal_leaf_spot_00287,False,
test,Tea algal leaf spot,tea_algal_leaf_spot_00290.jpg,57fd9677a847867302f0115eddec395d,tea_algal_leaf_spot_00290,False,
test,Tea algal leaf spot,tea_algal_leaf_spot_00311.jpg,882a5652636f74460607ea25fe03bff6,tea_algal_leaf_spot_00311,False,
test,Tea algal leaf spot,tea_algal_leaf_spot_00313.jpg,662b083a03db2546a67c595bd5af299a,tea_algal_leaf_spot_00313,False,
test,Tea algal leaf spot,tea_algal_leaf_spot_00317.jpg,2af6a754bb40b8aea54b5c87473a967e,tea_algal_leaf_spot_00317,False,
test,Tea algal leaf spot,tea_algal_leaf_spot_00325.jpg,9754dbab035b0bf7358a1d3a2fd0bea3,tea_algal_leaf_spot_00325,False,
test,Tea algal leaf spot,tea_algal_leaf_spot_00326.jpg,7215a5e1d72a475c5465c86f2847c5a8,tea_algal_leaf_spot_00326,False,
test,Tea algal leaf spot,tea_algal_leaf_spot_00327.jpg,4a4d39939b3558d0996986ad28c2f09f,tea_algal_leaf_spot_00327,False,
test,Tea algal leaf spot,tea_algal_leaf_spot_00356.jpg,c9eddd4615b2a92fcc77676b70e6462d,tea_algal_leaf_spot_00356,False,
test,Tea algal leaf spot,tea_algal_leaf_spot_00360.jpg,37a07bd44838b69668674cc1d1aa68ae,tea_algal_leaf_spot_00360,False,
test,Tea algal leaf spot,tea_algal_leaf_spot_00366.jpg,9b58dc9de7de555f192501abe6254c29,tea_algal_leaf_spot_00366,False,
test,Tea algal leaf spot,tea_algal_leaf_spot_00370.jpg,e2291767bd118a31960af8ee48829d98,tea_algal_leaf_spot_00370,False,
test,Tea algal leaf spot,tea_algal_leaf_spot_00371.jpg,f24367476b55358440c5c09b0ce47835,tea_algal_leaf_spot_00371,False,
test,Tea algal leaf spot,tea_algal_leaf_spot_00376.jpg,dfb172f18510a7408dcb60aa960a2c50,tea_algal_leaf_spot_00376,False,
test,Tea algal leaf spot,tea_algal_leaf_spot_00381.jpg,e206e9a5b604dd7b878625329ad934f3,tea_algal_leaf_spot_00381,False,
test,Tea algal leaf spot,tea_algal_leaf_spot_00386.jpg,b1ef4b9de365801877087d0d0298f75c,tea_algal_leaf_spot_00386,False,
test,Tea algal leaf spot,tea_algal_leaf_spot_00394.jpg,376b2c713d9aa175e51f785a60895e07,tea_algal_leaf_spot_00394,False,
test,Tea algal leaf spot,tea_algal_leaf_spot_00405.jpg,1822372b3169f9bf66673b8eecec58f5,tea_algal_leaf_spot_00405,False,
test,Tea algal leaf spot,tea_algal_leaf_spot_00411.jpg,db138a059135b39f06db37350c0df310,tea_algal_leaf_spot_00411,False,
train,Brown Blight,UNADJUSTEDNONRAW_thumb_103.jpg,2aeffcb0bcec25be5921f35b98bac45e,UNADJUSTEDNONRAW_thumb_103,False,
train,Brown Blight,UNADJUSTEDNONRAW_thumb_103_aug_contrast.jpg,5bf1d3d0ced3a4d7c276b7a5655f1c32,UNADJUSTEDNONRAW_thumb_103,True,contrast
train,Brown Blight,UNADJUSTEDNONRAW_thumb_104.jpg,204fb75201d7c1fc156ccdeb1a24efd9,UNADJUSTEDNONRAW_thumb_104,False,
train,Brown Blight,UNADJUSTEDNONRAW_thumb_104_aug_rotation.jpg,67f74494b45daf9f0e5ee7f0b652e8a6,UNADJUSTEDNONRAW_thumb_104,True,rotation
train,Brown Blight,UNADJUSTEDNONRAW_thumb_104_aug_zoom.jpg,1d87b700e94cbfddd5144194b9a15b85,UNADJUSTEDNONRAW_thumb_104,True,zoom
train,Brown Blight,UNADJUSTEDNONRAW_thumb_105.jpg,404cce4d5dafd1685ad181f3affba42f,UNADJUSTEDNONRAW_thumb_105,False,
train,Brown Blight,UNADJUSTEDNONRAW_thumb_105_aug_blur.jpg,af6e4819d4b9e384326e2304d1e445e3,UNADJUSTEDNONRAW_thumb_105,True,blur
train,Brown Blight,UNADJUSTEDNONRAW_thumb_105_aug_flip_vertical.jpg,b0f39b85c6a5dc12b54576df45ec7de6,UNADJUSTEDNONRAW_thumb_105,True,flip
train,Brown Blight,UNADJUSTEDNONRAW_thumb_106.jpg,dae75fb0f0cdbca5342ab3b118526816,UNADJUSTEDNONRAW_thumb_106,False,
train,Brown Blight,UNADJUSTEDNONRAW_thumb_106_aug_flip_vertical.jpg,be7214eb24b66c54f981db7b31f91ac3,UNADJUSTEDNONRAW_thumb_106,True,flip
train,Brown Blight,UNADJUSTEDNONRAW_thumb_106_aug_rotation.jpg,de8ffa1ce829f19f7ac67ce5468be0ed,UNADJUSTEDNONRAW_thumb_106,True,rotation
train,Brown Blight,UNADJUSTEDNONRAW_thumb_108.jpg,f38ee339cf7da1ede2533c185ba54d04,UNADJUSTEDNONRAW_thumb_108,False,
train,Brown Blight,UNADJUSTEDNONRAW_thumb_108_aug_rotation.jpg,4694331689de937be1933a11f2d5b8bf,UNADJUSTEDNONRAW_thumb_108,True,rotation
train,Brown Blight,UNADJUSTEDNONRAW_thumb_109.jpg,3178d7f9fa04e7c0b162b72900527752,UNADJUSTEDNONRAW_thumb_109,False,
train,Brown Blight,UNADJUSTEDNONRAW_thumb_10a.jpg,ac54915c65162c816df550b330c174e5,UNADJUSTEDNONRAW_thumb_10a,False,
train,Brown Blight,UNADJUSTEDNONRAW_thumb_10a_aug_blur.jpg,fb350c618c764b9f1bb0adce1477a0bc,UNADJUSTEDNONRAW_thumb_10a,True,blur
train,Brown Blight,UNADJUSTEDNONRAW_thumb_10a_aug_zoom.jpg,7ce33adfba37148500ca3092d5384fe7,UNADJUSTEDNONRAW_thumb_10a,True,zoom
train,Brown Blight,UNADJUSTEDNONRAW_thumb_10b.jpg,f5e2a667a2f753a43a6a1d1fb989546e,UNADJUSTEDNONRAW_thumb_10b,False,
train,Brown Blight,UNADJUSTEDNONRAW_thumb_10c.jpg,ce05cc63a9ca486432f341cb420e3a76,UNADJUSTEDNONRAW_thumb_10c,False,
train,Brown Blight,UNADJUSTEDNONRAW_thumb_10c_aug_blur.jpg,c580c30a59184ddf45d32dd1d5b7c671,UNADJUSTEDNONRAW_thumb_10c,True,blur
train,Brown Blight,UNADJUSTEDNONRAW_thumb_10c_aug_rotation.jpg,f17200d77595abb89aeef5696312c7c5,UNADJUSTEDNONRAW_thumb_10c,True,rotation
train,Brown Blight,UNADJUSTEDNONRAW_thumb_10d.jpg,de6dd35d8ae06bd0f92e50c09ea2413e,UNADJUSTEDNONRAW_thumb_10d,False,
train,Brown Blight,UNADJUSTEDNONRAW_thumb_10d_aug_rotation.jpg,a7d6380c1bc6b292bb32b2c5252743cd,UNADJUSTEDNONRAW_thumb_10d,True,rotation
train,Brown Blight,UNADJUSTEDNONRAW_thumb_10e.jpg,c9d7ab56daac83310abfe15e48ef6b51,UNADJUSTEDNONRAW_thumb_10e,False,
train,Brown Blight,UNADJUSTEDNONRAW_thumb_10e_aug_contrast.jpg,2353e1aa3f60428b7f162fd414cab249,UNADJUSTEDNONRAW_thumb_10e,True,contrast
train,Brown Blight,UNADJUSTEDNONRAW_thumb_10e_aug_zoom.jpg,180977e8016c65fbb1abcbeaa83c6eff,UNADJUSTEDNONRAW_thumb_10e,True,zoom
train,Brown Blight,UNADJUSTEDNONRAW_thumb_10f.jpg,65db692c9ce12c90955cc8afc5402e0c,UNADJUSTEDNONRAW_thumb_10f,False,
train,Brown Blight,UNADJUSTEDNONRAW_thumb_110.jpg,027563b6f902ff3d0a93da2ffacd7836,UNADJUSTEDNONRAW_thumb_110,False,
train,Brown Blight,UNADJUSTEDNONRAW_thumb_115.jpg,e4c8483cb31e5f314e98aee4dea36a2b,UNADJUSTEDNONRAW_thumb_115,False,
train,Brown Blight,UNADJUSTEDNONRAW_thumb_115_aug_blur.jpg,70cd0c7633087906d266fcf1177f0ed9,UNADJUSTEDNONRAW_thumb_115,True,blur
train,Brown Blight,UNADJUSTEDNONRAW_thumb_115_aug_rotation.jpg,681d4b2cfe64aca39554d6c8ab46f80a,UNADJUSTEDNONRAW_thumb_115,True,rotation
train,Brown Blight,UNADJUSTEDNONRAW_thumb_116.jpg,133ab3dd226da7dc28b050fa3902ba66,UNADJUSTEDNONRAW_thumb_116,False,
train,Brown Blight,UNADJUSTEDNONRAW_thumb_116_aug_flip_horizontal.jpg,da506ac18031b0a4ed525246d1c57154,UNADJUSTEDNONRAW_thumb_116,True,flip
train,Brown Blight,UNADJUSTEDNONRAW_thumb_118.jpg,ce5d71647a5c98d72754c74cd7c61d69,UNADJUSTEDNONRAW_thumb_118,False,
train,Brown Blight,UNADJUSTEDNONRAW_thumb_118_aug_flip_vertical.jpg,108aee14cb237a46e286a7ac356a185c,UNADJUSTEDNONRAW_thumb_118,True,flip
train,Brown Blight,UNADJUSTEDNONRAW_thumb_119.jpg,860962ebd09727b95c971e64afcd0639,UNADJUSTEDNONRAW_thumb_119,False,
train,Brown Blight,UNADJUSTEDNONRAW_thumb_11b.jpg,5d2a3997406a96dc88dd696b927cca8b,UNADJUSTEDNONRAW_thumb_11b,False,
train,Brown Blight,UNADJUSTEDNONRAW_thumb_11b_aug_flip_horizontal.jpg,0bdc210a12cec5abcbdc1313a4f4b570,UNADJUSTEDNONRAW_thumb_11b,True,flip
train,Brown Blight,UNADJUSTEDNONRAW_thumb_11c.jpg,b832e9e26eea7ae7f003e8d2e40a4dfa,UNADJUSTEDNONRAW_thumb_11c,False,
train,Brown Blight,UNADJUSTEDNONRAW_thumb_11c_aug_brightness.jpg,a06a320278217640cd2eee5413e9aaf5,UNADJUSTEDNONRAW_thumb_11c,True,brightness
train,Brown Blight,UNADJUSTEDNONRAW_thumb_11c_aug_contrast.jpg,f4be5d48a95244ee74eb056dde7f8ba5,UNADJUSTEDNONRAW_thumb_11c,True,contrast
train,Brown Blight,UNADJUSTEDNONRAW_thumb_11c_aug_rotation.jpg,56659de4e430728851ffec4cf00199c4,UNADJUSTEDNONRAW_thumb_11c,True,rotation
train,Brown Blight,UNADJUSTEDNONRAW_thumb_11d.jpg,c3ac21f1280aed0c0213bb4fe9671c29,UNADJUSTEDNONRAW_thumb_11d,False,
train,Brown Blight,UNADJUSTEDNONRAW_thumb_11f.jpg,63d276f615769c68a0da44edf8aa8b5d,UNADJUSTEDNONRAW_thumb_11f,False,
train,Brown Blight,UNADJUSTEDNONRAW_thumb_11f_aug_flip_vertical.jpg,1bd135b054c7d7fd7be791dd3c6b1906,UNADJUSTEDNONRAW_thumb_11f,True,flip
train,Brown Blight,UNADJUSTEDNONRAW_thumb_120.jpg,031ece5f04b3b8d774f6cc693e6c656b,UNADJUSTEDNONRAW_thumb_120,False,
train,Brown Blight,UNADJUSTEDNONRAW_thumb_124.jpg,4b2ab35edda4a9aa1e5419f4f44e0121,UNADJUSTEDNONRAW_thumb_124,False,
train,Brown Blight,UNADJUSTEDNONRAW_thumb_124_aug_brightness.jpg,2f6695d0d71057709118f8acfc7b66cc,UNADJUSTEDNONRAW_thumb_124,True,brightness
train,Brown Blight,UNADJUSTEDNONRAW_thumb_124_aug_contrast.jpg,8cca050ed2d63705749222813c54573e,UNADJUSTEDNONRAW_thumb_124,True,contrast
train,Brown Blight,UNADJUSTEDNONRAW_thumb_124_aug_rotation.jpg,e6b5f6c8bd78c7527de067db47961117,UNADJUSTEDNONRAW_thumb_124,True,rotation
train,Brown Blight,UNADJUSTEDNONRAW_thumb_125.jpg,94dff334463c0a1b08d4f11c6460673b,UNADJUSTEDNONRAW_thumb_125,False,
train,Brown Blight,UNADJUSTEDNONRAW_thumb_125_aug_contrast.jpg,d41b96477f7b260e34417ec1f58775df,UNADJUSTEDNONRAW_thumb_125,True,contrast
train,Brown Blight,UNADJUSTEDNONRAW_thumb_125_aug_rotation.jpg,6f1d2124d9dfa4ed61f43b0f144600b1,UNADJUSTEDNONRAW_thumb_125,True,rotation
train,Brown Blight,UNADJUSTEDNONRAW_thumb_125_aug_zoom.jpg,5b0c6b1b46b5f772b7504cae3f593f46,UNADJUSTEDNONRAW_thumb_125,True,zoom
train,Brown Blight,UNADJUSTEDNONRAW_thumb_126.jpg,82ebeffa8ecedaf27a10a7597051a95b,UNADJUSTEDNONRAW_thumb_126,False,
train,Brown Blight,UNADJUSTEDNONRAW_thumb_126_aug_brightness.jpg,0626be8c8bfb55241ddac54bef18e921,UNADJUSTEDNONRAW_thumb_126,True,brightness
train,Brown Blight,UNADJUSTEDNONRAW_thumb_12a.jpg,b05c391eff14441c53ccbb5ab071678a,UNADJUSTEDNONRAW_thumb_12a,False,
train,Brown Blight,UNADJUSTEDNONRAW_thumb_12a_aug_flip_horizontal.jpg,ba6f7c85687fdf11a934c23c50d3153b,UNADJUSTEDNONRAW_thumb_12a,True,flip
train,Brown Blight,UNADJUSTEDNONRAW_thumb_12a_aug_flip_vertical.jpg,388992b2150a782b40d918f6fd1b1e1f,UNADJUSTEDNONRAW_thumb_12a,True,flip
train,Brown Blight,UNADJUSTEDNONRAW_thumb_12a_aug_zoom.jpg,aea7feb425ef41fa11d510d46421b2e4,UNADJUSTEDNONRAW_thumb_12a,True,zoom
train,Brown Blight,UNADJUSTEDNONRAW_thumb_12b.jpg,350f63421277caade86763dc786c77cf,UNADJUSTEDNONRAW_thumb_12b,False,
train,Brown Blight,UNADJUSTEDNONRAW_thumb_12b_aug_contrast.jpg,ad376f23262fcf6a4f606751942c1c52,UNADJUSTEDNONRAW_thumb_12b,True,contrast
train,Brown Blight,UNADJUSTEDNONRAW_thumb_12c.jpg,e40b49b7d0500f642ee3c3f9d2d3c8a3,UNADJUSTEDNONRAW_thumb_12c,False,
train,Brown Blight,UNADJUSTEDNONRAW_thumb_12c_aug_blur.jpg,57b97173b4387a37e51c28a96dd86aaa,UNADJUSTEDNONRAW_thumb_12c,True,blur
train,Brown Blight,UNADJUSTEDNONRAW_thumb_12d.jpg,fb147e8edf103d51582d2b87ca7ec130,UNADJUSTEDNONRAW_thumb_12d,False,
train,Brown Blight,UNADJUSTEDNONRAW_thumb_130.jpg,d4b2c4bf10e2a1e4b941dd4922678162,UNADJUSTEDNONRAW_thumb_130,False,
train,Brown Blight,UNADJUSTEDNONRAW_thumb_131.jpg,c2285a22f1d1fa7f61b38a1a8e9cb634,UNADJUSTEDNONRAW_thumb_131,False,
train,Brown Blight,UNADJUSTEDNONRAW_thumb_131_aug_contrast.jpg,356ecf5f2db11ef1cda51a07dc071360,UNADJUSTEDNONRAW_thumb_131,True,contrast
train,Brown Blight,UNADJUSTEDNONRAW_thumb_133.jpg,f398ca7ae6041d6e4c8a516d69990de0,UNADJUSTEDNONRAW_thumb_133,False,
train,Brown Blight,UNADJUSTEDNONRAW_thumb_135.jpg,87e910564c890b2d2bc92a9e1232256d,UNADJUSTEDNONRAW_thumb_135,False,
train,Brown Blight,UNADJUSTEDNONRAW_thumb_135_aug_flip_vertical.jpg,8bdc0229f3bf33ddfb2684ffb90d53fb,UNADJUSTEDNONRAW_thumb_135,True,flip
train,Brown Blight,UNADJUSTEDNONRAW_thumb_136.jpg,6346166a5585357b6b7d7ae307050d22,UNADJUSTEDNONRAW_thumb_136,False,
train,Brown Blight,UNADJUSTEDNONRAW_thumb_137.jpg,018bf8cc8ddba74063455499855cb550,UNADJUSTEDNONRAW_thumb_137,False,
train,Brown Blight,UNADJUSTEDNONRAW_thumb_138.jpg,a599d104a9e7bd0dab192a202c8117af,UNADJUSTEDNONRAW_thumb_138,False,
train,Brown Blight,UNADJUSTEDNONRAW_thumb_138_aug_blur.jpg,deac1af2e2e26382b2154a8db160c768,UNADJUSTEDNONRAW_thumb_138,True,blur
train,Brown Blight,UNADJUSTEDNONRAW_thumb_138_aug_brightness.jpg,cf57b874ad6475ead9fc598137aeba5b,UNADJUSTEDNONRAW_thumb_138,True,brightness
train,Brown Blight,UNADJUSTEDNONRAW_thumb_139.jpg,13c261f50bbbffe38d28a931182ed0ec,UNADJUSTEDNONRAW_thumb_139,False,
train,Brown Blight,UNADJUSTEDNONRAW_thumb_13b.jpg,7015e0e93597a70afdd4271f45a5f609,UNADJUSTEDNONRAW_thumb_13b,False,
train,Brown Blight,UNADJUSTEDNONRAW_thumb_13d.jpg,783638a37181cf99e786947516fb1e9f,UNADJUSTEDNONRAW_thumb_13d,False,
train,Brown Blight,UNADJUSTEDNONRAW_thumb_13d_aug_blur.jpg,736b0842d68da10cb92b702f75b65b4f,UNADJUSTEDNONRAW_thumb_13d,True,blur
train,Brown Blight,UNADJUSTEDNONRAW_thumb_13d_aug_flip_vertical.jpg,638780ed2d612c3e33499da264ad22a5,UNADJUSTEDNONRAW_thumb_13d,True,flip
train,Brown Blight,UNADJUSTEDNONRAW_thumb_13e.jpg,9d8ad54493b570c56485fe08d403d361,UNADJUSTEDNONRAW_thumb_13e,False,
train,Brown Blight,UNADJUSTEDNONRAW_thumb_13e_aug_blur.jpg,ede23a5aa8e4c05dd482c00850ed327c,UNADJUSTEDNONRAW_thumb_13e,True,blur
train,Brown Blight,UNADJUSTEDNONRAW_thumb_13e_aug_flip_horizontal.jpg,37a6ac4f0fcc62a887bf97e759af0123,UNADJUSTEDNONRAW_thumb_13e,True,flip
train,Brown Blight,UNADJUSTEDNONRAW_thumb_140.jpg,91b5d6c5da5e7e35f1e2fb45dd71e629,UNADJUSTEDNONRAW_thumb_140,False,
train,Brown Blight,UNADJUSTEDNONRAW_thumb_141.jpg,f473be44cd12ece66bffdc0bb0466010,UNADJUSTEDNONRAW_thumb_141,False,
train,Brown Blight,UNADJUSTEDNONRAW_thumb_143.jpg,ce8f370c9e1b9c12abc0045b1b8d525b,UNADJUSTEDNONRAW_thumb_143,False,
train,Brown Blight,UNADJUSTEDNONRAW_thumb_143_aug_contrast.jpg,900acb21b4bf59cd37bc0f98fd013bd0,UNADJUSTEDNONRAW_thumb_143,True,contrast
train,Brown Blight,UNADJUSTEDNONRAW_thumb_145.jpg,0ea0720bc0602f21aab00f511780ecbe,UNADJUSTEDNONRAW_thumb_145,False,
train,Brown Blight,UNADJUSTEDNONRAW_thumb_146.jpg,cc87375071f17b8d08cc1360dbfda130,UNADJUSTEDNONRAW_thumb_146,False,
train,Brown Blight,UNADJUSTEDNONRAW_thumb_147.jpg,31f87de70ff758aa2441fb63a61d517b,UNADJUSTEDNONRAW_thumb_147,False,
train,Brown Blight,UNADJUSTEDNONRAW_thumb_148.jpg,71a6f0a449fb5eb841f5d68c719dc736,UNADJUSTEDNONRAW_thumb_148,False,
train,Brown Blight,UNADJUSTEDNONRAW_thumb_148_aug_brightness.jpg,32d6684a7dd87d11cfe65622a0c46df1,UNADJUSTEDNONRAW_thumb_148,True,brightness
train,Brown Blight,UNADJUSTEDNONRAW_thumb_14a.jpg,41db5955c4f86610305bdeb5424fc79a,UNADJUSTEDNONRAW_thumb_14a,False,
train,Brown Blight,UNADJUSTEDNONRAW_thumb_14b.jpg,2d36e5844484f64cbd5867fa36b94960,UNADJUSTEDNONRAW_thumb_14b,False,
train,Brown Blight,UNADJUSTEDNONRAW_thumb_14b_aug_blur.jpg,1363d7b15e4b6c168537eb2b77ddcb81,UNADJUSTEDNONRAW_thumb_14b,True,blur
train,Brown Blight,UNADJUSTEDNONRAW_thumb_14b_aug_brightness.jpg,b90b4aa565a3f26338db18ecd63527b7,UNADJUSTEDNONRAW_thumb_14b,True,brightness
train,Brown Blight,UNADJUSTEDNONRAW_thumb_14c.jpg,503b59f293d5b9824ecd7b603e8b453a,UNADJUSTEDNONRAW_thumb_14c,False,
train,Brown Blight,UNADJUSTEDNONRAW_thumb_14d.jpg,97e021aefbce3cf91aec300da0e02a9b,UNADJUSTEDNONRAW_thumb_14d,False,
train,Brown Blight,UNADJUSTEDNONRAW_thumb_14d_aug_rotation.jpg,b614040e17f580ca611e1d8b940ac505,UNADJUSTEDNONRAW_thumb_14d,True,rotation
train,Brown Blight,UNADJUSTEDNONRAW_thumb_14d_aug_zoom.jpg,c54714ea6ba7bbb9a560e59536503ac6,UNADJUSTEDNONRAW_thumb_14d,True,zoom
train,Brown Blight,UNADJUSTEDNONRAW_thumb_14e.jpg,26a7fda900da283c72d2dd41ac70ffb8,UNADJUSTEDNONRAW_thumb_14e,False,
train,Brown Blight,UNADJUSTEDNONRAW_thumb_14f.jpg,85ef0d8406a1c2b270f78327b1f72fe8,UNADJUSTEDNONRAW_thumb_14f,False,
train,Brown Blight,UNADJUSTEDNONRAW_thumb_150.jpg,742b3e6ca733c28bf017132b7a1158f4,UNADJUSTEDNONRAW_thumb_150,False,
train,Brown Blight,UNADJUSTEDNONRAW_thumb_150_aug_brightness.jpg,19842fbce9dc8c54ebaf3bdecfa15905,UNADJUSTEDNONRAW_thumb_150,True,brightness
train,Brown Blight,UNADJUSTEDNONRAW_thumb_152.jpg,0319babf4ba5828b6ed81a4305270dc6,UNADJUSTEDNONRAW_thumb_152,False,
train,Brown Blight,UNADJUSTEDNONRAW_thumb_153.jpg,0e0fd97d9be90f5a1277dfa3e512806e,UNADJUSTEDNONRAW_thumb_153,False,
train,Brown Blight,UNADJUSTEDNONRAW_thumb_153_aug_blur.jpg,e05029e2e415f3a1d92a604873992244,UNADJUSTEDNONRAW_thumb_153,True,blur
train,Brown Blight,UNADJUSTEDNONRAW_thumb_154.jpg,a446fb8ce7ae3ab1e7da13e8b585c540,UNADJUSTEDNONRAW_thumb_154,False,
train,Brown Blight,UNADJUSTEDNONRAW_thumb_155.jpg,308ad17e15ad53c68e8f901ef9a1b072,UNADJUSTEDNONRAW_thumb_155,False,
train,Brown Blight,UNADJUSTEDNONRAW_thumb_155_aug_brightness.jpg,1eb13e7358c68a277dcc2187d74f7f94,UNADJUSTEDNONRAW_thumb_155,True,brightness
train,Brown Blight,UNADJUSTEDNONRAW_thumb_156.jpg,23f92c70529356053b81f66a4f91e380,UNADJUSTEDNONRAW_thumb_156,False,
train,Brown Blight,UNADJUSTEDNONRAW_thumb_156_aug_brightness.jpg,e148a2704480f3bbbb6c5e16df6b4cbe,UNADJUSTEDNONRAW_thumb_156,True,brightness
train,Brown Blight,UNADJUSTEDNONRAW_thumb_157.jpg,0ae2245fe62603cad80298c74f7ffc32,UNADJUSTEDNONRAW_thumb_157,False,
train,Brown Blight,UNADJUSTEDNONRAW_thumb_157_aug_rotation.jpg,ad1a39703599118e8911a1f869d78dbe,UNADJUSTEDNONRAW_thumb_157,True,rotation
train,Brown Blight,UNADJUSTEDNONRAW_thumb_159.jpg,d97b371f2edde1af5732d7f5da1047bd,UNADJUSTEDNONRAW_thumb_159,False,
train,Brown Blight,UNADJUSTEDNONRAW_thumb_15a.jpg,ac593e7842beb32e352bf6f4422d06a9,UNADJUSTEDNONRAW_thumb_15a,False,
train,Brown Blight,UNADJUSTEDNONRAW_thumb_15a_aug_blur.jpg,ba86b9c490791e4d230e94c32359eed0,UNADJUSTEDNONRAW_thumb_15a,True,blur
train,Brown Blight,UNADJUSTEDNONRAW_thumb_15a_aug_brightness.jpg,35b12eaa5ef315219d0297f953a93bd7,UNADJUSTEDNONRAW_thumb_15a,True,brightness
train,Brown Blight,UNADJUSTEDNONRAW_thumb_15a_aug_rotation.jpg,1cc02ec6e4986e2f10c2bf6a1ee61428,UNADJUSTEDNONRAW_thumb_15a,True,rotation
train,Brown Blight,UNADJUSTEDNONRAW_thumb_15b.jpg,aa34a0d95ba87d6157458b2ef7be4610,UNADJUSTEDNONRAW_thumb_15b,False,
train,Brown Blight,UNADJUSTEDNONRAW_thumb_15b_aug_flip_vertical.jpg,9b29a2b102538f9d8e87a821ec317e65,UNADJUSTEDNONRAW_thumb_15b,True,flip
train,Brown Blight,UNADJUSTEDNONRAW_thumb_15b_aug_rotation.jpg,8d3e1c499e8b0fa78c7228063bb0e050,UNADJUSTEDNONRAW_thumb_15b,True,rotation
train,Brown Blight,UNADJUSTEDNONRAW_thumb_15d.jpg,ee383d89c6b754b1b6af4d10a4ddd02e,UNADJUSTEDNONRAW_thumb_15d,False,
train,Brown Blight,UNADJUSTEDNONRAW_thumb_160.jpg,7bb2ed2da9b7fbc396fc3c576b6b6585,UNADJUSTEDNONRAW_thumb_160,False,
train,Brown Blight,UNADJUSTEDNONRAW_thumb_160_aug_brightness.jpg,4f637849521ec852d038f641286f951c,UNADJUSTEDNONRAW_thumb_160,True,brightness
train,Brown Blight,UNADJUSTEDNONRAW_thumb_162.jpg,6358dc171acc1baac55c2e78e08610ff,UNADJUSTEDNONRAW_thumb_162,False,
train,Brown Blight,UNADJUSTEDNONRAW_thumb_163.jpg,2ba897dcc9117f47689e02c73330cc99,UNADJUSTEDNONRAW_thumb_163,False,
train,Brown Blight,UNADJUSTEDNONRAW_thumb_164.jpg,92da5f1b037aaadbb0e4509198108b32,UNADJUSTEDNONRAW_thumb_164,False,
train,Brown Blight,UNADJUSTEDNONRAW_thumb_164_aug_brightness.jpg,781dd978812a0d28ea693c8fc2446e1d,UNADJUSTEDNONRAW_thumb_164,True,brightness
train,Brown Blight,UNADJUSTEDNONRAW_thumb_164_aug_rotation.jpg,584b7191675fe29379a0aebe436c64bb,UNADJUSTEDNONRAW_thumb_164,True,rotation
train,Brown Blight,UNADJUSTEDNONRAW_thumb_165.jpg,aea1216487f54b8cfb573b973bb4c6ae,UNADJUSTEDNONRAW_thumb_165,False,
train,Brown Blight,UNADJUSTEDNONRAW_thumb_165_aug_rotation.jpg,b96d9df1bad5ef60e204d72b628e33fa,UNADJUSTEDNONRAW_thumb_165,True,rotation
train,Brown Blight,UNADJUSTEDNONRAW_thumb_165_aug_zoom.jpg,1488b4b733c3cbd73a9567951ebd0675,UNADJUSTEDNONRAW_thumb_165,True,zoom
train,Brown Blight,UNADJUSTEDNONRAW_thumb_169.jpg,6bb000cbaa261539a089086461697a3d,UNADJUSTEDNONRAW_thumb_169,False,
train,Brown Blight,UNADJUSTEDNONRAW_thumb_169_aug_rotation.jpg,9f476071200835709785537c479aa909,UNADJUSTEDNONRAW_thumb_169,True,rotation
train,Brown Blight,UNADJUSTEDNONRAW_thumb_16a.jpg,398d343c6d94c72c1439c504283cff59,UNADJUSTEDNONRAW_thumb_16a,False,
train,Brown Blight,UNADJUSTEDNONRAW_thumb_16b.jpg,9952d70a58248218793f9c4035d118ca,UNADJUSTEDNONRAW_thumb_16b,False,
train,Brown Blight,UNADJUSTEDNONRAW_thumb_16b_aug_brightness.jpg,6061a9ccda816e0b12b545796416aad5,UNADJUSTEDNONRAW_thumb_16b,True,brightness
train,Brown Blight,UNADJUSTEDNONRAW_thumb_16b_aug_flip_vertical.jpg,f2f690ebe61a6f67049161807f178bdc,UNADJUSTEDNONRAW_thumb_16b,True,flip
train,Brown Blight,UNADJUSTEDNONRAW_thumb_16b_aug_rotation.jpg,ca6716cf5d36b98e35260b7ed52043a0,UNADJUSTEDNONRAW_thumb_16b,True,rotation
train,Brown Blight,UNADJUSTEDNONRAW_thumb_16c.jpg,bf9920bd2b49247c10804ec63f34aced,UNADJUSTEDNONRAW_thumb_16c,False,
train,Brown Blight,UNADJUSTEDNONRAW_thumb_16c_aug_blur.jpg,0493298c7fa862c7b1402dc3a0c7bce8,UNADJUSTEDNONRAW_thumb_16c,True,blur
train,Brown Blight,UNADJUSTEDNONRAW_thumb_16c_aug_flip_vertical.jpg,5aa0efb5feda3a5ff8279a1b30d33f1e,UNADJUSTEDNONRAW_thumb_16c,True,flip
train,Brown Blight,UNADJUSTEDNONRAW_thumb_16d.jpg,9b92fa50742ef7d448c00d312ea5b392,UNADJUSTEDNONRAW_thumb_16d,False,
train,Brown Blight,UNADJUSTEDNONRAW_thumb_16e.jpg,137c91795c094f0a1fa0746b07cc746a,UNADJUSTEDNONRAW_thumb_16e,False,
train,Brown Blight,UNADJUSTEDNONRAW_thumb_170.jpg,072b166a6f07bf8b1e06d032fc8db6e5,UNADJUSTEDNONRAW_thumb_170,False,
train,Brown Blight,UNADJUSTEDNONRAW_thumb_171.jpg,6c1fdebca4501d1e80e5f71bb1b26bc9,UNADJUSTEDNONRAW_thumb_171,False,
train,Brown Blight,brown_blight_00001.jpg,4851dd289724565a24961d6731cfa7ea,brown_blight_00001,False,
train,Brown Blight,brown_blight_00002.jpg,4b91aaa3443ba33dcdb268e70061f007,brown_blight_00002,False,
train,Brown Blight,brown_blight_00002_aug_zoom.jpg,7b89178e90cd25ffbe623945461468b4,brown_blight_00002,True,zoom
train,Brown Blight,brown_blight_00004.jpg,c5266cf09053c02512a05cb16193bb2b,brown_blight_00004,False,
train,Brown Blight,brown_blight_00006.jpg,2727fc109ca145d54adbe8dc7755fe77,brown_blight_00006,False,
train,Brown Blight,brown_blight_00006_aug_blur.jpg,165aca0917318d35659263aace19d750,brown_blight_00006,True,blur
train,Brown Blight,brown_blight_00006_aug_flip_vertical.jpg,f2ed025f338b09da413fa324e0738242,brown_blight_00006,True,flip
train,Brown Blight,brown_blight_00007.jpg,f7230504b89ff823e68b0727d2666d3a,brown_blight_00007,False,
train,Brown Blight,brown_blight_00007_aug_rotation.jpg,50218594ecb7beb999bd31f95e0455c3,brown_blight_00007,True,rotation
train,Brown Blight,brown_blight_00010.jpg,8c902bfd209fc53218b7ba2ad008db42,brown_blight_00010,False,
train,Brown Blight,brown_blight_00010_aug_brightness.jpg,1cc83983c75573af8bff7a1ec75f0eef,brown_blight_00010,True,brightness
train,Brown Blight,brown_blight_00012.jpg,fc0ea3e8e7a176ce680ebe292cfd5a66,brown_blight_00012,False,
train,Brown Blight,brown_blight_00012_aug_brightness.jpg,1affa221f5f4f76bebb3ceafe46790e0,brown_blight_00012,True,brightness
train,Brown Blight,brown_blight_00012_aug_contrast.jpg,b7f352b6b460a6b0652e613103fcc2aa,brown_blight_00012,True,contrast
train,Brown Blight,brown_blight_00012_aug_flip_horizontal.jpg,f26a25636d919f4a6038dde26bba74c9,brown_blight_00012,True,flip
train,Brown Blight,brown_blight_00013.jpg,3c09033bb343abdc3da05f262e0e2004,brown_blight_00013,False,
train,Brown Blight,brown_blight_00015.jpg,65b5084fed0723610db1c9488a8ccd41,brown_blight_00015,False,
train,Brown Blight,brown_blight_00015_aug_flip_horizontal.jpg,36d02c9fccc8b7c06266c35570d2a12e,brown_blight_00015,True,flip
train,Brown Blight,brown_blight_00016.jpg,713172d3a97fee8e0d76187cb0aa4752,brown_blight_00016,False,
train,Brown Blight,brown_blight_00016_aug_flip_horizontal.jpg,a0ff5432a9a6483259d0f0e0ab30b023,brown_blight_00016,True,flip
train,Brown Blight,brown_blight_00017.jpg,a250750498eb2e9dab452a001e73729d,brown_blight_00017,False,
train,Brown Blight,brown_blight_00017_aug_contrast.jpg,f8b5f3a7bd1639d482605c768845674f,brown_blight_00017,True,contrast
train,Brown Blight,brown_blight_00017_aug_flip_horizontal.jpg,00bbb28c404f83ef1ad093b7689db7e5,brown_blight_00017,True,flip
train,Brown Blight,brown_blight_00018.jpg,187b187ceba9fdc1d05162b02aee6127,brown_blight_00018,False,
train,Brown Blight,brown_blight_00018_aug_brightness.jpg,846c3ebf53d1087d14a2862c7c7d7dda,brown_blight_00018,True,brightness
train,Brown Blight,brown_blight_00018_aug_flip_vertical.jpg,4ce02a8c0e2b10effec38a4a07fc0209,brown_blight_00018,True,flip
train,Brown Blight,brown_blight_00020.jpg,8e2bc580131e3b69ad524122c87443c9,brown_blight_00020,False,
train,Brown Blight,brown_blight_00020_aug_blur.jpg,1fe960fb3aeab42755aceaa9c477bed3,brown_blight_00020,True,blur
train,Brown Blight,brown_blight_00021.jpg,2a0cc04f1af2b92d36ead81c8d9cd26f,brown_blight_00021,False,
train,Brown Blight,brown_blight_00021_aug_blur.jpg,0ea9d573121a143c855e342a6b99b551,brown_blight_00021,True,blur
train,Brown Blight,brown_blight_00022.jpg,4f9cf2a02f8d39b1075cccff40029da8,brown_blight_00022,False,
train,Brown Blight,brown_blight_00023.jpg,612dd7fb5562e4afe778edcded642cd7,brown_blight_00023,False,
train,Brown Blight,brown_blight_00024.jpg,20ee3c0c8d37e827e5a548628f927a24,brown_blight_00024,False,
train,Brown Blight,brown_blight_00024_aug_rotation.jpg,96906c51e9292e4e09dbfd473c8b4230,brown_blight_00024,True,rotation
train,Brown Blight,brown_blight_00026.jpg,43721fd65ad0ff9e859d358f1e2d016c,brown_blight_00026,False,
train,Brown Blight,brown_blight_00026_aug_brightness.jpg,2bf1fe44cf054feb59e706e91575a7e5,brown_blight_00026,True,brightness
train,Brown Blight,brown_blight_00027.jpg,f4a31ecd68496e84d8ffff1590ecff7b,brown_blight_00027,False,
train,Brown Blight,brown_blight_00029.jpg,ab0f4dc8fcbd2d104f26d31f45240de0,brown_blight_00029,False,
train,Brown Blight,brown_blight_00030.jpg,c113907003d0865fa298cd753de3c277,brown_blight_00030,False,
train,Brown Blight,brown_blight_00030_aug_brightness.jpg,31f73b5c5c6938516258cf6ab362d7ed,brown_blight_00030,True,brightness
train,Brown Blight,brown_blight_00030_aug_flip_vertical.jpg,f4d7bc4eef49f371f75565542dd11c13,brown_blight_00030,True,flip
train,Brown Blight,brown_blight_00030_aug_rotation.jpg,0dfde1d081b8a9b15576830d8f41f358,brown_blight_00030,True,rotation
train,Brown Blight,brown_blight_00033.jpg,df50ec1f461b50623f0a67ed7b6b85cd,brown_blight_00033,False,
train,Brown Blight,brown_blight_00033_aug_zoom.jpg,6412a96145aec97138a59fb08e112b2b,brown_blight_00033,True,zoom
train,Brown Blight,brown_blight_00035.jpg,163e5b092c2fa9fbaabe7cb675cb2e2c,brown_blight_00035,False,
train,Brown Blight,brown_blight_00035_aug_contrast.jpg,01db7a32262e269de1a36864257ddac1,brown_blight_00035,True,contrast
train,Brown Blight,brown_blight_00036.jpg,c34657ee67319605e143c4fdc3924995,brown_blight_00036,False,
train,Brown Blight,brown_blight_00036_aug_blur.jpg,1e53e13f514fdb51941ffef499088667,brown_blight_00036,True,blur
train,Brown Blight,brown_blight_00036_aug_contrast.jpg,04f89a625d719dfaca2b1caab6c4d95d,brown_blight_00036,True,contrast
train,Brown Blight,brown_blight_00037.jpg,6d35d70abe619b0d9a4afdd38dc158b9,brown_blight_00037,False,
train,Brown Blight,brown_blight_00038.jpg,d2212e59cf00411fbc79d61cf2cda630,brown_blight_00038,False,
train,Brown Blight,brown_blight_00038_aug_flip_vertical.jpg,5e629ef32b32d235bda93a5bd8614d5f,brown_blight_00038,True,flip
train,Brown Blight,brown_blight_00039.jpg,d0a2b71ed0b73ce6082d37d2d9aa8d01,brown_blight_00039,False,
train,Brown Blight,brown_blight_00039_aug_flip_horizontal.jpg,9dff39fdd71fbbc61371490909dff9fa,brown_blight_00039,True,flip
train,Brown Blight,brown_blight_00042.jpg,4430e9aa36a34ba500d2b8fc017bc060,brown_blight_00042,False,
train,Brown Blight,brown_blight_00042_aug_rotation.jpg,40c3cbe7544778b42fe988b4db53f43d,brown_blight_00042,True,rotation
train,Brown Blight,brown_blight_00043.jpg,bda76ff80fa7d4c5dc4e91d1a389c071,brown_blight_00043,False,
train,Brown Blight,brown_blight_00043_aug_zoom.jpg,b8e69096de3f94650c7d1d414609e262,brown_blight_00043,True,zoom
train,Brown Blight,brown_blight_00044.jpg,f5e17042f7349dfbb7ddcbafb39ffeef,brown_blight_00044,False,
train,Brown Blight,brown_blight_00044_aug_blur.jpg,740857d4a4d2fe752c930515631b1e61,brown_blight_00044,True,blur
train,Brown Blight,brown_blight_00045.jpg,acdad75e85cbed15bdd1803a4a91e336,brown_blight_00045,False,
train,Brown Blight,brown_blight_00046.jpg,385fbf2df9e49e2ee6418b17124af66a,brown_blight_00046,False,
train,Brown Blight,brown_blight_00046_aug_brightness.jpg,c99ff840c3042ddd8369accdc7692d00,brown_blight_00046,True,brightness
train,Brown Blight,brown_blight_00046_aug_rotation.jpg,68320fea8c0f88a007fd95f147f0b0df,brown_blight_00046,True,rotation
train,Brown Blight,brown_blight_00047.jpg,cc67f9b64f3f8d22073dfa71aac16fdb,brown_blight_00047,False,
train,Brown Blight,brown_blight_00047_aug_rotation.jpg,f0c1b324d878cc7a2044ca92b4369a6c,brown_blight_00047,True,rotation
train,Brown Blight,brown_blight_00048.jpg,f7d19cf14256f66045156510d774a6be,brown_blight_00048,False,
train,Brown Blight,brown_blight_00048_aug_contrast.jpg,2cbefbe07000f74978008af0af130773,brown_blight_00048,True,contrast
train,Brown Blight,brown_blight_00049.jpg,47107ff7b875ffc1031368822ecbbd8c,brown_blight_00049,False,
train,Brown Blight,brown_blight_00049_aug_zoom.jpg,5f9dc933c13beb8f1c801a201d8328fd,brown_blight_00049,True,zoom
train,Brown Blight,brown_blight_00050.jpg,977118f4530fca795164fa795eb19f60,brown_blight_00050,False,
train,Brown Blight,brown_blight_00050_aug_brightness.jpg,29b51cc3b68d38a463b8a4cf79bb78b7,brown_blight_00050,True,brightness
train,Brown Blight,brown_blight_00051.jpg,d6079afa4e58b1869028ed21a1822121,brown_blight_00051,False,
train,Brown Blight,brown_blight_00051_aug_blur.jpg,40b835ba41322822e9a57d3576b74ca0,brown_blight_00051,True,blur
train,Brown Blight,brown_blight_00051_aug_flip_horizontal.jpg,3a685ca172e30d3a8a6b191dc6e1768c,brown_blight_00051,True,flip
train,Brown Blight,brown_blight_00052.jpg,419a3dc5e7fbb7a17bd213bb2a94b064,brown_blight_00052,False,
train,Brown Blight,brown_blight_00052_aug_contrast.jpg,fe6800ccc714884b9f4561842fee8819,brown_blight_00052,True,contrast
train,Brown Blight,brown_blight_00053.jpg,f35973f3d7f61e71d075c2940b39c3f1,brown_blight_00053,False,
train,Brown Blight,brown_blight_00053_aug_brightness.jpg,2b6e1cbf474ad4821f8d8b2ec34919db,brown_blight_00053,True,brightness
train,Brown Blight,brown_blight_00055.jpg,f205ea273f983ec564682a31a1727542,brown_blight_00055,False,
train,Brown Blight,brown_blight_00055_aug_contrast.jpg,9b6219d7f77dc6fc35e5f022d66169bf,brown_blight_00055,True,contrast
train,Brown Blight,brown_blight_00056.jpg,13af1cca506fccf4d23f4e49ce288c9a,brown_blight_00056,False,
train,Brown Blight,brown_blight_00057.jpg,3402b6a99dd895d63164f75737b80695,brown_blight_00057,False,
train,Brown Blight,brown_blight_00057_aug_brightness.jpg,f18a930a83416b76ffd440b3f0df0c1f,brown_blight_00057,True,brightness
train,Brown Blight,brown_blight_00057_aug_zoom.jpg,314503dafa9d3dd0d93ce239dd56b7f1,brown_blight_00057,True,zoom
train,Brown Blight,brown_blight_00058.jpg,b208ba387ef117881d082efe7d15b995,brown_blight_00058,False,
train,Brown Blight,brown_blight_00059.jpg,da9bb2f06547a4e06e547d0fd51a3aef,brown_blight_00059,False,
train,Brown Blight,brown_blight_00059_aug_flip_vertical.jpg,3d9e45ab75fbadaaf594726a26067b4a,brown_blight_00059,True,flip
train,Brown Blight,brown_blight_00061.jpg,bbabb5ce96d38d8b56970d68bb7fce08,brown_blight_00061,False,
train,Brown Blight,brown_blight_00063.jpg,a11e044ea71f15226201c6ba5ef1e63a,brown_blight_00063,False,
train,Brown Blight,brown_blight_00065.jpg,94e41e05043a29e74e0fb1e2e13270ae,brown_blight_00065,False,
train,Brown Blight,brown_blight_00065_aug_blur.jpg,ec3aa513da83ef93412c5c00f2f8da51,brown_blight_00065,True,blur
train,Brown Blight,brown_blight_00066.jpg,de3357c53a9bbcdd49abe6b8d3394706,brown_blight_00066,False,
train,Brown Blight,brown_blight_00066_aug_flip_horizontal.jpg,84e8ee69fd223c41322321bfe8b7b47e,brown_blight_00066,True,flip
train,Brown Blight,brown_blight_00066_aug_flip_vertical.jpg,be0c174785d27e31a2bf11ac6aaa5e72,brown_blight_00066,True,flip
train,Brown Blight,brown_blight_00067.jpg,17a16e3871eb31b7705bfebc90a211f8,brown_blight_00067,False,
train,Brown Blight,brown_blight_00067_aug_brightness.jpg,aec5544847f3b8a35132e8212eeee9a1,brown_blight_00067,True,brightness
train,Brown Blight,brown_blight_00067_aug_flip_vertical.jpg,c4e519008b5a68845e940f23da6b3478,brown_blight_00067,True,flip
train,Brown Blight,brown_blight_00068.jpg,0a020f3ee557e7d52398dda79101c4c0,brown_blight_00068,False,
train,Brown Blight,brown_blight_00068_aug_blur.jpg,01e4b6e80b1377f497be3c3b309681bb,brown_blight_00068,True,blur
train,Brown Blight,brown_blight_00068_aug_rotation.jpg,6c395d2bab9ab8ad45924ccc750ff6ca,brown_blight_00068,True,rotation
train,Brown Blight,brown_blight_00069.jpg,5610941e159bdbc8d024473c803edbb6,brown_blight_00069,False,
train,Brown Blight,brown_blight_00070.jpg,9788cdc017fe5c98e93bfefd809722d9,brown_blight_00070,False,
train,Brown Blight,brown_blight_00070_aug_flip_vertical.jpg,c4812aa1d63b759d2372480e17b6893f,brown_blight_00070,True,flip
train,Brown Blight,brown_blight_00071.jpg,f7d6faedd53b5e1e9ca49c8b508881c2,brown_blight_00071,False,
train,Brown Blight,brown_blight_00071_aug_flip_vertical.jpg,e795ee5dfb9b6965cd820aedd0d0aad6,brown_blight_00071,True,flip
train,Brown Blight,brown_blight_00073.jpg,5642250554719d631bcee2fd30ed99a9,brown_blight_00073,False,
train,Brown Blight,brown_blight_00073_aug_contrast.jpg,5c08b9c68f5f026994b28c16fd386581,brown_blight_00073,True,contrast
train,Brown Blight,brown_blight_00073_aug_zoom.jpg,3772239c69aabdbef5c451e76dbf09e2,brown_blight_00073,True,zoom
train,Brown Blight,brown_blight_00074.jpg,cac6c13e085c523d93a1e3bbd9f01842,brown_blight_00074,False,
train,Brown Blight,brown_blight_00076.jpg,a38defe5568f5c76d167ed998d193ed3,brown_blight_00076,False,
train,Brown Blight,brown_blight_00076_aug_zoom.jpg,0e61f852718803e04aa8abc228c1fa89,brown_blight_00076,True,zoom
train,Brown Blight,brown_blight_00077.jpg,fd15ef056595b5e43155657a9623333b,brown_blight_00077,False,
train,Brown Blight,brown_blight_00081.jpg,3074f605c3af4933f808e9e3f498c500,brown_blight_00081,False,
train,Brown Blight,brown_blight_00082.jpg,6c4a4fc5ce3cb5fb86bfd87a6206fe9c,brown_blight_00082,False,
train,Brown Blight,brown_blight_00082_aug_contrast.jpg,6248ac37c0c45d6c1ea72d7ade76e632,brown_blight_00082,True,contrast
train,Brown Blight,brown_blight_00083.jpg,b2636ddf92a2a6fc995010bbf59a6e1a,brown_blight_00083,False,
train,Brown Blight,brown_blight_00083_aug_blur.jpg,f0ab5e2a46c5f8f9f7c5489717b74b03,brown_blight_00083,True,blur
train,Brown Blight,brown_blight_00084.jpg,1219333b1c914395649339107a109f1f,brown_blight_00084,False,
train,Brown Blight,brown_blight_00084_aug_flip_vertical.jpg,c270be3d0325915bcdd5426c220b4df0,brown_blight_00084,True,flip
train,Brown Blight,brown_blight_00085.jpg,2d53dfad039065ee82e45842cfd0ffbc,brown_blight_00085,False,
train,Brown Blight,brown_blight_00085_aug_blur.jpg,c3174113b3845a4f0fc91d4a9c41dd25,brown_blight_00085,True,blur
train,Brown Blight,brown_blight_00085_aug_brightness.jpg,1f5203a0701980868bc06b6baf0398cb,brown_blight_00085,True,brightness
train,Brown Blight,brown_blight_00086.jpg,b339a32fee9b47963b75f6265cbfe7b0,brown_blight_00086,False,
train,Brown Blight,brown_blight_00086_aug_zoom.jpg,b1a3c7a236d4fa603b378f606c0361ec,brown_blight_00086,True,zoom
train,Brown Blight,brown_blight_00089.jpg,9dd2ded6617b0246d70bcc3012ab28f9,brown_blight_00089,False,
train,Brown Blight,brown_blight_00089_aug_blur.jpg,ce3c2b289dbfe29498308c010b6cd340,brown_blight_00089,True,blur
train,Brown Blight,brown_blight_00091.jpg,be9ea5f8de597001810eb593bd56a977,brown_blight_00091,False,
train,Brown Blight,brown_blight_00091_aug_zoom.jpg,8181856994a749cb9371a2638e17a9d0,brown_blight_00091,True,zoom
train,Brown Blight,brown_blight_00092.jpg,c50178bffff2cf598896b2076253651c,brown_blight_00092,False,
train,Brown Blight,brown_blight_00093.jpg,cd358e6f77c9d497ab5bd9811ebe764d,brown_blight_00093,False,
train,Brown Blight,brown_blight_00093_aug_brightness.jpg,24efadc445fab66ef9cc3a7d0f8d168d,brown_blight_00093,True,brightness
train,Brown Blight,brown_blight_00093_aug_rotation.jpg,a296d150991ec89db17c1c26c2958555,brown_blight_00093,True,rotation
train,Brown Blight,brown_blight_00094.jpg,895b471c06e50d1532cf33f2d0e33dbc,brown_blight_00094,False,
train,Brown Blight,brown_blight_00094_aug_flip_horizontal.jpg,3053b2db9b779197bf70600409acabaa,brown_blight_00094,True,flip
train,Brown Blight,brown_blight_00095.jpg,735641e82f9420becac6ea81405ff4cf,brown_blight_00095,False,
train,Brown Blight,brown_blight_00095_aug_contrast.jpg,6512282a44bd796c7c4c1fb33a52376d,brown_blight_00095,True,contrast
train,Brown Blight,brown_blight_00095_aug_rotation.jpg,237026184bf2ad361083ffa5631e328b,brown_blight_00095,True,rotation
train,Brown Blight,brown_blight_00099.jpg,4fb2e145022a2d1a175a6894c684f44a,brown_blight_00099,False,
train,Brown Blight,brown_blight_00099_aug_rotation.jpg,291dde5395692b8195a2c6a3214a7b56,brown_blight_00099,True,rotation
train,Brown Blight,brown_blight_00100.jpg,0a8cb6a992d858cabf47d7c39f9bbf30,brown_blight_00100,False,
train,Brown Blight,brown_blight_00100_aug_flip_horizontal.jpg,cf27c039b5e139c91d737bf64d53b90f,brown_blight_00100,True,flip
train,Brown Blight,brown_blight_00100_aug_rotation.jpg,f5513f5d2f7691c8bcdb4eb14b4b4dab,brown_blight_00100,True,rotation
train,Brown Blight,brown_blight_00101.jpg,4927385a6d630b5d74cc9fa20dc02e9e,brown_blight_00101,False,
train,Brown Blight,brown_blight_00102.jpg,045f8d9435b4bc886b8f77bbf4889115,brown_blight_00102,False,
train,Brown Blight,brown_blight_00102_aug_blur.jpg,6295a582f77389a7c4a34ae39d8c6883,brown_blight_00102,True,blur
train,Brown Blight,brown_blight_00102_aug_brightness.jpg,39ce9b2edefc8b83b086b7489498597d,brown_blight_00102,True,brightness
train,Brown Blight,brown_blight_00103.jpg,76442438514b738799425ed87b5829f6,brown_blight_00103,False,
train,Brown Blight,brown_blight_00103_aug_blur.jpg,d8fe216f4ccc5bbaf50d23a32f7a4ab7,brown_blight_00103,True,blur
train,Brown Blight,brown_blight_00103_aug_brightness.jpg,ddd9c6cd7b94da5e417095687b335264,brown_blight_00103,True,brightness
train,Brown Blight,brown_blight_00106.jpg,5b844ddcea6e411810b819c960b0909a,brown_blight_00106,False,
train,Brown Blight,brown_blight_00106_aug_flip_vertical.jpg,81a553a47a6d841f87dd279899be9626,brown_blight_00106,True,flip
train,Brown Blight,brown_blight_00107.jpg,d1548aaf5a60a44d7ddaedcdc135ddff,brown_blight_00107,False,
train,Brown Blight,brown_blight_00107_aug_blur.jpg,9d84429a7af7ebbdbaf959e2dd9286a9,brown_blight_00107,True,blur
train,Brown Blight,brown_blight_00107_aug_zoom.jpg,8987c48d5ed5115e50df5f569f120844,brown_blight_00107,True,zoom
train,Brown Blight,brown_blight_00109.jpg,4a82f9522b47f511d03b1deff91564e1,brown_blight_00109,False,
train,Brown Blight,brown_blight_00109_aug_blur.jpg,cf53d046bb88c30fd8434cb58cb5fbc4,brown_blight_00109,True,blur
train,Brown Blight,brown_blight_00109_aug_flip_horizontal.jpg,639f57acd0a12d962ffbdb28e430b180,brown_blight_00109,True,flip
train,Brown Blight,brown_blight_00111.jpg,53d4b7053b23c9b265fbeb68ce2e5fdb,brown_blight_00111,False,
train,Brown Blight,brown_blight_00111_aug_flip_vertical.jpg,f9d462eb99d3adcaad5f83be5cfb281e,brown_blight_00111,True,flip
train,Brown Blight,brown_blight_00113.jpg,19670ebaf00a54172100b28e3ab45848,brown_blight_00113,False,
train,Brown Blight,brown_blight_00116.jpg,7ae82b103600d4526381bd36a9d9540e,brown_blight_00116,False,
train,Brown Blight,brown_blight_00116_aug_brightness.jpg,51a5b56d50a833a041078a3df7dd6063,brown_blight_00116,True,brightness
train,Brown Blight,brown_blight_00117.jpg,9bbccdb75aa3e37c0926bae492ddc713,brown_blight_00117,False,
train,Brown Blight,brown_blight_00117_aug_rotation.jpg,345c0f434cd3562f3b48c7342a34f2da,brown_blight_00117,True,rotation
train,Brown Blight,brown_blight_00118.jpg,d04c24d9bb3756680082f2be770c6726,brown_blight_00118,False,
train,Brown Blight,brown_blight_00118_aug_flip_horizontal.jpg,cd3e3f9a867773e22f7f42393f1392fb,brown_blight_00118,True,flip
train,Brown Blight,brown_blight_00120.jpg,fcc717d8c351f3e74d5387573bd16bbc,brown_blight_00120,False,
train,Brown Blight,brown_blight_00120_aug_blur.jpg,2cff1549b930990a5df836a82f0de72a,brown_blight_00120,True,blur
train,Brown Blight,brown_blight_00121.jpg,4f77959d6ce682fe7d40b4f6c5a66063,brown_blight_00121,False,
train,Brown Blight,brown_blight_00121_aug_flip_horizontal.jpg,117313f0204d420886e54a213711315e,brown_blight_00121,True,flip
train,Brown Blight,brown_blight_00122.jpg,8f00039a24fc06a9eddbac6103d56309,brown_blight_00122,False,
train,Brown Blight,brown_blight_00122_aug_zoom.jpg,02362cf2f42543f12e90ab11af9cce2a,brown_blight_00122,True,zoom
train,Brown Blight,brown_blight_00124.jpg,9f2a5615ed186e95222c626b2cf8837f,brown_blight_00124,False,
train,Brown Blight,brown_blight_00125.jpg,bd8107989be5d664b83b8a7ca1e4f9f4,brown_blight_00125,False,
train,Brown Blight,brown_blight_00126.jpg,9beb76c179f45f197e116fccc07a51f0,brown_blight_00126,False,
train,Brown Blight,brown_blight_00126_aug_flip_vertical.jpg,11e27f42dafd540ec869d886984fc9bb,brown_blight_00126,True,flip
train,Brown Blight,brown_blight_00128.jpg,df273d7c8fb7173d5814fc868084aa76,brown_blight_00128,False,
train,Brown Blight,brown_blight_00128_aug_flip_horizontal.jpg,998bf83513dfb8db4a86b30ed93fed8b,brown_blight_00128,True,flip
train,Brown Blight,brown_blight_00129.jpg,9ac02e393185dc0b6f7f2a541241b782,brown_blight_00129,False,
train,Brown Blight,brown_blight_00130.jpg,9da55e6d6cba5df8d794a47ac606d8ba,brown_blight_00130,False,
train,Brown Blight,brown_blight_00130_aug_zoom.jpg,89ceee1165a84f4d852ea50594cecb8d,brown_blight_00130,True,zoom
train,Brown Blight,brown_blight_00131.jpg,b233d0fb5840c9e5d72ec96580f278b5,brown_blight_00131,False,
train,Brown Blight,brown_blight_00131_aug_zoom.jpg,1afe44c9cae549cbfe990c66077bf6a3,brown_blight_00131,True,zoom
train,Brown Blight,brown_blight_00132.jpg,3ed56ee7f026f274e4304aef400dcdce,brown_blight_00132,False,
train,Brown Blight,brown_blight_00133.jpg,2f847e2fe220a27ef900e6c10e57c798,brown_blight_00133,False,
train,Brown Blight,brown_blight_00134.jpg,c7ca6250ad5cbc60f957c3ddf9d0e390,brown_blight_00134,False,
train,Brown Blight,brown_blight_00138.jpg,de2d09f71b66260f71d30b7997ff4b41,brown_blight_00138,False,
train,Brown Blight,brown_blight_00140.jpg,bd6a764a4973d35ac9e89b25914dd25e,brown_blight_00140,False,
train,Brown Blight,brown_blight_00140_aug_blur.jpg,015373dc3b5cd23a2dbef0da8ee1f502,brown_blight_00140,True,blur
train,Brown Blight,brown_blight_00140_aug_brightness.jpg,db165db9dc531abe6963b951b4182376,brown_blight_00140,True,brightness
train,Brown Blight,brown_blight_00141.jpg,16b2bddde42ca32b553b139ad33a9116,brown_blight_00141,False,
train,Brown Blight,brown_blight_00142.jpg,c4e74c9d079979fc221b939c9473264e,brown_blight_00142,False,
train,Brown Blight,brown_blight_00142_aug_blur.jpg,bc6ae338992c607ac220d364861872b9,brown_blight_00142,True,blur
train,Brown Blight,brown_blight_00142_aug_flip_horizontal.jpg,eed377c02d48c50030cf3f9f18a9400f,brown_blight_00142,True,flip
train,Brown Blight,brown_blight_00142_aug_flip_vertical.jpg,4461458c4c17c97ff737af6cb42f8324,brown_blight_00142,True,flip
train,Brown Blight,brown_blight_00144.jpg,e0ad76dd17de7aa00a13fb70a85e7f4a,brown_blight_00144,False,
train,Brown Blight,brown_blight_00144_aug_contrast.jpg,ab8eca59d15bbbc4df2df5acb5de6f66,brown_blight_00144,True,contrast
train,Brown Blight,brown_blight_00144_aug_flip_vertical.jpg,5d69c278cce8f226daa82b53011bbb05,brown_blight_00144,True,flip
train,Brown Blight,brown_blight_00145.jpg,bf0684ab1b31370c35d640f3047bf353,brown_blight_00145,False,
train,Brown Blight,brown_blight_00149.jpg,ec48abf89d3d1c479a3a0ec4a7e98949,brown_blight_00149,False,
train,Brown Blight,brown_blight_00149_aug_contrast.jpg,01137e22a115af9e238a4c37cd734fc9,brown_blight_00149,True,contrast
train,Brown Blight,brown_blight_00150.jpg,ac39d4227baa8c96e3fb619bdc306816,brown_blight_00150,False,
train,Brown Blight,brown_blight_00150_aug_flip_horizontal.jpg,4ff32e3123934d1d959b69a023c7d5d6,brown_blight_00150,True,flip
train,Brown Blight,brown_blight_00150_aug_zoom.jpg,9a5f38f3a9943944daa05d546c88a5cc,brown_blight_00150,True,zoom
train,Brown Blight,brown_blight_00151.jpg,0fa03ebe80d66a5100dc58aba166fb34,brown_blight_00151,False,
train,Brown Blight,brown_blight_00151_aug_brightness.jpg,04f6b2a381f546a7a48448dd3973cace,brown_blight_00151,True,brightness
train,Brown Blight,brown_blight_00151_aug_flip_horizontal.jpg,f48075f3ca95bbbb3c1a3c7890a8b994,brown_blight_00151,True,flip
train,Brown Blight,brown_blight_00152.jpg,cccc20c2e9776815f714886009d5d0f6,brown_blight_00152,False,
train,Brown Blight,brown_blight_00152_aug_contrast.jpg,68ccd53ce688b61ca2af680d78f00bba,brown_blight_00152,True,contrast
train,Brown Blight,brown_blight_00154.jpg,4fcf653cbbb76c83b733fbd03f098b11,brown_blight_00154,False,
train,Brown Blight,brown_blight_00154_aug_flip_horizontal.jpg,6aeb4664ae860f62a74854714b9e8059,brown_blight_00154,True,flip
train,Brown Blight,brown_blight_00158.jpg,dd0564e2da2f868bbc3516fc24ea64c0,brown_blight_00158,False,
train,Brown Blight,brown_blight_00159.jpg,35a9abec325bbc48e0e000f27db468eb,brown_blight_00159,False,
train,Brown Blight,brown_blight_00160.jpg,fe9345c482b221ad9beb437527c9d3f5,brown_blight_00160,False,
train,Brown Blight,brown_blight_00160_aug_flip_vertical.jpg,9b7996df36cb9d29aba36e7d5cb49b40,brown_blight_00160,True,flip
train,Brown Blight,brown_blight_00161.jpg,2471eb5aa02f0f2cfd63fe8319496f83,brown_blight_00161,False,
train,Brown Blight,brown_blight_00162.jpg,2f3c783faed0872a4c5afec24b53bdd0,brown_blight_00162,False,
train,Brown Blight,brown_blight_00162_aug_brightness.jpg,18fe91407f96b0a954d3f9277e24e56e,brown_blight_00162,True,brightness
train,Brown Blight,brown_blight_00162_aug_flip_vertical.jpg,cc10b48b214099c9116a8cc2c6a0ed29,brown_blight_00162,True,flip
train,Brown Blight,brown_blight_00164.jpg,c090185129b23c3273ed3420e7b6fc86,brown_blight_00164,False,
train,Brown Blight,brown_blight_00164_aug_contrast.jpg,514b06a588cac18c806da09a3cef5ef0,brown_blight_00164,True,contrast
train,Brown Blight,brown_blight_00165.jpg,ff7fb2ff2398a013741726472573b95d,brown_blight_00165,False,
train,Brown Blight,brown_blight_00165_aug_contrast.jpg,17eeb3bbb19e14e3426f17a8f754774c,brown_blight_00165,True,contrast
train,Brown Blight,brown_blight_00165_aug_zoom.jpg,f173a4b767a36bd4725d7403a7dd34f6,brown_blight_00165,True,zoom
train,Brown Blight,brown_blight_00166.jpg,2b0aff91ceefe4c0cd6b12ffac19085d,brown_blight_00166,False,
train,Brown Blight,brown_blight_00166_aug_blur.jpg,0ccc261c448893a957c1ba2070f4e14d,brown_blight_00166,True,blur
train,Brown Blight,brown_blight_00166_aug_contrast.jpg,456ae7479f33b27e1b835d63c17d9376,brown_blight_00166,True,contrast
train,Brown Blight,brown_blight_00166_aug_flip_vertical.jpg,16a5b8e570346b83b2b5e16d9024d824,brown_blight_00166,True,flip
train,Brown Blight,brown_blight_00167.jpg,ea7846e6673a067022c0682f218e5c9c,brown_blight_00167,False,
train,Brown Blight,brown_blight_00168.jpg,a7df687a6ba585f9a6354ffc2cc10c29,brown_blight_00168,False,
train,Brown Blight,brown_blight_00168_aug_blur.jpg,cc0a110365f3def519543af5e6f84926,brown_blight_00168,True,blur
train,Brown Blight,brown_blight_00168_aug_flip_horizontal.jpg,2563bf30fa1d505cf0a651317de1eaa2,brown_blight_00168,True,flip
train,Brown Blight,brown_blight_00169.jpg,0ef06274067056a5f54f0c29ddd42af4,brown_blight_00169,False,
train,Brown Blight,brown_blight_00170.jpg,1f55e144d004e8c5d9edc29aee16c98d,brown_blight_00170,False,
train,Brown Blight,brown_blight_00174.jpg,92d8743e243d6f552afeae10ebf9ef85,brown_blight_00174,False,
train,Brown Blight,brown_blight_00175.jpg,7c102eafcd44a4ebc0273b2a90fe945e,brown_blight_00175,False,
train,Brown Blight,brown_blight_00175_aug_contrast.jpg,c9407a68832c17bcff03de7810c6742d,brown_blight_00175,True,contrast
train,Brown Blight,brown_blight_00175_aug_rotation.jpg,2e40d68d9370d1b5c8f366436eae18fc,brown_blight_00175,True,rotation
train,Brown Blight,brown_blight_00176.jpg,46e46418edaa408d339fa622ca452838,brown_blight_00176,False,
train,Brown Blight,brown_blight_00176_aug_blur.jpg,5370e0c373a65b0d20da194e1de72f7d,brown_blight_00176,True,blur
train,Brown Blight,brown_blight_00177.jpg,508874b22d9f3c5ea78c7080979aa14f,brown_blight_00177,False,
train,Brown Blight,brown_blight_00177_aug_flip_horizontal.jpg,f4563e2519238b2be2fe415a29a88b0f,brown_blight_00177,True,flip
train,Brown Blight,brown_blight_00179.jpg,4b0bc6049e901a7557fb7f8a6379b82f,brown_blight_00179,False,
train,Brown Blight,brown_blight_00179_aug_flip_horizontal.jpg,cc489d78d0f3c0a772e031292dc9542c,brown_blight_00179,True,flip
train,Brown Blight,brown_blight_00180.jpg,a1687a016656744f2fef1669faddb3ca,brown_blight_00180,False,
train,Brown Blight,brown_blight_00181.jpg,d29dcba671968e7f1aa3b0a9b6cae067,brown_blight_00181,False,
train,Brown Blight,brown_blight_00181_aug_blur.jpg,6c5ff7bad70ede4e6f6feabc97a64e1e,brown_blight_00181,True,blur
train,Brown Blight,brown_blight_00182.jpg,c20b89f296352e5f3af72385c30225f1,brown_blight_00182,False,
train,Brown Blight,brown_blight_00182_aug_rotation.jpg,8b0b06721aeb73d8a6004692d6d4c92a,brown_blight_00182,True,rotation
train,Brown Blight,brown_blight_00182_aug_zoom.jpg,f85fcf1f326cd47f58ea6963d63642a5,brown_blight_00182,True,zoom
train,Brown Blight,brown_blight_00183.jpg,83c26cb036b601e5552f8228fbbb0123,brown_blight_00183,False,
train,Brown Blight,brown_blight_00183_aug_blur.jpg,651007b7b4e3def713d2f412081b019b,brown_blight_00183,True,blur
train,Brown Blight,brown_blight_00186.jpg,de71c73a693ac90621ed809228435990,brown_blight_00186,False,
train,Brown Blight,brown_blight_00186_aug_blur.jpg,c4a282df741417decf88b48be47026a3,brown_blight_00186,True,blur
train,Brown Blight,brown_blight_00186_aug_contrast.jpg,537e05f5d411e19b724922ddaae746a1,brown_blight_00186,True,contrast
train,Brown Blight,brown_blight_00186_aug_flip_vertical.jpg,b41f8650b2e746b4b3cbc17295c62303,brown_blight_00186,True,flip
train,Brown Blight,brown_blight_00188.jpg,983066102382d3ca439055d792d5202a,brown_blight_00188,False,
train,Brown Blight,brown_blight_00189.jpg,9f0925b23f25b3a115656c71214f595f,brown_blight_00189,False,
train,Brown Blight,brown_blight_00191.jpg,38846bb48249d5b1dfacf745443d9284,brown_blight_00191,False,
train,Brown Blight,brown_blight_00191_aug_blur.jpg,b96b6bdf2ac325882ca7a742a52d4d44,brown_blight_00191,True,blur
train,Brown Blight,brown_blight_00192.jpg,ce73418d48c4f39d3f2f341f83b5c550,brown_blight_00192,False,
train,Brown Blight,brown_blight_00192_aug_blur.jpg,64ab27f902f50011c2d0ef7de66d2f78,brown_blight_00192,True,blur
train,Brown Blight,brown_blight_00192_aug_flip_horizontal.jpg,9c3534111df3ec9b346c79bb1c2f1ee0,brown_blight_00192,True,flip
train,Brown Blight,brown_blight_00193.jpg,701713b1adada3699996781f6dbf23f2,brown_blight_00193,False,
train,Brown Blight,brown_blight_00193_aug_brightness.jpg,c139d5c7e336e1c6ffb184333733718c,brown_blight_00193,True,brightness
train,Brown Blight,brown_blight_00195.jpg,f1214aa3a1e353e15a088f60c46eb5e1,brown_blight_00195,False,
train,Brown Blight,brown_blight_00195_aug_zoom.jpg,b73d4e30f2476220b4e554845333fd2d,brown_blight_00195,True,zoom
train,Brown Blight,brown_blight_00197.jpg,cac5372afa01ec9f0008475810cffedf,brown_blight_00197,False,
train,Brown Blight,brown_blight_00198.jpg,ea3f00e1cf41aa34e28a764b1a384094,brown_blight_00198,False,
train,Brown Blight,brown_blight_00198_aug_contrast.jpg,0d266a1ee5119e4e078f850c897b7fee,brown_blight_00198,True,contrast
train,Brown Blight,brown_blight_00198_aug_flip_horizontal.jpg,871cd604f438d377d9baced6a6226df8,brown_blight_00198,True,flip
train,Brown Blight,brown_blight_00199.jpg,589bcf0404400fa29546c04f3f3daaf9,brown_blight_00199,False,
train,Brown Blight,brown_blight_00199_aug_flip_vertical.jpg,771d55f5fd2ff5580e2dea1ca8fce925,brown_blight_00199,True,flip
train,Brown Blight,brown_blight_00199_aug_rotation.jpg,32e05d688566836c6c9dbf5d840f5d37,brown_blight_00199,True,rotation
train,Brown Blight,brown_blight_00201.jpg,95a2b6ee66ef98f0f4e835473374c7ac,brown_blight_00201,False,
train,Brown Blight,brown_blight_00201_aug_blur.jpg,5291072d142b9e04daeb7ffc4bbdd35b,brown_blight_00201,True,blur
train,Brown Blight,brown_blight_00201_aug_contrast.jpg,acba196603cfb492e6b66001c72e87ae,brown_blight_00201,True,contrast
train,Brown Blight,brown_blight_00201_aug_flip_horizontal.jpg,4c46e09e4b5df58a323554bcaddb8a7a,brown_blight_00201,True,flip
train,Brown Blight,brown_blight_00201_aug_flip_vertical.jpg,63e882729674e9be06b0ffd65b3d0aac,brown_blight_00201,True,flip
train,Brown Blight,brown_blight_00202.jpg,096e5aa01e48262c693b2b9079181957,brown_blight_00202,False,
train,Brown Blight,brown_blight_00207.jpg,272177158039a1995b98156bfe77cda4,brown_blight_00207,False,
train,Brown Blight,brown_blight_00207_aug_blur.jpg,c6fbc68d897c5606e61600ac675a38d0,brown_blight_00207,True,blur
train,Brown Blight,brown_blight_00207_aug_zoom.jpg,6aa3197f2cdf3397c3762c2c7dd9bc8f,brown_blight_00207,True,zoom
train,Brown Blight,brown_blight_00208.jpg,807f816f674e6aeadb8543642bed378f,brown_blight_00208,False,
train,Brown Blight,brown_blight_00209.jpg,8965ba3f67e4c7ea480650220cfad0d2,brown_blight_00209,False,
train,Brown Blight,brown_blight_00209_aug_blur.jpg,2306864887511dd1368bc3905ef67c23,brown_blight_00209,True,blur
train,Brown Blight,brown_blight_00209_aug_zoom.jpg,c3c55d0b233157617f8f8cfc815907e7,brown_blight_00209,True,zoom
train,Brown Blight,brown_blight_00210.jpg,71315e3c0b3b7bf2b46e9fe9b0d796fa,brown_blight_00210,False,
train,Brown Blight,brown_blight_00210_aug_contrast.jpg,69c1dc577da7fe08166e74bb2e3423fe,brown_blight_00210,True,contrast
train,Brown Blight,brown_blight_00213.jpg,df892c2a7882a04a336e358f60d18d68,brown_blight_00213,False,
train,Brown Blight,brown_blight_00213_aug_zoom.jpg,71c2ef126210a9d39e255d6dfdfd8954,brown_blight_00213,True,zoom
train,Brown Blight,brown_blight_00214.jpg,a219b64b0d152ba21849131750a573db,brown_blight_00214,False,
train,Brown Blight,brown_blight_00214_aug_brightness.jpg,838fbc6ff81a4e0fb3314f3682ee141c,brown_blight_00214,True,brightness
train,Brown Blight,brown_blight_00214_aug_contrast.jpg,0d04bfa24ce93e95182f380860097222,brown_blight_00214,True,contrast
train,Brown Blight,brown_blight_00214_aug_flip_vertical.jpg,8c4fa4889e9c75637285cc16884b826a,brown_blight_00214,True,flip
train,Brown Blight,brown_blight_00215.jpg,5983c25224cfcb074bc5160f4d46d1ad,brown_blight_00215,False,
train,Brown Blight,brown_blight_00215_aug_brightness.jpg,4adaabe1e0ba9b39b5f7e7c979c13135,brown_blight_00215,True,brightness
train,Brown Blight,brown_blight_00215_aug_contrast.jpg,6a45b5518861fa19d025d98c32852604,brown_blight_00215,True,contrast
train,Brown Blight,brown_blight_00215_aug_flip_horizontal.jpg,e8e69802260064dd9d0dc01fe63550df,brown_blight_00215,True,flip
train,Brown Blight,brown_blight_00215_aug_flip_vertical.jpg,90dd2a910cbb6b68bbd7138660b46b47,brown_blight_00215,True,flip
train,Brown Blight,brown_blight_00217.jpg,7dad10a8da75d9bc480674ba38830313,brown_blight_00217,False,
train,Brown Blight,brown_blight_00218.jpg,02d6a4b710a722738a8301734b41d8eb,brown_blight_00218,False,
train,Brown Blight,brown_blight_00218_aug_contrast.jpg,9de5db59ae79f7020f35ceae04ccd955,brown_blight_00218,True,contrast
train,Brown Blight,brown_blight_00219.jpg,f69048dfb4db552791da20fd8fb5a22a,brown_blight_00219,False,
train,Brown Blight,brown_blight_00219_aug_zoom.jpg,21f79db58696fbde43040d0ea22e6793,brown_blight_00219,True,zoom
train,Brown Blight,brown_blight_00220.jpg,711dffe2eba54bb96e85045753378445,brown_blight_00220,False,
train,Brown Blight,brown_blight_00220_aug_zoom.jpg,72d73027f351f4ff4f861114d28c5d2a,brown_blight_00220,True,zoom
train,Brown Blight,brown_blight_00223.jpg,dcdcc88fba00787b9d7a3d2574e97f08,brown_blight_00223,False,
train,Brown Blight,brown_blight_00224.jpg,503c4180c23afd23912bebdf748a2650,brown_blight_00224,False,
train,Brown Blight,brown_blight_00224_aug_brightness.jpg,376ef0a80cab5d2e25ec4b5be4d4f775,brown_blight_00224,True,brightness
train,Brown Blight,brown_blight_00224_aug_contrast.jpg,f545499244216087f64ddf98deabbbf0,brown_blight_00224,True,contrast
train,Brown Blight,brown_blight_00225.jpg,e7be0996afe273261c1e9ca436d71ada,brown_blight_00225,False,
train,Brown Blight,brown_blight_00225_aug_flip_horizontal.jpg,78f489890c8f107ec09030bc8ec5716d,brown_blight_00225,True,flip
train,Brown Blight,brown_blight_00226.jpg,62a75579f06cff642c28d9ec6f8d12b6,brown_blight_00226,False,
train,Brown Blight,brown_blight_00226_aug_flip_vertical.jpg,b752e53b687c5110afc05065009093c4,brown_blight_00226,True,flip
train,Brown Blight,brown_blight_00228.jpg,28be1a363fdb5b2ab30986a42f2e2e7a,brown_blight_00228,False,
train,Brown Blight,brown_blight_00228_aug_flip_vertical.jpg,a0415a77b7ce8de365866ab5ba18f9db,brown_blight_00228,True,flip
train,Brown Blight,brown_blight_00229.jpg,dedc1a78c1490e0134d8d674af47a295,brown_blight_00229,False,
train,Brown Blight,brown_blight_00229_aug_rotation.jpg,a1cade5b341b33d82ae51709f5134a94,brown_blight_00229,True,rotation
train,Brown Blight,brown_blight_00230.jpg,656c67be76bcbe51bb1d270812b14b33,brown_blight_00230,False,
train,Brown Blight,brown_blight_00230_aug_blur.jpg,7ebb10d596c1a75fdd5469a5e46d66ab,brown_blight_00230,True,blur
train,Brown Blight,brown_blight_00231.jpg,cf4dac8346150744d26f1e70a168c20f,brown_blight_00231,False,
train,Brown Blight,brown_blight_00232.jpg,c8157cfc41867fa9eb45298907c5cd7c,brown_blight_00232,False,
train,Brown Blight,brown_blight_00232_aug_blur.jpg,b7674a07579931259c357ccd47dc3987,brown_blight_00232,True,blur
train,Brown Blight,brown_blight_00233.jpg,de8c86f841adb0b1f96c9e3a7f24159a,brown_blight_00233,False,
train,Brown Blight,brown_blight_00234.jpg,c8eed2511f0f890af7d44e54372b6568,brown_blight_00234,False,
train,Brown Blight,brown_blight_00234_aug_rotation.jpg,7377ac695851551f28364b1947538876,brown_blight_00234,True,rotation
train,Brown Blight,brown_blight_00234_aug_zoom.jpg,c8b8b9594907734195d4a7ff89193cb3,brown_blight_00234,True,zoom
train,Brown Blight,brown_blight_00235.jpg,a5c8ea127fe72e591b8da8b87308f3c1,brown_blight_00235,False,
train,Brown Blight,brown_blight_00236.jpg,27fdfdaa630e59d34762fc412620111f,brown_blight_00236,False,
train,Brown Blight,brown_blight_00236_aug_flip_vertical.jpg,87f59a47fb14d910499e5e443cc0ba8e,brown_blight_00236,True,flip
train,Brown Blight,brown_blight_00236_aug_rotation.jpg,20db98c0e021b2406fb44394683f9d66,brown_blight_00236,True,rotation
train,Brown Blight,brown_blight_00237.jpg,9a53cdb2117686465fb348b17c849738,brown_blight_00237,False,
train,Brown Blight,brown_blight_00237_aug_flip_vertical.jpg,d0fcafa7ec1271b8adddeb9532a3a135,brown_blight_00237,True,flip
train,Brown Blight,brown_blight_00239.jpg,a3bda6fc0559f36f7f8c12b595d9af04,brown_blight_00239,False,
train,Brown Blight,brown_blight_00239_aug_flip_vertical.jpg,d57a01c6a8b6fcd945059fe16c7a4d08,brown_blight_00239,True,flip
train,Brown Blight,brown_blight_00240.jpg,3b21ebf58057fdb3488add705e342e28,brown_blight_00240,False,
train,Brown Blight,brown_blight_00240_aug_brightness.jpg,5ba120a8d475647244390c01e27918ad,brown_blight_00240,True,brightness
train,Brown Blight,brown_blight_00240_aug_flip_horizontal.jpg,1efc93e21b68e059ed3610a30fefe161,brown_blight_00240,True,flip
train,Brown Blight,brown_blight_00241.jpg,cbb35ff69641278eb2add8049d77d091,brown_blight_00241,False,
train,Brown Blight,brown_blight_00241_aug_contrast.jpg,7094a181114e9c127db0ed86a3ccd7a8,brown_blight_00241,True,contrast
train,Brown Blight,brown_blight_00241_aug_zoom.jpg,e2c4fdb242d27ddc888710631a02c388,brown_blight_00241,True,zoom
train,Brown Blight,brown_blight_00242.jpg,46f4489101cc485fffa740115b62aa61,brown_blight_00242,False,
train,Brown Blight,brown_blight_00242_aug_zoom.jpg,2d6049eb2ec684bb0dbc10432f71d6b8,brown_blight_00242,True,zoom
train,Brown Blight,brown_blight_00244.jpg,813dabc6dc118b881616240f1414f385,brown_blight_00244,False,
train,Brown Blight,brown_blight_00244_aug_blur.jpg,dc41e8d5c9e867dd7c2fa608e125ebcf,brown_blight_00244,True,blur
train,Brown Blight,brown_blight_00245.jpg,3236ecc5b746b3de8f6f019521fc4a3e,brown_blight_00245,False,
train,Brown Blight,brown_blight_00246.jpg,3d744a6d93f5651196d99aca057e753e,brown_blight_00246,False,
train,Brown Blight,brown_blight_00246_aug_flip_vertical.jpg,360a6acd48351e1f9b91755db0acf82a,brown_blight_00246,True,flip
train,Brown Blight,brown_blight_00247.jpg,338402bb69cf473257039dd3e2e68abc,brown_blight_00247,False,
train,Brown Blight,brown_blight_00248.jpg,82152a9cbc37595778b4a21356c130d6,brown_blight_00248,False,
train,Brown Blight,brown_blight_00248_aug_rotation.jpg,a43c16b418a29ebd1787b61f488de76c,brown_blight_00248,True,rotation
train,Brown Blight,brown_blight_00249.jpg,eb263f870ede30edd6a4bb03daee0a8d,brown_blight_00249,False,
train,Brown Blight,brown_blight_00249_aug_flip_horizontal.jpg,a4e83372ada183863f4e3e5442ab3a07,brown_blight_00249,True,flip
train,Brown Blight,brown_blight_00249_aug_flip_vertical.jpg,f2107cc7a46176d6d94078d92fb98e04,brown_blight_00249,True,flip
train,Brown Blight,brown_blight_00250.jpg,6d64aff96df94506da2d6bb2dbc53f28,brown_blight_00250,False,
train,Brown Blight,brown_blight_00251.jpg,0660c0d112c7d3529c72eac628062ac9,brown_blight_00251,False,
train,Brown Blight,brown_blight_00251_aug_flip_vertical.jpg,0db26b831654e608ae81af74f1f2539d,brown_blight_00251,True,flip
train,Brown Blight,brown_blight_00252.jpg,cfea0e6b70a45410085f83eddc3ea89e,brown_blight_00252,False,
train,Brown Blight,brown_blight_00252_aug_flip_vertical.jpg,b45f1b9d6d46305376574cd1b13d48c6,brown_blight_00252,True,flip
train,Brown Blight,brown_blight_00257.jpg,2823f6199c062491d562abee5bc57a8e,brown_blight_00257,False,
train,Brown Blight,brown_blight_00257_aug_flip_horizontal.jpg,1f72612500c8e5789b57f5e0ed3d207a,brown_blight_00257,True,flip
train,Brown Blight,brown_blight_00260.jpg,b166063b4250569ae445f5010840a41b,brown_blight_00260,False,
train,Brown Blight,brown_blight_00260_aug_zoom.jpg,68e87ad13f1023f0ef8d2a95452c4baa,brown_blight_00260,True,zoom
train,Brown Blight,brown_blight_00261.jpg,6d40ddfe0992987bce6b80756fc488d9,brown_blight_00261,False,
train,Brown Blight,brown_blight_00261_aug_flip_vertical.jpg,fd05e5350ab7d64c7afde895287f8274,brown_blight_00261,True,flip
train,Brown Blight,brown_blight_00262.jpg,c8a0eccc82a8f830af01bdb4b396142e,brown_blight_00262,False,
train,Brown Blight,brown_blight_00263.jpg,5f9e61e43b05c944e18a7c19b7e9ef29,brown_blight_00263,False,
train,Brown Blight,brown_blight_00264.jpg,6a77726269719bae74e0039b3a3ce4fe,brown_blight_00264,False,
train,Brown Blight,brown_blight_00265.jpg,226957cf029769fbf9d08a54097f8228,brown_blight_00265,False,
train,Brown Blight,brown_blight_00265_aug_zoom.jpg,f9ebf9d984836a34d04b215f727e20fd,brown_blight_00265,True,zoom
train,Brown Blight,brown_blight_00267.jpg,ba1b3f2f504370fb6fa475e0ca86d755,brown_blight_00267,False,
train,Brown Blight,brown_blight_00268.jpg,8f5ffc0f7fff5b4c95bf632bb9a71c84,brown_blight_00268,False,
train,Brown Blight,brown_blight_00268_aug_flip_vertical.jpg,190a6f8fb28fc6a25c37d8f9bfdfd0e2,brown_blight_00268,True,flip
train,Brown Blight,brown_blight_00270.jpg,7453170ff6ec0cb37233c6f86d4ad95f,brown_blight_00270,False,
train,Brown Blight,brown_blight_00271.jpg,747156e29dcf949b5f87ad663ac58510,brown_blight_00271,False,
train,Brown Blight,brown_blight_00271_aug_blur.jpg,21bcea96b839bf02030917fd7ddfa1ac,brown_blight_00271,True,blur
train,Brown Blight,brown_blight_00271_aug_flip_horizontal.jpg,ba3184dde04ce16dc7f31e9d579b1611,brown_blight_00271,True,flip
train,Brown Blight,brown_blight_00272.jpg,071abffc0704b255d3f08df1cd0693ac,brown_blight_00272,False,
train,Brown Blight,brown_blight_00273.jpg,f61d460a722fdfe593ccab790c64782c,brown_blight_00273,False,
train,Brown Blight,brown_blight_00274.jpg,c1c94cf14b4b4a49967378586d7a3829,brown_blight_00274,False,
train,Brown Blight,brown_blight_00274_aug_flip_horizontal.jpg,4e543149430c030c389e38078a330a98,brown_blight_00274,True,flip
train,Brown Blight,brown_blight_00275.jpg,697349c56c603bed5a529fd14d96b3cb,brown_blight_00275,False,
train,Brown Blight,brown_blight_00275_aug_blur.jpg,f3740795896c419e59a568c4d988062b,brown_blight_00275,True,blur
train,Brown Blight,brown_blight_00276.jpg,885a5957fe8d90f9b6f0ca95b67d8baf,brown_blight_00276,False,
train,Brown Blight,brown_blight_00277.jpg,837abaedf0e65c5eff26c4d5b52abe02,brown_blight_00277,False,
train,Brown Blight,brown_blight_00280.jpg,de279464b089dd32bd423cac4bf7857d,brown_blight_00280,False,
train,Brown Blight,brown_blight_00280_aug_brightness.jpg,f4f7437dbabda2c76306eaacec6aa90c,brown_blight_00280,True,brightness
train,Brown Blight,brown_blight_00281.jpg,705086297335f7741113f647d8d8d711,brown_blight_00281,False,
train,Brown Blight,brown_blight_00281_aug_flip_horizontal.jpg,409ecedea10e42d567c16aabc896fdf6,brown_blight_00281,True,flip
train,Brown Blight,brown_blight_00282.jpg,87377cd96b693fcac5b8dcfa474d0317,brown_blight_00282,False,
train,Brown Blight,brown_blight_00282_aug_contrast.jpg,53b51cb2e8c9d6d983c70aa7238b5496,brown_blight_00282,True,contrast
train,Brown Blight,brown_blight_00283.jpg,7af02cdafe8abc3a6ad8c633ada876e9,brown_blight_00283,False,
train,Brown Blight,brown_blight_00284.jpg,ba395e88f43d474170e4ab52e991ef66,brown_blight_00284,False,
train,Brown Blight,brown_blight_00284_aug_flip_vertical.jpg,43a2694ce7f048271c910ceccc231ea1,brown_blight_00284,True,flip
train,Brown Blight,brown_blight_00284_aug_rotation.jpg,bb160292b71fcb466addbd7c12fbf455,brown_blight_00284,True,rotation
train,Brown Blight,brown_blight_00285.jpg,bec857406ec4d2f2c6942177bf3d5163,brown_blight_00285,False,
train,Brown Blight,brown_blight_00285_aug_flip_horizontal.jpg,81a859d92739e386826a5b27c2457c45,brown_blight_00285,True,flip
train,Brown Blight,brown_blight_00285_aug_rotation.jpg,2e3af5eb9345dbc57d70413c14358cc8,brown_blight_00285,True,rotation
train,Brown Blight,brown_blight_00285_aug_zoom.jpg,a23f7d072913b6033fcff2993286b97e,brown_blight_00285,True,zoom
train,Brown Blight,brown_blight_00286.jpg,22432b0635de054d249079c932d41b40,brown_blight_00286,False,
train,Brown Blight,brown_blight_00287.jpg,3fe3c8b566f76703df6d32e48ddc23c2,brown_blight_00287,False,
train,Brown Blight,brown_blight_00287_aug_blur.jpg,95c24e8d38143638370263cc12ae819c,brown_blight_00287,True,blur
train,Brown Blight,brown_blight_00287_aug_zoom.jpg,2c48f82f4fe8952ad0b33d1b6e41e9cc,brown_blight_00287,True,zoom
train,Brown Blight,brown_blight_00288.jpg,a3d530e39f87c6384017bf770ac89981,brown_blight_00288,False,
train,Brown Blight,brown_blight_00288_aug_brightness.jpg,26c4d6f6cbf6d9210617f71dc64e862a,brown_blight_00288,True,brightness
train,Brown Blight,brown_blight_00288_aug_flip_horizontal.jpg,7563404f546152fc53baafcf51f8b867,brown_blight_00288,True,flip
train,Brown Blight,brown_blight_00288_aug_rotation.jpg,6d734df3ef3f8a74e8f5f539b43b94a9,brown_blight_00288,True,rotation
train,Brown Blight,brown_blight_00288_aug_zoom.jpg,2a294cb45329d03b3109f9c8f7e337f9,brown_blight_00288,True,zoom
train,Brown Blight,brown_blight_00289.jpg,891229af4e9ff8eb43b2393e4d6536b2,brown_blight_00289,False,
train,Brown Blight,brown_blight_00289_aug_brightness.jpg,93af74cb1c8203b44a8b5022b0cfc076,brown_blight_00289,True,brightness
train,Brown Blight,brown_blight_00289_aug_contrast.jpg,1382c2b8e7e75af4c3b74a0772a49beb,brown_blight_00289,True,contrast
train,Brown Blight,brown_blight_00290.jpg,2ec8bdf6ae02fd5810fea29adf827ea0,brown_blight_00290,False,
train,Brown Blight,brown_blight_00290_aug_contrast.jpg,6e990b890ebde4adbed583b9e87aaaf8,brown_blight_00290,True,contrast
train,Brown Blight,brown_blight_00290_aug_flip_vertical.jpg,a0d0e792aaeb263cfc3049140c4e661d,brown_blight_00290,True,flip
train,Brown Blight,brown_blight_00291.jpg,3ad9653e94ea6b6e4bc44151ff7b89e9,brown_blight_00291,False,
train,Brown Blight,brown_blight_00292.jpg,d7319376e834342d0ee33a8e4fbcbf34,brown_blight_00292,False,
train,Brown Blight,brown_blight_00292_aug_contrast.jpg,c4f380452f9aea6c4cc20f1ec5bc2827,brown_blight_00292,True,contrast
train,Brown Blight,brown_blight_00292_aug_zoom.jpg,701a02d43f8a68ad6ef3cbf61282ddca,brown_blight_00292,True,zoom
train,Brown Blight,brown_blight_00294.jpg,c40e60a90b48c7d6a45716b8023c7fc3,brown_blight_00294,False,
train,Brown Blight,brown_blight_00294_aug_zoom.jpg,959075384095e46650ed28a8324d464d,brown_blight_00294,True,zoom
train,Brown Blight,brown_blight_00295.jpg,eb8c026ac41276e484aa36b8fd77c80a,brown_blight_00295,False,
train,Brown Blight,brown_blight_00295_aug_blur.jpg,495490b94d1f5ff32970a71af179fa84,brown_blight_00295,True,blur
train,Brown Blight,brown_blight_00295_aug_brightness.jpg,34219208954bfac491451baddcd5f7d5,brown_blight_00295,True,brightness
train,Brown Blight,brown_blight_00295_aug_contrast.jpg,6294f58701bc3c8e63725b11eebbb439,brown_blight_00295,True,contrast
train,Brown Blight,brown_blight_00296.jpg,717a06feb060064d10373262dbbaa5d7,brown_blight_00296,False,
train,Brown Blight,brown_blight_00296_aug_blur.jpg,97b415ab320217687c2ebbaefde55d5f,brown_blight_00296,True,blur
train,Brown Blight,brown_blight_00296_aug_contrast.jpg,e19ac8d1a0697526ff834aef3fd2253f,brown_blight_00296,True,contrast
train,Brown Blight,brown_blight_00296_aug_flip_vertical.jpg,5e0fd50521311c292a35848384d8c139,brown_blight_00296,True,flip
train,Brown Blight,brown_blight_00297.jpg,a251ead129158b3b797cb2e69b70afff,brown_blight_00297,False,
train,Brown Blight,brown_blight_00298.jpg,e9cd34f3fe12d3b9d09415e400bead54,brown_blight_00298,False,
train,Brown Blight,brown_blight_00298_aug_rotation.jpg,d98f224627c88a4dbf34a6c6c654164d,brown_blight_00298,True,rotation
train,Brown Blight,brown_blight_00298_aug_zoom.jpg,61816ed7a43312a9ae5840e640836e1e,brown_blight_00298,True,zoom
train,Brown Blight,brown_blight_00299.jpg,a838f5c3ed2d1ac20fd943cdaf1260ca,brown_blight_00299,False,
train,Brown Blight,brown_blight_00299_aug_contrast.jpg,a826cc1ae149acfc3ec2fdcc276ce8d9,brown_blight_00299,True,contrast
train,Brown Blight,brown_blight_00299_aug_flip_horizontal.jpg,050a685f4d90984a5228e3492b1deb31,brown_blight_00299,True,flip
train,Brown Blight,brown_blight_00299_aug_rotation.jpg,72e337824ea5f395a92d109669d7b3eb,brown_blight_00299,True,rotation
train,Brown Blight,brown_blight_00300.jpg,1e7bbba722db3841bb07a9114f13bd74,brown_blight_00300,False,
train,Brown Blight,brown_blight_00301.jpg,542919fc5a92e362a1e9ebc36f6b68c8,brown_blight_00301,False,
train,Brown Blight,brown_blight_00302.jpg,6242db7e06c8251fcfd9f5ea9e4000bf,brown_blight_00302,False,
train,Brown Blight,brown_blight_00302_aug_contrast.jpg,86701fc209feaec4c348c5a643fabd63,brown_blight_00302,True,contrast
train,Brown Blight,brown_blight_00302_aug_rotation.jpg,c0dc43f6f1f830aee572b17ea3ea9bd3,brown_blight_00302,True,rotation
train,Brown Blight,brown_blight_00303.jpg,185dda68b6b1190c42832f78d495acfd,brown_blight_00303,False,
train,Brown Blight,brown_blight_00305.jpg,5ae249bcd7436707c4aee71bfeb900ef,brown_blight_00305,False,
train,Brown Blight,brown_blight_00305_aug_flip_horizontal.jpg,6d660b4054c8302ee124292abcdb9709,brown_blight_00305,True,flip
train,Brown Blight,brown_blight_00305_aug_rotation.jpg,b8ebff4e8634da9d5345dff5a27db0d0,brown_blight_00305,True,rotation
train,Brown Blight,brown_blight_00306.jpg,b794d0b55de9cbc25d00d16d6ae85c3a,brown_blight_00306,False,
train,Brown Blight,brown_blight_00306_aug_flip_vertical.jpg,8677cd117742e3cdf9ed95797557b7a8,brown_blight_00306,True,flip
train,Brown Blight,brown_blight_00307.jpg,c5621c869fcead922b53d2af50c0a7e8,brown_blight_00307,False,
train,Brown Blight,brown_blight_00307_aug_rotation.jpg,ab43925a3c1708cd930b19e02a098ed2,brown_blight_00307,True,rotation
train,Brown Blight,brown_blight_00308.jpg,754ce820e58469b11b6a5d05fc7a5d84,brown_blight_00308,False,
train,Brown Blight,brown_blight_00308_aug_rotation.jpg,9c1a85954a77db57087ec88e7e39251b,brown_blight_00308,True,rotation
train,Brown Blight,brown_blight_00308_aug_zoom.jpg,d84e22c274999b8a311d323590fc4dd2,brown_blight_00308,True,zoom
train,Brown Blight,brown_blight_00309.jpg,d509f434e4c473e5b0578f29d514507f,brown_blight_00309,False,
train,Brown Blight,brown_blight_00309_aug_blur.jpg,838d1d8b127a0909e7778c8335b5aac9,brown_blight_00309,True,blur
train,Brown Blight,brown_blight_00311.jpg,3dc5811badb88964a2359010120d00f9,brown_blight_00311,False,
train,Brown Blight,brown_blight_00311_aug_flip_vertical.jpg,d95c0bfd8ec24b987c7decc1ff505380,brown_blight_00311,True,flip
train,Brown Blight,brown_blight_00311_aug_zoom.jpg,b3efc32c7a34f5948d5d9e3c8bf36e3a,brown_blight_00311,True,zoom
train,Brown Blight,brown_blight_00312.jpg,fb0161c13b00a2cf37dce0f7999cf0db,brown_blight_00312,False,
train,Brown Blight,brown_blight_00312_aug_blur.jpg,af6ca8f0ebe89372fe7b04d24685dd32,brown_blight_00312,True,blur
train,Brown Blight,brown_blight_00312_aug_contrast.jpg,34e03d1aa7f04f6f0b293164aaf9abe4,brown_blight_00312,True,contrast
train,Brown Blight,brown_blight_00313.jpg,d047a088f02350d5de859a0ad32e62f5,brown_blight_00313,False,
train,Brown Blight,brown_blight_00315.jpg,49c3acffda02796885a6368dbdb9c46e,brown_blight_00315,False,
train,Brown Blight,brown_blight_00315_aug_blur.jpg,8fc267fe30354280132ea0621b99c41a,brown_blight_00315,True,blur
train,Brown Blight,brown_blight_00315_aug_flip_horizontal.jpg,198d3e010f76f39455f4dee2cff6e4c9,brown_blight_00315,True,flip
train,Brown Blight,brown_blight_00316.jpg,2e190c6f7b0a2a6d5c9e66105c0bdf47,brown_blight_00316,False,
train,Brown Blight,brown_blight_00316_aug_brightness.jpg,9146409fbd5fdb28245f1e6d0e4dab20,brown_blight_00316,True,brightness
train,Brown Blight,brown_blight_00317.jpg,5a92520195e85bdeae6ecba3fdd37496,brown_blight_00317,False,
train,Brown Blight,brown_blight_00318.jpg,c83cfa869d5eeee61583826977c71e05,brown_blight_00318,False,
train,Brown Blight,brown_blight_00318_aug_flip_horizontal.jpg,05201335d6969216a9526440364d1e2e,brown_blight_00318,True,flip
train,Brown Blight,brown_blight_00318_aug_rotation.jpg,fa43cdb72683186892f2bc8149cf67ce,brown_blight_00318,True,rotation
train,Brown Blight,brown_blight_00320.jpg,38d0f8b052a68cb38051705a30449a7c,brown_blight_00320,False,
train,Brown Blight,brown_blight_00320_aug_rotation.jpg,942dba7dd766369a35c919dcc7994271,brown_blight_00320,True,rotation
train,Brown Blight,brown_blight_00321.jpg,9eb4dc088aad8cd9c8fad010b246d99e,brown_blight_00321,False,
train,Brown Blight,brown_blight_00322.jpg,d17ed4a06710195c839d7a572b714fdf,brown_blight_00322,False,
train,Brown Blight,brown_blight_00322_aug_brightness.jpg,09d2d7c425df761d89c37aa65ffbb9fd,brown_blight_00322,True,brightness
train,Brown Blight,brown_blight_00322_aug_zoom.jpg,94a951b1726eebb0bd79ccba2e636647,brown_blight_00322,True,zoom
train,Brown Blight,brown_blight_00324.jpg,a3c3511cc7fc22d9806f862482a269ab,brown_blight_00324,False,
train,Brown Blight,brown_blight_00324_aug_flip_vertical.jpg,b1458189a3746aee242d36c1a1ac8956,brown_blight_00324,True,flip
train,Brown Blight,brown_blight_00324_aug_rotation.jpg,522e5e36b893b8201c17de32b5445a6e,brown_blight_00324,True,rotation
train,Brown Blight,brown_blight_00324_aug_zoom.jpg,9f20dd944f1450507cfe30fba82529c1,brown_blight_00324,True,zoom
train,Brown Blight,brown_blight_00325.jpg,51e31c1365943458e0f1127f6360e769,brown_blight_00325,False,
train,Brown Blight,brown_blight_00325_aug_rotation.jpg,da3ccc829baefd88a1c30da447bc41a2,brown_blight_00325,True,rotation
train,Brown Blight,brown_blight_00326.jpg,0c155270cfa6ed2b3e237df6eab275ad,brown_blight_00326,False,
train,Brown Blight,brown_blight_00326_aug_flip_horizontal.jpg,98d06ac5d0bba212c85b70cd3c3b375b,brown_blight_00326,True,flip
train,Brown Blight,brown_blight_00328.jpg,0a584c0d4c7d8223a8d4340ea36e77db,brown_blight_00328,False,
train,Brown Blight,brown_blight_00328_aug_zoom.jpg,4779ce997d9c2a6a0326c14ea308dd3c,brown_blight_00328,True,zoom
train,Brown Blight,brown_blight_00329.jpg,3417c3b19393d5341f6861b5f70aaa65,brown_blight_00329,False,
train,Brown Blight,brown_blight_00329_aug_blur.jpg,f66f619e2e885429ff2bb25fa6b9dfac,brown_blight_00329,True,blur
train,Brown Blight,brown_blight_00329_aug_zoom.jpg,5a8d7ca1c77631455019917e1891a62e,brown_blight_00329,True,zoom
train,Brown Blight,brown_blight_00330.jpg,9fbb105d807b21003a8c4b68ce32149d,brown_blight_00330,False,
train,Brown Blight,brown_blight_00330_aug_flip_vertical.jpg,e909264ec84cbd8e22fc9805ae08b041,brown_blight_00330,True,flip
train,Brown Blight,brown_blight_00331.jpg,9fe293de0b189e916e4da7a913ccd963,brown_blight_00331,False,
train,Brown Blight,brown_blight_00331_aug_brightness.jpg,f179b76808963fa06988092b27afa436,brown_blight_00331,True,brightness
train,Brown Blight,brown_blight_00331_aug_contrast.jpg,ef741e393cc4d03b6389d0fcae9fe9f0,brown_blight_00331,True,contrast
train,Brown Blight,brown_blight_00332.jpg,5cf0729d6a67ddd226aec6b1af6c18d3,brown_blight_00332,False,
train,Brown Blight,brown_blight_00332_aug_flip_vertical.jpg,e0935688f8c75de268b76407267ad61a,brown_blight_00332,True,flip
train,Brown Blight,brown_blight_00333.jpg,94d4b2cfac078581a13791756f2dd354,brown_blight_00333,False,
train,Brown Blight,brown_blight_00333_aug_flip_horizontal.jpg,cda659996190e236f78610367d765250,brown_blight_00333,True,flip
train,Brown Blight,brown_blight_00333_aug_rotation.jpg,26e6174c0056aac7092ce5922e74968c,brown_blight_00333,True,rotation
train,Brown Blight,brown_blight_00340.jpg,a2e83851724c786f8c7ba2e604dddcd9,brown_blight_00340,False,
train,Brown Blight,brown_blight_00341.jpg,9b500ad3828aec828fac8b7c8718ddcf,brown_blight_00341,False,
train,Brown Blight,brown_blight_00344.jpg,c20a5040aa8661a91ae7922abdc04d3b,brown_blight_00344,False,
train,Brown Blight,brown_blight_00344_aug_blur.jpg,c6024555706db7496b2a917605f7433b,brown_blight_00344,True,blur
train,Brown Blight,brown_blight_00345.jpg,b92c009a222042557bd13f32f199ee7b,brown_blight_00345,False,
train,Brown Blight,brown_blight_00346.jpg,a7f7aaf58759641d8943e9e2f134117d,brown_blight_00346,False,
train,Brown Blight,brown_blight_00349.jpg,7dedcc5ab6409667a4d44dcbc7bc5c6a,brown_blight_00349,False,
train,Brown Blight,brown_blight_00349_aug_brightness.jpg,87020c4de27f35a27ab404d3a18844b5,brown_blight_00349,True,brightness
train,Brown Blight,brown_blight_00349_aug_flip_vertical.jpg,6c5e5655ed2e099a5d28284eedf3f278,brown_blight_00349,True,flip
train,Brown Blight,brown_blight_00350.jpg,323922d03f09bd6a42a6729919052352,brown_blight_00350,False,
train,Brown Blight,brown_blight_00350_aug_zoom.jpg,8001af889d2919bf9ed8305c67dcbdb5,brown_blight_00350,True,zoom
train,Brown Blight,brown_blight_00351.jpg,3377f1018348f6adc37cf22a0afce164,brown_blight_00351,False,
train,Brown Blight,brown_blight_00351_aug_brightness.jpg,96cbb504c9633911608e124b508f2e6e,brown_blight_00351,True,brightness
train,Brown Blight,brown_blight_00352.jpg,5858d37241ea81c2465fcf0aa5281ff0,brown_blight_00352,False,
train,Brown Blight,brown_blight_00353.jpg,720f20895f86c773fea99a3ebf52664f,brown_blight_00353,False,
train,Brown Blight,brown_blight_00353_aug_flip_vertical.jpg,bc03ba26678831604ff62397df2a8660,brown_blight_00353,True,flip
train,Brown Blight,brown_blight_00353_aug_zoom.jpg,0f6d0f3b1b26f34d20d3f3299ad0b2c1,brown_blight_00353,True,zoom
train,Brown Blight,brown_blight_00355.jpg,8a72eb9fad7ffa25a56de9495f238c4f,brown_blight_00355,False,
train,Brown Blight,brown_blight_00355_aug_blur.jpg,00f310f34b56528472a162ac4c93c6c5,brown_blight_00355,True,blur
train,Brown Blight,brown_blight_00355_aug_flip_horizontal.jpg,8b420ea062ae4a5f86bb90bc617e3772,brown_blight_00355,True,flip
train,Brown Blight,brown_blight_00356.jpg,c2ad03c120e5f6838929bd236c5d2ec3,brown_blight_00356,False,
train,Brown Blight,brown_blight_00356_aug_brightness.jpg,46f2a8f5d15c1e8d32848105252fbe15,brown_blight_00356,True,brightness
train,Brown Blight,brown_blight_00356_aug_zoom.jpg,b0e6b44eaefdf6b8789116a4223cdbc7,brown_blight_00356,True,zoom
train,Brown Blight,brown_blight_00357.jpg,0e5a4dffa52c4a243e61109167fd8d6b,brown_blight_00357,False,
train,Brown Blight,brown_blight_00358.jpg,cfeab36015077a429aa515856066e994,brown_blight_00358,False,
train,Brown Blight,brown_blight_00359.jpg,7715a29e7d2c9df85682570e9655f8f2,brown_blight_00359,False,
train,Brown Blight,brown_blight_00359_aug_rotation.jpg,74f53693f30f56b9e8186fd1df411af8,brown_blight_00359,True,rotation
train,Brown Blight,brown_blight_00363.jpg,dc7b9c5462578f85ad1a685149244a6f,brown_blight_00363,False,
train,Brown Blight,brown_blight_00363_aug_contrast.jpg,4434d5ecd457f845f3072f5ce3df9943,brown_blight_00363,True,contrast
train,Brown Blight,brown_blight_00365.jpg,7aeae1650c3cce59a329f0e857dd1150,brown_blight_00365,False,
train,Brown Blight,brown_blight_00367.jpg,d163d1c28aefe75f3ae4acc14f0ce81f,brown_blight_00367,False,
train,Brown Blight,brown_blight_00368.jpg,d2860fdb0bd2b708b41bd91d63bed38a,brown_blight_00368,False,
train,Brown Blight,brown_blight_00368_aug_flip_horizontal.jpg,d0311c11e55bcc4dcd4cd9a3090a172f,brown_blight_00368,True,flip
train,Brown Blight,brown_blight_00368_aug_zoom.jpg,58809b4be4e3daf54ba0224643ab40c5,brown_blight_00368,True,zoom
train,Brown Blight,brown_blight_00369.jpg,1cbcd68591a87ad265f43fc6c482561e,brown_blight_00369,False,
train,Brown Blight,brown_blight_00370.jpg,83ffa390f84afeba527341d0e5945014,brown_blight_00370,False,
train,Brown Blight,brown_blight_00371.jpg,1e1aa4e45be4e4ae45a4d1b9ac038b51,brown_blight_00371,False,
train,Brown Blight,brown_blight_00372.jpg,7b725a3e06bf908b95588b32d4ecd3e1,brown_blight_00372,False,
train,Brown Blight,brown_blight_00373.jpg,0c1674df1a5137cec54b3073f4467c13,brown_blight_00373,False,
train,Brown Blight,brown_blight_00373_aug_flip_horizontal.jpg,a5b1b21ae29f8f47f274413ee29b9c9b,brown_blight_00373,True,flip
train,Brown Blight,brown_blight_00373_aug_zoom.jpg,bc5d2026ef267a0e36f84ea4d15e32b4,brown_blight_00373,True,zoom
train,Brown Blight,brown_blight_00375.jpg,d8551d178ab26e1a6d4bd5430f552594,brown_blight_00375,False,
train,Brown Blight,brown_blight_00375_aug_flip_vertical.jpg,87398717fda2e403845bd480642ab4a8,brown_blight_00375,True,flip
train,Brown Blight,brown_blight_00376.jpg,05ed159581850b095a60496be44b34fb,brown_blight_00376,False,
train,Brown Blight,brown_blight_00377.jpg,2a758c6663fb25931eb8affe331a76c7,brown_blight_00377,False,
train,Brown Blight,brown_blight_00380.jpg,cd04ddcd89348b0651af7bc263ac3a4f,brown_blight_00380,False,
train,Brown Blight,brown_blight_00380_aug_contrast.jpg,2b68e9568afd975bfdfd953a9e985b10,brown_blight_00380,True,contrast
train,Brown Blight,brown_blight_00381.jpg,0313eb48261f63a41dae4745b9f004af,brown_blight_00381,False,
train,Brown Blight,brown_blight_00382.jpg,4ecf4b79cc903db6928a82cb4798355b,brown_blight_00382,False,
train,Brown Blight,brown_blight_00383.jpg,b55da11bfd703d98ce93504d2fd9d616,brown_blight_00383,False,
train,Brown Blight,brown_blight_00384.jpg,e34040d84399b96a171edbcded7ddc17,brown_blight_00384,False,
train,Brown Blight,brown_blight_00384_aug_contrast.jpg,82033751e251219f177feae5545e641b,brown_blight_00384,True,contrast
train,Brown Blight,brown_blight_00385.jpg,aa8b17c83869a824ab7c193e91ed8632,brown_blight_00385,False,
train,Brown Blight,brown_blight_00385_aug_flip_vertical.jpg,b4c7e9cc98197a6b2970a56129173c94,brown_blight_00385,True,flip
train,Brown Blight,brown_blight_00386.jpg,b1b803d002cfe13bb4647642568b8407,brown_blight_00386,False,
train,Brown Blight,brown_blight_00386_aug_zoom.jpg,82e5f8bb277fbddc179260cc022aa226,brown_blight_00386,True,zoom
train,Brown Blight,brown_blight_00387.jpg,f8eb1100f7e8acc2e5b1200679a1dc1b,brown_blight_00387,False,
train,Brown Blight,brown_blight_00387_aug_blur.jpg,f4c55e8ed77a8b6590a1d7bec4cc4e8d,brown_blight_00387,True,blur
train,Brown Blight,brown_blight_00388.jpg,5413018a392ed099e791c50126eedb81,brown_blight_00388,False,
train,Brown Blight,brown_blight_00388_aug_flip_vertical.jpg,329bb0bd7888b72f0338bce2a783291e,brown_blight_00388,True,flip
train,Brown Blight,brown_blight_00389.jpg,d28812fa547bffcef2f91c0f01ffecf7,brown_blight_00389,False,
train,Brown Blight,brown_blight_00390.jpg,bb6e7a86d5c68a936f8406c20682a7fe,brown_blight_00390,False,
train,Brown Blight,brown_blight_00391.jpg,8043ff0fafccda76d9223bd426f3243d,brown_blight_00391,False,
train,Brown Blight,brown_blight_00393.jpg,42f4833eee3c6c5d82434551ffd675c2,brown_blight_00393,False,
train,Brown Blight,brown_blight_00393_aug_flip_vertical.jpg,073b3de388bf8881219ffd98a3be607c,brown_blight_00393,True,flip
train,Brown Blight,brown_blight_00394.jpg,6253f29078d5bfe6fce197f759ef95a7,brown_blight_00394,False,
train,Brown Blight,brown_blight_00395.jpg,cc39e8d99cd0d0758a2789919a56becd,brown_blight_00395,False,
train,Brown Blight,brown_blight_00397.jpg,3cdb044def8fefd2eb00845c52589b5f,brown_blight_00397,False,
train,Brown Blight,brown_blight_00397_aug_contrast.jpg,c0789cfa9f326f560ff0fd10216552e8,brown_blight_00397,True,contrast
train,Brown Blight,brown_blight_00397_aug_rotation.jpg,9ba7166f88d61f700f93d3dff91e9e94,brown_blight_00397,True,rotation
train,Brown Blight,brown_blight_00398.jpg,d8f376c8edbf8010a4e4ab3bacbadce3,brown_blight_00398,False,
train,Brown Blight,brown_blight_00398_aug_brightness.jpg,4307f7d41521ec5e4b995eaba3c4021e,brown_blight_00398,True,brightness
train,Brown Blight,brown_blight_00400.jpg,ba20d3802d7f628d789a6b84a0d680d4,brown_blight_00400,False,
train,Brown Blight,brown_blight_00400_aug_rotation.jpg,c581d9689ceba250f73a864b158ca71f,brown_blight_00400,True,rotation
train,Brown Blight,brown_blight_00402.jpg,7cdac883bc31bf48bbbd96d55d6c9f93,brown_blight_00402,False,
train,Brown Blight,brown_blight_00402_aug_blur.jpg,545a4d9cf2d9a81ebb5bbd1df9787587,brown_blight_00402,True,blur
train,Brown Blight,brown_blight_00402_aug_zoom.jpg,0121388052bcf60d7a9932778dacaf9d,brown_blight_00402,True,zoom
train,Brown Blight,brown_blight_00403.jpg,a730ab0f892760df1a3e313441ee7907,brown_blight_00403,False,
train,Brown Blight,brown_blight_00404.jpg,cdbb6c83ec3560ef678f6139359ccbad,brown_blight_00404,False,
train,Brown Blight,brown_blight_00404_aug_blur.jpg,6034db21e9af076c5e359c6c00333817,brown_blight_00404,True,blur
train,Brown Blight,brown_blight_00405.jpg,29ae974a42d99881c353557a31ae96a5,brown_blight_00405,False,
train,Brown Blight,brown_blight_00405_aug_blur.jpg,7b39f6fb26cd89ed66958acfe69b0019,brown_blight_00405,True,blur
train,Brown Blight,brown_blight_00406.jpg,deb08b48947cc92e0dc464e6698b7506,brown_blight_00406,False,
train,Brown Blight,brown_blight_00406_aug_flip_vertical.jpg,261cf8e2d48c11f1e0cbf7df14e03fbd,brown_blight_00406,True,flip
train,Brown Blight,brown_blight_00406_aug_zoom.jpg,00aa6977c72d8121dd4f548e2274f76b,brown_blight_00406,True,zoom
train,Brown Blight,brown_blight_00407.jpg,2602b2ef41812e805d04d1932d309ae8,brown_blight_00407,False,
train,Brown Blight,brown_blight_00407_aug_contrast.jpg,cd0bdc1e7775d8f6fdde3a7bf36fa664,brown_blight_00407,True,contrast
train,Brown Blight,brown_blight_00408.jpg,7cbcd7a29bfbe0c3e2cda8f76bf75e76,brown_blight_00408,False,
train,Brown Blight,brown_blight_00408_aug_contrast.jpg,2b0201cc564dddccef1f4578f0f8c45b,brown_blight_00408,True,contrast
train,Brown Blight,brown_blight_00410.jpg,54fd1bb12c50f5710a218d8466dbf720,brown_blight_00410,False,
train,Brown Blight,brown_blight_00411.jpg,ceda674068abe39b5729409f3621bc09,brown_blight_00411,False,
train,Brown Blight,brown_blight_00413.jpg,ce7e66070b963ecb9ae065d030d1ad0f,brown_blight_00413,False,
train,Brown Blight,brown_blight_00413_aug_rotation.jpg,ff54cd33c57b60a03712119132eb96f5,brown_blight_00413,True,rotation
train,Brown Blight,brown_blight_00414.jpg,9f63c6bda985b4e2f5331c12cca14285,brown_blight_00414,False,
train,Brown Blight,brown_blight_00416.jpg,f4ee7604ce1de394ef44fba132f52cd7,brown_blight_00416,False,
train,Brown Blight,brown_blight_00416_aug_flip_horizontal.jpg,dcaebe6ea77b4a40e02b0e2d2660c264,brown_blight_00416,True,flip
train,Brown Blight,brown_blight_00416_aug_flip_vertical.jpg,d27e7e08d6f36d55e2e1db907640494b,brown_blight_00416,True,flip
train,Brown Blight,brown_blight_00416_aug_zoom.jpg,115bfec81453376c4e24c2ca095fdfdd,brown_blight_00416,True,zoom
train,Brown Blight,brown_blight_00417.jpg,c472bd433f9d5e3f05846165337c44c2,brown_blight_00417,False,
train,Brown Blight,brown_blight_00418.jpg,a76ea0d835b6d32e0ce2e740d2f25368,brown_blight_00418,False,
train,Brown Blight,brown_blight_00418_aug_rotation.jpg,9ef904cb6a06908a67f83cab35858067,brown_blight_00418,True,rotation
train,Brown Blight,brown_blight_00419.jpg,af3b569aecd732c8f0b6d461cc47c7f3,brown_blight_00419,False,
train,Brown Blight,brown_blight_00420.jpg,c30213a1850bd2532fed75c1b93371b4,brown_blight_00420,False,
train,Brown Blight,brown_blight_00422.jpg,e4223d31319560b11d3c3e84c7a2ff3f,brown_blight_00422,False,
train,Brown Blight,brown_blight_00422_aug_blur.jpg,ba4e4ef7ebac8064703a3033faad5e81,brown_blight_00422,True,blur
train,Brown Blight,brown_blight_00422_aug_flip_horizontal.jpg,30e27df708b38ac083b7db59e8e40b70,brown_blight_00422,True,flip
train,Brown Blight,brown_blight_00422_aug_zoom.jpg,a8e4f01f6a1a730dee2ca327b2ab8016,brown_blight_00422,True,zoom
train,Brown Blight,brown_blight_00423.jpg,38eec1b3db90b6245a2bd3cca767f7a8,brown_blight_00423,False,
train,Brown Blight,brown_blight_00423_aug_blur.jpg,a4d0b6b71c8995e71ee64e22f0bd2787,brown_blight_00423,True,blur
train,Brown Blight,brown_blight_00425.jpg,ed346218d82c96c7a39a6c4582e61c10,brown_blight_00425,False,
train,Brown Blight,brown_blight_00425_aug_flip_vertical.jpg,ca961ff94204d2aae536a8871eb2c768,brown_blight_00425,True,flip
train,Brown Blight,brown_blight_00426.jpg,e93ebdaf8f422c3161589eaa620b9d62,brown_blight_00426,False,
train,Brown Blight,brown_blight_00430.jpg,62598a9b1ef5524d13595e1fb61395ae,brown_blight_00430,False,
train,Brown Blight,brown_blight_00431.jpg,1409b67bd3eab9f19cd985920647adb9,brown_blight_00431,False,
train,Brown Blight,brown_blight_00432.jpg,1c6f2360e7d0930624c2689a9ddb4d23,brown_blight_00432,False,
train,Brown Blight,brown_blight_00432_aug_rotation.jpg,ca66878c5571c1bcaf8479ed4ce3c553,brown_blight_00432,True,rotation
train,Brown Blight,brown_blight_00432_aug_zoom.jpg,beae16bcd7426da01915a94b3be12da2,brown_blight_00432,True,zoom
train,Brown Blight,brown_blight_00433.jpg,329c566f6e2ccc76ee55dc0676358c9e,brown_blight_00433,False,
train,Brown Blight,brown_blight_00435.jpg,609a4ef41a6aad486c7f319e90651c0e,brown_blight_00435,False,
train,Brown Blight,brown_blight_00436.jpg,b1abcedd0cb4e2f324e311f207511ec2,brown_blight_00436,False,
train,Brown Blight,brown_blight_00436_aug_flip_horizontal.jpg,f321a8fa6249aafdf51cae9d5e1f43cf,brown_blight_00436,True,flip
train,Brown Blight,brown_blight_00437.jpg,1e8b20a3d411d66c625051696e354f47,brown_blight_00437,False,
train,Brown Blight,brown_blight_00437_aug_flip_vertical.jpg,0d173d0cf0783fbb722db9472099d907,brown_blight_00437,True,flip
train,Brown Blight,brown_blight_00438.jpg,3bcca2397117f077470d76855362d2b3,brown_blight_00438,False,
train,Brown Blight,brown_blight_00438_aug_brightness.jpg,eaea3dc1bbdb4ab77bfb601d96aca586,brown_blight_00438,True,brightness
train,Brown Blight,brown_blight_00438_aug_rotation.jpg,30a491fa67b8782b86bdf2729014fb32,brown_blight_00438,True,rotation
train,Brown Blight,brown_blight_00439.jpg,ed951a4b2513719f017b5d37dd9856d8,brown_blight_00439,False,
train,Brown Blight,brown_blight_00442.jpg,2d85df4df59f4c34647e7541bba06d4c,brown_blight_00442,False,
train,Brown Blight,brown_blight_00442_aug_rotation.jpg,4a61d8085d0f0d17c75441c1c0987c1e,brown_blight_00442,True,rotation
train,Brown Blight,brown_blight_00445.jpg,fe01ef678c28b9b30ba4a492cbd03c87,brown_blight_00445,False,
train,Brown Blight,brown_blight_00445_aug_rotation.jpg,83f181b265f06496f8eed89126bcb83d,brown_blight_00445,True,rotation
train,Brown Blight,brown_blight_00445_aug_zoom.jpg,af5b359da59e8a93f3362ba5eb5efb4c,brown_blight_00445,True,zoom
train,Brown Blight,brown_blight_00446.jpg,8108cf95a26fe87bb84f69b7e8a3f3ae,brown_blight_00446,False,
train,Brown Blight,brown_blight_00448.jpg,b8e003592c8fe5468d45b2d6aaa5c8c8,brown_blight_00448,False,
train,Brown Blight,brown_blight_00448_aug_brightness.jpg,7f83c10c45b0618a6ad98664d27db33d,brown_blight_00448,True,brightness
train,Brown Blight,brown_blight_00449.jpg,41e025f23c0d15bf5e53ad0bbb1b3f63,brown_blight_00449,False,
train,Brown Blight,brown_blight_00449_aug_blur.jpg,4cc724ab764c22c5fca92f0883913a55,brown_blight_00449,True,blur
train,Brown Blight,brown_blight_00451.jpg,44cd49b2bbb63e1d1cb6835207c3de62,brown_blight_00451,False,
train,Brown Blight,brown_blight_00451_aug_blur.jpg,08b2c72ba09e15e20eae67481aa60c8c,brown_blight_00451,True,blur
train,Brown Blight,brown_blight_00452.jpg,bf3d495ac39b8a735a2a415ff7657454,brown_blight_00452,False,
train,Brown Blight,brown_blight_00452_aug_blur.jpg,8b342619a4c538aa5ce0508911efb501,brown_blight_00452,True,blur
train,Brown Blight,brown_blight_00452_aug_contrast.jpg,1d7952cf9b3a9d0568a6a0537e6743cc,brown_blight_00452,True,contrast
train,Brown Blight,brown_blight_00453.jpg,a41ab5da1fe0cb4e8b0c2a70317661ad,brown_blight_00453,False,
train,Brown Blight,brown_blight_00454.jpg,621dc0e516148cbfe9ffe97d629553dc,brown_blight_00454,False,
train,Brown Blight,brown_blight_00454_aug_blur.jpg,c90d9bf21b48b9b96abc2c2530001d6f,brown_blight_00454,True,blur
train,Brown Blight,brown_blight_00454_aug_contrast.jpg,71df3a8ecb62cf02d1613fa13368a6b3,brown_blight_00454,True,contrast
train,Brown Blight,brown_blight_00456.jpg,410f9025d254f1bc446c315f23b05fe7,brown_blight_00456,False,
train,Brown Blight,brown_blight_00456_aug_blur.jpg,3c67fbe5cb5ea6fb93a375ff72a78794,brown_blight_00456,True,blur
train,Brown Blight,brown_blight_00456_aug_contrast.jpg,4eb0847401d0f975c5d9adf2d1fc1d57,brown_blight_00456,True,contrast
train,Brown Blight,brown_blight_00459.jpg,e20ff04a2c0ca5e39f37b507346a0fde,brown_blight_00459,False,
train,Brown Blight,brown_blight_00459_aug_flip_vertical.jpg,4184fed01f52c91d2db652c36a0995d4,brown_blight_00459,True,flip
train,Brown Blight,brown_blight_00460.jpg,40fb786babb8cf87d5f1d20e780334bb,brown_blight_00460,False,
train,Brown Blight,brown_blight_00460_aug_rotation.jpg,f478e7936f15ae410077abf77890c887,brown_blight_00460,True,rotation
train,Brown Blight,brown_blight_00463.jpg,a832a1b689b4409f5f9bc802e8c9184d,brown_blight_00463,False,
train,Brown Blight,brown_blight_00463_aug_rotation.jpg,7f7ee177cac59654afdf6ca7ceac1dcf,brown_blight_00463,True,rotation
train,Brown Blight,brown_blight_00465.jpg,287b00c58875f2f4ba8978e3d178a717,brown_blight_00465,False,
train,Brown Blight,brown_blight_00466.jpg,a572b2282703f00a94e2df3a54045dae,brown_blight_00466,False,
train,Brown Blight,brown_blight_00466_aug_blur.jpg,3aeadcdb302cfd4d50499dde5acc2000,brown_blight_00466,True,blur
train,Brown Blight,brown_blight_00466_aug_brightness.jpg,4038912bd83f4e3635a372c00fef75fa,brown_blight_00466,True,brightness
train,Brown Blight,brown_blight_00467.jpg,824d9c4a40d03b22f035efb18745b3bc,brown_blight_00467,False,
train,Brown Blight,brown_blight_00468.jpg,15196a0d41bab535cd35680113f93b48,brown_blight_00468,False,
train,Brown Blight,brown_blight_00468_aug_brightness.jpg,6fa5c36a31fba758cd7ba82acd6fdeea,brown_blight_00468,True,brightness
train,Brown Blight,brown_blight_00469.jpg,c748d796b8ea6415df13770e83cbc51d,brown_blight_00469,False,
train,Brown Blight,brown_blight_00469_aug_flip_horizontal.jpg,ea756b8e2b7b6a1b8c10dc54910041e1,brown_blight_00469,True,flip
train,Brown Blight,brown_blight_00469_aug_flip_vertical.jpg,87fe1b4894b37eb2aaf50e9e23f6922d,brown_blight_00469,True,flip
train,Brown Blight,brown_blight_00471.jpg,aec8efa33046f04a1a86b4f2e7bd8c37,brown_blight_00471,False,
train,Brown Blight,brown_blight_00474.jpg,3e4d1b59e2ed7240eb3b25c42c9777cd,brown_blight_00474,False,
train,Brown Blight,brown_blight_00475.jpg,b00bd48a22039406d4af6275a355c8e2,brown_blight_00475,False,
train,Brown Blight,brown_blight_00475_aug_contrast.jpg,bfc1d8dc8d6632deb49b28496dc243f4,brown_blight_00475,True,contrast
train,Brown Blight,brown_blight_00477.jpg,30c8d68d3de2a8c48c86358a3d92d932,brown_blight_00477,False,
train,Brown Blight,brown_blight_00477_aug_blur.jpg,db771998fc4be81c3956d6b80645360d,brown_blight_00477,True,blur
train,Brown Blight,brown_blight_00477_aug_brightness.jpg,03ca54052fea77ac89ad491864fa40ba,brown_blight_00477,True,brightness
train,Brown Blight,brown_blight_00479.jpg,1ace3d20cb779e1f31120d4724a5116d,brown_blight_00479,False,
train,Brown Blight,brown_blight_00482.jpg,a3971c80e5802d6de87132a13c93e7bc,brown_blight_00482,False,
train,Brown Blight,brown_blight_00484.jpg,0d1521341998768772654cf9a09e7a2d,brown_blight_00484,False,
train,Brown Blight,brown_blight_00486.jpg,548ff9926e4317cc92fc1bac26d8b410,brown_blight_00486,False,
train,Brown Blight,brown_blight_00486_aug_flip_horizontal.jpg,d37dce63ce238636745cf4abdffa5b26,brown_blight_00486,True,flip
train,Brown Blight,brown_blight_00486_aug_flip_vertical.jpg,111df3f4016ec0eac44b49f963bb5d5f,brown_blight_00486,True,flip
train,Brown Blight,brown_blight_00486_aug_zoom.jpg,44f60d6f8fb093cc672f1e74d6f366f3,brown_blight_00486,True,zoom
train,Brown Blight,brown_blight_00487.jpg,acaccadc48301c7dee41496819e2406c,brown_blight_00487,False,
train,Brown Blight,brown_blight_00487_aug_brightness.jpg,1dc577d0315240db676efad8413b20a8,brown_blight_00487,True,brightness
train,Brown Blight,brown_blight_00487_aug_rotation.jpg,5b7bf6c54c388b54f76ad5ef56faa0ae,brown_blight_00487,True,rotation
train,Brown Blight,brown_blight_00488.jpg,7461085d08e2c0ea24dc44840919de6a,brown_blight_00488,False,
train,Brown Blight,brown_blight_00488_aug_contrast.jpg,753ff098fb97baed34e42b1bbd9e72fc,brown_blight_00488,True,contrast
train,Brown Blight,brown_blight_00488_aug_flip_horizontal.jpg,e2392d91d8741494f07b95d3526f5fd4,brown_blight_00488,True,flip
train,Brown Blight,brown_blight_00488_aug_rotation.jpg,0fe8b1412bebfc38c914676d836daeb2,brown_blight_00488,True,rotation
train,Brown Blight,brown_blight_00489.jpg,b1a931bf9453eba8922cd883f4a6b7dc,brown_blight_00489,False,
train,Brown Blight,brown_blight_00489_aug_contrast.jpg,b6d7f37f479cbf4093e6c430706a8ff4,brown_blight_00489,True,contrast
train,Brown Blight,brown_blight_00489_aug_flip_horizontal.jpg,99b3e5cd176f180469b56db4f7f7045e,brown_blight_00489,True,flip
train,Brown Blight,brown_blight_00491.jpg,e905c2692cdefdb6c4d1b6cab199430e,brown_blight_00491,False,
train,Brown Blight,brown_blight_00491_aug_blur.jpg,9e58295ce0060be5911caefd2cacda19,brown_blight_00491,True,blur
train,Brown Blight,brown_blight_00491_aug_zoom.jpg,2b434f759e3ac8a8d441a63380315472,brown_blight_00491,True,zoom
train,Brown Blight,brown_blight_00492.jpg,5c6b971043f0c9ff5557203cb41ef3a8,brown_blight_00492,False,
train,Brown Blight,brown_blight_00492_aug_flip_horizontal.jpg,79db324bdc164fab29d3c6911f28b2de,brown_blight_00492,True,flip
train,Brown Blight,brown_blight_00494.jpg,f0e060001f15eced2b753efcce1e2ad4,brown_blight_00494,False,
train,Brown Blight,brown_blight_00494_aug_zoom.jpg,ae15ded6f05be4e1cdbbc24321ac589e,brown_blight_00494,True,zoom
train,Brown Blight,brown_blight_00495.jpg,680a9a49559f37617494a32e73bc8f68,brown_blight_00495,False,
train,Brown Blight,brown_blight_00497.jpg,8d801e5cf644cc37da9e8941078354c5,brown_blight_00497,False,
train,Brown Blight,brown_blight_00497_aug_brightness.jpg,fea841b81125c5be146364f33dfd501f,brown_blight_00497,True,brightness
train,Brown Blight,brown_blight_00497_aug_flip_vertical.jpg,7bc12bb27b139972fae2d7ce8c398be4,brown_blight_00497,True,flip
train,Brown Blight,brown_blight_00498.jpg,0b697beef02815dfa0b3f044ab8c8462,brown_blight_00498,False,
train,Brown Blight,brown_blight_00498_aug_zoom.jpg,1962d2fd48f2506067c1ee0ac5d4b666,brown_blight_00498,True,zoom
train,Brown Blight,brown_blight_00500.jpg,f4e880c49a888a22e7ac37038ac574ae,brown_blight_00500,False,
train,Brown Blight,brown_blight_00500_aug_blur.jpg,5013922b84b436a1ddc492cb27cf686e,brown_blight_00500,True,blur
train,Brown Blight,brown_blight_00501.jpg,f00641b0e5155b782efbfc8ef770e9e6,brown_blight_00501,False,
train,Brown Blight,brown_blight_00502.jpg,eea8769606b0d7329c0358f1dd201c38,brown_blight_00502,False,
train,Brown Blight,brown_blight_00504.jpg,4f1acdb0870e5e931f69e96bf6b27146,brown_blight_00504,False,
train,Brown Blight,brown_blight_00505.jpg,32e4d2da3c323f87b13b16ee8414ec63,brown_blight_00505,False,
train,Brown Blight,brown_blight_00506.jpg,82c76fdaa0faf6b15db7ba3e356c521b,brown_blight_00506,False,
train,Gray Blight,IMG_20220503_135202.jpg,afb2daed78c2f998db628cfd33546930,IMG_20220503_135202,False,
train,Gray Blight,IMG_20220503_135316.jpg,1148a81e122a29a0066ab56786075c0d,IMG_20220503_135316,False,
train,Gray Blight,IMG_20220503_135357.jpg,0928784b6c79f345a3aa1c3314a314ae,IMG_20220503_135357,False,
train,Gray Blight,IMG_20220503_135418.jpg,7a82fabca27e1cd208661a74d0b8eff7,IMG_20220503_135418,False,
train,Gray Blight,IMG_20220503_135447.jpg,dea4a43508a8d71fc0b28a2ca9fd1372,IMG_20220503_135447,False,
train,Gray Blight,IMG_20220503_135531.jpg,3ec97aeafcacb0d192631bc1eaa68c34,IMG_20220503_135531,False,
train,Gray Blight,IMG_20220503_135545.jpg,39dba469d01450c150c8bab410cb1ec2,IMG_20220503_135545,False,
train,Gray Blight,IMG_20220503_135603.jpg,af39c0b28d64a4619fa76890d2afa6ca,IMG_20220503_135603,False,
train,Gray Blight,IMG_20220503_135801.jpg,a9accd403eef4e3bd7be147776ce5635,IMG_20220503_135801,False,
train,Gray Blight,IMG_20220503_135816.jpg,4731e81cd3bbe8e325125e6848683a0a,IMG_20220503_135816,False,
train,Gray Blight,IMG_20220503_135816_aug_contrast.jpg,fb48a0b414f7e6ff764eed3b39206866,IMG_20220503_135816,True,contrast
train,Gray Blight,IMG_20220503_135829.jpg,62bfa71928f77610d22210e3fc9da5ee,IMG_20220503_135829,False,
train,Gray Blight,IMG_20220503_135855.jpg,7dc03b300d500f311f97502ec7091985,IMG_20220503_135855,False,
train,Gray Blight,IMG_20220503_135914.jpg,b6bfebcc1f83628125856e557893a69d,IMG_20220503_135914,False,
train,Gray Blight,IMG_20220503_135945.jpg,d6f735612667d57302bd10e3b605d7d3,IMG_20220503_135945,False,
train,Gray Blight,IMG_20220503_140011.jpg,367ba8eb07443ea4b2f59f9b8ec2deb0,IMG_20220503_140011,False,
train,Gray Blight,IMG_20220503_140101.jpg,96379bb75afe37c23bd60e5a3722d595,IMG_20220503_140101,False,
train,Gray Blight,IMG_20220503_140131.jpg,321f8b9bc4f1cbcb2df05a61eb5a2084,IMG_20220503_140131,False,
train,Gray Blight,IMG_20220503_140131_aug_flip_vertical.jpg,94d99e038049f8a5cce447c8c253a597,IMG_20220503_140131,True,flip
train,Gray Blight,IMG_20220503_140149.jpg,0851dd836ad9deb745896fa0b6986c07,IMG_20220503_140149,False,
train,Gray Blight,IMG_20220503_140423.jpg,efa3815aa224daa30a3a66fad12827a6,IMG_20220503_140423,False,
train,Gray Blight,IMG_20220503_140605.jpg,74b115380eb455a676b4cc455a8ed297,IMG_20220503_140605,False,
train,Gray Blight,IMG_20220503_140634.jpg,d24291d65a87acca97c2dc78af4ad46d,IMG_20220503_140634,False,
train,Gray Blight,IMG_20220503_140634_aug_contrast.jpg,65eaf25181bc56cb3175d30d740516f3,IMG_20220503_140634,True,contrast
train,Gray Blight,IMG_20220503_140656.jpg,5c9f977e8a1bfb7c978f434f4c27b7e7,IMG_20220503_140656,False,
train,Gray Blight,IMG_20220503_140736.jpg,1bfff769d6298c8795c62ee036a20e3f,IMG_20220503_140736,False,
train,Gray Blight,IMG_20220503_140906.jpg,5d039cbc1d1047ffe293e4473ba62f70,IMG_20220503_140906,False,
train,Gray Blight,IMG_20220503_140914.jpg,c6bc38da2f83cbf6f97b69869de72192,IMG_20220503_140914,False,
train,Gray Blight,IMG_20220503_140914_aug_brightness.jpg,2352b74551113f7f78030f09ba3f71fa,IMG_20220503_140914,True,brightness
train,Gray Blight,IMG_20220503_140952.jpg,1874b85a3f151da51baa932710f7789b,IMG_20220503_140952,False,
train,Gray Blight,IMG_20220503_140952_aug_blur.jpg,b7c68c598bab4390556984c07ad5069b,IMG_20220503_140952,True,blur
train,Gray Blight,IMG_20220503_141005.jpg,d58566abfda2f8be53b13ee29bb47c2a,IMG_20220503_141005,False,
train,Gray Blight,IMG_20220503_141045.jpg,147517e2023ea004dff324b26fdc3c5e,IMG_20220503_141045,False,
train,Gray Blight,IMG_20220503_141106.jpg,0b1401e0ce1468d01a0233c357bf1162,IMG_20220503_141106,False,
train,Gray Blight,IMG_20220503_141118.jpg,44cc22c9595a14f669cfebce23dcf7a1,IMG_20220503_141118,False,
train,Gray Blight,IMG_20220503_141135.jpg,a2faf0a2180a7ae966e68a4d59edce00,IMG_20220503_141135,False,
train,Gray Blight,IMG_20220503_141135_aug_zoom.jpg,367bbad425c13c05a7b610a5be64d1ec,IMG_20220503_141135,True,zoom
train,Gray Blight,IMG_20220503_141147.jpg,55d4ddcd0d39bf51e7fe54a8830b56d7,IMG_20220503_141147,False,
train,Gray Blight,IMG_20220503_141204.jpg,3ec8f69468df896574d9d7808e27143c,IMG_20220503_141204,False,
train,Gray Blight,IMG_20220503_141224.jpg,f7a2e4153047ea3985092e9fb59540fa,IMG_20220503_141224,False,
train,Gray Blight,IMG_20220503_141236.jpg,7764b235ed9812376139e5919c0df0e9,IMG_20220503_141236,False,
train,Gray Blight,IMG_20220503_141307.jpg,499b0c979d8908c31be5e3d030c61e5b,IMG_20220503_141307,False,
train,Gray Blight,IMG_20220503_141320.jpg,d1e5583d2fe1625bf54fc892854cfa27,IMG_20220503_141320,False,
train,Gray Blight,IMG_20220503_141402.jpg,c06915b2b6b18c583fe53afef3f712f1,IMG_20220503_141402,False,
train,Gray Blight,IMG_20220503_141402_aug_flip_horizontal.jpg,ad6e5e4643f8d0e602c577a3240dba6d,IMG_20220503_141402,True,flip
train,Gray Blight,IMG_20220503_141414.jpg,ffcf0dc14e6a408bc529b7965608589e,IMG_20220503_141414,False,
train,Gray Blight,IMG_20220503_141444.jpg,cbd30db82ac97aedcd7082e9eefb9a54,IMG_20220503_141444,False,
train,Gray Blight,IMG_20220503_141518.jpg,af83503914a5a3179dff0f40659e1d99,IMG_20220503_141518,False,
train,Gray Blight,IMG_20220503_141531.jpg,8461169a51a0d0e73edad314a8e1ebc3,IMG_20220503_141531,False,
train,Gray Blight,IMG_20220503_141635.jpg,ee33ea7fe673c659e829f021918e8d47,IMG_20220503_141635,False,
train,Gray Blight,IMG_20220503_141651.jpg,e6f75936515cb37d383d230cc5a38898,IMG_20220503_141651,False,
train,Gray Blight,IMG_20220503_141709.jpg,345c34d82fc583855cc0b431694311c7,IMG_20220503_141709,False,
train,Gray Blight,IMG_20220503_141728.jpg,e57460d6e9780255c293c78561c1b7ae,IMG_20220503_141728,False,
train,Gray Blight,IMG_20220503_141728_aug_brightness.jpg,ed659a312d7c8033343f9c9d92c438df,IMG_20220503_141728,True,brightness
train,Gray Blight,IMG_20220503_141813.jpg,56a6354ec6584d4451aa444ec6bb0fb0,IMG_20220503_141813,False,
train,Gray Blight,IMG_20220503_141824.jpg,a7df315f5f1cd4744e0b4a8a05559a07,IMG_20220503_141824,False,
train,Gray Blight,IMG_20220503_141824_aug_zoom.jpg,0807b2c282ee929dd2b922440763f76e,IMG_20220503_141824,True,zoom
train,Gray Blight,IMG_20220503_141834.jpg,101a62c2037e6762cc732096427bf4e7,IMG_20220503_141834,False,
train,Gray Blight,IMG_20220503_141858.jpg,90a696afa6c2624d7df1dd8e9452ab29,IMG_20220503_141858,False,
train,Gray Blight,IMG_20220503_141858_aug_blur.jpg,2468c013beb0bcfdb9dccaf2f1a5eb16,IMG_20220503_141858,True,blur
train,Gray Blight,IMG_20220503_141906.jpg,cd3d31fe7d0b4f7f3360572d3952e499,IMG_20220503_141906,False,
train,Gray Blight,IMG_20220503_141920.jpg,f47e7e5109fdf4441994d000645b84b2,IMG_20220503_141920,False,
train,Gray Blight,IMG_20220503_141957.jpg,c497b67ede54f0dbbf0a14176974fafe,IMG_20220503_141957,False,
train,Gray Blight,IMG_20220503_142008.jpg,906359d27f9d7ec3b5f53e960911a763,IMG_20220503_142008,False,
train,Gray Blight,IMG_20220503_142026.jpg,c8cf4406b3fd60f2b8e4d9cc3a139bec,IMG_20220503_142026,False,
train,Gray Blight,IMG_20220503_142039.jpg,13679a3b61cda877b586a6a28bb50bd0,IMG_20220503_142039,False,
train,Gray Blight,IMG_20220503_142039_aug_rotation.jpg,bbca360c1ca3d9a1dfc96ef090fa42a6,IMG_20220503_142039,True,rotation
train,Gray Blight,IMG_20220503_142053.jpg,44063b0dcfc56da6903c10a94fdff0f4,IMG_20220503_142053,False,
train,Gray Blight,IMG_20220503_142104.jpg,b8fc6303ab96e19f33933e3cb3dc53ca,IMG_20220503_142104,False,
train,Gray Blight,IMG_20220503_142115.jpg,97d2e2a7918337774d026f3941bdd0da,IMG_20220503_142115,False,
train,Gray Blight,IMG_20220503_142527.jpg,0c684d8f8c4952706286e01a7cb62a4a,IMG_20220503_142527,False,
train,Gray Blight,IMG_20220503_142537.jpg,8217b5d5d49bee020715fb1ac5768c2e,IMG_20220503_142537,False,
train,Gray Blight,IMG_20220503_142537_aug_contrast.jpg,6a2ec883dc06bcef41e76faa07d78f0f,IMG_20220503_142537,True,contrast
train,Gray Blight,IMG_20220503_142552.jpg,59c9d111595f2124925a2801e7743939,IMG_20220503_142552,False,
train,Gray Blight,IMG_20220503_142609.jpg,a4bd1d1549ac0bf1bd570095a35d2c0e,IMG_20220503_142609,False,
train,Gray Blight,IMG_20220503_142624.jpg,64296a12383097d398ed625d13759306,IMG_20220503_142624,False,
train,Gray Blight,IMG_20220503_142658 - Copy.jpg,0397791a855eea2d384e3e59472aed67,IMG_20220503_142658 - Copy,False,
train,Gray Blight,IMG_20220503_142658.jpg,0397791a855eea2d384e3e59472aed67,IMG_20220503_142658,False,
train,Gray Blight,IMG_20220503_142852.jpg,49a381f11d6f06dea594ab5701787924,IMG_20220503_142852,False,
train,Gray Blight,gray_blight_00001.jpg,c378eef8c1e231b7082a2f3ad6ca08e3,gray_blight_00001,False,
train,Gray Blight,gray_blight_00002.jpg,f318e454583e2c86926c3669016cc164,gray_blight_00002,False,
train,Gray Blight,gray_blight_00003.jpg,ad9707bd628a83bf3c40538941ce3246,gray_blight_00003,False,
train,Gray Blight,gray_blight_00004.jpg,154dc54b7cb28641850fe6ae1b1fd684,gray_blight_00004,False,
train,Gray Blight,gray_blight_00005.jpg,8b340da200a5e67fa6e3932ba05c112e,gray_blight_00005,False,
train,Gray Blight,gray_blight_00006.jpg,215db9808efea73d356d24e8b80f4051,gray_blight_00006,False,
train,Gray Blight,gray_blight_00007.jpg,c4d8bc99aab286afcc5d356e17c36cc8,gray_blight_00007,False,
train,Gray Blight,gray_blight_00008.jpg,343ea7500fea2b54354b041421aeb5f0,gray_blight_00008,False,
train,Gray Blight,gray_blight_00009.jpg,753ba9a11dd3ebec4b8bd2588b23d5ae,gray_blight_00009,False,
train,Gray Blight,gray_blight_00012.jpg,bb0d4ccf5eac4cfb1fde319012290187,gray_blight_00012,False,
train,Gray Blight,gray_blight_00013.jpg,55bf5be2bd2aaac4df4fc8423006b51a,gray_blight_00013,False,
train,Gray Blight,gray_blight_00014.jpg,0493f9a1f111bad273859279ac07138f,gray_blight_00014,False,
train,Gray Blight,gray_blight_00015.jpg,f9794fb2d011ce3260e08cdc8fa1d1a5,gray_blight_00015,False,
train,Gray Blight,gray_blight_00016.jpg,11dfa214e1e29921873a2da40d71fbf5,gray_blight_00016,False,
train,Gray Blight,gray_blight_00017.jpg,22474ee1a36f0b420a39be5f372bc618,gray_blight_00017,False,
train,Gray Blight,gray_blight_00019.jpg,7b056cc3fac67e688bd7bc3dec7ee0b3,gray_blight_00019,False,
train,Gray Blight,gray_blight_00020.jpg,c3ba4fe5aac8d3cd3c79e48c4c73e685,gray_blight_00020,False,
train,Gray Blight,gray_blight_00021.jpg,eb9835d26ecb90e3f07f5e07cc1416fa,gray_blight_00021,False,
train,Gray Blight,gray_blight_00023.jpg,5639f0a0263fc52373662bccea9f3305,gray_blight_00023,False,
train,Gray Blight,gray_blight_00024.jpg,6167f13db0deada4ed32935bff8e12d4,gray_blight_00024,False,
train,Gray Blight,gray_blight_00024_aug_contrast.jpg,335f2a6a1f9b8546acf762e9b55c1c05,gray_blight_00024,True,contrast
train,Gray Blight,gray_blight_00026.jpg,601914bc19748e1d317d4033902d4cd3,gray_blight_00026,False,
train,Gray Blight,gray_blight_00027.jpg,0bc6ea6fb1f40309427410cb4767e3bd,gray_blight_00027,False,
train,Gray Blight,gray_blight_00027_aug_brightness.jpg,450af6f9afa22d0f11a8a2b081ecb6c8,gray_blight_00027,True,brightness
train,Gray Blight,gray_blight_00028.jpg,be09ff0ceb5aea018fa0d0ded9f17d66,gray_blight_00028,False,
train,Gray Blight,gray_blight_00030.jpg,dc7e75280dae001148d447288d666413,gray_blight_00030,False,
train,Gray Blight,gray_blight_00032.jpg,ab5d46a1099ec3d2eb296adf2ceb2afc,gray_blight_00032,False,
train,Gray Blight,gray_blight_00037.jpg,b4d49a692774e7bb734ba4fcd39b41e2,gray_blight_00037,False,
train,Gray Blight,gray_blight_00038.jpg,8cd2870ac911bc01461c057664cd5dd6,gray_blight_00038,False,
train,Gray Blight,gray_blight_00039.jpg,5ee0d488a5e77e2b031aeceba5417b38,gray_blight_00039,False,
train,Gray Blight,gray_blight_00040.jpg,f8ab3c119fe8fa3b086e6e725401ddf3,gray_blight_00040,False,
train,Gray Blight,gray_blight_00043.jpg,5b9335b266d6195c8a81e470dfa799b4,gray_blight_00043,False,
train,Gray Blight,gray_blight_00044.jpg,0da781b0512ab0e61f9674493334d6d3,gray_blight_00044,False,
train,Gray Blight,gray_blight_00046.jpg,c16d7899bf5ca387667aa25dc5b33b5d,gray_blight_00046,False,
train,Gray Blight,gray_blight_00047.jpg,08b39f21849f03e8f8a5da9b86dca38c,gray_blight_00047,False,
train,Gray Blight,gray_blight_00048.jpg,78426bda57ac99f54e6080182b93d289,gray_blight_00048,False,
train,Gray Blight,gray_blight_00049.jpg,1d15b125bac7b0e88dd8ed366e2fd1aa,gray_blight_00049,False,
train,Gray Blight,gray_blight_00054.jpg,9163783eca3adc9ee795f56f529c51a2,gray_blight_00054,False,
train,Gray Blight,gray_blight_00054_aug_flip_vertical.jpg,73084b59ce5697457b178dbd995ead55,gray_blight_00054,True,flip
train,Gray Blight,gray_blight_00056.jpg,cc3e76966f5966d17c8c11f786248922,gray_blight_00056,False,
train,Gray Blight,gray_blight_00057.jpg,a5af26d2b5e7377ae83329d24334b0ef,gray_blight_00057,False,
train,Gray Blight,gray_blight_00057_aug_contrast.jpg,b8058cc40111ecbec6ef3c55651a0dae,gray_blight_00057,True,contrast
train,Gray Blight,gray_blight_00061.jpg,7a7214c904d9d82ea7f1339070b32218,gray_blight_00061,False,
train,Gray Blight,gray_blight_00064.jpg,2fabd52c42db8166c011803afa23af5d,gray_blight_00064,False,
train,Gray Blight,gray_blight_00065.jpg,9167da0dc83b9f2334ac29886076c268,gray_blight_00065,False,
train,Gray Blight,gray_blight_00066.jpg,581e21c5b18d3d14578c788cf1eb3822,gray_blight_00066,False,
train,Gray Blight,gray_blight_00067.jpg,155320b2b34b85da5ffc7b6bfc6c50a2,gray_blight_00067,False,
train,Gray Blight,gray_blight_00068.jpg,b5abb3117fc47b2ea3140f5eb3af2906,gray_blight_00068,False,
train,Gray Blight,gray_blight_00069.jpg,40a783d706829cfe748f4f8913e54b34,gray_blight_00069,False,
train,Gray Blight,gray_blight_00071.jpg,fce7165ba86e23701d5baeedec146ebb,gray_blight_00071,False,
train,Gray Blight,gray_blight_00072.jpg,4e34c2cb323e5f7f86dfcdbc6d244401,gray_blight_00072,False,
train,Gray Blight,gray_blight_00073.jpg,730d83bd70e6084926b1cc9ebfb1ee99,gray_blight_00073,False,
train,Gray Blight,gray_blight_00074.jpg,f96a90082690f1591633c505adac2f2c,gray_blight_00074,False,
train,Gray Blight,gray_blight_00075.jpg,804986dfb518b18e176ecd5ec22bbc8e,gray_blight_00075,False,
train,Gray Blight,gray_blight_00077.jpg,358935e1e869c691a5c5600026d5d2ca,gray_blight_00077,False,
train,Gray Blight,gray_blight_00077_aug_flip_vertical.jpg,6c89eb1bdfc444cb4feebe03485e6f03,gray_blight_00077,True,flip
train,Gray Blight,gray_blight_00079.jpg,6be286300073c63dffd5de257912bd7e,gray_blight_00079,False,
train,Gray Blight,gray_blight_00082.jpg,e91c6371cb47c435e06375e2c088d8b7,gray_blight_00082,False,
train,Gray Blight,gray_blight_00083.jpg,05a2131ed2430695134795f48132e058,gray_blight_00083,False,
train,Gray Blight,gray_blight_00084.jpg,55030c7d99fc4d44ad5669c2af11aefe,gray_blight_00084,False,
train,Gray Blight,gray_blight_00085.jpg,9435595cf010cf50e1f423f125888af7,gray_blight_00085,False,
train,Gray Blight,gray_blight_00086.jpg,9e5cdbca41406f7153179175ff542fa6,gray_blight_00086,False,
train,Gray Blight,gray_blight_00087.jpg,3033a48e35b68de5ba83d1466c4c8565,gray_blight_00087,False,
train,Gray Blight,gray_blight_00089.jpg,1c2a58f2b8c95f88291ec22518cb4f67,gray_blight_00089,False,
train,Gray Blight,gray_blight_00091.jpg,6d059929e19eb5eb097694d4f95514cd,gray_blight_00091,False,
train,Gray Blight,gray_blight_00092.jpg,4638c3addd0f36aacb1f8721dbf9059f,gray_blight_00092,False,
train,Gray Blight,gray_blight_00093.jpg,ab8e81316823c183998511f5eaa80c14,gray_blight_00093,False,
train,Gray Blight,gray_blight_00094.jpg,d897af750e5135f13dc96c4609c90683,gray_blight_00094,False,
train,Gray Blight,gray_blight_00095.jpg,3dc22c76a61da45b5defc6d746671c32,gray_blight_00095,False,
train,Gray Blight,gray_blight_00096.jpg,751e98daa3b7c46d2833112034230d47,gray_blight_00096,False,
train,Gray Blight,gray_blight_00097.jpg,6a2f239d8b26908b89bad7d11fb02c21,gray_blight_00097,False,
train,Gray Blight,gray_blight_00097_aug_blur.jpg,389f6b0c475523edea3a5d5f3ce31328,gray_blight_00097,True,blur
train,Gray Blight,gray_blight_00098.jpg,0f7591a819883d03ec6b032de9c007cd,gray_blight_00098,False,
train,Gray Blight,gray_blight_00100.jpg,04e19cacd1962188fdeceeaa2d2e932e,gray_blight_00100,False,
train,Gray Blight,gray_blight_00101.jpg,d40ff6352ceacbed15cadc13c3bc504d,gray_blight_00101,False,
train,Gray Blight,gray_blight_00102.jpg,7b8c8b7f44dfcc6c66c2693face65b69,gray_blight_00102,False,
train,Gray Blight,gray_blight_00102_aug_zoom.jpg,d45f8dcfe3f175a66bc8ae6679d87c7b,gray_blight_00102,True,zoom
train,Gray Blight,gray_blight_00103.jpg,e25a8efc33b2eb861f6188cda39ffee7,gray_blight_00103,False,
train,Gray Blight,gray_blight_00103_aug_flip_horizontal.jpg,9b8fd6cbba4376834124e140b9ecd56a,gray_blight_00103,True,flip
train,Gray Blight,gray_blight_00104.jpg,cc97497461c662cf7ef84f9fdf6cfd01,gray_blight_00104,False,
train,Gray Blight,gray_blight_00105.jpg,39b2b2cf90845d27d88ddbe349a426e9,gray_blight_00105,False,
train,Gray Blight,gray_blight_00106.jpg,d9617b7445c13334a0d1ad28dee1750b,gray_blight_00106,False,
train,Gray Blight,gray_blight_00106_aug_contrast.jpg,c5ee35d53c8b96814bc6f5b8ba9b5854,gray_blight_00106,True,contrast
train,Gray Blight,gray_blight_00106_aug_zoom.jpg,737edc1eac12c43e9346b1ddf933d8a3,gray_blight_00106,True,zoom
train,Gray Blight,gray_blight_00107.jpg,74318f64199e88dc7207fe08f76cdf09,gray_blight_00107,False,
train,Gray Blight,gray_blight_00108.jpg,1ecbed5e9e23151bd79fa16a3f095e98,gray_blight_00108,False,
train,Gray Blight,gray_blight_00108_aug_zoom.jpg,851323e7655b8f56db4523445a4a6809,gray_blight_00108,True,zoom
train,Gray Blight,gray_blight_00110.jpg,4125a70a502b29fd044dba6850dec426,gray_blight_00110,False,
train,Gray Blight,gray_blight_00111.jpg,2a97b814772baf985f05c5851e4ae6ad,gray_blight_00111,False,
train,Gray Blight,gray_blight_00113.jpg,3359e0f353c9502b40f5009133e81bba,gray_blight_00113,False,
train,Gray Blight,gray_blight_00115.jpg,7c8b8eda7e0141848aee7b7abab15784,gray_blight_00115,False,
train,Gray Blight,gray_blight_00115_aug_blur.jpg,35a7eb8192576f7dfb3990a3e48889c3,gray_blight_00115,True,blur
train,Gray Blight,gray_blight_00118.jpg,5c90fad825edce6411b1498e0a1ec79f,gray_blight_00118,False,
train,Gray Blight,gray_blight_00118_aug_rotation.jpg,6544325120c3eb87a6dbcb94ccc6c320,gray_blight_00118,True,rotation
train,Gray Blight,gray_blight_00119.jpg,27369520e21dfa95b910b6cd6b9a5996,gray_blight_00119,False,
train,Gray Blight,gray_blight_00120.jpg,c5a034f84b195c2d7165b3cf049df127,gray_blight_00120,False,
train,Gray Blight,gray_blight_00121.jpg,4063f1bf137cfbcb5d1107c03c131355,gray_blight_00121,False,
train,Gray Blight,gray_blight_00122.jpg,8d4b5a838b4e93451460bf0e2a3be119,gray_blight_00122,False,
train,Gray Blight,gray_blight_00123.jpg,d568cf68bfc832004df8608285f489fa,gray_blight_00123,False,
train,Gray Blight,gray_blight_00124.jpg,d9626c47283b7d7c15b785d8a4e39169,gray_blight_00124,False,
train,Gray Blight,gray_blight_00125.jpg,069d7b086d1e22d0a6442841bc8e1ba9,gray_blight_00125,False,
train,Gray Blight,gray_blight_00126.jpg,7db983526de3bdd88785aa96a1c77eae,gray_blight_00126,False,
train,Gray Blight,gray_blight_00127.jpg,c95c0b1d3f925bbdd8ab098d7c009e48,gray_blight_00127,False,
train,Gray Blight,gray_blight_00128.jpg,03a219ff4116d14b8f9993454a412fa3,gray_blight_00128,False,
train,Gray Blight,gray_blight_00129.jpg,3519c58b2b00a790f633061b89d54eb4,gray_blight_00129,False,
train,Gray Blight,gray_blight_00133.jpg,d7b91832bf6224db8cede5e98a9fbe71,gray_blight_00133,False,
train,Gray Blight,gray_blight_00134.jpg,40db505bf251a0c5045f8c531d69cba3,gray_blight_00134,False,
train,Gray Blight,gray_blight_00140.jpg,74b8db8724f3062518512f45458f50e4,gray_blight_00140,False,
train,Gray Blight,gray_blight_00142.jpg,57a073c85bbaae90e0efeab15cf75bd3,gray_blight_00142,False,
train,Gray Blight,gray_blight_00143.jpg,ea111a3c9b26a1746a1817342c66dd46,gray_blight_00143,False,
train,Gray Blight,gray_blight_00145.jpg,1d96c45a06c09b06489e39c6b2d08e3c,gray_blight_00145,False,
train,Gray Blight,gray_blight_00146.jpg,6475f25f74c9e145c516cb906b6de10b,gray_blight_00146,False,
train,Gray Blight,gray_blight_00147.jpg,0fe03e8588213872c9723dea8e19a633,gray_blight_00147,False,
train,Gray Blight,gray_blight_00149.jpg,668fe6a78a3681b24a3ba79db7ef897f,gray_blight_00149,False,
train,Gray Blight,gray_blight_00151.jpg,363a271351f1001d74f0ea93e18b0022,gray_blight_00151,False,
train,Gray Blight,gray_blight_00152.jpg,a1b2d97ca61531576c079a5dbbecea25,gray_blight_00152,False,
train,Gray Blight,gray_blight_00153.jpg,64b13c8a4f7029ac05b1991203a2a4ea,gray_blight_00153,False,
train,Gray Blight,gray_blight_00155.jpg,0585984126227a8f31d1f23a08e57bd3,gray_blight_00155,False,
train,Gray Blight,gray_blight_00157.jpg,8c39d25ee239b8f7dc99f6f974efcac6,gray_blight_00157,False,
train,Gray Blight,gray_blight_00158.jpg,187a5b7c5139ec98c46f72e3c648937f,gray_blight_00158,False,
train,Gray Blight,gray_blight_00160.jpg,b0d972f1c765d2a0344b328e67d2139a,gray_blight_00160,False,
train,Gray Blight,gray_blight_00161.jpg,75c5a1253047448f834dc70edfe465e2,gray_blight_00161,False,
train,Gray Blight,gray_blight_00162.jpg,249860aafafe1c59c9e33aab4612c8b3,gray_blight_00162,False,
train,Gray Blight,gray_blight_00163.jpg,9fd4f0bb68e103a8ff21a961261c5fc5,gray_blight_00163,False,
train,Gray Blight,gray_blight_00164.jpg,113f081f8284474e0b80cfc4156102fc,gray_blight_00164,False,
train,Gray Blight,gray_blight_00165.jpg,085e17fba73cbf2b34ca5de6d344be4d,gray_blight_00165,False,
train,Gray Blight,gray_blight_00167.jpg,02c2c92a8b082eda956eb550397f8cec,gray_blight_00167,False,
train,Gray Blight,gray_blight_00168.jpg,0dfaa0a95977542cc13e7a4c864f43ab,gray_blight_00168,False,
train,Gray Blight,gray_blight_00168_aug_brightness.jpg,f1739c0c64c9d2f6d8bd0adf1e5eda3a,gray_blight_00168,True,brightness
train,Gray Blight,gray_blight_00169.jpg,24503815a149c834b269a7b33ab50c09,gray_blight_00169,False,
train,Gray Blight,gray_blight_00170.jpg,74bca1e32d8d831b3794d02b9d115bb2,gray_blight_00170,False,
train,Gray Blight,gray_blight_00171.jpg,f494fe3a5078ed737e8736c016ddaee7,gray_blight_00171,False,
train,Gray Blight,gray_blight_00172.jpg,7f5c8f11145b50ecf8ccffe46fcae8e9,gray_blight_00172,False,
train,Gray Blight,gray_blight_00173.jpg,63a65e0fe0de4735140e542262f08092,gray_blight_00173,False,
train,Gray Blight,gray_blight_00174.jpg,5ef74ce7b590013819a15e459e76e0ea,gray_blight_00174,False,
train,Gray Blight,gray_blight_00175.jpg,b05c954610400e931b7a3dcb170d7b79,gray_blight_00175,False,
train,Gray Blight,gray_blight_00176.jpg,ffaba628fb9d078cb0c7d4eb65cd111d,gray_blight_00176,False,
train,Gray Blight,gray_blight_00176_aug_flip_vertical.jpg,f73b436c9b43e85aaef8551cad68be56,gray_blight_00176,True,flip
train,Gray Blight,gray_blight_00177.jpg,3cee1268b919827f78f72149a1751bd0,gray_blight_00177,False,
train,Gray Blight,gray_blight_00178.jpg,7d1ed2481c41c0464501f2130bdec71e,gray_blight_00178,False,
train,Gray Blight,gray_blight_00178_aug_brightness.jpg,2ab1246f3c67bbde852b527d029dd8cc,gray_blight_00178,True,brightness
train,Gray Blight,gray_blight_00179.jpg,9e93a4b8393d38287bf2af691578e960,gray_blight_00179,False,
train,Gray Blight,gray_blight_00180.jpg,8480c62da7cf2fb55cea3292f6f3f988,gray_blight_00180,False,
train,Gray Blight,gray_blight_00181.jpg,f65c9f18da48cb0faa8eb21edaa2a148,gray_blight_00181,False,
train,Gray Blight,gray_blight_00182.jpg,00589d6d43734c953aacd9ce6cb0507a,gray_blight_00182,False,
train,Gray Blight,gray_blight_00183.jpg,eeb93235cfd822fbcaa2261720acd924,gray_blight_00183,False,
train,Gray Blight,gray_blight_00184.jpg,84f5d541a7d1ae34c5cfb15b1b923bc1,gray_blight_00184,False,
train,Gray Blight,gray_blight_00186.jpg,05b4f6814ad2941bc711a03c24517d7d,gray_blight_00186,False,
train,Gray Blight,gray_blight_00188.jpg,6489e6b1b6c7e9b1149116d509f4040c,gray_blight_00188,False,
train,Gray Blight,gray_blight_00191.jpg,f24258f1b3337abf3f8d17b26cf05367,gray_blight_00191,False,
train,Gray Blight,gray_blight_00192.jpg,9612569604a104d6b3d82c2e2a372888,gray_blight_00192,False,
train,Gray Blight,gray_blight_00193.jpg,a4e5e62a9e862c5aa6643a00841a505d,gray_blight_00193,False,
train,Gray Blight,gray_blight_00194.jpg,52a21b28bebd2d43201ad2b49106bb2e,gray_blight_00194,False,
train,Gray Blight,gray_blight_00196.jpg,93b86078ce23d0938e8d417774f4fa60,gray_blight_00196,False,
train,Gray Blight,gray_blight_00197.jpg,072314034eb66a34c919186415f79fda,gray_blight_00197,False,
train,Gray Blight,gray_blight_00198.jpg,766ac31b84e4f76a900c579d0a4b54fe,gray_blight_00198,False,
train,Gray Blight,gray_blight_00200.jpg,5ca54c305888c95d7d979f7a81c02dff,gray_blight_00200,False,
train,Gray Blight,gray_blight_00201.jpg,62926dd53e86457533d54ccbebb1d1c2,gray_blight_00201,False,
train,Gray Blight,gray_blight_00202.jpg,820fb0b59f29448f093742512985ef9d,gray_blight_00202,False,
train,Gray Blight,gray_blight_00203.jpg,f101a7080c5bf56540229d3f1617bcbb,gray_blight_00203,False,
train,Gray Blight,gray_blight_00204.jpg,27747571b90c19a8ffa4d76bb3d6ba89,gray_blight_00204,False,
train,Gray Blight,gray_blight_00205.jpg,2f88a004c38158802f2432283ac3020c,gray_blight_00205,False,
train,Gray Blight,gray_blight_00207.jpg,490a5b566076a0978c7ea205762c4585,gray_blight_00207,False,
train,Gray Blight,gray_blight_00209.jpg,07be1f51c4c538f8aa4ba0af5e5c6aac,gray_blight_00209,False,
train,Gray Blight,gray_blight_00209_aug_blur.jpg,6ce888760e6fd0a8bd8db0a4ee266d51,gray_blight_00209,True,blur
train,Gray Blight,gray_blight_00210.jpg,65563d2f6417e04b2784d8ae914052ba,gray_blight_00210,False,
train,Gray Blight,gray_blight_00211.jpg,119da917a5c7b0820068e29320217967,gray_blight_00211,False,
train,Gray Blight,gray_blight_00212.jpg,201e5a033a692784195696f443b591b7,gray_blight_00212,False,
train,Gray Blight,gray_blight_00213.jpg,1e7f7721ba3745bc031194b2078902ec,gray_blight_00213,False,
train,Gray Blight,gray_blight_00216.jpg,55857e43347b24c91051bb58307b105c,gray_blight_00216,False,
train,Gray Blight,gray_blight_00217.jpg,4154a7d798a94df670a83d0b19e3d593,gray_blight_00217,False,
train,Gray Blight,gray_blight_00218.jpg,fe83fe2590a59dd728c1ddf7827403be,gray_blight_00218,False,
train,Gray Blight,gray_blight_00219.jpg,490fcfabc21f4e65162a8d6ca78c91ca,gray_blight_00219,False,
train,Gray Blight,gray_blight_00220.jpg,63207907b5f3ebe517884f4c6f15181f,gray_blight_00220,False,
train,Gray Blight,gray_blight_00221.jpg,c28dc736de16f565750e9c99e4289dc9,gray_blight_00221,False,
train,Gray Blight,gray_blight_00222.jpg,c78f2c2743dc8a8d9a69517ef95abb92,gray_blight_00222,False,
train,Gray Blight,gray_blight_00222_aug_flip_horizontal.jpg,b9b12e08071c145e8b26a3f8ad44cfdd,gray_blight_00222,True,flip
train,Gray Blight,gray_blight_00222_aug_zoom.jpg,6ef78158167ce19874da8a3fb5823b23,gray_blight_00222,True,zoom
train,Gray Blight,gray_blight_00224.jpg,039e44546c16c79ece973de7f7027b9c,gray_blight_00224,False,
train,Gray Blight,gray_blight_00225.jpg,0ae24653cc64c99a418217baf6c73e71,gray_blight_00225,False,
train,Gray Blight,gray_blight_00226.jpg,2ec3753411c1a692b0b5d58d84c03cd2,gray_blight_00226,False,
train,Gray Blight,gray_blight_00227.jpg,847401fe2ce332132c9f71b365f2e771,gray_blight_00227,False,
train,Gray Blight,gray_blight_00227_aug_flip_vertical.jpg,1271a981b8a89b766ce347b523411af6,gray_blight_00227,True,flip
train,Gray Blight,gray_blight_00228.jpg,8d8f531cd26cb4ca22228eaabd60dd3e,gray_blight_00228,False,
train,Gray Blight,gray_blight_00228_aug_blur.jpg,19eea2c2f0f2202b3f18887bb1aada98,gray_blight_00228,True,blur
train,Gray Blight,gray_blight_00229.jpg,abe7be1a20c6b268d97898fddf485f2d,gray_blight_00229,False,
train,Gray Blight,gray_blight_00231.jpg,a718a79f0f9a53f131840b435e034438,gray_blight_00231,False,
train,Gray Blight,gray_blight_00231_aug_zoom.jpg,610a48b121d4a2b3dab7a8d4b975e712,gray_blight_00231,True,zoom
train,Gray Blight,gray_blight_00232.jpg,d22d17702bf95696147e3fe2a785d21b,gray_blight_00232,False,
train,Gray Blight,gray_blight_00235.jpg,508164ff10717fdfbf20d447960a1426,gray_blight_00235,False,
train,Gray Blight,gray_blight_00236.jpg,5c39caf43401586552dab74c88f96d75,gray_blight_00236,False,
train,Gray Blight,gray_blight_00237.jpg,2af37c3e9f2ba67de46e3ab24bb45dd3,gray_blight_00237,False,
train,Gray Blight,gray_blight_00238.jpg,1d334d7b93a11850066c16f2219c02a7,gray_blight_00238,False,
train,Gray Blight,gray_blight_00239.jpg,c7238dd10f5449ed162f6c10a1fa6a24,gray_blight_00239,False,
train,Gray Blight,gray_blight_00240.jpg,ea5b88e72e13baae1222f9134a1d5135,gray_blight_00240,False,
train,Gray Blight,gray_blight_00240_aug_flip_horizontal.jpg,0766f8e2b80ee04af9b33346d3120d4e,gray_blight_00240,True,flip
train,Gray Blight,gray_blight_00241.jpg,52759dd3445df7ef71b07943a16178c2,gray_blight_00241,False,
train,Gray Blight,gray_blight_00241_aug_zoom.jpg,2f2705efda5fea2d7b904fc655627e8d,gray_blight_00241,True,zoom
train,Gray Blight,gray_blight_00243.jpg,5cc79ea0343bf1d2d45b6fcc88bd45cf,gray_blight_00243,False,
train,Gray Blight,gray_blight_00244.jpg,fcf9344b26c46617e7de1299a8ba80f0,gray_blight_00244,False,
train,Gray Blight,gray_blight_00245.jpg,dc1eea46ca94f6cd5bbe1f461dcfee0e,gray_blight_00245,False,
train,Gray Blight,gray_blight_00245_aug_blur.jpg,b56c68c46ca462151f687f4f20fe2735,gray_blight_00245,True,blur
train,Gray Blight,gray_blight_00246.jpg,f453158b944e57ec67b85c78996ecf34,gray_blight_00246,False,
train,Gray Blight,gray_blight_00249.jpg,57bfe47eadb0d9a742de15f14104a4fd,gray_blight_00249,False,
train,Gray Blight,gray_blight_00249_aug_zoom.jpg,e1939ccd27a531417c6bcc71d590a92c,gray_blight_00249,True,zoom
train,Gray Blight,gray_blight_00250.jpg,3fa847f966a40278c551f5e70f5dc94e,gray_blight_00250,False,
train,Gray Blight,gray_blight_00251.jpg,cf6e62bfe31787cf3014b80db324dde0,gray_blight_00251,False,
train,Gray Blight,gray_blight_00251_aug_flip_horizontal.jpg,89860200e2c9fd1a021e3c60bea9651e,gray_blight_00251,True,flip
train,Gray Blight,gray_blight_00252.jpg,292a557ded27b74f47232650e4fbbcb6,gray_blight_00252,False,
train,Gray Blight,gray_blight_00253.jpg,a581dcd371b216316785be345f3ff1ab,gray_blight_00253,False,
train,Gray Blight,gray_blight_00255.jpg,61ef3cf9ae2a927a779c16c9a3e5c4a8,gray_blight_00255,False,
train,Gray Blight,gray_blight_00256.jpg,4b8320456c982dc8af570dba71b5b652,gray_blight_00256,False,
train,Gray Blight,gray_blight_00256_aug_flip_vertical.jpg,3a342723684d3cd45bc120a817a6fb3f,gray_blight_00256,True,flip
train,Gray Blight,gray_blight_00257.jpg,05ee80b5b24feca97290354387de97a0,gray_blight_00257,False,
train,Gray Blight,gray_blight_00258.jpg,e60c2e8abec5a56a3b6513ded8ac366c,gray_blight_00258,False,
train,Gray Blight,gray_blight_00259.jpg,c54335faefa9ba13ed6482aca9d5d4cc,gray_blight_00259,False,
train,Gray Blight,gray_blight_00260.jpg,e67baa8a9f8f31eeab7b81f49ad5b748,gray_blight_00260,False,
train,Gray Blight,gray_blight_00261.jpg,2906407802dff1ffa538fe8627c2c8e5,gray_blight_00261,False,
train,Gray Blight,gray_blight_00262.jpg,02ff7d119550bc47398a03d5ad960667,gray_blight_00262,False,
train,Gray Blight,gray_blight_00263.jpg,a5e11b9329a2ab2f07d6606222169ae2,gray_blight_00263,False,
train,Gray Blight,gray_blight_00265.jpg,6ff09d446f443721c6e1f3c4341daffd,gray_blight_00265,False,
train,Gray Blight,gray_blight_00270.jpg,c861c887d5012975c4f1a70ce6823412,gray_blight_00270,False,
train,Gray Blight,gray_blight_00271.jpg,4b7ef3edb87d443d94f9547879d9bc03,gray_blight_00271,False,
train,Gray Blight,gray_blight_00272.jpg,879e2f80c4d92fc310076a5d91425764,gray_blight_00272,False,
train,Gray Blight,gray_blight_00273.jpg,c7d26558a0f0f7484e2fcac6f9fdb03f,gray_blight_00273,False,
train,Gray Blight,gray_blight_00274.jpg,26d087aa92bbb34ebd37d48f357975fd,gray_blight_00274,False,
train,Gray Blight,gray_blight_00275.jpg,aa20ddcefb45892fb286f9ba9e4c77d1,gray_blight_00275,False,
train,Gray Blight,gray_blight_00276.jpg,d838a81ad4790778cd26a524448647f1,gray_blight_00276,False,
train,Gray Blight,gray_blight_00277.jpg,e8074104ee0274ef5a4555b4486b66fa,gray_blight_00277,False,
train,Gray Blight,gray_blight_00278.jpg,2fc8cfec4d9614cebeb6cd8e87c5e0d6,gray_blight_00278,False,
train,Gray Blight,gray_blight_00282.jpg,ed6b560df47657254fa2a91676312f5d,gray_blight_00282,False,
train,Gray Blight,gray_blight_00284.jpg,c192fb6b467657292153274469004171,gray_blight_00284,False,
train,Gray Blight,gray_blight_00285.jpg,56766a43cd53ed258652aab7b48a6871,gray_blight_00285,False,
train,Gray Blight,gray_blight_00286.jpg,5f598d83e65e6d2da17eb93d53b7cbd0,gray_blight_00286,False,
train,Gray Blight,gray_blight_00287.jpg,7c55b6846105bbb406fbcec82e65725e,gray_blight_00287,False,
train,Gray Blight,gray_blight_00288.jpg,3e3e971a00ed4a0dde3888e35109a244,gray_blight_00288,False,
train,Gray Blight,gray_blight_00289.jpg,0f6ef063190df68cd462f830218b3068,gray_blight_00289,False,
train,Gray Blight,gray_blight_00291.jpg,a5a127947078bbc7d54acf6e73390323,gray_blight_00291,False,
train,Gray Blight,gray_blight_00291_aug_flip_horizontal.jpg,222d9b7789f737d81aeaf8477a9596da,gray_blight_00291,True,flip
train,Gray Blight,gray_blight_00292.jpg,875b003e8fbeb5a56d0fe77d65662a28,gray_blight_00292,False,
train,Gray Blight,gray_blight_00293.jpg,1941c076a952fec129c83744956b4ffb,gray_blight_00293,False,
train,Gray Blight,gray_blight_00293_aug_flip_vertical.jpg,d5f7aecf83e61c7bb4edcc9cbb4774d6,gray_blight_00293,True,flip
train,Gray Blight,gray_blight_00294.jpg,b58f370a1320bde1388b66778314abd0,gray_blight_00294,False,
train,Gray Blight,gray_blight_00294_aug_blur.jpg,499189cb3427da263730125dd52960a5,gray_blight_00294,True,blur
train,Gray Blight,gray_blight_00296.jpg,2ee853fcb640642a7813b4d8190ef1cd,gray_blight_00296,False,
train,Gray Blight,gray_blight_00297.jpg,3ae9f4a8feff474440f2bc6311441615,gray_blight_00297,False,
train,Gray Blight,gray_blight_00298.jpg,df6b416c6f691d6a45ceb53deb580da5,gray_blight_00298,False,
train,Gray Blight,gray_blight_00298_aug_brightness.jpg,968aad8ddaa5e6ea3684ceb3bc7e32be,gray_blight_00298,True,brightness
train,Gray Blight,gray_blight_00299.jpg,387c3fffc134aa817ecb887b6029773b,gray_blight_00299,False,
train,Gray Blight,gray_blight_00299_aug_rotation.jpg,0ab7d13eb82afbdbb923ddbc3ae3b0ae,gray_blight_00299,True,rotation
train,Gray Blight,gray_blight_00301.jpg,4e58e1f4f3c78d4f4103c3904297cc32,gray_blight_00301,False,
train,Gray Blight,gray_blight_00301_aug_zoom.jpg,1d9381043491b7d88b4c76d5b9ef08f5,gray_blight_00301,True,zoom
train,Gray Blight,gray_blight_00304.jpg,16eda86e22a6f77154e3cbd0ddd75598,gray_blight_00304,False,
train,Gray Blight,gray_blight_00305.jpg,e8054575334a6035811294799c3f3fc7,gray_blight_00305,False,
train,Gray Blight,gray_blight_00307.jpg,6eb7842b55e8422f13773ebdc4a82015,gray_blight_00307,False,
train,Gray Blight,gray_blight_00308.jpg,121786c1bb5ff54458cd571bc5581825,gray_blight_00308,False,
train,Gray Blight,gray_blight_00309.jpg,ba9b1a61c98ce31b50d23634bbd8433e,gray_blight_00309,False,
train,Gray Blight,gray_blight_00309_aug_zoom.jpg,23b4ba93ce50a57064c370b3916573a5,gray_blight_00309,True,zoom
train,Gray Blight,gray_blight_00311.jpg,59e8eba05e81afb1a566bec9c7e30571,gray_blight_00311,False,
train,Gray Blight,gray_blight_00313.jpg,60e64b80ce066873e0171636a30f49a1,gray_blight_00313,False,
train,Gray Blight,gray_blight_00315.jpg,166529f341efb50b82c560fc85e7e77a,gray_blight_00315,False,
train,Gray Blight,gray_blight_00316.jpg,9e361ae48e3aa983dba9987e1703fa8d,gray_blight_00316,False,
train,Gray Blight,gray_blight_00320.jpg,908e93e3f477610e46e3a21d9de663b6,gray_blight_00320,False,
train,Gray Blight,gray_blight_00321.jpg,19b861a61a3f5a8cddc733f94099292f,gray_blight_00321,False,
train,Gray Blight,gray_blight_00322.jpg,60abaf37501059975f8946d4ab26dd48,gray_blight_00322,False,
train,Gray Blight,gray_blight_00323.jpg,0c301dff9cff39df95df0c9241ad2378,gray_blight_00323,False,
train,Gray Blight,gray_blight_00324.jpg,baa82cb6cf14c4bf4a49810818eee033,gray_blight_00324,False,
train,Gray Blight,gray_blight_00325.jpg,db1c550f06effdcaaab0df2005edd394,gray_blight_00325,False,
train,Gray Blight,gray_blight_00326.jpg,6fcb09183e719b804c6e7f2764c7bbab,gray_blight_00326,False,
train,Gray Blight,gray_blight_00329.jpg,49b31e807bec911e416ae5d7f12723d4,gray_blight_00329,False,
train,Gray Blight,gray_blight_00331.jpg,3b1a0417a30e4d4598155e10de0eee30,gray_blight_00331,False,
train,Gray Blight,gray_blight_00332.jpg,a273e642ba65ead9838f2297aa203502,gray_blight_00332,False,
train,Gray Blight,gray_blight_00333.jpg,03a0b320874f7e8319ba3170a1423d2d,gray_blight_00333,False,
train,Gray Blight,gray_blight_00334.jpg,e79a13a9ec0df578177541c0cb809116,gray_blight_00334,False,
train,Gray Blight,gray_blight_00335.jpg,a4e720729921bd271bf00785b99650e9,gray_blight_00335,False,
train,Gray Blight,gray_blight_00338.jpg,5f1cc2cde03c6f0016d3f7993cdd5fc0,gray_blight_00338,False,
train,Gray Blight,gray_blight_00339.jpg,3c0eb815066e3b57766522249e800ef7,gray_blight_00339,False,
train,Gray Blight,gray_blight_00343.jpg,a9c96149eb10a28544214060b9799c02,gray_blight_00343,False,
train,Gray Blight,gray_blight_00344.jpg,b5886e26f4afcb2547e666061885cf2a,gray_blight_00344,False,
train,Gray Blight,gray_blight_00345.jpg,857b40c65fc8b81a7a896cf7bb7ff7f5,gray_blight_00345,False,
train,Gray Blight,gray_blight_00346.jpg,789715af450e6afa3b244098a4e3617f,gray_blight_00346,False,
train,Gray Blight,gray_blight_00347.jpg,d42fffbcfcfb54729f3b2f0b50fefd0b,gray_blight_00347,False,
train,Gray Blight,gray_blight_00349.jpg,eb48a40be5dcc5e24870f220a35d5120,gray_blight_00349,False,
train,Gray Blight,gray_blight_00352.jpg,8835b56893b99e18243f73ba5344bc3c,gray_blight_00352,False,
train,Gray Blight,gray_blight_00353.jpg,d3c95d53b1badd0aa5b846f3d1aa875a,gray_blight_00353,False,
train,Gray Blight,gray_blight_00354.jpg,4027b6ebb9d3b0c70becb6bb836b2ae3,gray_blight_00354,False,
train,Gray Blight,gray_blight_00356.jpg,6fd00cc61cbe45d58e10be05d77cc898,gray_blight_00356,False,
train,Gray Blight,gray_blight_00357.jpg,0b6e84a8ddd7c477792f00c4385d5111,gray_blight_00357,False,
train,Gray Blight,gray_blight_00359.jpg,f65023e93117f3ae95deb2ca15f53879,gray_blight_00359,False,
train,Gray Blight,gray_blight_00361.jpg,96230a2d71c08ddd101dbcee00bce095,gray_blight_00361,False,
train,Gray Blight,gray_blight_00364.jpg,322bde558ba6220ed63e20552caa91f5,gray_blight_00364,False,
train,Gray Blight,gray_blight_00366.jpg,6283019c4deccadeb4396e32d36e7a71,gray_blight_00366,False,
train,Gray Blight,gray_blight_00367.jpg,50d0ea78f9d0c7d2eeb9c5571b065e36,gray_blight_00367,False,
train,Gray Blight,gray_blight_00368.jpg,b41085f07606482adcc2d93e697558cb,gray_blight_00368,False,
train,Gray Blight,gray_blight_00369.jpg,132603ac3a1c3cc8442671dbc3446d88,gray_blight_00369,False,
train,Gray Blight,gray_blight_00370.jpg,78e6d6d000b7d622fd6468c0ffaf2243,gray_blight_00370,False,
train,Gray Blight,gray_blight_00370_aug_contrast.jpg,53309c27bf52932c8730736a962d4a8e,gray_blight_00370,True,contrast
train,Gray Blight,gray_blight_00371.jpg,82d28b31a6fe492101f29a7b6d3f886f,gray_blight_00371,False,
train,Gray Blight,gray_blight_00371_aug_blur.jpg,3a054343011c1d24e226ae6d8a922862,gray_blight_00371,True,blur
train,Gray Blight,gray_blight_00372.jpg,af1591dd6f25acc7a1f7a24ca91a128b,gray_blight_00372,False,
train,Gray Blight,gray_blight_00373.jpg,8f74aae9718e7e053b1988528bed2d0b,gray_blight_00373,False,
train,Gray Blight,gray_blight_00374.jpg,d3f54750c8a6eaee40f3581eab96d321,gray_blight_00374,False,
train,Gray Blight,gray_blight_00375.jpg,139862933160915e0868a65fe4db81d5,gray_blight_00375,False,
train,Gray Blight,gray_blight_00376.jpg,9b384aef1168590b77c0c52ebbd859e1,gray_blight_00376,False,
train,Gray Blight,gray_blight_00377.jpg,01ee3139214770f71032b902aa91f992,gray_blight_00377,False,
train,Gray Blight,gray_blight_00378.jpg,6a8187f94875667c860f40660f0c4331,gray_blight_00378,False,
train,Gray Blight,gray_blight_00382.jpg,4310fdb880bf65dab3552d8d9ab07599,gray_blight_00382,False,
train,Gray Blight,gray_blight_00384.jpg,5eec4219d03c1a785cfe12df71a82570,gray_blight_00384,False,
train,Gray Blight,gray_blight_00385.jpg,00ba7c2bae7309a122f0f8fd06437d29,gray_blight_00385,False,
train,Gray Blight,gray_blight_00386.jpg,2cf177f8257c48feb65ae8b5a08175d0,gray_blight_00386,False,
train,Gray Blight,gray_blight_00387.jpg,1273077550b25524dd466f22eda7e0f1,gray_blight_00387,False,
train,Gray Blight,gray_blight_00388.jpg,cad94df16e2befc986878e8992127600,gray_blight_00388,False,
train,Gray Blight,gray_blight_00390.jpg,ec769c806ed01e277512bd4efb63d3cd,gray_blight_00390,False,
train,Gray Blight,gray_blight_00392.jpg,056d06f54bce8eef4c9205e3c07972a9,gray_blight_00392,False,
train,Gray Blight,gray_blight_00392_aug_zoom.jpg,f8408ad15d66200345a11f9e2b22f20d,gray_blight_00392,True,zoom
train,Gray Blight,gray_blight_00393.jpg,f023671650a1de3f11cbc1c6e04be598,gray_blight_00393,False,
train,Gray Blight,gray_blight_00394.jpg,10d43a4d964a6b2c079fef1c4e765643,gray_blight_00394,False,
train,Gray Blight,gray_blight_00396.jpg,abd820402f9546e0c2fc93e5c3b51a7d,gray_blight_00396,False,
train,Gray Blight,gray_blight_00397.jpg,7d9f3114112bef18725097c4d6814c5a,gray_blight_00397,False,
train,Gray Blight,gray_blight_00398.jpg,a24597309f2ed54c40197ea8227e94d4,gray_blight_00398,False,
train,Gray Blight,gray_blight_00401.jpg,5cd7ebb35cd8971ff64244a6498c44b3,gray_blight_00401,False,
train,Gray Blight,gray_blight_00403.jpg,d1e3284daa3eee49b48f3354c86f9ee4,gray_blight_00403,False,
train,Gray Blight,gray_blight_00404.jpg,fabd6c7621b46502c5408c1863fc67ab,gray_blight_00404,False,
train,Gray Blight,gray_blight_00405.jpg,59ae628ee0729f2ee50250673286945a,gray_blight_00405,False,
train,Gray Blight,gray_blight_00406.jpg,9903297a3f0beda24318bba17915010e,gray_blight_00406,False,
train,Gray Blight,gray_blight_00407.jpg,a21caff5ee53bde47efe092e9be2a511,gray_blight_00407,False,
train,Gray Blight,gray_blight_00409.jpg,59b321e7bb7eeeaf6764fc42dbf48412,gray_blight_00409,False,
train,Gray Blight,gray_blight_00412.jpg,92f5b64fe16f546d56f791631939e7bf,gray_blight_00412,False,
train,Gray Blight,gray_blight_00413.jpg,e8a8d77d54f4452e360ad3d2cdcee03e,gray_blight_00413,False,
train,Gray Blight,gray_blight_00415.jpg,a6c025628b553494889a1321ee80374c,gray_blight_00415,False,
train,Gray Blight,gray_blight_00416.jpg,3054deeb04bb43a1a3eafabeb5e31147,gray_blight_00416,False,
train,Gray Blight,gray_blight_00417.jpg,5da72885551c8c1cbe7c94921d5c9ba3,gray_blight_00417,False,
train,Gray Blight,gray_blight_00417_aug_zoom.jpg,e50ec193e0556483a78ec9128f433ff1,gray_blight_00417,True,zoom
train,Gray Blight,gray_blight_00418.jpg,1456cee451a428f08f5a1ce777d3df48,gray_blight_00418,False,
train,Gray Blight,gray_blight_00419.jpg,570bf3dfe1e0a34ab97921b3994fa1ec,gray_blight_00419,False,
train,Gray Blight,gray_blight_00422.jpg,45879a0a7aa348353d9a0a0c7d943f33,gray_blight_00422,False,
train,Gray Blight,gray_blight_00423.jpg,0e713128a3a8df1a7edb31abb7d8f24b,gray_blight_00423,False,
train,Gray Blight,gray_blight_00425.jpg,05c727e568b992219232d22cdafe6aef,gray_blight_00425,False,
train,Gray Blight,gray_blight_00426.jpg,d6af113c046efea7f69e45682f17d218,gray_blight_00426,False,
train,Gray Blight,gray_blight_00428.jpg,e1c54bddc8500ff40870cb45404a17db,gray_blight_00428,False,
train,Gray Blight,gray_blight_00429.jpg,84477442194eb5c6d0cddfc6b562c93d,gray_blight_00429,False,
train,Gray Blight,gray_blight_00430.jpg,8acfa2616617dcd0933c9fd198f34c86,gray_blight_00430,False,
train,Gray Blight,gray_blight_00431.jpg,210054f0e50f61099bb82c912155a6d6,gray_blight_00431,False,
train,Gray Blight,gray_blight_00433.jpg,2a273524b213073f980b48bf624405db,gray_blight_00433,False,
train,Gray Blight,gray_blight_00435.jpg,7a7fe3c2d53215559e25f95ebba1cd72,gray_blight_00435,False,
train,Gray Blight,gray_blight_00436.jpg,4c237829b758e223a39cacc64fe4668b,gray_blight_00436,False,
train,Gray Blight,gray_blight_00436_aug_rotation.jpg,d4001a45ac15806e7aac7283d664635a,gray_blight_00436,True,rotation
train,Gray Blight,gray_blight_00437.jpg,b741e5f95e3674c9f32755c59f68bda6,gray_blight_00437,False,
train,Gray Blight,gray_blight_00438.jpg,7b5e31e70ee916f13a5cb648a13b2545,gray_blight_00438,False,
train,Gray Blight,gray_blight_00440.jpg,2378be83417ff6fb4c083d2c3db94f8b,gray_blight_00440,False,
train,Gray Blight,gray_blight_00442.jpg,ffae92a31bd27c8454754e2578c78ace,gray_blight_00442,False,
train,Gray Blight,gray_blight_00443.jpg,dfa0d623521d82d14f71969b53684136,gray_blight_00443,False,
train,Gray Blight,gray_blight_00444.jpg,2022f25355247710ce844cd87cd301b7,gray_blight_00444,False,
train,Gray Blight,gray_blight_00445.jpg,44036d77fd1daceb30e69d0b68aa2ad2,gray_blight_00445,False,
train,Gray Blight,gray_blight_00446.jpg,ac77c50b4d7c7da238f0b16243875347,gray_blight_00446,False,
train,Gray Blight,gray_blight_00447.jpg,6c923edfc44c75e7744adb63d18fef74,gray_blight_00447,False,
train,Gray Blight,gray_blight_00449.jpg,e32883d9f478fe0918ff86652bc7355c,gray_blight_00449,False,
train,Gray Blight,gray_blight_00450.jpg,873a3306aac04df1051135cd5b0ae268,gray_blight_00450,False,
train,Gray Blight,gray_blight_00451.jpg,abef5864c4024e0f11fe55d70177d5f1,gray_blight_00451,False,
train,Gray Blight,gray_blight_00452.jpg,6159efc8451501076400aca4dfdf3557,gray_blight_00452,False,
train,Gray Blight,gray_blight_00454.jpg,a1910db5303c4550f49ac2d20da79e3e,gray_blight_00454,False,
train,Gray Blight,gray_blight_00454_aug_brightness.jpg,2697f0f2bf6d54051572e1821779f4b0,gray_blight_00454,True,brightness
train,Gray Blight,gray_blight_00457.jpg,61e6271a30fd451cbee13a9ec6fb92eb,gray_blight_00457,False,
train,Gray Blight,gray_blight_00458.jpg,94c7a0cbe26aca23b42924ddf47ad1e0,gray_blight_00458,False,
train,Gray Blight,gray_blight_00459.jpg,40953966d511ce3a14b248aa6d8a5c2c,gray_blight_00459,False,
train,Gray Blight,gray_blight_00460.jpg,2ecd9f964ce079873bd19fd2a8dd993f,gray_blight_00460,False,
train,Gray Blight,gray_blight_00461.jpg,87c6bcebe66ef2dc1bb991a02a84483e,gray_blight_00461,False,
train,Gray Blight,gray_blight_00462.jpg,0e7dc2f62af73af8abf7db6a1766f51d,gray_blight_00462,False,
train,Gray Blight,gray_blight_00463.jpg,f50d97d3f3bd4c05a0dfeddd6eda9d03,gray_blight_00463,False,
train,Gray Blight,gray_blight_00464.jpg,7598f65acb81e1c55fa7a4debc751474,gray_blight_00464,False,
train,Gray Blight,gray_blight_00466.jpg,786fec00267d426189866f89f3593f25,gray_blight_00466,False,
train,Gray Blight,gray_blight_00466_aug_contrast.jpg,bb333a129b9fdfe8c4e56c055c5fc00a,gray_blight_00466,True,contrast
train,Gray Blight,gray_blight_00468.jpg,342938bf8878960fa2b3c8cda6f2f36b,gray_blight_00468,False,
train,Gray Blight,gray_blight_00470.jpg,c1d6a0ae9ca5a4a8e41dfbba883aa9ea,gray_blight_00470,False,
train,Gray Blight,gray_blight_00471.jpg,c421874ac4bff625ad17f020dbfdccc4,gray_blight_00471,False,
train,Gray Blight,gray_blight_00472.jpg,f4bb809ae8a942f8ddfe1528925596cb,gray_blight_00472,False,
train,Gray Blight,gray_blight_00472_aug_brightness.jpg,cb9fc887dcd415e8880f5494df24a0a0,gray_blight_00472,True,brightness
train,Gray Blight,gray_blight_00473.jpg,965fe95dbfbe5e3269e6cfb55829d977,gray_blight_00473,False,
train,Gray Blight,gray_blight_00474.jpg,e5fdf1543ccadf3d2a887fab85e8b02c,gray_blight_00474,False,
train,Gray Blight,gray_blight_00475.jpg,e055f5ddd8754f5d188590ecb944f711,gray_blight_00475,False,
train,Gray Blight,gray_blight_00477.jpg,e1a3bd78490d9e1bf029654c75a2ea1d,gray_blight_00477,False,
train,Gray Blight,gray_blight_00478.jpg,9c5c725a1b7d7fbd242bd7262d313b3c,gray_blight_00478,False,
train,Gray Blight,gray_blight_00479.jpg,cdd3d9a9eaa95406392e7c6db6e8cc31,gray_blight_00479,False,
train,Gray Blight,gray_blight_00483.jpg,34d634c14f4d88aa4a83d525cf537888,gray_blight_00483,False,
train,Gray Blight,gray_blight_00484.jpg,95cc102392c803679a718cd83dea0b1d,gray_blight_00484,False,
train,Gray Blight,gray_blight_00485.jpg,cd6e6a003811c21a3c7a3d320bf276fb,gray_blight_00485,False,
train,Gray Blight,gray_blight_00485_aug_flip_horizontal.jpg,616b7a59c9c3f0609adb13e8efdb13bb,gray_blight_00485,True,flip
train,Gray Blight,gray_blight_00487.jpg,4e2a99d1a75446f08e72cd95534d8029,gray_blight_00487,False,
train,Gray Blight,gray_blight_00488.jpg,31baed072c59e44276d7da698c415841,gray_blight_00488,False,
train,Gray Blight,gray_blight_00489.jpg,5bf5faadda25f59eb4bff12a2fa60139,gray_blight_00489,False,
train,Gray Blight,gray_blight_00489_aug_flip_vertical.jpg,0bcea423ab21bcf930315bd904ae5cc1,gray_blight_00489,True,flip
train,Gray Blight,gray_blight_00491.jpg,a372d84eb4169c4995425292424786c8,gray_blight_00491,False,
train,Gray Blight,gray_blight_00492.jpg,132fb8fbdefd8aa3fffd90289c980f39,gray_blight_00492,False,
train,Gray Blight,gray_blight_00493.jpg,62975a83569bdb8ece4f28c6b7c12691,gray_blight_00493,False,
train,Gray Blight,gray_blight_00494.jpg,62975a83569bdb8ece4f28c6b7c12691,gray_blight_00494,False,
train,Gray Blight,gray_blight_00494_aug_zoom.jpg,d630f37801cab301c74a7bf3e5bb3144,gray_blight_00494,True,zoom
train,Gray Blight,gray_blight_00497.jpg,848621fe5001e5ed3be9ad8026f2cc04,gray_blight_00497,False,
train,Gray Blight,gray_blight_00497_aug_flip_horizontal.jpg,ea25b043747153b3e9b6a1ec728391e5,gray_blight_00497,True,flip
train,Gray Blight,gray_blight_00498.jpg,522fa018d08925a9aefd3c6256581018,gray_blight_00498,False,
train,Gray Blight,gray_blight_00498_aug_flip_horizontal.jpg,e86719a45fbd884239dc2b2e98442c8f,gray_blight_00498,True,flip
train,Gray Blight,gray_blight_00499.jpg,2fb2b3bf51107cf7866b15b368c65b06,gray_blight_00499,False,
train,Gray Blight,gray_blight_00500.jpg,d62bc1099936e8b370eb0efddf5d8bcb,gray_blight_00500,False,
train,Gray Blight,gray_blight_00501.jpg,12d803d5ef36cafc5fead1c8dd445f5c,gray_blight_00501,False,
train,Gray Blight,gray_blight_00501_aug_zoom.jpg,1fd9c54d3de82a13fc0d2caa809c69c7,gray_blight_00501,True,zoom
train,Gray Blight,gray_blight_00503.jpg,2e1baa25208d0bb3d0fc4f32f3748593,gray_blight_00503,False,
train,Gray Blight,gray_blight_00506.jpg,470cd7ac6b8ad8b10a79b8934b9913ec,gray_blight_00506,False,
train,Gray Blight,gray_blight_00507.jpg,39116a65165bc14c9c08f1edbb0765d2,gray_blight_00507,False,
train,Gray Blight,gray_blight_00508.jpg,54654dfa46ecb112002c99f9006c53d7,gray_blight_00508,False,
train,Gray Blight,gray_blight_00509.jpg,d1b66790bac0780943b471ea6a501e89,gray_blight_00509,False,
train,Gray Blight,gray_blight_00510.jpg,ce79d30b8ac02295830997d194fad84f,gray_blight_00510,False,
train,Gray Blight,gray_blight_00512.jpg,94a3601087ac00f17df08f81d24c4475,gray_blight_00512,False,
train,Gray Blight,gray_blight_00514.jpg,8dfe7c3b22b0f3adbf457c910b8d3b60,gray_blight_00514,False,
train,Gray Blight,gray_blight_00516.jpg,213ef6f356208d8b49afe91e10619119,gray_blight_00516,False,
train,Gray Blight,gray_blight_00517.jpg,a603fa072aa1a0686b2500a4956f3afe,gray_blight_00517,False,
train,Gray Blight,gray_blight_00518.jpg,c5f54f08f878d8c06b1ff49c85213055,gray_blight_00518,False,
train,Gray Blight,gray_blight_00519.jpg,4106e83f4cdbd15ed67fca4bda762521,gray_blight_00519,False,
train,Gray Blight,gray_blight_00519_aug_rotation.jpg,932e15e1e1216e36856a5a44dd954aca,gray_blight_00519,True,rotation
train,Gray Blight,gray_blight_00520.jpg,e774a403d2792f97a43b589213af7b51,gray_blight_00520,False,
train,Gray Blight,gray_blight_00521.jpg,f296b28f834eb3084e26eef860263a2c,gray_blight_00521,False,
train,Gray Blight,gray_blight_00522.jpg,f5f65f7c576e661f51378d695dbbbf4d,gray_blight_00522,False,
train,Gray Blight,gray_blight_00523.jpg,7fb069b86509bb063843d37ab8fce4c6,gray_blight_00523,False,
train,Gray Blight,gray_blight_00527.jpg,922f7f5a649e00f8000deb1f45c2d151,gray_blight_00527,False,
train,Gray Blight,gray_blight_00527_aug_blur.jpg,cd5bd8641f382419f78c509cfc297739,gray_blight_00527,True,blur
train,Gray Blight,gray_blight_00528.jpg,de6a0cbd73036ed6327a1876a887b63d,gray_blight_00528,False,
train,Gray Blight,gray_blight_00529.jpg,d0e9d6da3ca7651aff9281953f442f07,gray_blight_00529,False,
train,Gray Blight,gray_blight_00530.jpg,dfd4b4124ea4d3560f87f40ff4e5e499,gray_blight_00530,False,
train,Gray Blight,gray_blight_00531.jpg,b6665ebedbfd2f3f3f72e89fe365f78a,gray_blight_00531,False,
train,Gray Blight,gray_blight_00532.jpg,4898b5a40b2dcd85aef88deac999d853,gray_blight_00532,False,
train,Gray Blight,gray_blight_00534.jpg,a5e4faa1554761457a4fe2462c7208b1,gray_blight_00534,False,
train,Gray Blight,gray_blight_00535.jpg,5db97e5ebb2dd07f826fca67b5ec1e8c,gray_blight_00535,False,
train,Gray Blight,gray_blight_00535_aug_brightness.jpg,bb79fdbc7b23c27f0a65c640089e6d30,gray_blight_00535,True,brightness
train,Gray Blight,gray_blight_00537.jpg,2f92d797fe1e964f81105d3c32eb97bf,gray_blight_00537,False,
train,Gray Blight,gray_blight_00538.jpg,90f93b3cb214c4b7583155759f9833c1,gray_blight_00538,False,
train,Gray Blight,gray_blight_00539.jpg,e6ac8323c1ec6f15f26be48dd2b6b446,gray_blight_00539,False,
train,Gray Blight,gray_blight_00541.jpg,89365e5d3944c58533caaf6ad8dc80bb,gray_blight_00541,False,
train,Gray Blight,gray_blight_00542.jpg,56062688cb9d9509a1c1ae7fbec28bc5,gray_blight_00542,False,
train,Gray Blight,gray_blight_00545.jpg,937f78f1aa8010b6b4c9b4b4ef307ca4,gray_blight_00545,False,
train,Gray Blight,gray_blight_00546.jpg,acf01f029bb54ddaa5dc3c7ee5850dab,gray_blight_00546,False,
train,Gray Blight,gray_blight_00547.jpg,bbb940e3ce58cc5b47cae656dc419d4f,gray_blight_00547,False,
train,Gray Blight,gray_blight_00547_aug_zoom.jpg,4954046fcd3e4bc0a5d729cec28732ff,gray_blight_00547,True,zoom
train,Gray Blight,gray_blight_00548.jpg,6855f0ed5ca1c28d28b7fcc4dc3a6e1b,gray_blight_00548,False,
train,Gray Blight,gray_blight_00550.jpg,e5879d8b028a14f08572b52dd5b39c1f,gray_blight_00550,False,
train,Gray Blight,gray_blight_00551.jpg,2514c37bb81d6f436cda78363ac23e77,gray_blight_00551,False,
train,Gray Blight,gray_blight_00555.jpg,67ed72026a2d3b8784adaf1698fbb367,gray_blight_00555,False,
train,Gray Blight,gray_blight_00555_aug_contrast.jpg,113c971894999d79c41204cd7079267b,gray_blight_00555,True,contrast
train,Gray Blight,gray_blight_00556.jpg,1019b551fd2af7e22bdd6400ec490558,gray_blight_00556,False,
train,Gray Blight,gray_blight_00556_aug_rotation.jpg,cb8a651e44793c96f8af19d858af4f3c,gray_blight_00556,True,rotation
train,Gray Blight,gray_blight_00557.jpg,3182a9503cf41aa86f1cd8ef8b38bac2,gray_blight_00557,False,
train,Gray Blight,gray_blight_00558.jpg,f080140e0672570504dfde3e9ddfd4d7,gray_blight_00558,False,
train,Gray Blight,gray_blight_00558_aug_brightness.jpg,e508bde54af86ecbccff30f420432482,gray_blight_00558,True,brightness
train,Gray Blight,gray_blight_00559.jpg,3a1cf8452484e0375a69ad336ff88171,gray_blight_00559,False,
train,Gray Blight,gray_blight_00559_aug_brightness.jpg,f3b9d2c5d4e9d911c1948ce430434fb1,gray_blight_00559,True,brightness
train,Gray Blight,gray_blight_00560.jpg,ebe5e14e1fa17e7243d6a1e2f0b61de4,gray_blight_00560,False,
train,Gray Blight,gray_blight_00562.jpg,d86c0d163c8284057bd0d84fc88dfe27,gray_blight_00562,False,
train,Gray Blight,gray_blight_00562_aug_contrast.jpg,2f438f0bb6d1e45e5ac4811c1f3070df,gray_blight_00562,True,contrast
train,Gray Blight,gray_blight_00564.jpg,b1563706b43a0e0ad0772d217dde78a8,gray_blight_00564,False,
train,Gray Blight,gray_blight_00565.jpg,add148dc4d90cccb260666e8246c3637,gray_blight_00565,False,
train,Gray Blight,gray_blight_00566.jpg,88f2e1ad1333a9f3d6501dc7a2fdcf92,gray_blight_00566,False,
train,Gray Blight,gray_blight_00566_aug_rotation.jpg,799da75104974cc5f46cca0a969c07e5,gray_blight_00566,True,rotation
train,Gray Blight,gray_blight_00567.jpg,283e0b6c5075721ee6bfc1322b76a4ae,gray_blight_00567,False,
train,Gray Blight,gray_blight_00568.jpg,87102e904933d3775a52f8ad23afed3c,gray_blight_00568,False,
train,Gray Blight,gray_blight_00569.jpg,1ece138ed10634ed400d81d5f62b11b3,gray_blight_00569,False,
train,Gray Blight,gray_blight_00571.jpg,ef10be97e0441908353d7a20cc27d3b4,gray_blight_00571,False,
train,Gray Blight,gray_blight_00571_aug_contrast.jpg,e3b7c1a8e99ab2853c14788f4bc4bc3e,gray_blight_00571,True,contrast
train,Gray Blight,gray_blight_00572.jpg,1f1bb1a40f22a7f6a861c646e1037be9,gray_blight_00572,False,
train,Gray Blight,gray_blight_00573.jpg,c41710e2485974f3104f9f6f2b35c188,gray_blight_00573,False,
train,Gray Blight,gray_blight_00574.jpg,9163e927efcb8222c623b2f8fd19c338,gray_blight_00574,False,
train,Gray Blight,gray_blight_00576.jpg,2f29a3351553b3a8a73b1a57e2628b53,gray_blight_00576,False,
train,Gray Blight,gray_blight_00577.jpg,b41e45d470dae6ce7dddaf5ac01d118a,gray_blight_00577,False,
train,Gray Blight,gray_blight_00577_aug_rotation.jpg,6dfef2130041fb178a4b931af6d6498e,gray_blight_00577,True,rotation
train,Gray Blight,gray_blight_00578.jpg,a85e8726f98967d2849427b79af55ae2,gray_blight_00578,False,
train,Gray Blight,gray_blight_00579.jpg,7706b70a3d0107d55d1c8d89cfd396a7,gray_blight_00579,False,
train,Gray Blight,gray_blight_00580.jpg,e11e5405188eb5b625e8cdbfbc150d30,gray_blight_00580,False,
train,Gray Blight,gray_blight_00581.jpg,c4302087145d4b8d45bdd8cdc8314cd9,gray_blight_00581,False,
train,Gray Blight,gray_blight_00582.jpg,2ceebfe2094ca75a9873e4ea1361c71f,gray_blight_00582,False,
train,Gray Blight,gray_blight_00583.jpg,f22839c5146a64810d77eb75ad43b55e,gray_blight_00583,False,
train,Gray Blight,gray_blight_00584.jpg,5a867924169998f96362a2efc98d9d10,gray_blight_00584,False,
train,Gray Blight,gray_blight_00585.jpg,261546cc38f57f747194fd49b73a309c,gray_blight_00585,False,
train,Gray Blight,gray_blight_00587.jpg,f2d140c2bf4b55fb301543fb484b49a5,gray_blight_00587,False,
train,Gray Blight,gray_blight_00588.jpg,3bf50484bd0dec4f797cb96541c34199,gray_blight_00588,False,
train,Gray Blight,gray_blight_00589.jpg,a500be50e794bb517ea44cdf51f345e6,gray_blight_00589,False,
train,Gray Blight,gray_blight_00590.jpg,26bb30cab9472791ac3db2b4df51cda0,gray_blight_00590,False,
train,Gray Blight,gray_blight_00591.jpg,158c236e416f22a1db6993f23a20e280,gray_blight_00591,False,
train,Gray Blight,gray_blight_00592.jpg,ef2b95b39039b38d6977c69f55af6ac7,gray_blight_00592,False,
train,Gray Blight,gray_blight_00593.jpg,7d8c34218241382e38907fab6ee94d44,gray_blight_00593,False,
train,Gray Blight,gray_blight_00594.jpg,007cad4bc78d98cf7c076af8f540346c,gray_blight_00594,False,
train,Gray Blight,gray_blight_00594_aug_blur.jpg,26797413ba2b9d2ef8cfc4a5941b71fa,gray_blight_00594,True,blur
train,Gray Blight,gray_blight_00595.jpg,b0d953e19c66e778625a278bb45218a9,gray_blight_00595,False,
train,Gray Blight,gray_blight_00596.jpg,0b606d7a7cfab2a1bd40b52348478987,gray_blight_00596,False,
train,Gray Blight,gray_blight_00597.jpg,4af09dad5bc2e4f716826d8a11807579,gray_blight_00597,False,
train,Gray Blight,gray_blight_00597_aug_flip_vertical.jpg,e32cab4ccebad29ef0ebe0d68e81888c,gray_blight_00597,True,flip
train,Gray Blight,gray_blight_00598.jpg,0561befc56c72b9f6522efbc5aed3f5b,gray_blight_00598,False,
train,Gray Blight,gray_blight_00599.jpg,f531487e379febd1185d08e7015fdcfc,gray_blight_00599,False,
train,Gray Blight,gray_blight_00600.jpg,2ca42265b8db6ded14e023974a27df7c,gray_blight_00600,False,
train,Gray Blight,gray_blight_00601.jpg,61f238a4e8d9a7ca5936c2962ee654a6,gray_blight_00601,False,
train,Gray Blight,gray_blight_00603.jpg,06e90d7c11bad6bf1ca44b742086f3d6,gray_blight_00603,False,
train,Gray Blight,gray_blight_00605.jpg,2a38cc6669b91b9cbc51f8c060767c99,gray_blight_00605,False,
train,Gray Blight,gray_blight_00607.jpg,284fe65a3f8193e8f0d143fac1fae9c1,gray_blight_00607,False,
train,Gray Blight,gray_blight_00610.jpg,4b0304e88b2072fb76a6443f1798be63,gray_blight_00610,False,
train,Gray Blight,gray_blight_00611.jpg,60de2a2c4f40e728614a76e6b98c1bf0,gray_blight_00611,False,
train,Gray Blight,gray_blight_00612.jpg,e0ee93837bf6ee809d4467a70e09d867,gray_blight_00612,False,
train,Gray Blight,gray_blight_00613.jpg,14b849aef13669b8ad9ea90e9c33816e,gray_blight_00613,False,
train,Gray Blight,gray_blight_00614.jpg,e7fad8bb0ecd39873389abfabbb43bdf,gray_blight_00614,False,
train,Gray Blight,gray_blight_00615.jpg,b666e1da8d579d952a6482abc372d3f8,gray_blight_00615,False,
train,Gray Blight,gray_blight_00618.jpg,04772d4c71d89094f8e9d5aa1a73d798,gray_blight_00618,False,
train,Gray Blight,gray_blight_00619.jpg,cbc8165cc573f86f13eff7185779909b,gray_blight_00619,False,
train,Gray Blight,gray_blight_00620.jpg,3c7b92395c125306439549ee2f27bcd6,gray_blight_00620,False,
train,Gray Blight,gray_blight_00621.jpg,2ebe69195e134fed3e25b3ba84309de1,gray_blight_00621,False,
train,Gray Blight,gray_blight_00622.jpg,b07ce75f76149f24c3f0c03af037cef6,gray_blight_00622,False,
train,Gray Blight,gray_blight_00623.jpg,52e2567ec9b24eeca1d538d150996453,gray_blight_00623,False,
train,Gray Blight,gray_blight_00626.jpg,dbd0f99a65a6bb6aeee056e3cea1804f,gray_blight_00626,False,
train,Gray Blight,gray_blight_00627.jpg,8c7f630c43491fa89ceab3f3e239d2b3,gray_blight_00627,False,
train,Gray Blight,gray_blight_00629.jpg,9d272e99e5037a82cdd27c0c3f3df5bb,gray_blight_00629,False,
train,Gray Blight,gray_blight_00630.jpg,3302885d6fc987a50a1296d03c99c4d8,gray_blight_00630,False,
train,Gray Blight,gray_blight_00631.jpg,e1624a5ea75fc0ceeee07e21754783be,gray_blight_00631,False,
train,Gray Blight,gray_blight_00632.jpg,bbd8003cf24cb4fae6736e16dd00fa20,gray_blight_00632,False,
train,Gray Blight,gray_blight_00633.jpg,3124b7747a807064a069d5c2ae13996f,gray_blight_00633,False,
train,Gray Blight,gray_blight_00634.jpg,877e992b1f12e75e9f50d5652f91de1f,gray_blight_00634,False,
train,Gray Blight,gray_blight_00635.jpg,2ac4c21741fb5fd2393b837af831e650,gray_blight_00635,False,
train,Gray Blight,gray_blight_00636.jpg,d04ca54d9323db41d66e072a14e8b07d,gray_blight_00636,False,
train,Gray Blight,gray_blight_00639.jpg,bfde5da554079c5e9db817a2e4381ef8,gray_blight_00639,False,
train,Gray Blight,gray_blight_00642.jpg,6280b7d2d89ec15d11534cd6d9282711,gray_blight_00642,False,
train,Gray Blight,gray_blight_00644.jpg,2a8d0b553d7cbfdb024ac58c39577822,gray_blight_00644,False,
train,Gray Blight,gray_blight_00646.jpg,541a0807232bd29acd250e6db2e84404,gray_blight_00646,False,
train,Gray Blight,gray_blight_00647.jpg,22bc91d558cf0da49f63e4bde2e53621,gray_blight_00647,False,
train,Gray Blight,gray_blight_00648.jpg,bcffb54df5d050750ea305be7dae7309,gray_blight_00648,False,
train,Gray Blight,gray_blight_00651.jpg,d39f27339fd4f9083a1ee379d00ef07d,gray_blight_00651,False,
train,Gray Blight,gray_blight_00653.jpg,259bc73d05b3cf764b2a7fc7a3cbb1ad,gray_blight_00653,False,
train,Gray Blight,gray_blight_00654.jpg,196ebc09f5c71bb0b6ce3819392ddd76,gray_blight_00654,False,
train,Gray Blight,gray_blight_00654_aug_flip_horizontal.jpg,691f12bdcd506c1fb63d756cd3a2040d,gray_blight_00654,True,flip
train,Gray Blight,gray_blight_00655.jpg,e43b255b1cacd5c5ec4637d5a7ae3927,gray_blight_00655,False,
train,Gray Blight,gray_blight_00658.jpg,1721650659ba87bc928e8ad5fc3b773c,gray_blight_00658,False,
train,Gray Blight,gray_blight_00658_aug_rotation.jpg,9712f51b6c11bf12105da07b84632e54,gray_blight_00658,True,rotation
train,Gray Blight,gray_blight_00660.jpg,779d5da2953e96b6856145a7774b5f54,gray_blight_00660,False,
train,Gray Blight,gray_blight_00662.jpg,e377eb65be9e51476c68591a1db3c420,gray_blight_00662,False,
train,Gray Blight,gray_blight_00663.jpg,ba59a9f54d58164740d88704fab2d35a,gray_blight_00663,False,
train,Gray Blight,gray_blight_00665.jpg,0e78d427c83d7d676429d2a36e265050,gray_blight_00665,False,
train,Gray Blight,gray_blight_00665_aug_flip_vertical.jpg,bd28945bd250c53d62bad3d5d112eb45,gray_blight_00665,True,flip
train,Gray Blight,gray_blight_00666.jpg,859a40557b595e0f91c4d8ca94892cea,gray_blight_00666,False,
train,Gray Blight,gray_blight_00669.jpg,b8b69b5172714b43db6e1744aacaa29b,gray_blight_00669,False,
train,Gray Blight,gray_blight_00670.jpg,1f24b5ef783c56e0ad9b1ccfe16f9f5d,gray_blight_00670,False,
train,Gray Blight,gray_blight_00670_aug_flip_vertical.jpg,a164898885d736574014ac33ec74b044,gray_blight_00670,True,flip
train,Gray Blight,gray_blight_00670_aug_rotation.jpg,863d4feeb0d047ebaee4e2053257fe0e,gray_blight_00670,True,rotation
train,Gray Blight,gray_blight_00672.jpg,b4d125e02a495e2edb59f0358044d711,gray_blight_00672,False,
train,Gray Blight,gray_blight_00674.jpg,5d2a6104335cf8febd413bc403a1ce52,gray_blight_00674,False,
train,Gray Blight,gray_blight_00676.jpg,5bdf685dd249363140e1e9cc2da8bb93,gray_blight_00676,False,
train,Gray Blight,gray_blight_00677.jpg,de508ae352249f66bfceb83d3f0dc745,gray_blight_00677,False,
train,Gray Blight,gray_blight_00677_aug_blur.jpg,8c020524447122017dbaac73b9520778,gray_blight_00677,True,blur
train,Gray Blight,gray_blight_00680.jpg,685e8d2ca876fdde4a4778782501ece5,gray_blight_00680,False,
train,Gray Blight,gray_blight_00681.jpg,89ba9e87420d5f1e01e2f5aa8182a936,gray_blight_00681,False,
train,Gray Blight,gray_blight_00682.jpg,cffbbe6eb6e79828650bb38b1c2f8e16,gray_blight_00682,False,
train,Gray Blight,gray_blight_00683.jpg,fe16c0705d65fd6956d7e2c248e57ed2,gray_blight_00683,False,
train,Gray Blight,gray_blight_00684.jpg,99caf821225dc72c84614d5153423a14,gray_blight_00684,False,
train,Gray Blight,gray_blight_00686.jpg,e78bd05a66e2e4dd31f0cd42948c7a5c,gray_blight_00686,False,
train,Gray Blight,gray_blight_00687.jpg,b44c1abd942f42f4243c0e138534221f,gray_blight_00687,False,
train,Gray Blight,gray_blight_00687_aug_flip_horizontal.jpg,0748cf98478630f8848649b294525788,gray_blight_00687,True,flip
train,Gray Blight,gray_blight_00688.jpg,5379d320c37cbdce66d4bdd82c23471a,gray_blight_00688,False,
train,Gray Blight,gray_blight_00689.jpg,9bbd46f3ca41709adb792a0cd89fada4,gray_blight_00689,False,
train,Gray Blight,gray_blight_00690.jpg,e652f637cf8d4834fff578315ab6ece7,gray_blight_00690,False,
train,Gray Blight,gray_blight_00692.jpg,e2ebfc08916c746f93d94e605c9fbd83,gray_blight_00692,False,
train,Gray Blight,gray_blight_00693.jpg,0f6613374a8c764f385467268cbcb378,gray_blight_00693,False,
train,Gray Blight,gray_blight_00694.jpg,da33e7aca65a5c4ad329673f13c23eac,gray_blight_00694,False,
train,Gray Blight,gray_blight_00695.jpg,5001e2205a7a318626313f0cbd284e45,gray_blight_00695,False,
train,Gray Blight,gray_blight_00695_aug_zoom.jpg,93a960c0b00f1625ab1e922f476fd7bb,gray_blight_00695,True,zoom
train,Gray Blight,gray_blight_00696.jpg,266dfff03e96cd21dc223c850ab9ed46,gray_blight_00696,False,
train,Gray Blight,gray_blight_00697.jpg,354f83ecfa36ca291766162c68ff6eaf,gray_blight_00697,False,
train,Gray Blight,gray_blight_00698.jpg,1931b21098581e8f5f2217d395e66e8c,gray_blight_00698,False,
train,Gray Blight,gray_blight_00699.jpg,50e52aba4be24f1a9cad3fea250b5c95,gray_blight_00699,False,
train,Gray Blight,gray_blight_00701.jpg,b7b34a2daaac993dc33bf917c419d70c,gray_blight_00701,False,
train,Gray Blight,gray_blight_00701_aug_contrast.jpg,4ab5d0256bafc64032808f15f1826810,gray_blight_00701,True,contrast
train,Gray Blight,gray_blight_00702.jpg,3a3d3195de4b79f29d29ffc30a82e902,gray_blight_00702,False,
train,Gray Blight,gray_blight_00704.jpg,41f3137d43c537482087feee6afdbbf9,gray_blight_00704,False,
train,Gray Blight,gray_blight_00705.jpg,14ef645e857b40f0d6234c719394f5d0,gray_blight_00705,False,
train,Gray Blight,gray_blight_00706.jpg,c6b1b37ce63c3310e49bce94796b6b8c,gray_blight_00706,False,
train,Gray Blight,gray_blight_00709.jpg,13ce9e83a4c18479f01c9f09fb402475,gray_blight_00709,False,
train,Gray Blight,gray_blight_00710.jpg,50a214618d585a8c65485ae2f45479c3,gray_blight_00710,False,
train,Gray Blight,gray_blight_00711.jpg,71af9c6626a17d3085264a9b46cb4369,gray_blight_00711,False,
train,Gray Blight,gray_blight_00712.jpg,b4538471aaf712b4186306dea0ba5c7f,gray_blight_00712,False,
train,Gray Blight,gray_blight_00714.jpg,8d025ddc3c6e6459d6557d325ef2afd0,gray_blight_00714,False,
train,Gray Blight,gray_blight_00715.jpg,c72be0bbababa29ad9af7579febd2f4d,gray_blight_00715,False,
train,Gray Blight,gray_blight_00716.jpg,607a145cb11b6835e89960eb7525c277,gray_blight_00716,False,
train,Gray Blight,gray_blight_00719.jpg,be7c020da8881b8fd7a29fdd17933232,gray_blight_00719,False,
train,Gray Blight,gray_blight_00720.jpg,47a21dff4c59461ca03dbbfa984b6557,gray_blight_00720,False,
train,Gray Blight,gray_blight_00723.jpg,f23684e49591e387eae67fac28d4302a,gray_blight_00723,False,
train,Gray Blight,gray_blight_00723_aug_flip_horizontal.jpg,fcb823f31aad4a17170ceb115aa74c4d,gray_blight_00723,True,flip
train,Gray Blight,gray_blight_00724.jpg,5bc2da725929016e7c9aaa64f66f13c8,gray_blight_00724,False,
train,Gray Blight,gray_blight_00725.jpg,677b93c2e48559d1e97749e43b3f7c8c,gray_blight_00725,False,
train,Gray Blight,gray_blight_00726.jpg,be502e9e0dd79e2cdfa342fde293a9a3,gray_blight_00726,False,
train,Gray Blight,gray_blight_00727.jpg,aa897057dd4e8b68885306c14365bc7d,gray_blight_00727,False,
train,Gray Blight,gray_blight_00729.jpg,3bbf6a1dcba1af835c57a7282f74f82a,gray_blight_00729,False,
train,Gray Blight,gray_blight_00729_aug_rotation.jpg,499d424ebaf23567c2edba86a536c0f2,gray_blight_00729,True,rotation
train,Gray Blight,gray_blight_00730.jpg,a5bc9061b7d0065fd2a4a63b0f20bb42,gray_blight_00730,False,
train,Gray Blight,gray_blight_00731.jpg,a194808b45bc8cfd4a623f49bcae4a2b,gray_blight_00731,False,
train,Gray Blight,gray_blight_00732.jpg,e98dd9ba1526ef381e0b8e7739b8215b,gray_blight_00732,False,
train,Gray Blight,gray_blight_00733.jpg,05153430f4728a358e752599b2f83f44,gray_blight_00733,False,
train,Gray Blight,gray_blight_00736.jpg,b10a338e4cd5cbfcfa81dd6f6d088be5,gray_blight_00736,False,
train,Gray Blight,gray_blight_00737.jpg,fafc2aee6a41e3e6149e6debaca3b601,gray_blight_00737,False,
train,Gray Blight,gray_blight_00738.jpg,f9a2800cda9c2c3efbce0b26e3f0444d,gray_blight_00738,False,
train,Gray Blight,gray_blight_00738_aug_blur.jpg,78c9a562cd3909d612606072c8bc8b36,gray_blight_00738,True,blur
train,Gray Blight,gray_blight_00739.jpg,8e65f4e149d8d1335070c71747da724c,gray_blight_00739,False,
train,Gray Blight,gray_blight_00741.jpg,22d28ac55ba8e4b554752fa06a7bd2c1,gray_blight_00741,False,
train,Gray Blight,gray_blight_00742.jpg,a77335744f0babaa782228c28e62ab42,gray_blight_00742,False,
train,Gray Blight,gray_blight_00744.jpg,fddef9ea508552bd6dd4f0ba32348643,gray_blight_00744,False,
train,Gray Blight,gray_blight_00745.jpg,6baa31b41f43d13be0d6d7cfafbacca7,gray_blight_00745,False,
train,Gray Blight,gray_blight_00745_aug_zoom.jpg,a10f7aa803a42873418d084866abab4e,gray_blight_00745,True,zoom
train,Gray Blight,gray_blight_00747.jpg,16c0bb3ac8193ad1ee2133939507f916,gray_blight_00747,False,
train,Gray Blight,gray_blight_00749.jpg,bfb362f7c6d862461cb88baa2dad7748,gray_blight_00749,False,
train,Gray Blight,gray_blight_00749_aug_brightness.jpg,3172a72bf293fae66cb4b5ec42f4b463,gray_blight_00749,True,brightness
train,Gray Blight,gray_blight_00749_aug_zoom.jpg,6e31fef1d8fbe5bec852006c3532157d,gray_blight_00749,True,zoom
train,Gray Blight,gray_blight_00751.jpg,3ef9f816178e49317fd076591ff0cc10,gray_blight_00751,False,
train,Gray Blight,gray_blight_00752.jpg,3fef4186570e3f0e2cee5dfabb068f44,gray_blight_00752,False,
train,Gray Blight,gray_blight_00753.jpg,551c13a2fa804f2d896cdc767915580d,gray_blight_00753,False,
train,Gray Blight,gray_blight_00754.jpg,35832bf8d4f86d95b4740b5aa97ffb56,gray_blight_00754,False,
train,Gray Blight,gray_blight_00754_aug_contrast.jpg,446cf9f5cd05ffdd8c869e650f7f01b4,gray_blight_00754,True,contrast
train,Gray Blight,gray_blight_00755.jpg,d3cd03fe97b141a79571016f9b1a955c,gray_blight_00755,False,
train,Gray Blight,gray_blight_00757.jpg,bc0920fc8c79e8c99692c55b36ca036c,gray_blight_00757,False,
train,Gray Blight,gray_blight_00759.jpg,df5b2f63fa14565b4da7e605241fcf9a,gray_blight_00759,False,
train,Gray Blight,gray_blight_00759_aug_blur.jpg,98040332bef3923e592faa83fc534340,gray_blight_00759,True,blur
train,Gray Blight,gray_blight_00760.jpg,bbf204f19a6fea20ac11156c46f049ca,gray_blight_00760,False,
train,Gray Blight,gray_blight_00763.jpg,f7eae40bd67c7879499540347ba36f07,gray_blight_00763,False,
train,Gray Blight,gray_blight_00764.jpg,b4d6b8722c1976dd639095c993f0d207,gray_blight_00764,False,
train,Gray Blight,gray_blight_00765.jpg,5ff895ec8bc84c7eca4b32a92cd7a6d9,gray_blight_00765,False,
train,Gray Blight,gray_blight_00765_aug_flip_horizontal.jpg,19824b4462483a2d326cc15159c4c452,gray_blight_00765,True,flip
train,Gray Blight,gray_blight_00766.jpg,c3c24a8c85d1726b180d067a898c786b,gray_blight_00766,False,
train,Gray Blight,gray_blight_00770.jpg,df9bc7a50350a8cfbb6dbe2e428bfb4d,gray_blight_00770,False,
train,Gray Blight,gray_blight_00771.jpg,a03e7a25ae5f24f324982c190451db79,gray_blight_00771,False,
train,Gray Blight,gray_blight_00773.jpg,c14ce172f4af682834a2d5c787555989,gray_blight_00773,False,
train,Gray Blight,gray_blight_00774.jpg,93426813a663580ec47b81f12db28f03,gray_blight_00774,False,
train,Gray Blight,gray_blight_00774_aug_contrast.jpg,2c60f39a7ee14bd902161dc0f488ca19,gray_blight_00774,True,contrast
train,Gray Blight,gray_blight_00775.jpg,5d75b594672645c482d21695437c312b,gray_blight_00775,False,
train,Gray Blight,gray_blight_00776.jpg,802d47972befba6fea9d65afbb468400,gray_blight_00776,False,
train,Gray Blight,gray_blight_00777.jpg,0075532955871e632df97c1170be4051,gray_blight_00777,False,
train,Gray Blight,gray_blight_00778.jpg,049afa8f779a97902a4c04757f21e354,gray_blight_00778,False,
train,Gray Blight,gray_blight_00778_aug_blur.jpg,264bb9977385d29eba5cc544382cbbcc,gray_blight_00778,True,blur
train,Gray Blight,gray_blight_00779.jpg,731fa8241ccf4fea36aab1bff520f90b,gray_blight_00779,False,
train,Gray Blight,gray_blight_00779_aug_contrast.jpg,43a6a07c11cb2ff3d952bcf1e17488cf,gray_blight_00779,True,contrast
train,Gray Blight,gray_blight_00780.jpg,bd9b601c3f3bfeb88debbf0c7bc6c5c7,gray_blight_00780,False,
train,Gray Blight,gray_blight_00781.jpg,1fec73c81d366deeb30599112ee14ae0,gray_blight_00781,False,
train,Gray Blight,gray_blight_00781_aug_rotation.jpg,5f6b55a4fd030f4574796b056ad88699,gray_blight_00781,True,rotation
train,Gray Blight,gray_blight_00782.jpg,02b52d96de1835e10791e345c8560c4a,gray_blight_00782,False,
train,Gray Blight,gray_blight_00783.jpg,4d1a2ce6f589027acd064a6e2eb30cbe,gray_blight_00783,False,
train,Gray Blight,gray_blight_00786.jpg,d351dd04f2bba1229dcd622669aaaa71,gray_blight_00786,False,
train,Gray Blight,gray_blight_00788.jpg,39da6d7fca740b5d12118fe4f29603be,gray_blight_00788,False,
train,Gray Blight,gray_blight_00788_aug_brightness.jpg,bcf21f5f9f3d198997c6f7713b443d44,gray_blight_00788,True,brightness
train,Gray Blight,gray_blight_00789.jpg,c2bb1e4e2b6f973578e25e05c4537540,gray_blight_00789,False,
train,Gray Blight,gray_blight_00790.jpg,e5dadab37630bff0231cb970f67a3c9f,gray_blight_00790,False,
train,Gray Blight,gray_blight_00790_aug_blur.jpg,a4872b0a7e575434228caaff666f36df,gray_blight_00790,True,blur
train,Gray Blight,gray_blight_00793.jpg,3f057c04dde76dfa62c62c56727a8fd3,gray_blight_00793,False,
train,Gray Blight,gray_blight_00794.jpg,0b42be7b4a95b1a063871c776b0ce9ca,gray_blight_00794,False,
train,Gray Blight,gray_blight_00795.jpg,bdabd0e02ea5b5de9a70ef581aec1509,gray_blight_00795,False,
train,Gray Blight,gray_blight_00796.jpg,15848bd460896ec879184d9f51308a39,gray_blight_00796,False,
train,Gray Blight,gray_blight_00796_aug_rotation.jpg,bf669a960f592fbb5828b7aa34e70827,gray_blight_00796,True,rotation
train,Gray Blight,gray_blight_00797.jpg,37b1445fd5cb464e3de94f8c3b97fdf4,gray_blight_00797,False,
train,Gray Blight,gray_blight_00799.jpg,8d66fe6db83545a664d276bdbf73a42a,gray_blight_00799,False,
train,Gray Blight,gray_blight_00800.jpg,8c1b0f22b8bc2a4c27d0892b88041f63,gray_blight_00800,False,
train,Gray Blight,gray_blight_00801.jpg,4d7f55cc24a2ee7fa1b7f5abb9bcf3fa,gray_blight_00801,False,
train,Gray Blight,gray_blight_00803.jpg,2b6dad6a4359909e676e89a9d9bbf462,gray_blight_00803,False,
train,Gray Blight,gray_blight_00803_aug_rotation.jpg,cfc82e6e47c4fcf42bba60b425c87eef,gray_blight_00803,True,rotation
train,Gray Blight,gray_blight_00806.jpg,d8f499d5ac7735a54e3646d6f09102b7,gray_blight_00806,False,
train,Gray Blight,gray_blight_00807.jpg,df24f9d69c5092538a7265d09d58d997,gray_blight_00807,False,
train,Gray Blight,gray_blight_00808.jpg,ec14b71a1f420b3c0bae2c0b1820d4d8,gray_blight_00808,False,
train,Gray Blight,gray_blight_00810.jpg,de0c18d26498b854b00d71aa9560741e,gray_blight_00810,False,
train,Gray Blight,gray_blight_00811.jpg,9b53368c79f85f0a50c0c15b053875a2,gray_blight_00811,False,
train,Gray Blight,gray_blight_00813.jpg,4bbea3724185eed7a01599b354d8cfd2,gray_blight_00813,False,
train,Gray Blight,gray_blight_00813_aug_zoom.jpg,3e316a54ae98ed481ae7a22bef75440f,gray_blight_00813,True,zoom
train,Gray Blight,gray_blight_00814.jpg,014f54887b7b3ecfacaab8ff20ecca0d,gray_blight_00814,False,
train,Gray Blight,gray_blight_00815.jpg,36f12b3d32f9e994ef5b01b20e6b2b09,gray_blight_00815,False,
train,Gray Blight,gray_blight_00816.jpg,41f7cf361244bdffc774407361ae73ac,gray_blight_00816,False,
train,Gray Blight,gray_blight_00817.jpg,0da671d825f33b7b2ad74a063cbdbd73,gray_blight_00817,False,
train,Gray Blight,gray_blight_00818.jpg,ffc1871a3cb31a47f25853c0bec9d0c4,gray_blight_00818,False,
train,Gray Blight,gray_blight_00819.jpg,d11aaaece48ff4140bb2de15a171d348,gray_blight_00819,False,
train,Gray Blight,gray_blight_00820.jpg,ef3856546a5417b3863285690fae535a,gray_blight_00820,False,
train,Gray Blight,gray_blight_00821.jpg,73f2191f71f2d3dbf4ee2589ed6760b4,gray_blight_00821,False,
train,Gray Blight,gray_blight_00823.jpg,4945c205804e67dafc3903400989111b,gray_blight_00823,False,
train,Gray Blight,gray_blight_00824.jpg,929d948a1094741edabd3440f51258a0,gray_blight_00824,False,
train,Gray Blight,gray_blight_00826.jpg,66256752737c9bda1f3c18e2e2c4dd87,gray_blight_00826,False,
train,Gray Blight,gray_blight_00827.jpg,d59f46344ccb1b01ad8d5cf6cb7fdf3c,gray_blight_00827,False,
train,Gray Blight,gray_blight_00828.jpg,dcefb934702b897a9c710fb0f4484754,gray_blight_00828,False,
train,Gray Blight,gray_blight_00829.jpg,5e32d008521b730002d70c293e5872fe,gray_blight_00829,False,
train,Gray Blight,gray_blight_00830.jpg,e4b1892ee483805a13d6c56ee7776f11,gray_blight_00830,False,
train,Gray Blight,gray_blight_00831.jpg,2f23607ae953e7fb24789e51c584c596,gray_blight_00831,False,
train,Gray Blight,gray_blight_00834.jpg,c825053709d7c148b56d2349e9f333ea,gray_blight_00834,False,
train,Gray Blight,gray_blight_00835.jpg,5536b3d30e42dcad5c19cf95316a4dac,gray_blight_00835,False,
train,Gray Blight,gray_blight_00836.jpg,44ca5edc353a1cf3b6b1a8a135d99316,gray_blight_00836,False,
train,Gray Blight,gray_blight_00840.jpg,d4f8f66a8942af667149bbb1807e06aa,gray_blight_00840,False,
train,Gray Blight,gray_blight_00841.jpg,7fe224af02bfb456c23742ee9a57d6e1,gray_blight_00841,False,
train,Gray Blight,gray_blight_00842.jpg,051af83ca5f11b9f3b31b27f18305299,gray_blight_00842,False,
train,Gray Blight,gray_blight_00843.jpg,82ed625e6bebe452979c160bc0d409cf,gray_blight_00843,False,
train,Gray Blight,gray_blight_00844.jpg,1eb3f7483f7403e25b7b4c18b295b622,gray_blight_00844,False,
train,Gray Blight,gray_blight_00845.jpg,1daffb1e2cccc4bce5a00e9eff1daab0,gray_blight_00845,False,
train,Gray Blight,gray_blight_00846.jpg,2f83e8a6fe5b407987e0bd00391af1b4,gray_blight_00846,False,
train,Gray Blight,gray_blight_00847.jpg,baa04037b711338c9632cf77031db3be,gray_blight_00847,False,
train,Gray Blight,gray_blight_00847_aug_zoom.jpg,b071dca250cf41d8713e21fff45f5404,gray_blight_00847,True,zoom
train,Gray Blight,gray_blight_00848.jpg,4981d60d6e46fe06905c531080dfb7b2,gray_blight_00848,False,
train,Gray Blight,gray_blight_00848_aug_blur.jpg,b2bc9b8cb7c029340258cb4a7ec07796,gray_blight_00848,True,blur
train,Gray Blight,gray_blight_00852.jpg,4edc589fc27b89a924faa713b0ad3bfb,gray_blight_00852,False,
train,Gray Blight,gray_blight_00853.jpg,788aa17d23e7ae687b861c07e4fdd860,gray_blight_00853,False,
train,Gray Blight,gray_blight_00855.jpg,df622ea855bfff614568c3f8884cba82,gray_blight_00855,False,
train,Gray Blight,gray_blight_00857.jpg,8df5099328b6424237dfe8efad5ea7b2,gray_blight_00857,False,
train,Gray Blight,gray_blight_00858.jpg,bea53d862bef871dc1487f64c971815f,gray_blight_00858,False,
train,Gray Blight,gray_blight_00859.jpg,c33e696b5684fc69746b142ef45c4ca3,gray_blight_00859,False,
train,Gray Blight,gray_blight_00861.jpg,8c20860ddf21ad5d24b6683e14da5bb7,gray_blight_00861,False,
train,Gray Blight,gray_blight_00862.jpg,fb234dbf3b9d18b36f2a4797fd3c030c,gray_blight_00862,False,
train,Gray Blight,gray_blight_00863.jpg,c3c68c83c4e553bb97c4f478303c740c,gray_blight_00863,False,
train,Gray Blight,gray_blight_00864.jpg,16cdbe21e7cbcf6bf10f8a1459fa1f55,gray_blight_00864,False,
train,Gray Blight,gray_blight_00865.jpg,7911125466de9571a681862733295ef9,gray_blight_00865,False,
train,Gray Blight,gray_blight_00866.jpg,6860888a0c306d5d7e0f64f43d6f4330,gray_blight_00866,False,
train,Gray Blight,gray_blight_00866_aug_brightness.jpg,b5c3d2341cc32ee5dbd7ec02aa986fb6,gray_blight_00866,True,brightness
train,Gray Blight,gray_blight_00867.jpg,bff1b90c8e76b417c7255c244424b5ae,gray_blight_00867,False,
train,Gray Blight,gray_blight_00870.jpg,ed0f11894cc4b2b7897072ee79d74b82,gray_blight_00870,False,
train,Gray Blight,gray_blight_00871.jpg,0ffda6bb405791fa2c07b4783738a444,gray_blight_00871,False,
train,Gray Blight,gray_blight_00872.jpg,76d4f8613d0c62b0504f1e96d411a77f,gray_blight_00872,False,
train,Gray Blight,gray_blight_00875.jpg,0f579e0bafa4e4367712cfae63a034fe,gray_blight_00875,False,
train,Gray Blight,gray_blight_00876.jpg,fad4ffaae23e5b36d87ad295c9ea6b96,gray_blight_00876,False,
train,Gray Blight,gray_blight_00877.jpg,3ff0cab39842b756b968a523deb34b83,gray_blight_00877,False,
train,Gray Blight,gray_blight_00878.jpg,1715e03a11dc11e476e1d3308da8b133,gray_blight_00878,False,
train,Gray Blight,gray_blight_00879.jpg,3a1ccfa2cf39fe9f33e4f8ed805caa78,gray_blight_00879,False,
train,Gray Blight,gray_blight_00881.jpg,a745392db8517b40b5e473a5dc744752,gray_blight_00881,False,
train,Gray Blight,gray_blight_00882.jpg,92340ef9cb94e984aeaf6c0038648b55,gray_blight_00882,False,
train,Gray Blight,gray_blight_00885.jpg,2737ca89f18c753f0a698181f1ae62af,gray_blight_00885,False,
train,Gray Blight,gray_blight_00887.jpg,b3e7711910defef6e4ca68569ecd46d7,gray_blight_00887,False,
train,Gray Blight,gray_blight_00890.jpg,8d5c9a7f44285219a416d1bda0920b5b,gray_blight_00890,False,
train,Gray Blight,gray_blight_00892.jpg,1796856cbfe963f3d55e162ba2473003,gray_blight_00892,False,
train,Gray Blight,gray_blight_00892_aug_blur.jpg,248ca47d4c2999b153ed2ba634fbbe2f,gray_blight_00892,True,blur
train,Gray Blight,gray_blight_00893.jpg,2be5e3ab697d48136887b989b6df40a6,gray_blight_00893,False,
train,Gray Blight,gray_blight_00894.jpg,57c06c254bd1d8a3c134ac92e72958a1,gray_blight_00894,False,
train,Gray Blight,gray_blight_00894_aug_rotation.jpg,e8e7e8b216f4ed9ae13341679b23e829,gray_blight_00894,True,rotation
train,Gray Blight,gray_blight_00897.jpg,30b48ff41dc4eb2e53888161c0cc8720,gray_blight_00897,False,
train,Gray Blight,gray_blight_00898.jpg,027b32145f05d3e655860a6e9d12d790,gray_blight_00898,False,
train,Gray Blight,gray_blight_00900.jpg,64fe204cd56fb78ab9120269e5327999,gray_blight_00900,False,
train,Gray Blight,gray_blight_00901.jpg,639b792bb8059cc7b784a542c9d9c045,gray_blight_00901,False,
train,Gray Blight,gray_blight_00902.jpg,7cd41232f6ae7a01ec19da2694af3560,gray_blight_00902,False,
train,Gray Blight,gray_blight_00903.jpg,8425524f94631d29889cbdf952e5121c,gray_blight_00903,False,
train,Gray Blight,gray_blight_00904.jpg,2b540e276819c240c7f12c5075f6f09d,gray_blight_00904,False,
train,Gray Blight,gray_blight_00904_aug_contrast.jpg,d1ad5068dec8e210f5cbf9e2cd8954a0,gray_blight_00904,True,contrast
train,Gray Blight,gray_blight_00905.jpg,87b9a8279c2b107c4f245b8032dfb778,gray_blight_00905,False,
train,Gray Blight,gray_blight_00906.jpg,e39b54555104c0767458e8628735894e,gray_blight_00906,False,
train,Gray Blight,gray_blight_00908.jpg,8fb2beaf4c37b19be89004f8b55af443,gray_blight_00908,False,
train,Gray Blight,gray_blight_00910.jpg,2d2d6a066206cc1a280cdf6408c971d5,gray_blight_00910,False,
train,Gray Blight,gray_blight_00911.jpg,3059cafacf2575bc56916bbb96adde88,gray_blight_00911,False,
train,Gray Blight,gray_blight_00912.jpg,48906076dd13597290209af783220fe5,gray_blight_00912,False,
train,Gray Blight,gray_blight_00913.jpg,2668dee1ac875656c2d35c69a26119f3,gray_blight_00913,False,
train,Gray Blight,gray_blight_00914.jpg,5d8961db5ab500544905e69be943f2b6,gray_blight_00914,False,
train,Gray Blight,gray_blight_00914_aug_flip_horizontal.jpg,87bb34988c5afaeb36289a085f8d8a26,gray_blight_00914,True,flip
train,Gray Blight,gray_blight_00915.jpg,2c99451fd7f5e6c95a4359cd26246c7c,gray_blight_00915,False,
train,Gray Blight,gray_blight_00918.jpg,1c03658107fd4552862d0e4403b1d5e2,gray_blight_00918,False,
train,Gray Blight,gray_blight_00921.jpg,9c4c835d26fb54de49137a92d06b03bc,gray_blight_00921,False,
train,Gray Blight,gray_blight_00921_aug_zoom.jpg,cb076371287657557d3fe4021229469a,gray_blight_00921,True,zoom
train,Gray Blight,gray_blight_00924.jpg,6c74e33ebfbb2ebcbfb8f784bb95ea27,gray_blight_00924,False,
train,Gray Blight,gray_blight_00925.jpg,003022fe75f10c4e139e7301d69d26b3,gray_blight_00925,False,
train,Gray Blight,gray_blight_00927.jpg,c903a059f11d0adf2f36408e8376376e,gray_blight_00927,False,
train,Gray Blight,gray_blight_00928.jpg,b0e740c733b7790aace267e759558137,gray_blight_00928,False,
train,Gray Blight,gray_blight_00929.jpg,74e2753210c88e6b54a099feea7be843,gray_blight_00929,False,
train,Gray Blight,gray_blight_00930.jpg,2a05ceb75f7386bfea25e88c11a7d991,gray_blight_00930,False,
train,Gray Blight,gray_blight_00931.jpg,95ab9af9f53546d9ae19a1b92da8aaf2,gray_blight_00931,False,
train,Gray Blight,gray_blight_00933.jpg,fb0537ca08a6842fefd9ac3c0ac82e7c,gray_blight_00933,False,
train,Gray Blight,gray_blight_00935.jpg,6f3ab77dd85ad59570c725eb5c3965d4,gray_blight_00935,False,
train,Gray Blight,gray_blight_00936.jpg,fe619990d97b2aaf7892aaad999461c8,gray_blight_00936,False,
train,Gray Blight,gray_blight_00939.jpg,06c547b93a8063219579165077c10b88,gray_blight_00939,False,
train,Gray Blight,gray_blight_00940.jpg,d3cfc6f3b4c85e7bc489265da2048601,gray_blight_00940,False,
train,Gray Blight,gray_blight_00941.jpg,d22e2bfc60b0e03db960c3f224adcfa5,gray_blight_00941,False,
train,Gray Blight,gray_blight_00942.jpg,28cce0ba26751f4c66afd039c9a10161,gray_blight_00942,False,
train,Gray Blight,gray_blight_00943.jpg,0cd79cda6f4276fcbfe34149b8608057,gray_blight_00943,False,
train,Gray Blight,gray_blight_00944.jpg,1273741ce11c4750f700435f8c161551,gray_blight_00944,False,
train,Gray Blight,gray_blight_00944_aug_blur.jpg,a4747a75cf88b1923d52ac7cab8c8f12,gray_blight_00944,True,blur
train,Gray Blight,gray_blight_00945.jpg,4aefc650e8744aa09b2dc681f5543738,gray_blight_00945,False,
train,Gray Blight,gray_blight_00946.jpg,7a8380b32446ed83977e97c4cd0083bd,gray_blight_00946,False,
train,Gray Blight,gray_blight_00947.jpg,871a23d08069b886bff9eccdfcef0fb6,gray_blight_00947,False,
train,Gray Blight,gray_blight_00948.jpg,e7eaf0691e1628188ca516141eba24b6,gray_blight_00948,False,
train,Gray Blight,gray_blight_00949.jpg,7b98c3458b3adda48df7acb958b4563d,gray_blight_00949,False,
train,Gray Blight,gray_blight_00950.jpg,c6596bd3d2ae0fd50f9cd151407b598a,gray_blight_00950,False,
train,Gray Blight,gray_blight_00952.jpg,2b36407246f4b5ef77798db1665b21e0,gray_blight_00952,False,
train,Gray Blight,gray_blight_00953.jpg,474af18a5eb0e9b16bed0e380ba803b2,gray_blight_00953,False,
train,Gray Blight,gray_blight_00953_aug_blur.jpg,1f082eacfa14d7f85da4c7e52abf6300,gray_blight_00953,True,blur
train,Gray Blight,gray_blight_00955.jpg,eab31b8622947be5e484f540d103211f,gray_blight_00955,False,
train,Gray Blight,gray_blight_00957.jpg,6ca3c8e014b333668ecec8e1082e8d88,gray_blight_00957,False,
train,Gray Blight,gray_blight_00957_aug_zoom.jpg,0e527f399f0bd5f917d1af722a1a4189,gray_blight_00957,True,zoom
train,Gray Blight,gray_blight_00958.jpg,cbbf60714f6940dc87d07addc84c8d9a,gray_blight_00958,False,
train,Gray Blight,gray_blight_00960.jpg,ac930f4ff12240a08d86c3e4a47b570d,gray_blight_00960,False,
train,Gray Blight,gray_blight_00960_aug_contrast.jpg,850eb78225c516cfc9782c4a6cbc8d7a,gray_blight_00960,True,contrast
train,Gray Blight,gray_blight_00961.jpg,814a207c20984ef8cab81942046b0b8c,gray_blight_00961,False,
train,Gray Blight,gray_blight_00966.jpg,dfa174ebb2e3fcf62dff8d22218b3c3e,gray_blight_00966,False,
train,Gray Blight,gray_blight_00966_aug_flip_horizontal.jpg,5215854558488434983a370ffdb1ec59,gray_blight_00966,True,flip
train,Gray Blight,gray_blight_00968.jpg,96d1f68527c3b8e410f6e632bc88d789,gray_blight_00968,False,
train,Gray Blight,gray_blight_00969.jpg,0d9ffa02a6843f8854de8e09d2fbefe0,gray_blight_00969,False,
train,Gray Blight,gray_blight_00970.jpg,9114b3d8866fd12a5266226cf94a0753,gray_blight_00970,False,
train,Gray Blight,gray_blight_00970_aug_zoom.jpg,eef6567c37f547c98f9e33900f2f46c7,gray_blight_00970,True,zoom
train,Gray Blight,gray_blight_00971.jpg,0eb34d2d7a7d58b39b5e79babb7f1c0d,gray_blight_00971,False,
train,Gray Blight,gray_blight_00972.jpg,89c9b7381ffeb4fc927811e6cf602128,gray_blight_00972,False,
train,Gray Blight,gray_blight_00973.jpg,fa65fa5db50aac4fa7e084615453ecb6,gray_blight_00973,False,
train,Gray Blight,gray_blight_00974.jpg,b2a3eaaffedcb862ef3031c9256d2b4e,gray_blight_00974,False,
train,Gray Blight,gray_blight_00975.jpg,9a0e6b0b4fb2b845dc94642286795305,gray_blight_00975,False,
train,Gray Blight,gray_blight_00976.jpg,085b229f8d4237055b63f2b5483c9e38,gray_blight_00976,False,
train,Gray Blight,gray_blight_00978.jpg,1f5a8f35dd33957214027cbd22c98752,gray_blight_00978,False,
train,Gray Blight,gray_blight_00979.jpg,e1572428df459b0a76c7e1f8f8f0da41,gray_blight_00979,False,
train,Gray Blight,gray_blight_00980.jpg,bcdb620b74284ff56eb7f3715f617a7c,gray_blight_00980,False,
train,Gray Blight,gray_blight_00981.jpg,393674406ed93df5ef38759b1fe95a8a,gray_blight_00981,False,
train,Gray Blight,gray_blight_00982.jpg,73b211b3c93991de6df794b6e2ade1d4,gray_blight_00982,False,
train,Gray Blight,gray_blight_00983.jpg,d61ae4e6114e67c1be220f780c224742,gray_blight_00983,False,
train,Gray Blight,gray_blight_00984.jpg,f7cf3bc501bb344c30eee51b3f39db89,gray_blight_00984,False,
train,Gray Blight,gray_blight_00986.jpg,5ff9dce4f919be10b1d09d33aaf692de,gray_blight_00986,False,
train,Gray Blight,gray_blight_00987.jpg,c4f17d6025093c3f8fe9745fba2b3790,gray_blight_00987,False,
train,Gray Blight,gray_blight_00988.jpg,3115e16b141101294ecc3684218417d6,gray_blight_00988,False,
train,Gray Blight,gray_blight_00990.jpg,1cd1100f2c480fe4697756f5152f196b,gray_blight_00990,False,
train,Gray Blight,gray_blight_00993.jpg,24c5953b0cfab92ece43dc7136bbc426,gray_blight_00993,False,
train,Gray Blight,gray_blight_00994.jpg,b1cffd75f132d6051bfa77f9e7c8d861,gray_blight_00994,False,
train,Gray Blight,gray_blight_00995.jpg,79f11d6d289436903f0a067aec433732,gray_blight_00995,False,
train,Gray Blight,gray_blight_00995_aug_flip_vertical.jpg,369dc8cb1088677b49586f58b348d864,gray_blight_00995,True,flip
train,Gray Blight,gray_blight_00999.jpg,9f967f50c3581c1d78d520072ada1a9a,gray_blight_00999,False,
train,Gray Blight,gray_blight_01000.jpg,f0baa49341e7aaa9c7d426802bad0d7e,gray_blight_01000,False,
train,Gray Blight,gray_blight_01002.jpg,c33ad8d176a98b364eafc62bf45c22a8,gray_blight_01002,False,
train,Gray Blight,gray_blight_01002_aug_rotation.jpg,ad16542d4a236a4b580f22c290343624,gray_blight_01002,True,rotation
train,Gray Blight,gray_blight_01003.jpg,e45ece6188fe6e7f3bed03709b4715cd,gray_blight_01003,False,
train,Gray Blight,gray_blight_01005.jpg,15b759ca20c44b19dd0cddbe56bfe008,gray_blight_01005,False,
train,Gray Blight,gray_blight_01006.jpg,1490c517dddf39e69d0c33c7024d0ee4,gray_blight_01006,False,
train,Gray Blight,gray_blight_01011.jpg,70c7a8403e243d0e9fb3e04cf8a0e1c0,gray_blight_01011,False,
train,Gray Blight,gray_blight_01012.jpg,5627e621d2e2c8ad644440ae31cbdcb5,gray_blight_01012,False,
train,Green mirid bug,green_mirid_bug_00001.jpg,02f45bba0871d9e13ab2acb1d4988704,green_mirid_bug_00001,False,
train,Green mirid bug,green_mirid_bug_00002.jpg,b00e817b611e0a7f09d4fb08b085a3ff,green_mirid_bug_00002,False,
train,Green mirid bug,green_mirid_bug_00003.jpg,adcf6098c2f89774bc0017b5a590de27,green_mirid_bug_00003,False,
train,Green mirid bug,green_mirid_bug_00004.jpg,60b92ea0e8ff67534e70807e898d1197,green_mirid_bug_00004,False,
train,Green mirid bug,green_mirid_bug_00005.jpg,4fc8e9f7756ddc9cad9167d97de600ab,green_mirid_bug_00005,False,
train,Green mirid bug,green_mirid_bug_00007.jpg,71aaaee8d04187bd26705e586576d83c,green_mirid_bug_00007,False,
train,Green mirid bug,green_mirid_bug_00008.jpg,cd358f0e4a69595472ac0e1fa41c863d,green_mirid_bug_00008,False,
train,Green mirid bug,green_mirid_bug_00009.jpg,b2ba9a1f3c5941376d8676287f4b6a2d,green_mirid_bug_00009,False,
train,Green mirid bug,green_mirid_bug_00010.jpg,845afaff9117ac7481cc9122231265bc,green_mirid_bug_00010,False,
train,Green mirid bug,green_mirid_bug_00011.jpg,79f57ef0457868afcaece6900b25c9f3,green_mirid_bug_00011,False,
train,Green mirid bug,green_mirid_bug_00012.jpg,e46f92a4a24510405ecd7f75baa264e6,green_mirid_bug_00012,False,
train,Green mirid bug,green_mirid_bug_00013.jpg,93489e047349064a420d10615c091f8c,green_mirid_bug_00013,False,
train,Green mirid bug,green_mirid_bug_00017.jpg,0b9cb99c398e0f5a0bbc61f171e0b195,green_mirid_bug_00017,False,
train,Green mirid bug,green_mirid_bug_00018.jpg,b1c04b795347b7272d2365d92ac179fb,green_mirid_bug_00018,False,
train,Green mirid bug,green_mirid_bug_00019.jpg,cc28af88ab23f035275a4d7ceec2eed2,green_mirid_bug_00019,False,
train,Green mirid bug,green_mirid_bug_00020.jpg,d1dcba705ee04a4cec35d8a23eb0314b,green_mirid_bug_00020,False,
train,Green mirid bug,green_mirid_bug_00022.jpg,b76fe799a17bda0d4b424e3eed58dbf2,green_mirid_bug_00022,False,
train,Green mirid bug,green_mirid_bug_00023.jpg,48f6f6547ac80cc7d90425a14c19a6cb,green_mirid_bug_00023,False,
train,Green mirid bug,green_mirid_bug_00024.jpg,923f4e6c23c3ec568f270acc5119e1fd,green_mirid_bug_00024,False,
train,Green mirid bug,green_mirid_bug_00025.jpg,d52927d298ea7e79173d951b5a322828,green_mirid_bug_00025,False,
train,Green mirid bug,green_mirid_bug_00026.jpg,00d8a3dbf21aa6a65d947b836472bf0b,green_mirid_bug_00026,False,
train,Green mirid bug,green_mirid_bug_00027.jpg,39d0cbc176ec9555c8ee96d476b4402c,green_mirid_bug_00027,False,
train,Green mirid bug,green_mirid_bug_00029.jpg,e2c52bbbfa6c6fc5c1902462eeadcf96,green_mirid_bug_00029,False,
train,Green mirid bug,green_mirid_bug_00030.jpg,001fd36a04c34d8bb5eea973b6fb4d5c,green_mirid_bug_00030,False,
train,Green mirid bug,green_mirid_bug_00032.jpg,26789c71fe8bf364ceaf585b1b67e068,green_mirid_bug_00032,False,
train,Green mirid bug,green_mirid_bug_00033.jpg,28df97835ffccb63f681f29b01e9a8c0,green_mirid_bug_00033,False,
train,Green mirid bug,green_mirid_bug_00035.jpg,0988f78f3b4764c9c4545be2cb8a866e,green_mirid_bug_00035,False,
train,Green mirid bug,green_mirid_bug_00039.jpg,84bcc6185159fdbced4a1aca5a9ffd32,green_mirid_bug_00039,False,
train,Green mirid bug,green_mirid_bug_00040.jpg,bf523a15a8cccb908ca3c4b325abf617,green_mirid_bug_00040,False,
train,Green mirid bug,green_mirid_bug_00043.jpg,05ced96dd2a18bb5497e883164bc2d34,green_mirid_bug_00043,False,
train,Green mirid bug,green_mirid_bug_00044.jpg,d352a18ed810fc85865212671c41f671,green_mirid_bug_00044,False,
train,Green mirid bug,green_mirid_bug_00046.jpg,3a4dacb5ef88851c06334c1a34a54a95,green_mirid_bug_00046,False,
train,Green mirid bug,green_mirid_bug_00047.jpg,d40edfb03375a450a9c0a425ce857e81,green_mirid_bug_00047,False,
train,Green mirid bug,green_mirid_bug_00048.jpg,260c4b8aae3a1109fcf7050d1ffb4beb,green_mirid_bug_00048,False,
train,Green mirid bug,green_mirid_bug_00049.jpg,c6722332437330142913e26545350d99,green_mirid_bug_00049,False,
train,Green mirid bug,green_mirid_bug_00050.jpg,74e983fa6139b1b241dbc6b844dd49b8,green_mirid_bug_00050,False,
train,Green mirid bug,green_mirid_bug_00052.jpg,410a27fd1dcea157c10044b7cfa24522,green_mirid_bug_00052,False,
train,Green mirid bug,green_mirid_bug_00055.jpg,edec573c1d5d230040c18516ee16a622,green_mirid_bug_00055,False,
train,Green mirid bug,green_mirid_bug_00057.jpg,9613eeeee64e6d7cc611cc7197ffec63,green_mirid_bug_00057,False,
train,Green mirid bug,green_mirid_bug_00058.jpg,7f0b35c3f01eb690be3aad3b1a3e3cf8,green_mirid_bug_00058,False,
train,Green mirid bug,green_mirid_bug_00059.jpg,a87421c63cb51c9f4f214111122e853c,green_mirid_bug_00059,False,
train,Green mirid bug,green_mirid_bug_00060.jpg,7f093f6d0d395b00afa0b62ef645f94c,green_mirid_bug_00060,False,
train,Green mirid bug,green_mirid_bug_00061.jpg,dd503729fdd61ba4ce3d4801dc347edb,green_mirid_bug_00061,False,
train,Green mirid bug,green_mirid_bug_00062.jpg,07a4774fad362f1333358530a28d4b02,green_mirid_bug_00062,False,
train,Green mirid bug,green_mirid_bug_00064.jpg,913b55c6f451923f3be3f05bb091a550,green_mirid_bug_00064,False,
train,Green mirid bug,green_mirid_bug_00066.jpg,c7ebc9b25d84b8c4db9affe2a7bb813c,green_mirid_bug_00066,False,
train,Green mirid bug,green_mirid_bug_00068.jpg,b31b28b021a48634f501e1c969c3771d,green_mirid_bug_00068,False,
train,Green mirid bug,green_mirid_bug_00069.jpg,7203d112a48573eed2f367eac240cb66,green_mirid_bug_00069,False,
train,Green mirid bug,green_mirid_bug_00070.jpg,14fc6e8e8af7e3ef30ec2c8aa60b1d9d,green_mirid_bug_00070,False,
train,Green mirid bug,green_mirid_bug_00071.jpg,77357b39b9e6f6040abe2020c9454db2,green_mirid_bug_00071,False,
train,Green mirid bug,green_mirid_bug_00073.jpg,0f0486eb9dc45a66c68dae00687214c8,green_mirid_bug_00073,False,
train,Green mirid bug,green_mirid_bug_00074.jpg,0a3eb7247a03910b6e83a4b8c37c9d52,green_mirid_bug_00074,False,
train,Green mirid bug,green_mirid_bug_00076.jpg,f25f6b4285ee5e15e8e9c84a0f4e8d77,green_mirid_bug_00076,False,
train,Green mirid bug,green_mirid_bug_00080.jpg,9e8fffd954ebbb7bf24361e0cdd67503,green_mirid_bug_00080,False,
train,Green mirid bug,green_mirid_bug_00081.jpg,7458a9ec23973f91a5e99ebd8aa9dd6a,green_mirid_bug_00081,False,
train,Green mirid bug,green_mirid_bug_00083.jpg,b494f4939cfb32a20237ad0f308a9d44,green_mirid_bug_00083,False,
train,Green mirid bug,green_mirid_bug_00084.jpg,a63dbd228b7490d048f9e7eb66e3f586,green_mirid_bug_00084,False,
train,Green mirid bug,green_mirid_bug_00086.jpg,ee78982a48d4369119206181b9734819,green_mirid_bug_00086,False,
train,Green mirid bug,green_mirid_bug_00087.jpg,160c7816662f6ac7a0213532e7a7c84f,green_mirid_bug_00087,False,
train,Green mirid bug,green_mirid_bug_00088.jpg,07358ce237787820cc534323533a7fa2,green_mirid_bug_00088,False,
train,Green mirid bug,green_mirid_bug_00089.jpg,b5fac9626497b1a223c736b95e828794,green_mirid_bug_00089,False,
train,Green mirid bug,green_mirid_bug_00091.jpg,1b9a385ad107bc88d37b523705651f46,green_mirid_bug_00091,False,
train,Green mirid bug,green_mirid_bug_00092.jpg,ecdac028275224604103b5225b18acc1,green_mirid_bug_00092,False,
train,Green mirid bug,green_mirid_bug_00093.jpg,73829c5d00a169f81d8e61a2e66e4c28,green_mirid_bug_00093,False,
train,Green mirid bug,green_mirid_bug_00094.jpg,c6b3abbdba9663e8aa65d935629f0506,green_mirid_bug_00094,False,
train,Green mirid bug,green_mirid_bug_00096.jpg,d28e55c6511f9ca53e880793bb9b8824,green_mirid_bug_00096,False,
train,Green mirid bug,green_mirid_bug_00097.jpg,57f7b3f2899cf81c88d181ea07049623,green_mirid_bug_00097,False,
train,Green mirid bug,green_mirid_bug_00098.jpg,24d5527792d455abf8fec7c29db3cce1,green_mirid_bug_00098,False,
train,Green mirid bug,green_mirid_bug_00100.jpg,28e4ab76536ccae727aa6639dcfd6c4f,green_mirid_bug_00100,False,
train,Green mirid bug,green_mirid_bug_00101.jpg,a4eb013f7c1b8170341391d58d66aceb,green_mirid_bug_00101,False,
train,Green mirid bug,green_mirid_bug_00102.jpg,3d5b056c649d1ab1e6b3e9519cdefc1f,green_mirid_bug_00102,False,
train,Green mirid bug,green_mirid_bug_00103.jpg,c3901968eb7de34136828116793ed736,green_mirid_bug_00103,False,
train,Green mirid bug,green_mirid_bug_00104.jpg,5f0542e4c1073d311bdf2a5f49d80782,green_mirid_bug_00104,False,
train,Green mirid bug,green_mirid_bug_00105.jpg,457ad41c077c4108affae2936a22c14a,green_mirid_bug_00105,False,
train,Green mirid bug,green_mirid_bug_00106.jpg,18861ea399e236ec4fbaee0e8fbc8cb7,green_mirid_bug_00106,False,
train,Green mirid bug,green_mirid_bug_00107.jpg,a98742481291948da1d5b30c8c473007,green_mirid_bug_00107,False,
train,Green mirid bug,green_mirid_bug_00108.jpg,57a8837af5486c487763021c78fb9398,green_mirid_bug_00108,False,
train,Green mirid bug,green_mirid_bug_00110.jpg,eea76fd132fa9ba518f1b4dc97301506,green_mirid_bug_00110,False,
train,Green mirid bug,green_mirid_bug_00111.jpg,0347ee3fa141c04539c83913a45a2166,green_mirid_bug_00111,False,
train,Green mirid bug,green_mirid_bug_00112.jpg,47c4ae592ab6d24ff906fc46f23494ed,green_mirid_bug_00112,False,
train,Green mirid bug,green_mirid_bug_00113.jpg,221f80f67316caad036a67e083f19a72,green_mirid_bug_00113,False,
train,Green mirid bug,green_mirid_bug_00114.jpg,a96627d399a51eafd04c94d55ab3ec8c,green_mirid_bug_00114,False,
train,Green mirid bug,green_mirid_bug_00115.jpg,a6564737e175a862d623007ea2a62e32,green_mirid_bug_00115,False,
train,Green mirid bug,green_mirid_bug_00116.jpg,15833aa83188c0acb884dd05feca3454,green_mirid_bug_00116,False,
train,Green mirid bug,green_mirid_bug_00117.jpg,402e42772c41b946291ad5a68b18c8ce,green_mirid_bug_00117,False,
train,Green mirid bug,green_mirid_bug_00118.jpg,f0b89d1be32da8db43159c01b74e2614,green_mirid_bug_00118,False,
train,Green mirid bug,green_mirid_bug_00119.jpg,0701f0bf611a68bf25f042867902ee48,green_mirid_bug_00119,False,
train,Green mirid bug,green_mirid_bug_00120.jpg,a488b93e23e515f48ac157cf8b5b7e41,green_mirid_bug_00120,False,
train,Green mirid bug,green_mirid_bug_00124.jpg,639204d88b9abb7ca1f488984a4e7a8e,green_mirid_bug_00124,False,
train,Green mirid bug,green_mirid_bug_00125.jpg,4a0df2712f9145a7b9e78c50044b8c4a,green_mirid_bug_00125,False,
train,Green mirid bug,green_mirid_bug_00126.jpg,81c48ee0101bd638e0a05101c45a27af,green_mirid_bug_00126,False,
train,Green mirid bug,green_mirid_bug_00127.jpg,45c0322eb71efc09237005f99bad42ff,green_mirid_bug_00127,False,
train,Green mirid bug,green_mirid_bug_00128.jpg,692322988b287d40e187e191a52de9d2,green_mirid_bug_00128,False,
train,Green mirid bug,green_mirid_bug_00129.jpg,a12c50a99dcfa6d669afaaca41ce22d2,green_mirid_bug_00129,False,
train,Green mirid bug,green_mirid_bug_00132.jpg,4d4f54adc77c8b838c3acfd1584b5362,green_mirid_bug_00132,False,
train,Green mirid bug,green_mirid_bug_00133.jpg,f03dd8563786a31259ba94fe5ea84bf5,green_mirid_bug_00133,False,
train,Green mirid bug,green_mirid_bug_00134.jpg,44d647c2fb83472adccfdfc63db6ef29,green_mirid_bug_00134,False,
train,Green mirid bug,green_mirid_bug_00136.jpg,4a12ed763cf68d8848fb74cbabf8cfe8,green_mirid_bug_00136,False,
train,Green mirid bug,green_mirid_bug_00139.jpg,1d7b4b3b84fb871f6169e5356d609893,green_mirid_bug_00139,False,
train,Green mirid bug,green_mirid_bug_00141.jpg,572d90f015a7bb7a3b8bc5fb34839a66,green_mirid_bug_00141,False,
train,Green mirid bug,green_mirid_bug_00142.jpg,09d44f8cc236c59656c04d9bfb268964,green_mirid_bug_00142,False,
train,Green mirid bug,green_mirid_bug_00143.jpg,e4010af57aa548d5215da3b5dd37dfde,green_mirid_bug_00143,False,
train,Green mirid bug,green_mirid_bug_00144.jpg,d6a58ff74f8fcd9595aac4e27446797a,green_mirid_bug_00144,False,
train,Green mirid bug,green_mirid_bug_00145.jpg,87243756ef2e2b5102307116cc9bcf0e,green_mirid_bug_00145,False,
train,Green mirid bug,green_mirid_bug_00146.jpg,0a6923d25408be341a0dada7abeb8ae2,green_mirid_bug_00146,False,
train,Green mirid bug,green_mirid_bug_00147.jpg,5f201c67f038045752cfc7e69c2a018a,green_mirid_bug_00147,False,
train,Green mirid bug,green_mirid_bug_00148.jpg,e67eddb4a62aa0992445c729aee92f36,green_mirid_bug_00148,False,
train,Green mirid bug,green_mirid_bug_00150.jpg,37636a2925e551486fb80d65aa38e7fe,green_mirid_bug_00150,False,
train,Green mirid bug,green_mirid_bug_00152.jpg,5ed5cd94e093ba716b520f066b7b87b7,green_mirid_bug_00152,False,
train,Green mirid bug,green_mirid_bug_00153.jpg,fad440a4b7963c9a60d1c53b37e5ff2a,green_mirid_bug_00153,False,
train,Green mirid bug,green_mirid_bug_00154.jpg,68dbc3af90f86231589cbdec626d5310,green_mirid_bug_00154,False,
train,Green mirid bug,green_mirid_bug_00157.jpg,e3633907e16425c7c47bd2fa7cfb2488,green_mirid_bug_00157,False,
train,Green mirid bug,green_mirid_bug_00159.jpg,13c299bd979d60709b76cbab2347d8be,green_mirid_bug_00159,False,
train,Green mirid bug,green_mirid_bug_00160.jpg,b245317805750c0117b2a8992d2b40e5,green_mirid_bug_00160,False,
train,Green mirid bug,green_mirid_bug_00161.jpg,e27ec54da7cd2feb85a6bedb8412902c,green_mirid_bug_00161,False,
train,Green mirid bug,green_mirid_bug_00162.jpg,ec1dd5cec7e05664f891430c8abcc930,green_mirid_bug_00162,False,
train,Green mirid bug,green_mirid_bug_00163.jpg,70bc94987909a899b56e00f4d1bd5995,green_mirid_bug_00163,False,
train,Green mirid bug,green_mirid_bug_00165.jpg,09776080348d6a167946a7123acaa0e5,green_mirid_bug_00165,False,
train,Green mirid bug,green_mirid_bug_00166.jpg,609d54b6b8d732f31c6c67bc8ac7e9b3,green_mirid_bug_00166,False,
train,Green mirid bug,green_mirid_bug_00167.jpg,2b51d23d34a6188796946b4e5f3f8ec6,green_mirid_bug_00167,False,
train,Green mirid bug,green_mirid_bug_00168.jpg,4e26e0be92428019e87e33c57e349e64,green_mirid_bug_00168,False,
train,Green mirid bug,green_mirid_bug_00169.jpg,2f4e3def84a4da3fd9634ffec1f7e52e,green_mirid_bug_00169,False,
train,Green mirid bug,green_mirid_bug_00171.jpg,34f33fc7d3cff8f855e6d658d7111fdd,green_mirid_bug_00171,False,
train,Green mirid bug,green_mirid_bug_00172.jpg,0981d581d15f9cf1ca4d89f5d4c422fc,green_mirid_bug_00172,False,
train,Green mirid bug,green_mirid_bug_00173.jpg,61c1451ea8017960c89b2aaf40b42e0a,green_mirid_bug_00173,False,
train,Green mirid bug,green_mirid_bug_00174.jpg,818e33c70569f080d4be9a522dd74f83,green_mirid_bug_00174,False,
train,Green mirid bug,green_mirid_bug_00175.jpg,c6bef91852736f1eeab5612b96ae1320,green_mirid_bug_00175,False,
train,Green mirid bug,green_mirid_bug_00176.jpg,a41f892a5479cf9cf58d957829075f22,green_mirid_bug_00176,False,
train,Green mirid bug,green_mirid_bug_00177.jpg,645a2911ebb19a6e6a3708f09cf04bc9,green_mirid_bug_00177,False,
train,Green mirid bug,green_mirid_bug_00178.jpg,d2d1f79a23d45f8a1f5d641d30ad8747,green_mirid_bug_00178,False,
train,Green mirid bug,green_mirid_bug_00179.jpg,805c66a43bf006a7ca12c104f5bfe889,green_mirid_bug_00179,False,
train,Green mirid bug,green_mirid_bug_00180.jpg,6bf967d0350b949328579af7779b7fc0,green_mirid_bug_00180,False,
train,Green mirid bug,green_mirid_bug_00181.jpg,96c3425dcf71b6c599ee29adfb116f04,green_mirid_bug_00181,False,
train,Green mirid bug,green_mirid_bug_00182.jpg,c8d34a05b4d7d179f92531d0cb0dae0c,green_mirid_bug_00182,False,
train,Green mirid bug,green_mirid_bug_00183.jpg,abecee15cd8880eff12f0dbd345a6066,green_mirid_bug_00183,False,
train,Green mirid bug,green_mirid_bug_00184.jpg,88d1b7b6ea8ade6a17cb5759d44bcf3e,green_mirid_bug_00184,False,
train,Green mirid bug,green_mirid_bug_00186.jpg,193e76af35ba328033ed68d1feae3ea7,green_mirid_bug_00186,False,
train,Green mirid bug,green_mirid_bug_00187.jpg,a4c25138754719645d2707f5060485dd,green_mirid_bug_00187,False,
train,Green mirid bug,green_mirid_bug_00188.jpg,d1d76a1e6b6c73c0bf2ddd939cf4c603,green_mirid_bug_00188,False,
train,Green mirid bug,green_mirid_bug_00189.jpg,de7ec9181a46360da83218cd7a655cc9,green_mirid_bug_00189,False,
train,Green mirid bug,green_mirid_bug_00191.jpg,c3e33d58d29187a8c31a1f39512191eb,green_mirid_bug_00191,False,
train,Green mirid bug,green_mirid_bug_00193.jpg,d40c4efe9db78e76015e7152658052a4,green_mirid_bug_00193,False,
train,Green mirid bug,green_mirid_bug_00194.jpg,89873a068ca9fcbdf41ff34dfe7ddd50,green_mirid_bug_00194,False,
train,Green mirid bug,green_mirid_bug_00195.jpg,b167a4372db9de7b9326755b522e32fa,green_mirid_bug_00195,False,
train,Green mirid bug,green_mirid_bug_00196.jpg,d6ca87f1bfa87b847351fb4608991cce,green_mirid_bug_00196,False,
train,Green mirid bug,green_mirid_bug_00197.jpg,d21b416a809f8c82f39ed929a465802e,green_mirid_bug_00197,False,
train,Green mirid bug,green_mirid_bug_00198.jpg,f315294fc254ed2a887a2e7b64dafe0a,green_mirid_bug_00198,False,
train,Green mirid bug,green_mirid_bug_00199.jpg,ea5cd0e936079e5ea825b2c4d83fff43,green_mirid_bug_00199,False,
train,Green mirid bug,green_mirid_bug_00200.jpg,80def14a3b376be23613e2a587f5bb7c,green_mirid_bug_00200,False,
train,Green mirid bug,green_mirid_bug_00201.jpg,6cb9d3781eeabd9e174904618dbc9bac,green_mirid_bug_00201,False,
train,Green mirid bug,green_mirid_bug_00202.jpg,aadb086649aa3324184bbe200bfe4a95,green_mirid_bug_00202,False,
train,Green mirid bug,green_mirid_bug_00203.jpg,76f5150f06b41c1d7d9d1a780f60fcca,green_mirid_bug_00203,False,
train,Green mirid bug,green_mirid_bug_00204.jpg,f861a1219b0f573bea1d2a9aac9f00c4,green_mirid_bug_00204,False,
train,Green mirid bug,green_mirid_bug_00205.jpg,facb4bf99099bea1ddc3ecad6a0fab3f,green_mirid_bug_00205,False,
train,Green mirid bug,green_mirid_bug_00210.jpg,7e7a002b1950b0baea15ad0a860a6b33,green_mirid_bug_00210,False,
train,Green mirid bug,green_mirid_bug_00211.jpg,01c862af8df32347e45009f303421ee1,green_mirid_bug_00211,False,
train,Green mirid bug,green_mirid_bug_00213.jpg,54dff83d5052643726449ec74329634a,green_mirid_bug_00213,False,
train,Green mirid bug,green_mirid_bug_00214.jpg,772deb4211feb36247f06add50f341a7,green_mirid_bug_00214,False,
train,Green mirid bug,green_mirid_bug_00215.jpg,ef3bd85ac7373b76b61541d64be244cc,green_mirid_bug_00215,False,
train,Green mirid bug,green_mirid_bug_00217.jpg,b304f31d3d33334eb8f5c340c6a2a0d6,green_mirid_bug_00217,False,
train,Green mirid bug,green_mirid_bug_00218.jpg,42e45a2c5ad3897411275226d30e6ce0,green_mirid_bug_00218,False,
train,Green mirid bug,green_mirid_bug_00219.jpg,7eb6ebd98c1dbeef58810b3822e40f70,green_mirid_bug_00219,False,
train,Green mirid bug,green_mirid_bug_00220.jpg,7f3fb0fd8cfc41cd08a631b5638adc55,green_mirid_bug_00220,False,
train,Green mirid bug,green_mirid_bug_00221.jpg,bc4b3fda95f0bd89e6f5772304463bb7,green_mirid_bug_00221,False,
train,Green mirid bug,green_mirid_bug_00223.jpg,230344bde133bdcb465f2504148a436c,green_mirid_bug_00223,False,
train,Green mirid bug,green_mirid_bug_00224.jpg,8e8de116e8aea346087181eb1f6946b3,green_mirid_bug_00224,False,
train,Green mirid bug,green_mirid_bug_00225.jpg,9eda123255e45bc20e4a91a26fc4e768,green_mirid_bug_00225,False,
train,Green mirid bug,green_mirid_bug_00226.jpg,3f918d96b0721456647462b1d3299663,green_mirid_bug_00226,False,
train,Green mirid bug,green_mirid_bug_00228.jpg,ec89de9742fd06c631ab7d90dda4910e,green_mirid_bug_00228,False,
train,Green mirid bug,green_mirid_bug_00230.jpg,3f5403a69abc833960e64f75f210d1e9,green_mirid_bug_00230,False,
train,Green mirid bug,green_mirid_bug_00232.jpg,393bd27eb3f7c64eaa0ae47ed488114d,green_mirid_bug_00232,False,
train,Green mirid bug,green_mirid_bug_00234.jpg,ce8a0e48a2417ff75192285f62a5eaf1,green_mirid_bug_00234,False,
train,Green mirid bug,green_mirid_bug_00235.jpg,e9e196e58313c40fccbe83d33da8abe1,green_mirid_bug_00235,False,
train,Green mirid bug,green_mirid_bug_00236.jpg,4c58a23132af40c748e17768cf57450b,green_mirid_bug_00236,False,
train,Green mirid bug,green_mirid_bug_00237.jpg,e6ec39ac4db7f52f8080bf6b03662c9f,green_mirid_bug_00237,False,
train,Green mirid bug,green_mirid_bug_00240.jpg,4d26e969d07983aec3e4a70b4dc3279f,green_mirid_bug_00240,False,
train,Green mirid bug,green_mirid_bug_00241.jpg,4644a5764c6592ca69df227838523bc0,green_mirid_bug_00241,False,
train,Green mirid bug,green_mirid_bug_00242.jpg,29698356f1f3720f890cc105e4a717cc,green_mirid_bug_00242,False,
train,Green mirid bug,green_mirid_bug_00243.jpg,4867987cb1bb325b44270c6d7555f2a0,green_mirid_bug_00243,False,
train,Green mirid bug,green_mirid_bug_00244.jpg,3c477dc25bf1d77407be916e6e511bd4,green_mirid_bug_00244,False,
train,Green mirid bug,green_mirid_bug_00246.jpg,258e5f78cd0c637e2b9472127f22de6e,green_mirid_bug_00246,False,
train,Green mirid bug,green_mirid_bug_00248.jpg,8e78c7da0d3dfebf1151c6f081e27275,green_mirid_bug_00248,False,
train,Green mirid bug,green_mirid_bug_00250.jpg,8e07037775f318b430eb79cdaac0b570,green_mirid_bug_00250,False,
train,Green mirid bug,green_mirid_bug_00251.jpg,d07c9fe28f2c99c9c8daa111c29e2bdb,green_mirid_bug_00251,False,
train,Green mirid bug,green_mirid_bug_00252.jpg,a2ebbf1894532b263fed3e9ff33c26f8,green_mirid_bug_00252,False,
train,Green mirid bug,green_mirid_bug_00253.jpg,14ead36d882d33adb69ea289fc94a792,green_mirid_bug_00253,False,
train,Green mirid bug,green_mirid_bug_00254.jpg,8a1f2e55d15b27a5e18259abdcdcb07c,green_mirid_bug_00254,False,
train,Green mirid bug,green_mirid_bug_00257.jpg,c557f6660c80c35d85d87b5c5099b7a5,green_mirid_bug_00257,False,
train,Green mirid bug,green_mirid_bug_00259.jpg,d6fb006fed1eb5ca188717081e5077c1,green_mirid_bug_00259,False,
train,Green mirid bug,green_mirid_bug_00261.jpg,9ccd77cd0404d6aeb2906b70c007322d,green_mirid_bug_00261,False,
train,Green mirid bug,green_mirid_bug_00262.jpg,bd3fd2b4f0abe420bba80e617f93190c,green_mirid_bug_00262,False,
train,Green mirid bug,green_mirid_bug_00263.jpg,b155271a9483d0c80ad7e3cd3ff68c97,green_mirid_bug_00263,False,
train,Green mirid bug,green_mirid_bug_00264.jpg,556983f3b8b5cc261e94954ef5e11cff,green_mirid_bug_00264,False,
train,Green mirid bug,green_mirid_bug_00266.jpg,eee0b1b50e3e7d474db8dc4ee0a029fd,green_mirid_bug_00266,False,
train,Green mirid bug,green_mirid_bug_00267.jpg,6f3c3699fdcff52275b581adaecd16fb,green_mirid_bug_00267,False,
train,Green mirid bug,green_mirid_bug_00268.jpg,4ac2f08c4c507f9c1680ca72c436fb94,green_mirid_bug_00268,False,
train,Green mirid bug,green_mirid_bug_00269.jpg,2572d5a74cdccb5346ae219dbc294a4c,green_mirid_bug_00269,False,
train,Green mirid bug,green_mirid_bug_00270.jpg,d381c89e61c562c7b077d3968bf5e7e3,green_mirid_bug_00270,False,
train,Green mirid bug,green_mirid_bug_00273.jpg,3ec3050888f5daf0ca591f9a41fff433,green_mirid_bug_00273,False,
train,Green mirid bug,green_mirid_bug_00276.jpg,c7c11e52057852c5b04697472aa6df89,green_mirid_bug_00276,False,
train,Green mirid bug,green_mirid_bug_00277.jpg,6e75de08835eb74097ec3b273dea2c02,green_mirid_bug_00277,False,
train,Green mirid bug,green_mirid_bug_00278.jpg,8ed82ce49eb884e9f90cb3e08cb85e55,green_mirid_bug_00278,False,
train,Green mirid bug,green_mirid_bug_00279.jpg,64cfcaae60592f311721646ef681277a,green_mirid_bug_00279,False,
train,Green mirid bug,green_mirid_bug_00280.jpg,f23f7467090a3ef252fdca298eadbb85,green_mirid_bug_00280,False,
train,Green mirid bug,green_mirid_bug_00281.jpg,10d4b31156a4034ecd03dc37c133ca8b,green_mirid_bug_00281,False,
train,Green mirid bug,green_mirid_bug_00283.jpg,0da8ef3ce2307c4161818cc1a9ecc5c8,green_mirid_bug_00283,False,
train,Green mirid bug,green_mirid_bug_00284.jpg,f427b442a9aae58b463f289a0441805c,green_mirid_bug_00284,False,
train,Green mirid bug,green_mirid_bug_00285.jpg,e12363c4fd065069da312d01ae3621fc,green_mirid_bug_00285,False,
train,Green mirid bug,green_mirid_bug_00287.jpg,5eda2b35ed07fd7e2150e0c9b8360f7e,green_mirid_bug_00287,False,
train,Green mirid bug,green_mirid_bug_00288.jpg,5676963de7345dff71df393b1b845836,green_mirid_bug_00288,False,
train,Green mirid bug,green_mirid_bug_00289.jpg,81fce1a605c437922b6a5c34f3ef3a5b,green_mirid_bug_00289,False,
train,Green mirid bug,green_mirid_bug_00295.jpg,21f638eab57c411ddccbe9df5f34c89e,green_mirid_bug_00295,False,
train,Green mirid bug,green_mirid_bug_00296.jpg,4eb4948568646e7ff76e81d9b1a9e317,green_mirid_bug_00296,False,
train,Green mirid bug,green_mirid_bug_00297.jpg,858bafab99dbc3ab299b50981f2ec8e1,green_mirid_bug_00297,False,
train,Green mirid bug,green_mirid_bug_00298.jpg,6ce911f2f27a1f5cf5390b0c52eaa924,green_mirid_bug_00298,False,
train,Green mirid bug,green_mirid_bug_00299.jpg,4701f37627910138aaca5f6f1cc67b79,green_mirid_bug_00299,False,
train,Green mirid bug,green_mirid_bug_00300.jpg,7f844a83f29603942065d2a97490300d,green_mirid_bug_00300,False,
train,Green mirid bug,green_mirid_bug_00301.jpg,94d85a3810ee1125a9e5c57b517b9a04,green_mirid_bug_00301,False,
train,Green mirid bug,green_mirid_bug_00302.jpg,8ce7866a81d2852a048c80006bd1d604,green_mirid_bug_00302,False,
train,Green mirid bug,green_mirid_bug_00303.jpg,166a3da2a1cfa69e995207b32dfdabf8,green_mirid_bug_00303,False,
train,Green mirid bug,green_mirid_bug_00305.jpg,3a7baf06d9c978fb10b87005c94ac1b4,green_mirid_bug_00305,False,
train,Green mirid bug,green_mirid_bug_00306.jpg,a325a686f476e7ed327535ab3baa66c8,green_mirid_bug_00306,False,
train,Green mirid bug,green_mirid_bug_00309.jpg,189e96286dbbcf580767e93bcec9f80a,green_mirid_bug_00309,False,
train,Green mirid bug,green_mirid_bug_00310.jpg,85f60a06cbed7c4a5697bf820fde3aa8,green_mirid_bug_00310,False,
train,Green mirid bug,green_mirid_bug_00311.jpg,a58d4a97590622a2372524f1bd8be4a7,green_mirid_bug_00311,False,
train,Green mirid bug,green_mirid_bug_00312.jpg,46a7e255b3123335bd522302898f8491,green_mirid_bug_00312,False,
train,Green mirid bug,green_mirid_bug_00313.jpg,7b7902161d71d51f82339ca22f95f3f0,green_mirid_bug_00313,False,
train,Green mirid bug,green_mirid_bug_00315.jpg,d0caaa4a83be3c6a9f0cc1a3d63a4841,green_mirid_bug_00315,False,
train,Green mirid bug,green_mirid_bug_00316.jpg,730ce6f2de6f1b658083566022081f1e,green_mirid_bug_00316,False,
train,Green mirid bug,green_mirid_bug_00317.jpg,5940019c609599bd8c7ccb54d78d8671,green_mirid_bug_00317,False,
train,Green mirid bug,green_mirid_bug_00318.jpg,88ac9b3fe5e698307797fd860cb07626,green_mirid_bug_00318,False,
train,Green mirid bug,green_mirid_bug_00319.jpg,3577bf51ff9807bba225976cf9e343cc,green_mirid_bug_00319,False,
train,Green mirid bug,green_mirid_bug_00320.jpg,f1752225c4cbf0265a799f3384935c9c,green_mirid_bug_00320,False,
train,Green mirid bug,green_mirid_bug_00321.jpg,7e686a380c1019969056964f3e5edb53,green_mirid_bug_00321,False,
train,Green mirid bug,green_mirid_bug_00322.jpg,5ca6f26705336c72c0c1fda118dafa04,green_mirid_bug_00322,False,
train,Green mirid bug,green_mirid_bug_00323.jpg,04b3b9483f97e8815b7ba8c49a1e15bb,green_mirid_bug_00323,False,
train,Green mirid bug,green_mirid_bug_00324.jpg,859d926f75654fc6cf22070765856b44,green_mirid_bug_00324,False,
train,Green mirid bug,green_mirid_bug_00326.jpg,8203c5eed881258a3ca0ba0c5db001a7,green_mirid_bug_00326,False,
train,Green mirid bug,green_mirid_bug_00327.jpg,aa033d58d6ada714f5ff621b378910b4,green_mirid_bug_00327,False,
train,Green mirid bug,green_mirid_bug_00329.jpg,3ca340e57395a22a55d5030eeebb300c,green_mirid_bug_00329,False,
train,Green mirid bug,green_mirid_bug_00330.jpg,95b121b3f05a68c41f190de0ac9b03be,green_mirid_bug_00330,False,
train,Green mirid bug,green_mirid_bug_00331.jpg,20751b175cea1995575089f72f92686d,green_mirid_bug_00331,False,
train,Green mirid bug,green_mirid_bug_00335.jpg,4dc7e54d6ac58b511c908eef8f1627fa,green_mirid_bug_00335,False,
train,Green mirid bug,green_mirid_bug_00336.jpg,bbe7adf01d5227fbc76f14a2513e66f1,green_mirid_bug_00336,False,
train,Green mirid bug,green_mirid_bug_00339.jpg,ca67c584c5e7afcb28400190e90c786c,green_mirid_bug_00339,False,
train,Green mirid bug,green_mirid_bug_00341.jpg,1471ad64862cfbb9c9e21f7ccd166b12,green_mirid_bug_00341,False,
train,Green mirid bug,green_mirid_bug_00343.jpg,e2cdf5b6a44be069299963688e58d674,green_mirid_bug_00343,False,
train,Green mirid bug,green_mirid_bug_00344.jpg,e982010ae56ff770076478c514aa0b3b,green_mirid_bug_00344,False,
train,Green mirid bug,green_mirid_bug_00345.jpg,6739ef6400cdd5334553d05402a91e0d,green_mirid_bug_00345,False,
train,Green mirid bug,green_mirid_bug_00346.jpg,9e0a9a3b27730fcb71d3776fe0f175d4,green_mirid_bug_00346,False,
train,Green mirid bug,green_mirid_bug_00347.jpg,b93c127394ca8806d96e54937595c33a,green_mirid_bug_00347,False,
train,Green mirid bug,green_mirid_bug_00348.jpg,62f9e3db8a40271ccb0edd1ffe7fd9a9,green_mirid_bug_00348,False,
train,Green mirid bug,green_mirid_bug_00349.jpg,7c277ace9be37d6f794a839ab41bc724,green_mirid_bug_00349,False,
train,Green mirid bug,green_mirid_bug_00350.jpg,655d92e364610e5e8b770b36afe071c1,green_mirid_bug_00350,False,
train,Green mirid bug,green_mirid_bug_00351.jpg,8507f74e700f4e15c655a7e7aa47126c,green_mirid_bug_00351,False,
train,Green mirid bug,green_mirid_bug_00352.jpg,c8b8b7d306951b6c4b91b1e09fe539e8,green_mirid_bug_00352,False,
train,Green mirid bug,green_mirid_bug_00353.jpg,5e430376e334609447d5b9bd6d787e3b,green_mirid_bug_00353,False,
train,Green mirid bug,green_mirid_bug_00354.jpg,57adc5e7c1be4cf3be7c8d5a18aad949,green_mirid_bug_00354,False,
train,Green mirid bug,green_mirid_bug_00356.jpg,3f3aeb8a68f24039669392768a1cb2d1,green_mirid_bug_00356,False,
train,Green mirid bug,green_mirid_bug_00358.jpg,027ef101bb20da1fdf8b8a690358c3ff,green_mirid_bug_00358,False,
train,Green mirid bug,green_mirid_bug_00361.jpg,060544a6395f2f021e4f17e984ce0ddb,green_mirid_bug_00361,False,
train,Green mirid bug,green_mirid_bug_00365.jpg,70d571fcc20dd6fb1340de0b11740628,green_mirid_bug_00365,False,
train,Green mirid bug,green_mirid_bug_00366.jpg,8b9b5c1a8c900c0924fbae138a2bd7e8,green_mirid_bug_00366,False,
train,Green mirid bug,green_mirid_bug_00367.jpg,5eef4962a1bb4d01f236a5ae67defee5,green_mirid_bug_00367,False,
train,Green mirid bug,green_mirid_bug_00372.jpg,1cfe5b2672474a5cfe524383be47cc00,green_mirid_bug_00372,False,
train,Green mirid bug,green_mirid_bug_00373.jpg,5306f6b7e3876200df697443ae9cac46,green_mirid_bug_00373,False,
train,Green mirid bug,green_mirid_bug_00374.jpg,646e9787d0a1d3b375c746088b50a6ec,green_mirid_bug_00374,False,
train,Green mirid bug,green_mirid_bug_00377.jpg,489bb0c195dcced1b8cce9e479afe67b,green_mirid_bug_00377,False,
train,Green mirid bug,green_mirid_bug_00378.jpg,eab9afe8b8e42b0843c73481f6f3fb08,green_mirid_bug_00378,False,
train,Green mirid bug,green_mirid_bug_00379.jpg,54ec41b882a7d82eb1b664215de26b9b,green_mirid_bug_00379,False,
train,Green mirid bug,green_mirid_bug_00380.jpg,972582efa3a9c5707c1409d56214d352,green_mirid_bug_00380,False,
train,Green mirid bug,green_mirid_bug_00383.jpg,3a40988c7d0d219e3ed6e90adfde28b1,green_mirid_bug_00383,False,
train,Green mirid bug,green_mirid_bug_00385.jpg,10b5621490bd585162b3320e5a401eb3,green_mirid_bug_00385,False,
train,Green mirid bug,green_mirid_bug_00388.jpg,700bbb531c7b876507ad64f921be97c4,green_mirid_bug_00388,False,
train,Green mirid bug,green_mirid_bug_00390.jpg,279e1fd5906db3772b4eaa0bdf8fc1bc,green_mirid_bug_00390,False,
train,Green mirid bug,green_mirid_bug_00391.jpg,c224025a75afcbb50f951133a2e03c88,green_mirid_bug_00391,False,
train,Green mirid bug,green_mirid_bug_00393.jpg,87777dd2eebfc2fa3b69f7fc9c94e983,green_mirid_bug_00393,False,
train,Green mirid bug,green_mirid_bug_00395.jpg,9eda816277039107433e58e6ba4f11af,green_mirid_bug_00395,False,
train,Green mirid bug,green_mirid_bug_00398.jpg,975199d8b903c50f0373a428735f9679,green_mirid_bug_00398,False,
train,Green mirid bug,green_mirid_bug_00399.jpg,7d849c664b423784d54a1b893d7b3259,green_mirid_bug_00399,False,
train,Green mirid bug,green_mirid_bug_00401.jpg,9592b781f7d257f336860cabd1d12b18,green_mirid_bug_00401,False,
train,Green mirid bug,green_mirid_bug_00404.jpg,1bca41c9c0ccb0e4b49684aeb1772c9b,green_mirid_bug_00404,False,
train,Green mirid bug,green_mirid_bug_00405.jpg,66e4600bd290f1c145057dc5615a83d3,green_mirid_bug_00405,False,
train,Green mirid bug,green_mirid_bug_00412.jpg,5c5b48edf80516969b3eb0e8e314e7b9,green_mirid_bug_00412,False,
train,Green mirid bug,green_mirid_bug_00414.jpg,f0360dbced6cc8e21d214388b77eeffc,green_mirid_bug_00414,False,
train,Green mirid bug,green_mirid_bug_00416.jpg,c145dffff3770e3e69eeeafdb7932753,green_mirid_bug_00416,False,
train,Green mirid bug,green_mirid_bug_00417.jpg,28d54542b7822d349592aa428091291c,green_mirid_bug_00417,False,
train,Green mirid bug,green_mirid_bug_00418.jpg,50fa4e474fe9e89c06b93d97909f02f4,green_mirid_bug_00418,False,
train,Green mirid bug,green_mirid_bug_00419.jpg,17a4577083861aa29200214cf2a39cae,green_mirid_bug_00419,False,
train,Green mirid bug,green_mirid_bug_00420.jpg,b5b7029f3f106fc2c03fa32a6f355a54,green_mirid_bug_00420,False,
train,Green mirid bug,green_mirid_bug_00421.jpg,987e7aa510a0ddc3228a0c6dd7a7ecfa,green_mirid_bug_00421,False,
train,Green mirid bug,green_mirid_bug_00422.jpg,5ff1b245e772707dd5eead3a80a66d30,green_mirid_bug_00422,False,
train,Green mirid bug,green_mirid_bug_00424.jpg,835ec57818e85e69e81f806451fc74db,green_mirid_bug_00424,False,
train,Green mirid bug,green_mirid_bug_00425.jpg,d0bf3edc9559a5e321c8b9687236bd8c,green_mirid_bug_00425,False,
train,Green mirid bug,green_mirid_bug_00428.jpg,1cc3eb334c0e5491f34faa9dfd1dff83,green_mirid_bug_00428,False,
train,Green mirid bug,green_mirid_bug_00429.jpg,f5f4a95e16fcf323dbba0524ea9beddb,green_mirid_bug_00429,False,
train,Green mirid bug,green_mirid_bug_00430.jpg,7a9e0c9b7aac17e790f6b0f035334ae1,green_mirid_bug_00430,False,
train,Green mirid bug,green_mirid_bug_00431.jpg,9b78b8e1bfa2d8504e9cf479b8cd8f0e,green_mirid_bug_00431,False,
train,Green mirid bug,green_mirid_bug_00432.jpg,eeb25d91e5117c232c3e49d8b152df5f,green_mirid_bug_00432,False,
train,Green mirid bug,green_mirid_bug_00435.jpg,b450a64c85e684b3d63af48a0c742a75,green_mirid_bug_00435,False,
train,Green mirid bug,green_mirid_bug_00437.jpg,908c64159ee8ab55234527ff54ba90bb,green_mirid_bug_00437,False,
train,Green mirid bug,green_mirid_bug_00439.jpg,4f35ab67047d07bb6406aa81bc8e43a5,green_mirid_bug_00439,False,
train,Green mirid bug,green_mirid_bug_00440.jpg,a8a736c6039bea7c6e3730e702f23c2c,green_mirid_bug_00440,False,
train,Green mirid bug,green_mirid_bug_00443.jpg,7f7ecae8f0f7273704fac0bd71fb8a8b,green_mirid_bug_00443,False,
train,Green mirid bug,green_mirid_bug_00444.jpg,d8e91b5fe378cea6b10245f0c16ba5e8,green_mirid_bug_00444,False,
train,Green mirid bug,green_mirid_bug_00446.jpg,dcd26e941c312bc3e131078ab75d4a8a,green_mirid_bug_00446,False,
train,Green mirid bug,green_mirid_bug_00448.jpg,d1e0b53d7d5c10d6f21dbe54c23d6619,green_mirid_bug_00448,False,
train,Green mirid bug,green_mirid_bug_00449.jpg,579ccb503080e6de10c9840221ba5b7e,green_mirid_bug_00449,False,
train,Green mirid bug,green_mirid_bug_00450.jpg,848e334e18b0ef84a3b865d0825893f3,green_mirid_bug_00450,False,
train,Green mirid bug,green_mirid_bug_00451.jpg,08d586596e8b514c7f1cb0734cb31611,green_mirid_bug_00451,False,
train,Green mirid bug,green_mirid_bug_00452.jpg,4fba7f4ecff3dfe71306fb5d0c8e12d9,green_mirid_bug_00452,False,
train,Green mirid bug,green_mirid_bug_00453.jpg,aff44b30cddf06db2c570b926505381f,green_mirid_bug_00453,False,
train,Green mirid bug,green_mirid_bug_00457.jpg,d8fa9c887476750214a9ed2c32d2b4a5,green_mirid_bug_00457,False,
train,Green mirid bug,green_mirid_bug_00458.jpg,6d17706bf047062ebc65089eefdc70f0,green_mirid_bug_00458,False,
train,Green mirid bug,green_mirid_bug_00459.jpg,57c76ed695d39394551b7214dc3cd4de,green_mirid_bug_00459,False,
train,Green mirid bug,green_mirid_bug_00461.jpg,c9efd2fb8a9821889ec292fdf17202b3,green_mirid_bug_00461,False,
train,Green mirid bug,green_mirid_bug_00462.jpg,a8bdb056eb27806f781fb465f2916c79,green_mirid_bug_00462,False,
train,Green mirid bug,green_mirid_bug_00463.jpg,155467cbfcdf26890ec1fdf2464d01a2,green_mirid_bug_00463,False,
train,Green mirid bug,green_mirid_bug_00464.jpg,07312eb9058fa7ab1ee5318fc1aece44,green_mirid_bug_00464,False,
train,Green mirid bug,green_mirid_bug_00465.jpg,cad76ec70dd62125bc1cf3dbea52ba29,green_mirid_bug_00465,False,
train,Green mirid bug,green_mirid_bug_00466.jpg,ee94523b18e98549301c8d9bf211286a,green_mirid_bug_00466,False,
train,Green mirid bug,green_mirid_bug_00467.jpg,d528d1b5d0f8f6e0e29f307405c1ec05,green_mirid_bug_00467,False,
train,Green mirid bug,green_mirid_bug_00468.jpg,6919d838ae0dd79543ffff0b9f160bc4,green_mirid_bug_00468,False,
train,Green mirid bug,green_mirid_bug_00469.jpg,1e5322fe2911c77c6597e57e8430a8e3,green_mirid_bug_00469,False,
train,Green mirid bug,green_mirid_bug_00472.jpg,d4bc0e3ccc7114a51226ca22e82bb363,green_mirid_bug_00472,False,
train,Green mirid bug,green_mirid_bug_00473.jpg,0cfe5a2b6dd5b3b32dd9abc04ceef38d,green_mirid_bug_00473,False,
train,Green mirid bug,green_mirid_bug_00474.jpg,c73368bb52dc83dd83a035202fbdb899,green_mirid_bug_00474,False,
train,Green mirid bug,green_mirid_bug_00475.jpg,df9e5d8964cf0cad84e5353b45901d39,green_mirid_bug_00475,False,
train,Green mirid bug,green_mirid_bug_00476.jpg,43af78c51bde5fc558e6ff8883ff44da,green_mirid_bug_00476,False,
train,Green mirid bug,green_mirid_bug_00477.jpg,b07081eccc4eba8d0efdf809d6798e0e,green_mirid_bug_00477,False,
train,Green mirid bug,green_mirid_bug_00478.jpg,ed93872a1d9158eda51da0b229d117bb,green_mirid_bug_00478,False,
train,Green mirid bug,green_mirid_bug_00479.jpg,9e4ecfe7b7edda8397cb37df35f21998,green_mirid_bug_00479,False,
train,Green mirid bug,green_mirid_bug_00481.jpg,a02bed8859c99760943cc032ef145bdd,green_mirid_bug_00481,False,
train,Green mirid bug,green_mirid_bug_00482.jpg,d0853e4b0a47918b1af5ffc09f2f40f8,green_mirid_bug_00482,False,
train,Green mirid bug,green_mirid_bug_00485.jpg,504ff3b41987894df8d1724bfd50bd8d,green_mirid_bug_00485,False,
train,Green mirid bug,green_mirid_bug_00487.jpg,d46dbbb958416aec52e7c34093e0da6c,green_mirid_bug_00487,False,
train,Green mirid bug,green_mirid_bug_00488.jpg,9ea0d02d48b617d2c16da9942edfcfe0,green_mirid_bug_00488,False,
train,Green mirid bug,green_mirid_bug_00491.jpg,dc4629cd4caab12bb7baaf05f7fef72f,green_mirid_bug_00491,False,
train,Green mirid bug,green_mirid_bug_00492.jpg,b39c80b45e7acb95fc71198dc62f3ee1,green_mirid_bug_00492,False,
train,Green mirid bug,green_mirid_bug_00493.jpg,7ba476b78937ea5b302e50edcaf51519,green_mirid_bug_00493,False,
train,Green mirid bug,green_mirid_bug_00494.jpg,0618030585cea5b886effb02515a7881,green_mirid_bug_00494,False,
train,Green mirid bug,green_mirid_bug_00495.jpg,dfd12611d878de82d4401a762e9423c4,green_mirid_bug_00495,False,
train,Green mirid bug,green_mirid_bug_00496.jpg,4869e141e0f842144c96b9da2715b51d,green_mirid_bug_00496,False,
train,Green mirid bug,green_mirid_bug_00498.jpg,ad14ad074859e2cfb9b5ad8b61a5eec1,green_mirid_bug_00498,False,
train,Green mirid bug,green_mirid_bug_00499.jpg,7b901413690faf9036c8cb6f20b81aaf,green_mirid_bug_00499,False,
train,Green mirid bug,green_mirid_bug_00502.jpg,60bc6d6b0e15a2aadebb9744c768a35b,green_mirid_bug_00502,False,
train,Green mirid bug,green_mirid_bug_00503.jpg,7030304b22c39c73b6d7e8fbdec31e96,green_mirid_bug_00503,False,
train,Green mirid bug,green_mirid_bug_00504.jpg,6b7ae6359da03ceab915ba278315f1ba,green_mirid_bug_00504,False,
train,Green mirid bug,green_mirid_bug_00506.jpg,57202be7929ee8589c5c7348220c483e,green_mirid_bug_00506,False,
train,Green mirid bug,green_mirid_bug_00507.jpg,16bb6fc24362bb963431b39a31c0d911,green_mirid_bug_00507,False,
train,Green mirid bug,green_mirid_bug_00508.jpg,00f45a40b3ca4e1bf5da283942a5eedd,green_mirid_bug_00508,False,
train,Green mirid bug,green_mirid_bug_00509.jpg,10c5ba5b4a0288c43a825d0e3a221a59,green_mirid_bug_00509,False,
train,Green mirid bug,green_mirid_bug_00511.jpg,ce197f2d15856b7d50c76debd056b60c,green_mirid_bug_00511,False,
train,Green mirid bug,green_mirid_bug_00512.jpg,5be7f5332f59213be9aa2c2907a3c5b2,green_mirid_bug_00512,False,
train,Green mirid bug,green_mirid_bug_00514.jpg,925e89616b6bcef5d684fece899a8a3e,green_mirid_bug_00514,False,
train,Green mirid bug,green_mirid_bug_00515.jpg,36d395a978e48a2d0fd6e4ced15bd98a,green_mirid_bug_00515,False,
train,Green mirid bug,green_mirid_bug_00516.jpg,af2f37c259aa32f2ce91c93a608a6cc1,green_mirid_bug_00516,False,
train,Green mirid bug,green_mirid_bug_00517.jpg,e766c35d45ec95a20371835c94a3959b,green_mirid_bug_00517,False,
train,Green mirid bug,green_mirid_bug_00518.jpg,547e091550f6082bbfbfd1f228b1b1a8,green_mirid_bug_00518,False,
train,Green mirid bug,green_mirid_bug_00519.jpg,70308aa65634ad9c170c6eabda9edc31,green_mirid_bug_00519,False,
train,Green mirid bug,green_mirid_bug_00521.jpg,46f9bd0af27dbcf33f8b37d755a7f7df,green_mirid_bug_00521,False,
train,Green mirid bug,green_mirid_bug_00522.jpg,5ae72fbe030a0443772a59f85424ffeb,green_mirid_bug_00522,False,
train,Green mirid bug,green_mirid_bug_00525.jpg,c873711e478f8a27b9dcee736abf246a,green_mirid_bug_00525,False,
train,Green mirid bug,green_mirid_bug_00527.jpg,56d7359fd3357e50d36dd78c540c589f,green_mirid_bug_00527,False,
train,Green mirid bug,green_mirid_bug_00529.jpg,99d98c4977f7608615f1f09fee1520c9,green_mirid_bug_00529,False,
train,Green mirid bug,green_mirid_bug_00531.jpg,911e6a6bc785b290a2caefe1b71dcf32,green_mirid_bug_00531,False,
train,Green mirid bug,green_mirid_bug_00532.jpg,6f9ccdcde436a04bce115d56637a7ce7,green_mirid_bug_00532,False,
train,Green mirid bug,green_mirid_bug_00533.jpg,4fd1dd8f6579ed029ad8914ead2e5796,green_mirid_bug_00533,False,
train,Green mirid bug,green_mirid_bug_00534.jpg,1981f30ab483f42a9fdcd082e09745c5,green_mirid_bug_00534,False,
train,Green mirid bug,green_mirid_bug_00535.jpg,9efb5e232db00a190ff117631ce72809,green_mirid_bug_00535,False,
train,Green mirid bug,green_mirid_bug_00536.jpg,81699924ad30faf4394821fecc629fdd,green_mirid_bug_00536,False,
train,Green mirid bug,green_mirid_bug_00538.jpg,ee007c85758682af979ed90e192349b9,green_mirid_bug_00538,False,
train,Green mirid bug,green_mirid_bug_00539.jpg,6f7215a2eae824515c0e9d1266542b2b,green_mirid_bug_00539,False,
train,Green mirid bug,green_mirid_bug_00540.jpg,bb55560fc7b8fac109bc7654d0aa3318,green_mirid_bug_00540,False,
train,Green mirid bug,green_mirid_bug_00541.jpg,ab069efb172ce2c934206b17d0542f99,green_mirid_bug_00541,False,
train,Green mirid bug,green_mirid_bug_00542.jpg,6082ec60794c28f1440bc43acd92b0d2,green_mirid_bug_00542,False,
train,Green mirid bug,green_mirid_bug_00543.jpg,2a9c7c23d72d5264550b6d8ba68458b0,green_mirid_bug_00543,False,
train,Green mirid bug,green_mirid_bug_00544.jpg,a1109f260f0dea020ed9c6713fca9438,green_mirid_bug_00544,False,
train,Green mirid bug,green_mirid_bug_00546.jpg,c37b93db4fb872db90802953710e6c2d,green_mirid_bug_00546,False,
train,Green mirid bug,green_mirid_bug_00547.jpg,6c1e834ae88159e092c92f4ebcad4642,green_mirid_bug_00547,False,
train,Green mirid bug,green_mirid_bug_00548.jpg,d4cddfc86042e6a780701332c294254f,green_mirid_bug_00548,False,
train,Green mirid bug,green_mirid_bug_00550.jpg,d2f2c2decb410e797b6c62eb43339534,green_mirid_bug_00550,False,
train,Green mirid bug,green_mirid_bug_00551.jpg,ccca7b86add51c362ecd4791367a2850,green_mirid_bug_00551,False,
train,Green mirid bug,green_mirid_bug_00553.jpg,ce00b5366cc4a3b807ce674b96455fe2,green_mirid_bug_00553,False,
train,Green mirid bug,green_mirid_bug_00554.jpg,5a7b88320e466e2a2da5f28b18fc2938,green_mirid_bug_00554,False,
train,Green mirid bug,green_mirid_bug_00555.jpg,863485b5eb53b4bce6175ec62ecf8ee2,green_mirid_bug_00555,False,
train,Green mirid bug,green_mirid_bug_00556.jpg,aeee7be6d5241c355fbef90b068182f2,green_mirid_bug_00556,False,
train,Green mirid bug,green_mirid_bug_00557.jpg,e25bda0c6a047af782a747613f5fc53f,green_mirid_bug_00557,False,
train,Green mirid bug,green_mirid_bug_00558.jpg,d1c8fd84db5cea5588e0eac2e03596ea,green_mirid_bug_00558,False,
train,Green mirid bug,green_mirid_bug_00560.jpg,0bc7498c9ef165cf0a1f62c014023aa3,green_mirid_bug_00560,False,
train,Green mirid bug,green_mirid_bug_00562.jpg,fdc85f3569c42b55a89f657b0d74728e,green_mirid_bug_00562,False,
train,Green mirid bug,green_mirid_bug_00563.jpg,a5c79af9959589443a2c98a5967404b6,green_mirid_bug_00563,False,
train,Green mirid bug,green_mirid_bug_00564.jpg,c75521fe4206dcfb6f6561e48c26ba03,green_mirid_bug_00564,False,
train,Green mirid bug,green_mirid_bug_00565.jpg,159acf1e98074d34ba07b21ba1137bcb,green_mirid_bug_00565,False,
train,Green mirid bug,green_mirid_bug_00568.jpg,73210749a0b0acaef8f22ebdc02b937d,green_mirid_bug_00568,False,
train,Green mirid bug,green_mirid_bug_00569.jpg,63993612f4fe4a15da796d2644fa7d5c,green_mirid_bug_00569,False,
train,Green mirid bug,green_mirid_bug_00570.jpg,f22af76096628f0f6d3fc6fae88b10a7,green_mirid_bug_00570,False,
train,Green mirid bug,green_mirid_bug_00571.jpg,b1a9fbddb3bbd5e8fb9c16724205d803,green_mirid_bug_00571,False,
train,Green mirid bug,green_mirid_bug_00572.jpg,9c690d72bc35f7088efa0ef8550290d3,green_mirid_bug_00572,False,
train,Green mirid bug,green_mirid_bug_00573.jpg,504a400b63952157c578052d6e920e4b,green_mirid_bug_00573,False,
train,Green mirid bug,green_mirid_bug_00574.jpg,184370e2981d1538e88db86ca5d96489,green_mirid_bug_00574,False,
train,Green mirid bug,green_mirid_bug_00575.jpg,006ef97408ad74f4362644b8d073633c,green_mirid_bug_00575,False,
train,Green mirid bug,green_mirid_bug_00576.jpg,50d68b091c95d2418127d4ae92b39d21,green_mirid_bug_00576,False,
train,Green mirid bug,green_mirid_bug_00577.jpg,da817313586f2195cea694ae2e61c9bd,green_mirid_bug_00577,False,
train,Green mirid bug,green_mirid_bug_00578.jpg,258651d1ddd9a6421b2a2f79e71cc37d,green_mirid_bug_00578,False,
train,Green mirid bug,green_mirid_bug_00581.jpg,95872006770ac2ea26108549fad34446,green_mirid_bug_00581,False,
train,Green mirid bug,green_mirid_bug_00582.jpg,48e8e54f600461efc37c1ecdb230640a,green_mirid_bug_00582,False,
train,Green mirid bug,green_mirid_bug_00584.jpg,33a43ac8322ac3415772708a9b54809f,green_mirid_bug_00584,False,
train,Green mirid bug,green_mirid_bug_00585.jpg,81c88fe396ab42123b3e2e105fff398c,green_mirid_bug_00585,False,
train,Green mirid bug,green_mirid_bug_00586.jpg,18a924ead7b8f639ea187149e87bb8c6,green_mirid_bug_00586,False,
train,Green mirid bug,green_mirid_bug_00588.jpg,1c63d0454c876352ca0f38aeeb2c037d,green_mirid_bug_00588,False,
train,Green mirid bug,green_mirid_bug_00589.jpg,7264a5e919bfd429361af60b100b01fb,green_mirid_bug_00589,False,
train,Green mirid bug,green_mirid_bug_00590.jpg,6d3582c28652375ac2539e722a8d3311,green_mirid_bug_00590,False,
train,Green mirid bug,green_mirid_bug_00591.jpg,4c9201149b402a027f3730b4bae9ff33,green_mirid_bug_00591,False,
train,Green mirid bug,green_mirid_bug_00593.jpg,9beca933011b9917c7da6249d0fa1eee,green_mirid_bug_00593,False,
train,Green mirid bug,green_mirid_bug_00595.jpg,0059e0f027fcfc40e5b690e354f7fe8d,green_mirid_bug_00595,False,
train,Green mirid bug,green_mirid_bug_00596.jpg,3da9b0cc3c208c6912fc45e33c601772,green_mirid_bug_00596,False,
train,Green mirid bug,green_mirid_bug_00598.jpg,f900d9cc599706f80bf996b97ed05ae3,green_mirid_bug_00598,False,
train,Green mirid bug,green_mirid_bug_00599.jpg,62c37e747b9f25ca4ffbcd869821db30,green_mirid_bug_00599,False,
train,Green mirid bug,green_mirid_bug_00600.jpg,3ca158a2d73fd56d1246b177364f360e,green_mirid_bug_00600,False,
train,Green mirid bug,green_mirid_bug_00601.jpg,7e98e8cdfc00b6e5092ff91b12e2171f,green_mirid_bug_00601,False,
train,Green mirid bug,green_mirid_bug_00603.jpg,d93b89e058faa40a4833841989d6a18d,green_mirid_bug_00603,False,
train,Green mirid bug,green_mirid_bug_00604.jpg,3fce75ad7580d3ce6317989d352a5197,green_mirid_bug_00604,False,
train,Green mirid bug,green_mirid_bug_00605.jpg,18cfdf30d8134d21bb4e6476424c465c,green_mirid_bug_00605,False,
train,Green mirid bug,green_mirid_bug_00606.jpg,8599ca7f5205c4f8f5e392855e4b5c9f,green_mirid_bug_00606,False,
train,Green mirid bug,green_mirid_bug_00608.jpg,bf4f2f6509cec4529074ac97e4982ea6,green_mirid_bug_00608,False,
train,Green mirid bug,green_mirid_bug_00610.jpg,76a13cdfdf71f2394897d8d762bc92a9,green_mirid_bug_00610,False,
train,Green mirid bug,green_mirid_bug_00613.jpg,2095d953d9984390eccdfef11e9c763d,green_mirid_bug_00613,False,
train,Green mirid bug,green_mirid_bug_00615.jpg,48e4ef68d360e718e924bf449393c1a1,green_mirid_bug_00615,False,
train,Green mirid bug,green_mirid_bug_00616.jpg,0da99965d1b3d50f3389e2539e82af0d,green_mirid_bug_00616,False,
train,Green mirid bug,green_mirid_bug_00617.jpg,817bb73b59570d6d3a76b02ca65b7659,green_mirid_bug_00617,False,
train,Green mirid bug,green_mirid_bug_00618.jpg,109dec796efd2d430e4296696cb97b18,green_mirid_bug_00618,False,
train,Green mirid bug,green_mirid_bug_00619.jpg,ed219e387025bfd00233efa4b2161885,green_mirid_bug_00619,False,
train,Green mirid bug,green_mirid_bug_00620.jpg,7821c647790695dc2ac760d429d736ab,green_mirid_bug_00620,False,
train,Green mirid bug,green_mirid_bug_00621.jpg,6d2aa122d1036ef2d9e92ac28aad42d2,green_mirid_bug_00621,False,
train,Green mirid bug,green_mirid_bug_00622.jpg,f6da07173f6aa3cb87de4395222f629f,green_mirid_bug_00622,False,
train,Green mirid bug,green_mirid_bug_00623.jpg,3e4218e9ca44191ea761910f560a5836,green_mirid_bug_00623,False,
train,Green mirid bug,green_mirid_bug_00626.jpg,c92d4ae2f6e81d4f14fe64f18fe11820,green_mirid_bug_00626,False,
train,Green mirid bug,green_mirid_bug_00627.jpg,36e020695e2611176d7242495e4d6667,green_mirid_bug_00627,False,
train,Green mirid bug,green_mirid_bug_00630.jpg,a6ee2129443391fb57b9b2ae6b4a3c90,green_mirid_bug_00630,False,
train,Green mirid bug,green_mirid_bug_00631.jpg,be82fdd41bf17f362f7b639f9a9ec52d,green_mirid_bug_00631,False,
train,Green mirid bug,green_mirid_bug_00632.jpg,2a73121dfc1fbf02884d043afcbe9c52,green_mirid_bug_00632,False,
train,Green mirid bug,green_mirid_bug_00633.jpg,fa26e913e88000f98f54482e9714fdd7,green_mirid_bug_00633,False,
train,Green mirid bug,green_mirid_bug_00634.jpg,147e29be46ccb78c99d182c910d2a8b6,green_mirid_bug_00634,False,
train,Green mirid bug,green_mirid_bug_00635.jpg,9bd350def34a7ba6a86870e1951ed3d8,green_mirid_bug_00635,False,
train,Green mirid bug,green_mirid_bug_00637.jpg,fd07903a492de6d104c217be9aba1181,green_mirid_bug_00637,False,
train,Green mirid bug,green_mirid_bug_00638.jpg,8aaaf9ad7e5e91087dc35063011c8f66,green_mirid_bug_00638,False,
train,Green mirid bug,green_mirid_bug_00639.jpg,d7ebb237e8c5055c085f13c6646adfc3,green_mirid_bug_00639,False,
train,Green mirid bug,green_mirid_bug_00641.jpg,29b5630e6e80814c26a116170e91f722,green_mirid_bug_00641,False,
train,Green mirid bug,green_mirid_bug_00642.jpg,330398341b53675801903a6dfc0ab8c0,green_mirid_bug_00642,False,
train,Green mirid bug,green_mirid_bug_00643.jpg,5c851e069873daed46db3561ea53bccb,green_mirid_bug_00643,False,
train,Green mirid bug,green_mirid_bug_00645.jpg,1d5d9905ccd2adb99740fa129b38d4c5,green_mirid_bug_00645,False,
train,Green mirid bug,green_mirid_bug_00646.jpg,f709b9f890f9d5f669563f426885b43f,green_mirid_bug_00646,False,
train,Green mirid bug,green_mirid_bug_00647.jpg,60351acee309d18149a514369a6e4001,green_mirid_bug_00647,False,
train,Green mirid bug,green_mirid_bug_00648.jpg,64a8022f7ca491371f91711857ab7ae1,green_mirid_bug_00648,False,
train,Green mirid bug,green_mirid_bug_00649.jpg,23e3aba8454c3d16b0c1c6b74f4bd6f5,green_mirid_bug_00649,False,
train,Green mirid bug,green_mirid_bug_00651.jpg,fd2c33630416b891f4cd49d8cf2543ce,green_mirid_bug_00651,False,
train,Green mirid bug,green_mirid_bug_00652.jpg,bec8953852ce2259504fd019e43bcd8e,green_mirid_bug_00652,False,
train,Green mirid bug,green_mirid_bug_00653.jpg,dcb643a6f6e3838fc152302ac268f110,green_mirid_bug_00653,False,
train,Green mirid bug,green_mirid_bug_00654.jpg,c37c1876aa016946247d80b0ab28584f,green_mirid_bug_00654,False,
train,Green mirid bug,green_mirid_bug_00655.jpg,392ec6e59e97c9ef6999d622b0cb419e,green_mirid_bug_00655,False,
train,Green mirid bug,green_mirid_bug_00656.jpg,d67f862bb89cea8d2bb4cbde366f6221,green_mirid_bug_00656,False,
train,Green mirid bug,green_mirid_bug_00658.jpg,f08e5096cd9e9c099537b16edfc4db3e,green_mirid_bug_00658,False,
train,Green mirid bug,green_mirid_bug_00659.jpg,218e231328593a1d92b0c0e74df4e046,green_mirid_bug_00659,False,
train,Green mirid bug,green_mirid_bug_00660.jpg,4fb36b8c5da7b3794d413fd1fd17a087,green_mirid_bug_00660,False,
train,Green mirid bug,green_mirid_bug_00661.jpg,726e97b1447848a8c3d826dcdc260b23,green_mirid_bug_00661,False,
train,Green mirid bug,green_mirid_bug_00662.jpg,7ae65583e6a1149997111c888205a832,green_mirid_bug_00662,False,
train,Green mirid bug,green_mirid_bug_00665.jpg,814d53dfda6942204cb92beb6441fc69,green_mirid_bug_00665,False,
train,Green mirid bug,green_mirid_bug_00667.jpg,b27b5853b601be71c7ccf921042b9e78,green_mirid_bug_00667,False,
train,Green mirid bug,green_mirid_bug_00668.jpg,24c06b10579720ec38a5565fca1a71b2,green_mirid_bug_00668,False,
train,Green mirid bug,green_mirid_bug_00670.jpg,e9ec34718dd9b09c116c2bf90562cb8b,green_mirid_bug_00670,False,
train,Green mirid bug,green_mirid_bug_00671.jpg,092ed808656c57eb93043612fd60690b,green_mirid_bug_00671,False,
train,Green mirid bug,green_mirid_bug_00672.jpg,f68825097b0c38bcf7e9ed38ea81711e,green_mirid_bug_00672,False,
train,Green mirid bug,green_mirid_bug_00675.jpg,0bf176a4b64d9a7a42320ae41983dfda,green_mirid_bug_00675,False,
train,Green mirid bug,green_mirid_bug_00676.jpg,57c5488bbbc8a4432829d059b141fe1d,green_mirid_bug_00676,False,
train,Green mirid bug,green_mirid_bug_00677.jpg,641a42e95a698403298ed213884c8a3b,green_mirid_bug_00677,False,
train,Green mirid bug,green_mirid_bug_00678.jpg,1e070990b365962714173e3480692889,green_mirid_bug_00678,False,
train,Green mirid bug,green_mirid_bug_00679.jpg,6c025e605a03cb14f379753e4d6ddb58,green_mirid_bug_00679,False,
train,Green mirid bug,green_mirid_bug_00680.jpg,4a958bbc02087e56652fde765d9d38c2,green_mirid_bug_00680,False,
train,Green mirid bug,green_mirid_bug_00681.jpg,70ee3ab916d55f5c6381cd11557726ea,green_mirid_bug_00681,False,
train,Green mirid bug,green_mirid_bug_00683.jpg,02399fc17a4495ca9b4b78c27f97e6df,green_mirid_bug_00683,False,
train,Green mirid bug,green_mirid_bug_00685.jpg,2ac303be93dc34ef68db189f50b3da7c,green_mirid_bug_00685,False,
train,Green mirid bug,green_mirid_bug_00686.jpg,517b3021e909f87d264a19bf5c0b1c35,green_mirid_bug_00686,False,
train,Green mirid bug,green_mirid_bug_00688.jpg,499c11d44505142642cfbc9db88048a2,green_mirid_bug_00688,False,
train,Green mirid bug,green_mirid_bug_00690.jpg,6fa13b09e92af120f4fce5d638b47af8,green_mirid_bug_00690,False,
train,Green mirid bug,green_mirid_bug_00691.jpg,357b24af704dad3e8d38c24a2612ac6e,green_mirid_bug_00691,False,
train,Green mirid bug,green_mirid_bug_00692.jpg,cbf0bc75e75f84f64a7a2a1288a40380,green_mirid_bug_00692,False,
train,Green mirid bug,green_mirid_bug_00693.jpg,cd375c8be110174b0d49d708babdf537,green_mirid_bug_00693,False,
train,Green mirid bug,green_mirid_bug_00695.jpg,72b96a0bb263c462803aa127616fda69,green_mirid_bug_00695,False,
train,Green mirid bug,green_mirid_bug_00696.jpg,dc381c0f9d0fd0fe44fba2f56a04b154,green_mirid_bug_00696,False,
train,Green mirid bug,green_mirid_bug_00697.jpg,31be6ad109fe3cd1b658ef36c4032118,green_mirid_bug_00697,False,
train,Green mirid bug,green_mirid_bug_00698.jpg,e393165d436572f3e605770f785b7153,green_mirid_bug_00698,False,
train,Green mirid bug,green_mirid_bug_00699.jpg,53058973a7e3551d008d4dbc381c24cc,green_mirid_bug_00699,False,
train,Green mirid bug,green_mirid_bug_00700.jpg,98c3154291bbc14e35a245caae272891,green_mirid_bug_00700,False,
train,Green mirid bug,green_mirid_bug_00702.jpg,5a54cd55386b875f4816e1d85de940ae,green_mirid_bug_00702,False,
train,Green mirid bug,green_mirid_bug_00704.jpg,c6ba0f75ff6cd1b12992b6d8c56a2754,green_mirid_bug_00704,False,
train,Green mirid bug,green_mirid_bug_00705.jpg,0b5040c2f400813a29084fdb012b3a0f,green_mirid_bug_00705,False,
train,Green mirid bug,green_mirid_bug_00707.jpg,66798885dba7777f129f72353054af5b,green_mirid_bug_00707,False,
train,Green mirid bug,green_mirid_bug_00708.jpg,87443e3bb5713a21a9e0c7818eb62cf2,green_mirid_bug_00708,False,
train,Green mirid bug,green_mirid_bug_00710.jpg,26b90d42ee56f47e27d8ff366fc92480,green_mirid_bug_00710,False,
train,Green mirid bug,green_mirid_bug_00711.jpg,74b44d52f967f86840f8ec51e651779f,green_mirid_bug_00711,False,
train,Green mirid bug,green_mirid_bug_00712.jpg,5f582f90d5aa00f48ce05d04913f3869,green_mirid_bug_00712,False,
train,Green mirid bug,green_mirid_bug_00715.jpg,a2ccea538ace273de11cd952fd31a652,green_mirid_bug_00715,False,
train,Green mirid bug,green_mirid_bug_00716.jpg,ad1cdf9d62d3efc7bee3601f9013ff90,green_mirid_bug_00716,False,
train,Green mirid bug,green_mirid_bug_00717.jpg,fcb5117c52a9bc3ca45f110e21b4c78b,green_mirid_bug_00717,False,
train,Green mirid bug,green_mirid_bug_00718.jpg,9841882127e9a4328c636fd96725d983,green_mirid_bug_00718,False,
train,Green mirid bug,green_mirid_bug_00719.jpg,f9b61ba01c06a5e8ed93e8f8638c072a,green_mirid_bug_00719,False,
train,Green mirid bug,green_mirid_bug_00720.jpg,684bb26159d3cedc34b58a56a077c01b,green_mirid_bug_00720,False,
train,Green mirid bug,green_mirid_bug_00723.jpg,2c06f32df33fd32712d6d2dcc9cce068,green_mirid_bug_00723,False,
train,Green mirid bug,green_mirid_bug_00724.jpg,0c9f5500f9447a679c35dfb7bd6c437b,green_mirid_bug_00724,False,
train,Green mirid bug,green_mirid_bug_00725.jpg,e9fec84577bedc1d566b4dd2e2472121,green_mirid_bug_00725,False,
train,Green mirid bug,green_mirid_bug_00726.jpg,87943bd16d07d25ecd2fe1178985220b,green_mirid_bug_00726,False,
train,Green mirid bug,green_mirid_bug_00727.jpg,20ab21c9c0e3463b7c400df3bb7d5f9b,green_mirid_bug_00727,False,
train,Green mirid bug,green_mirid_bug_00730.jpg,d97f304c173bb6f93a78ec48cb0ad863,green_mirid_bug_00730,False,
train,Green mirid bug,green_mirid_bug_00731.jpg,689d08bf5790f2e4d06b5b18c792f0b1,green_mirid_bug_00731,False,
train,Green mirid bug,green_mirid_bug_00733.jpg,01e6e400c1d7e06c3b73d4bdfab9c034,green_mirid_bug_00733,False,
train,Green mirid bug,green_mirid_bug_00734.jpg,3584733e11dbb8bc791fa89d05c1a955,green_mirid_bug_00734,False,
train,Green mirid bug,green_mirid_bug_00736.jpg,ac10bc467f4ce5631cf09e1d25ba2b90,green_mirid_bug_00736,False,
train,Green mirid bug,green_mirid_bug_00739.jpg,f85ac9135de1be573aa8b17a146e3b06,green_mirid_bug_00739,False,
train,Green mirid bug,green_mirid_bug_00740.jpg,a6cbfc6fb8b199b6dca84311a2c16cad,green_mirid_bug_00740,False,
train,Green mirid bug,green_mirid_bug_00741.jpg,9d37b3d95a7e45d2c9d23a659b1c4dcd,green_mirid_bug_00741,False,
train,Green mirid bug,green_mirid_bug_00742.jpg,086bda9c271413b128d3ec537bbd7517,green_mirid_bug_00742,False,
train,Green mirid bug,green_mirid_bug_00745.jpg,31590aff34b9607b4e52ea979e72a7ea,green_mirid_bug_00745,False,
train,Green mirid bug,green_mirid_bug_00746.jpg,6504bf0367c7a4c3f7a783823c2ae4e6,green_mirid_bug_00746,False,
train,Green mirid bug,green_mirid_bug_00748.jpg,190905faeae22a90b44ef98e8b52ff5f,green_mirid_bug_00748,False,
train,Green mirid bug,green_mirid_bug_00751.jpg,766a65e51d97203205bc0ae7bf84b9b9,green_mirid_bug_00751,False,
train,Green mirid bug,green_mirid_bug_00752.jpg,2a10d8855910c7611bed76d304db136b,green_mirid_bug_00752,False,
train,Green mirid bug,green_mirid_bug_00753.jpg,113b7fb2fa909c9aa019ffe60038fcfa,green_mirid_bug_00753,False,
train,Green mirid bug,green_mirid_bug_00754.jpg,626faf980784e6945c2c1cc42fc9a087,green_mirid_bug_00754,False,
train,Green mirid bug,green_mirid_bug_00757.jpg,0dcbca47f307adf766b736f98417330b,green_mirid_bug_00757,False,
train,Green mirid bug,green_mirid_bug_00758.jpg,7fdd187ffc89b3e5fcc158c5a3252a11,green_mirid_bug_00758,False,
train,Green mirid bug,green_mirid_bug_00759.jpg,82182025bb33e0ad3b073b7b7bbbfc39,green_mirid_bug_00759,False,
train,Green mirid bug,green_mirid_bug_00760.jpg,7d1fd0004960b0aba0032eca94264da7,green_mirid_bug_00760,False,
train,Green mirid bug,green_mirid_bug_00762.jpg,0ff4c820be6f9ec2d7ddfeccb66c61b3,green_mirid_bug_00762,False,
train,Green mirid bug,green_mirid_bug_00763.jpg,d38a476775d521a2daa45cb109362693,green_mirid_bug_00763,False,
train,Green mirid bug,green_mirid_bug_00764.jpg,be8c5678550fb8f57db9954585c5e377,green_mirid_bug_00764,False,
train,Green mirid bug,green_mirid_bug_00766.jpg,9ce0670fbd302c59dbc8b9552aea2885,green_mirid_bug_00766,False,
train,Green mirid bug,green_mirid_bug_00767.jpg,3e7beb0212ce67351818e9c279ea4aed,green_mirid_bug_00767,False,
train,Green mirid bug,green_mirid_bug_00768.jpg,5e9b220f33120c7afd3857771d6c639f,green_mirid_bug_00768,False,
train,Green mirid bug,green_mirid_bug_00769.jpg,3c6b0005278bc13871b212d325d1c232,green_mirid_bug_00769,False,
train,Green mirid bug,green_mirid_bug_00770.jpg,3319d4aa4de4fbf045203ea9e243a2c3,green_mirid_bug_00770,False,
train,Green mirid bug,green_mirid_bug_00771.jpg,df40fef20abb2f7e5dee98c229449aba,green_mirid_bug_00771,False,
train,Green mirid bug,green_mirid_bug_00772.jpg,cf20bb558dcfb254642d275cd60af3aa,green_mirid_bug_00772,False,
train,Green mirid bug,green_mirid_bug_00773.jpg,bb4beba96951fac26592c491b697c7ec,green_mirid_bug_00773,False,
train,Green mirid bug,green_mirid_bug_00774.jpg,60f9e44622f71a40c343f70c096717b1,green_mirid_bug_00774,False,
train,Green mirid bug,green_mirid_bug_00775.jpg,7bb3e63314505feb175d4ec835e06737,green_mirid_bug_00775,False,
train,Green mirid bug,green_mirid_bug_00776.jpg,bc37e8060de2034376c48640e288b8e2,green_mirid_bug_00776,False,
train,Green mirid bug,green_mirid_bug_00777.jpg,cc7ac88abd33e07452259a6dc65c330a,green_mirid_bug_00777,False,
train,Green mirid bug,green_mirid_bug_00778.jpg,4d8b440f0172ece2c9c6d5ef5bcc6f9f,green_mirid_bug_00778,False,
train,Green mirid bug,green_mirid_bug_00779.jpg,ff127b8eed2ce0fc9cd46dbd34f48a2d,green_mirid_bug_00779,False,
train,Green mirid bug,green_mirid_bug_00782.jpg,49c49df3bec43ad5b66fae4e02193b1c,green_mirid_bug_00782,False,
train,Green mirid bug,green_mirid_bug_00783.jpg,bd0edd5149794d7016463dd4390a8633,green_mirid_bug_00783,False,
train,Green mirid bug,green_mirid_bug_00784.jpg,36dc95b08b97b61ce62f7ca3cf7d72b0,green_mirid_bug_00784,False,
train,Green mirid bug,green_mirid_bug_00785.jpg,a1f437b2b38b1404bd7d6084c3ea54b8,green_mirid_bug_00785,False,
train,Green mirid bug,green_mirid_bug_00788.jpg,f14cdcc9c71376e22504e1a5ab129d31,green_mirid_bug_00788,False,
train,Green mirid bug,green_mirid_bug_00789.jpg,df15dfeae4dbd46955ed848a8d48ba51,green_mirid_bug_00789,False,
train,Green mirid bug,green_mirid_bug_00790.jpg,685219c0c05df6d378a82ffdeec9243b,green_mirid_bug_00790,False,
train,Green mirid bug,green_mirid_bug_00792.jpg,1df3eaac4c98e538a049a52a35a8f0f0,green_mirid_bug_00792,False,
train,Green mirid bug,green_mirid_bug_00793.jpg,301ca4eb153f8e4db56ddd74de6122dc,green_mirid_bug_00793,False,
train,Green mirid bug,green_mirid_bug_00797.jpg,1e565f39d4216b142a300f89774b7d8b,green_mirid_bug_00797,False,
train,Green mirid bug,green_mirid_bug_00804.jpg,7b655534585515008f6d419571696f3a,green_mirid_bug_00804,False,
train,Green mirid bug,green_mirid_bug_00806.jpg,83c89a7743119f83962dc9c8dc56e19f,green_mirid_bug_00806,False,
train,Green mirid bug,green_mirid_bug_00808.jpg,f8f105a2f4bda0527e5557ff8bc87c57,green_mirid_bug_00808,False,
train,Green mirid bug,green_mirid_bug_00810.jpg,6dda0968dc7dfbcba70fdbd0e7c74f58,green_mirid_bug_00810,False,
train,Green mirid bug,green_mirid_bug_00811.jpg,8a57157078645a763ada5f51f0d3ce30,green_mirid_bug_00811,False,
train,Green mirid bug,green_mirid_bug_00813.jpg,6a01b75fba1329cb7e88043aa718478b,green_mirid_bug_00813,False,
train,Green mirid bug,green_mirid_bug_00814.jpg,916ea4f5aaf467dd7aef2a3dc2bbe5e1,green_mirid_bug_00814,False,
train,Green mirid bug,green_mirid_bug_00816.jpg,00613ecd1787c4a375ec216d03f812b1,green_mirid_bug_00816,False,
train,Green mirid bug,green_mirid_bug_00817.jpg,bb32358d86a8ea96349cc8c7fb326ff0,green_mirid_bug_00817,False,
train,Green mirid bug,green_mirid_bug_00818.jpg,06856e2a0ee840490a7c0b00d1285034,green_mirid_bug_00818,False,
train,Green mirid bug,green_mirid_bug_00819.jpg,6a902da77670afb9212cd81af62f2bbd,green_mirid_bug_00819,False,
train,Green mirid bug,green_mirid_bug_00820.jpg,57f1ab723537f155d84abae07db6d493,green_mirid_bug_00820,False,
train,Green mirid bug,green_mirid_bug_00821.jpg,264f5cff51abb708799b52b89918b844,green_mirid_bug_00821,False,
train,Green mirid bug,green_mirid_bug_00824.jpg,88269b89faefac465697faad01caaee3,green_mirid_bug_00824,False,
train,Green mirid bug,green_mirid_bug_00825.jpg,3ac5d0b1809e37debb9ad6fbaa78a464,green_mirid_bug_00825,False,
train,Green mirid bug,green_mirid_bug_00827.jpg,7967a3981abf4222fe18ff551d86638c,green_mirid_bug_00827,False,
train,Green mirid bug,green_mirid_bug_00828.jpg,126ad32b6d66ceb617d3acd3a4e80976,green_mirid_bug_00828,False,
train,Green mirid bug,green_mirid_bug_00830.jpg,88d90d6c5a75613cdfdbe51676b6677c,green_mirid_bug_00830,False,
train,Green mirid bug,green_mirid_bug_00831.jpg,38fafb6a1f1e2b1044daff3e5030192d,green_mirid_bug_00831,False,
train,Green mirid bug,green_mirid_bug_00833.jpg,f45428e4dafa31d43f08dc2903bd5e6e,green_mirid_bug_00833,False,
train,Green mirid bug,green_mirid_bug_00834.jpg,cebb1d20eeeee41d78978b581f448d95,green_mirid_bug_00834,False,
train,Green mirid bug,green_mirid_bug_00835.jpg,384ca0f3fccca89c6693d91a33b765ec,green_mirid_bug_00835,False,
train,Green mirid bug,green_mirid_bug_00836.jpg,a5385349c3bb1c333f37df50949dbc45,green_mirid_bug_00836,False,
train,Green mirid bug,green_mirid_bug_00838.jpg,58f0ef11770b6b085efd300983a26a5d,green_mirid_bug_00838,False,
train,Green mirid bug,green_mirid_bug_00839.jpg,543a5b611b4799839ab172bf3d295b8c,green_mirid_bug_00839,False,
train,Green mirid bug,green_mirid_bug_00840.jpg,b7a1320c549123a197fd7f95164bd2e7,green_mirid_bug_00840,False,
train,Green mirid bug,green_mirid_bug_00841.jpg,a410ed7f095af9e161e0306cc4f6b531,green_mirid_bug_00841,False,
train,Green mirid bug,green_mirid_bug_00842.jpg,893799f9903401b99f088c90ec8acada,green_mirid_bug_00842,False,
train,Green mirid bug,green_mirid_bug_00844.jpg,2bf5f631791d85f7f0efd8d046747c93,green_mirid_bug_00844,False,
train,Green mirid bug,green_mirid_bug_00845.jpg,a59e4036e0dff79d69c7b1ad5185a5f3,green_mirid_bug_00845,False,
train,Green mirid bug,green_mirid_bug_00846.jpg,5349eae65f6a5ab1535dc081cd81f195,green_mirid_bug_00846,False,
train,Green mirid bug,green_mirid_bug_00847.jpg,8356377cc00617a47daaf0eab80d5c17,green_mirid_bug_00847,False,
train,Green mirid bug,green_mirid_bug_00850.jpg,cddf81c036d000e0116db70c61030669,green_mirid_bug_00850,False,
train,Green mirid bug,green_mirid_bug_00851.jpg,169a23226039233fed2a4c8c9de769c8,green_mirid_bug_00851,False,
train,Green mirid bug,green_mirid_bug_00852.jpg,e8f4c69845f5248c8824871a73447756,green_mirid_bug_00852,False,
train,Green mirid bug,green_mirid_bug_00854.jpg,efd8d06273c606495652f94287f06902,green_mirid_bug_00854,False,
train,Green mirid bug,green_mirid_bug_00856.jpg,389cfcc8228477e987ee0a23230e13ab,green_mirid_bug_00856,False,
train,Green mirid bug,green_mirid_bug_00857.jpg,d45309a8813882d20de8079c2718e853,green_mirid_bug_00857,False,
train,Green mirid bug,green_mirid_bug_00858.jpg,1f25a4fde57f3d26446012bf85b9269e,green_mirid_bug_00858,False,
train,Green mirid bug,green_mirid_bug_00859.jpg,3e4f517de5523b9acb2d00d063e630d3,green_mirid_bug_00859,False,
train,Green mirid bug,green_mirid_bug_00860.jpg,4c5cc72be1702f5cabb358785bf47947,green_mirid_bug_00860,False,
train,Green mirid bug,green_mirid_bug_00861.jpg,8580a5a2b1edb6d94abcf7c322104f48,green_mirid_bug_00861,False,
train,Green mirid bug,green_mirid_bug_00862.jpg,ed23a8db42fdaf3562cd52b3c0bfc852,green_mirid_bug_00862,False,
train,Green mirid bug,green_mirid_bug_00863.jpg,ee1a84f03d59c037d198e301720bd297,green_mirid_bug_00863,False,
train,Green mirid bug,green_mirid_bug_00864.jpg,ecca1451045fc296c6c4f89b787b9067,green_mirid_bug_00864,False,
train,Green mirid bug,green_mirid_bug_00866.jpg,16d38792bba84be23a0233dc3242a745,green_mirid_bug_00866,False,
train,Green mirid bug,green_mirid_bug_00867.jpg,be37adb12cb2105ccdb64bf99d0a6a1c,green_mirid_bug_00867,False,
train,Green mirid bug,green_mirid_bug_00869.jpg,3b5c916966ad8908a59b05f513e7b141,green_mirid_bug_00869,False,
train,Green mirid bug,green_mirid_bug_00870.jpg,b54bae2b20977b46ebfa5667a7835f7d,green_mirid_bug_00870,False,
train,Green mirid bug,green_mirid_bug_00872.jpg,50d04a4a4e45353901a615565bf2ee3a,green_mirid_bug_00872,False,
train,Green mirid bug,green_mirid_bug_00873.jpg,be0bd8f50358b3f8a3d7410c1d609eec,green_mirid_bug_00873,False,
train,Green mirid bug,green_mirid_bug_00874.jpg,4f3f43d3d24a64a238aa526ec9f532c3,green_mirid_bug_00874,False,
train,Green mirid bug,green_mirid_bug_00875.jpg,04a84413d54b63586acc208059876f89,green_mirid_bug_00875,False,
train,Green mirid bug,green_mirid_bug_00877.jpg,7caaf6e6f44f285ebe4fa0be58ade969,green_mirid_bug_00877,False,
train,Green mirid bug,green_mirid_bug_00879.jpg,93275dc658a3bb70ca5a8580224822c9,green_mirid_bug_00879,False,
train,Green mirid bug,green_mirid_bug_00880.jpg,412719cbb2c57a0973ab930c4baf4177,green_mirid_bug_00880,False,
train,Green mirid bug,green_mirid_bug_00881.jpg,0886f64808c365a1d650fb9182cccf93,green_mirid_bug_00881,False,
train,Green mirid bug,green_mirid_bug_00882.jpg,219df7a18bb422e025097d8b94e5beec,green_mirid_bug_00882,False,
train,Green mirid bug,green_mirid_bug_00885.jpg,0f448530fa3f3bbfb7e112c6460a487c,green_mirid_bug_00885,False,
train,Green mirid bug,green_mirid_bug_00886.jpg,4c6ced2141bd1e6af865d40f3a68d888,green_mirid_bug_00886,False,
train,Green mirid bug,green_mirid_bug_00887.jpg,1c772eae5669b66b0e3d8059a345294e,green_mirid_bug_00887,False,
train,Green mirid bug,green_mirid_bug_00888.jpg,81a9a45cb24c7dc7d78267a0af69d08a,green_mirid_bug_00888,False,
train,Green mirid bug,green_mirid_bug_00890.jpg,8ab0ff952fecbf75f7e921d8481d8483,green_mirid_bug_00890,False,
train,Green mirid bug,green_mirid_bug_00894.jpg,f3c83494b02b08e5f1afcf948b5d7062,green_mirid_bug_00894,False,
train,Green mirid bug,green_mirid_bug_00896.jpg,6b301c5fdfc21eb50e46f4e30ea93a6b,green_mirid_bug_00896,False,
train,Green mirid bug,green_mirid_bug_00897.jpg,059931578ee79fee0b3dcdfdab41896f,green_mirid_bug_00897,False,
train,Green mirid bug,green_mirid_bug_00898.jpg,148373f72cfe8e72d3e3f9adfaedefe2,green_mirid_bug_00898,False,
train,Green mirid bug,green_mirid_bug_00899.jpg,a5cb92e0b1093ccb1e9495ec933329ec,green_mirid_bug_00899,False,
train,Green mirid bug,green_mirid_bug_00901.jpg,58af09713a32d690a798a9d412356a3f,green_mirid_bug_00901,False,
train,Green mirid bug,green_mirid_bug_00902.jpg,67772db0f01db105a08faf1e59e30633,green_mirid_bug_00902,False,
train,Green mirid bug,green_mirid_bug_00903.jpg,0a48c5308273fbcbddd852361aba5de0,green_mirid_bug_00903,False,
train,Green mirid bug,green_mirid_bug_00904.jpg,3e419151f7415be6f68773182749d22e,green_mirid_bug_00904,False,
train,Green mirid bug,green_mirid_bug_00907.jpg,c903e291d901c949ad9b6c9a6a5c4456,green_mirid_bug_00907,False,
train,Green mirid bug,green_mirid_bug_00910.jpg,50cf0054dff7bbcfc14afb70c3d7cf52,green_mirid_bug_00910,False,
train,Green mirid bug,green_mirid_bug_00911.jpg,1f675499cdbf24b9bf24c022fbc83ed9,green_mirid_bug_00911,False,
train,Green mirid bug,green_mirid_bug_00912.jpg,8e33f3d6864e2bbe05baff867c77d436,green_mirid_bug_00912,False,
train,Green mirid bug,green_mirid_bug_00914.jpg,ba653358fd3e3f8ff16578fffd6c2d86,green_mirid_bug_00914,False,
train,Green mirid bug,green_mirid_bug_00915.jpg,cd8a4e28ee5a6ac8645689a42f5aed2d,green_mirid_bug_00915,False,
train,Green mirid bug,green_mirid_bug_00917.jpg,3da7c1527a8db1d68d3542052547061f,green_mirid_bug_00917,False,
train,Green mirid bug,green_mirid_bug_00918.jpg,a0e315e8a3ab3e37abd0ed075413f367,green_mirid_bug_00918,False,
train,Green mirid bug,green_mirid_bug_00919.jpg,717c19514aa77055257c5ed54255b4db,green_mirid_bug_00919,False,
train,Green mirid bug,green_mirid_bug_00921.jpg,bed4d497dafa5931501d8fa55e84106e,green_mirid_bug_00921,False,
train,Green mirid bug,green_mirid_bug_00922.jpg,84f9f8aecce95bbbd6ef5d69212c806f,green_mirid_bug_00922,False,
train,Green mirid bug,green_mirid_bug_00923.jpg,8a58d966b9d6a8d71bfa6a0ba7bfdc88,green_mirid_bug_00923,False,
train,Green mirid bug,green_mirid_bug_00925.jpg,8420cf8e5739979ecb9fd6c80d1107a7,green_mirid_bug_00925,False,
train,Green mirid bug,green_mirid_bug_00926.jpg,b00150beb92fb4089a2deb4fb1a2b94c,green_mirid_bug_00926,False,
train,Green mirid bug,green_mirid_bug_00927.jpg,040cb32fcef276cd01c0db5ed0602440,green_mirid_bug_00927,False,
train,Green mirid bug,green_mirid_bug_00929.jpg,77407944a7fe0b670600976cc3ab57f3,green_mirid_bug_00929,False,
train,Green mirid bug,green_mirid_bug_00930.jpg,bc0c764f4cdb9a9ebee5d77f96354401,green_mirid_bug_00930,False,
train,Green mirid bug,green_mirid_bug_00931.jpg,8cd32a95eb276b1cbf95fae496d57d4c,green_mirid_bug_00931,False,
train,Green mirid bug,green_mirid_bug_00932.jpg,f56f4a0f2af81b20d8bd6a8b592db253,green_mirid_bug_00932,False,
train,Green mirid bug,green_mirid_bug_00933.jpg,8432c390608bbe17a2f3fbc1bfb3e5a2,green_mirid_bug_00933,False,
train,Green mirid bug,green_mirid_bug_00934.jpg,ccce4f4c63882e0a3660b77d46d0a468,green_mirid_bug_00934,False,
train,Green mirid bug,green_mirid_bug_00935.jpg,345f006b3db82a0b7929f16c460da950,green_mirid_bug_00935,False,
train,Green mirid bug,green_mirid_bug_00936.jpg,4cfe5ce850b971cdba27897d7727067b,green_mirid_bug_00936,False,
train,Green mirid bug,green_mirid_bug_00938.jpg,1608f4cd14e03d707c2b5c09f1d710c0,green_mirid_bug_00938,False,
train,Green mirid bug,green_mirid_bug_00939.jpg,4d49abe5933d6d92fdbc82b5304437ac,green_mirid_bug_00939,False,
train,Green mirid bug,green_mirid_bug_00940.jpg,30cf43494e83bea2f14f11e80cb5ca35,green_mirid_bug_00940,False,
train,Green mirid bug,green_mirid_bug_00941.jpg,4d181fbcf9d570eedfb4aa2f2f1a43ca,green_mirid_bug_00941,False,
train,Green mirid bug,green_mirid_bug_00942.jpg,248b3ccdf937d96ed49c086fc5d1b30b,green_mirid_bug_00942,False,
train,Green mirid bug,green_mirid_bug_00943.jpg,b09bacd26639bc8a0e2d46f44f067959,green_mirid_bug_00943,False,
train,Green mirid bug,green_mirid_bug_00944.jpg,89bba2c013d8c54f156479b38af31ab4,green_mirid_bug_00944,False,
train,Green mirid bug,green_mirid_bug_00945.jpg,16f39089cbcf124dbccc4a2c811498aa,green_mirid_bug_00945,False,
train,Green mirid bug,green_mirid_bug_00946.jpg,63941b82d23da36b2cc5c0047a269906,green_mirid_bug_00946,False,
train,Green mirid bug,green_mirid_bug_00947.jpg,8dbc9f54939eeb3c2d7eb37dd769802c,green_mirid_bug_00947,False,
train,Green mirid bug,green_mirid_bug_00948.jpg,6d5ad48a7980794e4dd7324d4113b09b,green_mirid_bug_00948,False,
train,Green mirid bug,green_mirid_bug_00949.jpg,0c1aa7c0e88b75eb31b9138c20fd563f,green_mirid_bug_00949,False,
train,Green mirid bug,green_mirid_bug_00952.jpg,8e438ffc980f63fca117cf2c08f5f54f,green_mirid_bug_00952,False,
train,Green mirid bug,green_mirid_bug_00953.jpg,ea8d683f25c1f98357a5c065e2ecdc0b,green_mirid_bug_00953,False,
train,Green mirid bug,green_mirid_bug_00955.jpg,05a4401825b54b55f91e6f303c24bc75,green_mirid_bug_00955,False,
train,Green mirid bug,green_mirid_bug_00959.jpg,35220879b425404d56f9e657e64e2580,green_mirid_bug_00959,False,
train,Green mirid bug,green_mirid_bug_00961.jpg,0ba9552d97a09e88988f18052cc128e2,green_mirid_bug_00961,False,
train,Green mirid bug,green_mirid_bug_00962.jpg,e907577dbd5b0f03739d67f2da27ca5d,green_mirid_bug_00962,False,
train,Green mirid bug,green_mirid_bug_00963.jpg,6f6e44df9bedfc7491a903fb1ade92ac,green_mirid_bug_00963,False,
train,Green mirid bug,green_mirid_bug_00964.jpg,8f90f8474504d9960b67f85842f9601b,green_mirid_bug_00964,False,
train,Green mirid bug,green_mirid_bug_00965.jpg,51ebfaecda6ed31dc2d03d61405e859c,green_mirid_bug_00965,False,
train,Green mirid bug,green_mirid_bug_00967.jpg,96fb2f25abab7600c31baee8a80fc1bf,green_mirid_bug_00967,False,
train,Green mirid bug,green_mirid_bug_00968.jpg,6b9714de708d11ae75622a90342078e8,green_mirid_bug_00968,False,
train,Green mirid bug,green_mirid_bug_00970.jpg,fe9c7f3bf9418111b4d9f06575b9bb75,green_mirid_bug_00970,False,
train,Green mirid bug,green_mirid_bug_00971.jpg,9cc898f8e47026e2c505b92fd2c38a40,green_mirid_bug_00971,False,
train,Green mirid bug,green_mirid_bug_00972.jpg,0df4e88b176d24ce1cc58c04e9596382,green_mirid_bug_00972,False,
train,Green mirid bug,green_mirid_bug_00974.jpg,94ced25bed58cc16630d61e89e86f259,green_mirid_bug_00974,False,
train,Green mirid bug,green_mirid_bug_00975.jpg,857648084b1e1b0fab063ac4b5ce440c,green_mirid_bug_00975,False,
train,Green mirid bug,green_mirid_bug_00976.jpg,042998b7f1ec1786914bebe407c1be85,green_mirid_bug_00976,False,
train,Green mirid bug,green_mirid_bug_00977.jpg,fd731f20757c946f2905dd352c07cd41,green_mirid_bug_00977,False,
train,Green mirid bug,green_mirid_bug_00978.jpg,040a649fedc617f1f1eed0360ef7f9f0,green_mirid_bug_00978,False,
train,Green mirid bug,green_mirid_bug_00979.jpg,c1cd47ba05e0fc5c09902972beba6786,green_mirid_bug_00979,False,
train,Green mirid bug,green_mirid_bug_00981.jpg,5774dbe09855aa2250da09c4aa06f887,green_mirid_bug_00981,False,
train,Green mirid bug,green_mirid_bug_00984.jpg,4fd8615ce8b4d31673d7309caf9f2d91,green_mirid_bug_00984,False,
train,Green mirid bug,green_mirid_bug_00986.jpg,c3a46be8612486d63d00f3ff5c27a9f1,green_mirid_bug_00986,False,
train,Green mirid bug,green_mirid_bug_00987.jpg,92229c03e9ec611d16cdb7cc121ea41c,green_mirid_bug_00987,False,
train,Green mirid bug,green_mirid_bug_00988.jpg,cb715a83e8e07d64fd79ac8245891716,green_mirid_bug_00988,False,
train,Green mirid bug,green_mirid_bug_00989.jpg,c9506b5bb2989d923bbf1cf244ce7534,green_mirid_bug_00989,False,
train,Green mirid bug,green_mirid_bug_00991.jpg,5c900ca663ef52ec97ad1a143b598476,green_mirid_bug_00991,False,
train,Green mirid bug,green_mirid_bug_00994.jpg,bda5d40da5fb1927e6c97cdf12ad22b5,green_mirid_bug_00994,False,
train,Green mirid bug,green_mirid_bug_00997.jpg,db436b54547a6dbd8640ffda859b3b04,green_mirid_bug_00997,False,
train,Green mirid bug,green_mirid_bug_00999.jpg,787479a6bacae76dc14d2565d794c6cf,green_mirid_bug_00999,False,
train,Green mirid bug,green_mirid_bug_01000.jpg,eeb84a6579350593f1fb44540077e934,green_mirid_bug_01000,False,
train,Green mirid bug,green_mirid_bug_01002.jpg,4cbd16cc6f38b55bbecc4efe01070829,green_mirid_bug_01002,False,
train,Green mirid bug,green_mirid_bug_01003.jpg,739b7d6658d7af8dece833b4e00f81bd,green_mirid_bug_01003,False,
train,Green mirid bug,green_mirid_bug_01004.jpg,3832a195e01a076687ec561044f8a861,green_mirid_bug_01004,False,
train,Green mirid bug,green_mirid_bug_01005.jpg,420f99a6d568efca1b7f405d17e74a26,green_mirid_bug_01005,False,
train,Green mirid bug,green_mirid_bug_01006.jpg,e2070d6f3a0809ecdf56bf53be68bfcc,green_mirid_bug_01006,False,
train,Green mirid bug,green_mirid_bug_01007.jpg,4b9bcb9185b1877df8783bac72ccc9c7,green_mirid_bug_01007,False,
train,Green mirid bug,green_mirid_bug_01008.jpg,63d32459b7605cfeae2e06a5826d7f8b,green_mirid_bug_01008,False,
train,Green mirid bug,green_mirid_bug_01009.jpg,2b33d756e6e8e9a5ec55e8a7c9e4400a,green_mirid_bug_01009,False,
train,Green mirid bug,green_mirid_bug_01011.jpg,21accdf3d482e699445c25a0fab2a17c,green_mirid_bug_01011,False,
train,Green mirid bug,green_mirid_bug_01012.jpg,d67eaf0a01c5e5b114928516c134cef5,green_mirid_bug_01012,False,
train,Green mirid bug,green_mirid_bug_01013.jpg,845de22178db4762bb9946d05569a8c8,green_mirid_bug_01013,False,
train,Green mirid bug,green_mirid_bug_01015.jpg,e0b1fc8d982407816c00345112339d99,green_mirid_bug_01015,False,
train,Green mirid bug,green_mirid_bug_01016.jpg,5c4c2f18b7a4fa22a7eac04a6d7c0f50,green_mirid_bug_01016,False,
train,Green mirid bug,green_mirid_bug_01017.jpg,93e87a5ad6df1fbd50e7600e73f6698f,green_mirid_bug_01017,False,
train,Green mirid bug,green_mirid_bug_01019.jpg,2e8fb76dd4070a6724df67bebeb39c61,green_mirid_bug_01019,False,
train,Green mirid bug,green_mirid_bug_01020.jpg,ad674d33ea3a652dfc476ea2b8f06745,green_mirid_bug_01020,False,
train,Green mirid bug,green_mirid_bug_01021.jpg,3abc9f8ceba026371998cb36228e007a,green_mirid_bug_01021,False,
train,Green mirid bug,green_mirid_bug_01024.jpg,9f6c61e4543babc7dcc50a3724318ef5,green_mirid_bug_01024,False,
train,Green mirid bug,green_mirid_bug_01025.jpg,ea308cd1bbc73958be565c7a9354103d,green_mirid_bug_01025,False,
train,Green mirid bug,green_mirid_bug_01026.jpg,252efe90840783bbd5c6ac6245faf0ad,green_mirid_bug_01026,False,
train,Green mirid bug,green_mirid_bug_01028.jpg,bcf50959e6c8097dbc6694b26fa70c97,green_mirid_bug_01028,False,
train,Green mirid bug,green_mirid_bug_01029.jpg,cae4e6e10d8cba29a1ab1eb2351294a3,green_mirid_bug_01029,False,
train,Green mirid bug,green_mirid_bug_01030.jpg,88120603de0d19d1a7243e2db5f3e90f,green_mirid_bug_01030,False,
train,Green mirid bug,green_mirid_bug_01034.jpg,d5d1e9f9adbc7f7b33c45a79d64e53ab,green_mirid_bug_01034,False,
train,Green mirid bug,green_mirid_bug_01035.jpg,30c650948dcbd9efa9e723c817ba6df2,green_mirid_bug_01035,False,
train,Green mirid bug,green_mirid_bug_01036.jpg,e30e0782cce40888c19fe82dadafe408,green_mirid_bug_01036,False,
train,Green mirid bug,green_mirid_bug_01037.jpg,fd6ff31a4c063fa7ae1860f61545c547,green_mirid_bug_01037,False,
train,Green mirid bug,green_mirid_bug_01038.jpg,3f47fe1d77cfa124667aea64a081f0db,green_mirid_bug_01038,False,
train,Green mirid bug,green_mirid_bug_01039.jpg,e2875d9e60332f8406cc5abb69a0e255,green_mirid_bug_01039,False,
train,Green mirid bug,green_mirid_bug_01040.jpg,f0bb508a665618c21099d00489577162,green_mirid_bug_01040,False,
train,Green mirid bug,green_mirid_bug_01042.jpg,28ccb297076ecf071c7d1a14f5b93ae2,green_mirid_bug_01042,False,
train,Green mirid bug,green_mirid_bug_01043.jpg,e4aec649cecccb91ef5a6b81f48cd415,green_mirid_bug_01043,False,
train,Green mirid bug,green_mirid_bug_01045.jpg,f19a5da03d0b7edea19ce1bf2b5d35fa,green_mirid_bug_01045,False,
train,Green mirid bug,green_mirid_bug_01046.jpg,3caa9cec490653aaf824bf580755df67,green_mirid_bug_01046,False,
train,Green mirid bug,green_mirid_bug_01049.jpg,feb4012dfc38c5f3fc7e0f2da272f096,green_mirid_bug_01049,False,
train,Green mirid bug,green_mirid_bug_01050.jpg,a0f62529168da99053680977c26061b3,green_mirid_bug_01050,False,
train,Green mirid bug,green_mirid_bug_01052.jpg,56ea4d8bc36251e237d3ec3adb00767f,green_mirid_bug_01052,False,
train,Green mirid bug,green_mirid_bug_01053.jpg,3a68453a7895c9a628624ec99b2951f0,green_mirid_bug_01053,False,
train,Green mirid bug,green_mirid_bug_01054.jpg,282a084d03693797731f42d918d96c24,green_mirid_bug_01054,False,
train,Green mirid bug,green_mirid_bug_01060.jpg,879446c63959a5b3cefd95162d5b19ef,green_mirid_bug_01060,False,
train,Green mirid bug,green_mirid_bug_01064.jpg,39063027b62dd29f1d44c92547b47b27,green_mirid_bug_01064,False,
train,Green mirid bug,green_mirid_bug_01065.jpg,7a2ac336b6dab418d102cd6884507635,green_mirid_bug_01065,False,
train,Green mirid bug,green_mirid_bug_01066.jpg,d8a9c8ea17aaea0b30aacf3323a4d197,green_mirid_bug_01066,False,
train,Green mirid bug,green_mirid_bug_01067.jpg,aeee0f4523896ad864f2f95c17f573ba,green_mirid_bug_01067,False,
train,Green mirid bug,green_mirid_bug_01068.jpg,33089113a8708d83290f3b5c7dd353f1,green_mirid_bug_01068,False,
train,Green mirid bug,green_mirid_bug_01069.jpg,7b04ea68511329b2f86a88f3b6de181e,green_mirid_bug_01069,False,
train,Green mirid bug,green_mirid_bug_01070.jpg,351f7df25839e7ec1a9fcc7609c99651,green_mirid_bug_01070,False,
train,Green mirid bug,green_mirid_bug_01071.jpg,1e62e4d03bc2230f32dcd9514b185a48,green_mirid_bug_01071,False,
train,Green mirid bug,green_mirid_bug_01072.jpg,48af9e67c0dc978e91a4b0e6d8f9682d,green_mirid_bug_01072,False,
train,Green mirid bug,green_mirid_bug_01073.jpg,8a9e26456aef0e957ef919d98aa2cf57,green_mirid_bug_01073,False,
train,Green mirid bug,green_mirid_bug_01074.jpg,2b06ee6bb8ee1db509843bd3a2b50284,green_mirid_bug_01074,False,
train,Green mirid bug,green_mirid_bug_01076.jpg,87eb2e915ee629fc8a6716f73610d80a,green_mirid_bug_01076,False,
train,Green mirid bug,green_mirid_bug_01081.jpg,f0aec34c7a10718782b22cb8bbad3eae,green_mirid_bug_01081,False,
train,Green mirid bug,green_mirid_bug_01082.jpg,0b893007f54c46bbbc5286c72cef64c5,green_mirid_bug_01082,False,
train,Green mirid bug,green_mirid_bug_01084.jpg,3664d8048a0b3ab85631201ceb52d55a,green_mirid_bug_01084,False,
train,Green mirid bug,green_mirid_bug_01085.jpg,fce4a41791a3dfd9e038227b5741e825,green_mirid_bug_01085,False,
train,Green mirid bug,green_mirid_bug_01087.jpg,47413a3862e89d51e3e84791ad0ccde6,green_mirid_bug_01087,False,
train,Green mirid bug,green_mirid_bug_01088.jpg,691dea791f4a0db32d03bb113c581587,green_mirid_bug_01088,False,
train,Green mirid bug,green_mirid_bug_01089.jpg,4fa2131eb88433004e7f6015e17f72a4,green_mirid_bug_01089,False,
train,Green mirid bug,green_mirid_bug_01090.jpg,460a93d89e0d3b74760eac1392578689,green_mirid_bug_01090,False,
train,Green mirid bug,green_mirid_bug_01092.jpg,52d0724a8b8f037a3341e120147079db,green_mirid_bug_01092,False,
train,Green mirid bug,green_mirid_bug_01094.jpg,be99c65185b270788280192d8357a000,green_mirid_bug_01094,False,
train,Green mirid bug,green_mirid_bug_01095.jpg,16f2fe865c8dfd60a3281eb518507d80,green_mirid_bug_01095,False,
train,Green mirid bug,green_mirid_bug_01096.jpg,e8cb50658c3ae078f2d925100ac87cd4,green_mirid_bug_01096,False,
train,Green mirid bug,green_mirid_bug_01097.jpg,cc57c3e83a2ebf96b189e639e139615f,green_mirid_bug_01097,False,
train,Green mirid bug,green_mirid_bug_01098.jpg,96ea57585bee9723ebd7bd68d9d2900a,green_mirid_bug_01098,False,
train,Green mirid bug,green_mirid_bug_01100.jpg,86a9859a8c40ad1aa85e0f9fbce1c049,green_mirid_bug_01100,False,
train,Green mirid bug,green_mirid_bug_01101.jpg,1fa4dec2f870fc3c0c8c8c040cbe00b0,green_mirid_bug_01101,False,
train,Green mirid bug,green_mirid_bug_01102.jpg,c5c18ce07ba73fad2c732289029dcf30,green_mirid_bug_01102,False,
train,Green mirid bug,green_mirid_bug_01104.jpg,011b766dd6c6f0f3019f694399121052,green_mirid_bug_01104,False,
train,Green mirid bug,green_mirid_bug_01105.jpg,4466a359561779eba39eeae726ffe78b,green_mirid_bug_01105,False,
train,Green mirid bug,green_mirid_bug_01106.jpg,ed0beccb15ac8c2192727d90d33a4fe2,green_mirid_bug_01106,False,
train,Green mirid bug,green_mirid_bug_01111.jpg,6430663cfc9ce1fca36ce3efdbbf6b64,green_mirid_bug_01111,False,
train,Green mirid bug,green_mirid_bug_01113.jpg,9fb9b1572c0c917a99e0f0e9a35887e1,green_mirid_bug_01113,False,
train,Green mirid bug,green_mirid_bug_01115.jpg,c68ae9a7b1aa0a09b2f824d318a237bc,green_mirid_bug_01115,False,
train,Green mirid bug,green_mirid_bug_01117.jpg,f85c4ccb96a205213c60c03c82e65958,green_mirid_bug_01117,False,
train,Green mirid bug,green_mirid_bug_01118.jpg,fd35f779ce46ef5d29dcb609defa0abc,green_mirid_bug_01118,False,
train,Green mirid bug,green_mirid_bug_01119.jpg,ee681f32423125ef59c8a21288c8b55f,green_mirid_bug_01119,False,
train,Green mirid bug,green_mirid_bug_01120.jpg,32cb8b434960456b6a688cbed0eac965,green_mirid_bug_01120,False,
train,Green mirid bug,green_mirid_bug_01121.jpg,b5d0f9eedd9108b16cb5cf214e8218fe,green_mirid_bug_01121,False,
train,Green mirid bug,green_mirid_bug_01122.jpg,b60e1464e048121a51633fad8efb5edc,green_mirid_bug_01122,False,
train,Green mirid bug,green_mirid_bug_01123.jpg,1971848f785a54882933e6924b0de3ca,green_mirid_bug_01123,False,
train,Green mirid bug,green_mirid_bug_01124.jpg,3dce6bd8eafb31e3a6a902facf665046,green_mirid_bug_01124,False,
train,Green mirid bug,green_mirid_bug_01125.jpg,82b4d995c861ffa238d3c9d2eb168a85,green_mirid_bug_01125,False,
train,Green mirid bug,green_mirid_bug_01127.jpg,536518198917eddb315a5bbecfb75001,green_mirid_bug_01127,False,
train,Green mirid bug,green_mirid_bug_01128.jpg,6cebeb14e154e5d3f0c8a3338417b21f,green_mirid_bug_01128,False,
train,Green mirid bug,green_mirid_bug_01130.jpg,b4749a06abaad1b9e2c4f9af557e9afe,green_mirid_bug_01130,False,
train,Green mirid bug,green_mirid_bug_01131.jpg,dfeb2b409b2ac579eddcbef63926edbd,green_mirid_bug_01131,False,
train,Green mirid bug,green_mirid_bug_01133.jpg,660b452f8f4bbd4f6cd372d375c8c665,green_mirid_bug_01133,False,
train,Green mirid bug,green_mirid_bug_01134.jpg,17c5ec09f267ee39c29afe76fd258b5d,green_mirid_bug_01134,False,
train,Green mirid bug,green_mirid_bug_01135.jpg,b0c8a3f445f9690bcb18da43db1aaad7,green_mirid_bug_01135,False,
train,Green mirid bug,green_mirid_bug_01136.jpg,8a9a7e9c12856fcc86aa8887a4dd1d62,green_mirid_bug_01136,False,
train,Green mirid bug,green_mirid_bug_01137.jpg,680f1b4c7963a29abc5fff625a1daf5e,green_mirid_bug_01137,False,
train,Green mirid bug,green_mirid_bug_01138.jpg,3f9abec834b77f58288214c9a94c5493,green_mirid_bug_01138,False,
train,Green mirid bug,green_mirid_bug_01139.jpg,766b5367f3fb74999bbfec53b1255c41,green_mirid_bug_01139,False,
train,Green mirid bug,green_mirid_bug_01140.jpg,4fd6d451af68d8d799839f8a7a451730,green_mirid_bug_01140,False,
train,Green mirid bug,green_mirid_bug_01142.jpg,77af81c0714a7be6c20af82741686c42,green_mirid_bug_01142,False,
train,Green mirid bug,green_mirid_bug_01143.jpg,392bd8dd992b1d420e4c06ee34d9eda6,green_mirid_bug_01143,False,
train,Green mirid bug,green_mirid_bug_01144.jpg,97056601e3bbd0ed404af11f950fa64c,green_mirid_bug_01144,False,
train,Green mirid bug,green_mirid_bug_01145.jpg,88a3f26c1f26c1fa6057930a1d65d30f,green_mirid_bug_01145,False,
train,Green mirid bug,green_mirid_bug_01146.jpg,6971486122ab07ed2646112f5d4f8f8e,green_mirid_bug_01146,False,
train,Green mirid bug,green_mirid_bug_01147.jpg,964d6f2e6ada93167eb35fd5b76e71be,green_mirid_bug_01147,False,
train,Green mirid bug,green_mirid_bug_01148.jpg,0923451ab114b4a93b0a4b39a051fbc8,green_mirid_bug_01148,False,
train,Green mirid bug,green_mirid_bug_01149.jpg,ece903e64a7482c0848c9b3d2180a189,green_mirid_bug_01149,False,
train,Green mirid bug,green_mirid_bug_01150.jpg,eb96099ae4f3a3431f9ec589ab621329,green_mirid_bug_01150,False,
train,Green mirid bug,green_mirid_bug_01151.jpg,026e82c0d5dfaef7592b958bd9e5ae71,green_mirid_bug_01151,False,
train,Green mirid bug,green_mirid_bug_01152.jpg,f9291e4d1def554a4dbde88b7a66b149,green_mirid_bug_01152,False,
train,Green mirid bug,green_mirid_bug_01153.jpg,e86185f3e1c6964559a8b09e2d810b7d,green_mirid_bug_01153,False,
train,Green mirid bug,green_mirid_bug_01154.jpg,06609616ce83bc1571a2599b6aaa1dd5,green_mirid_bug_01154,False,
train,Green mirid bug,green_mirid_bug_01156.jpg,f65db340f5000076916f8e528ad2517a,green_mirid_bug_01156,False,
train,Green mirid bug,green_mirid_bug_01157.jpg,7b509fc4ecf2fc2c7d391a1302ca257a,green_mirid_bug_01157,False,
train,Green mirid bug,green_mirid_bug_01158.jpg,2791fdbd68facea72762567dd43d74e4,green_mirid_bug_01158,False,
train,Green mirid bug,green_mirid_bug_01159.jpg,2d00448ffa920594e95323f5fc2f6d5a,green_mirid_bug_01159,False,
train,Green mirid bug,green_mirid_bug_01160.jpg,482e6241b497d22d629ef20f9f8d729a,green_mirid_bug_01160,False,
train,Green mirid bug,green_mirid_bug_01161.jpg,1a2e2ac0659b843bfb880a1a7e3f8db6,green_mirid_bug_01161,False,
train,Green mirid bug,green_mirid_bug_01163.jpg,4a3ebba60206f679c8573cc70f2f060b,green_mirid_bug_01163,False,
train,Green mirid bug,green_mirid_bug_01165.jpg,85481e8074f43966a45596199663382f,green_mirid_bug_01165,False,
train,Green mirid bug,green_mirid_bug_01167.jpg,f24ff3e9550ef3d824b64f302039308d,green_mirid_bug_01167,False,
train,Green mirid bug,green_mirid_bug_01169.jpg,239c9428b5e5d9f25eb110e25d803414,green_mirid_bug_01169,False,
train,Green mirid bug,green_mirid_bug_01170.jpg,8240ebfd18475b5d52d0f72689309f1a,green_mirid_bug_01170,False,
train,Green mirid bug,green_mirid_bug_01171.jpg,e1d93599a004c8f9bb4a25e37323e278,green_mirid_bug_01171,False,
train,Green mirid bug,green_mirid_bug_01172.jpg,bb488653b17717fe1c499dd4a0a058cb,green_mirid_bug_01172,False,
train,Green mirid bug,green_mirid_bug_01173.jpg,a6ea1a2a47b8ad1d5e63668a08fe91bc,green_mirid_bug_01173,False,
train,Green mirid bug,green_mirid_bug_01174.jpg,1cd100f29c848e6d9e0c4b3c76d2f1be,green_mirid_bug_01174,False,
train,Green mirid bug,green_mirid_bug_01175.jpg,7844c495e1e82a9b3df5b2be02ab00c2,green_mirid_bug_01175,False,
train,Green mirid bug,green_mirid_bug_01176.jpg,3b927875207a9aa91ca457357b8f60ef,green_mirid_bug_01176,False,
train,Green mirid bug,green_mirid_bug_01177.jpg,a1e96011a4b23e442a4d54a2a960bb62,green_mirid_bug_01177,False,
train,Green mirid bug,green_mirid_bug_01178.jpg,949519bd185ae0f5576faef51d6f7261,green_mirid_bug_01178,False,
train,Green mirid bug,green_mirid_bug_01180.jpg,76d1ceaae811943fef3dd8667dbf92fe,green_mirid_bug_01180,False,
train,Green mirid bug,green_mirid_bug_01181.jpg,795b87348e063ed58ba4001fb8755a7b,green_mirid_bug_01181,False,
train,Green mirid bug,green_mirid_bug_01182.jpg,559a663b9bfa1ca8d1388b4a6c8fafc8,green_mirid_bug_01182,False,
train,Green mirid bug,green_mirid_bug_01183.jpg,ed3940438e9263b33cfbdb3c5a65f051,green_mirid_bug_01183,False,
train,Green mirid bug,green_mirid_bug_01184.jpg,caeffb4878537f8b33a04c1d5b09eba3,green_mirid_bug_01184,False,
train,Green mirid bug,green_mirid_bug_01185.jpg,583db92c72ec408f012641856c5cfa64,green_mirid_bug_01185,False,
train,Green mirid bug,green_mirid_bug_01186.jpg,9f42caa21247859e4f53f187a7f50a30,green_mirid_bug_01186,False,
train,Green mirid bug,green_mirid_bug_01187.jpg,5d7a392e373cede0502c061fbe0d6513,green_mirid_bug_01187,False,
train,Green mirid bug,green_mirid_bug_01188.jpg,87d8b6c4e97641cf8fc8af8c0617beb4,green_mirid_bug_01188,False,
train,Green mirid bug,green_mirid_bug_01190.jpg,b01e7f9d96af7c17920fb9541cb1af75,green_mirid_bug_01190,False,
train,Green mirid bug,green_mirid_bug_01191.jpg,fa473fca2f80b889b1e092ace35519bf,green_mirid_bug_01191,False,
train,Green mirid bug,green_mirid_bug_01192.jpg,e4eec6c8090172ce170807ae73065fe6,green_mirid_bug_01192,False,
train,Green mirid bug,green_mirid_bug_01196.jpg,c144b187db500b5453baa5e8e38338bb,green_mirid_bug_01196,False,
train,Green mirid bug,green_mirid_bug_01198.jpg,313a2c67457798983386be15af7367a3,green_mirid_bug_01198,False,
train,Green mirid bug,green_mirid_bug_01199.jpg,c8b6b3b754a3f8a6a3f7056fb28f8161,green_mirid_bug_01199,False,
train,Green mirid bug,green_mirid_bug_01200.jpg,6768d0cb4697116078ebd61c39f4f6af,green_mirid_bug_01200,False,
train,Green mirid bug,green_mirid_bug_01202.jpg,f2d3bf5574ab4f8b894569c5ef0069de,green_mirid_bug_01202,False,
train,Green mirid bug,green_mirid_bug_01203.jpg,c0a0fc6b4ccc1faac06190a5b42d6d27,green_mirid_bug_01203,False,
train,Green mirid bug,green_mirid_bug_01204.jpg,8ae39a5269a158ab3a62eb9b0a252af9,green_mirid_bug_01204,False,
train,Green mirid bug,green_mirid_bug_01208.jpg,80f05f0cbc4d6ea67d6631c46bfdb41a,green_mirid_bug_01208,False,
train,Green mirid bug,green_mirid_bug_01210.jpg,fd48ba7fca3d079e40e58def65a26858,green_mirid_bug_01210,False,
train,Green mirid bug,green_mirid_bug_01211.jpg,a8dd25da43a83c50eb5717dfabb10da4,green_mirid_bug_01211,False,
train,Green mirid bug,green_mirid_bug_01212.jpg,2765b2674e6caad23df76fc1b239f28a,green_mirid_bug_01212,False,
train,Green mirid bug,green_mirid_bug_01215.jpg,b834b078ea97fa40672b7d19cdd26d0e,green_mirid_bug_01215,False,
train,Green mirid bug,green_mirid_bug_01216.jpg,e123c1a9be8b9a5c91e272513ccf70a9,green_mirid_bug_01216,False,
train,Green mirid bug,green_mirid_bug_01217.jpg,872ba8cdaa617bdb9027e26eaea8bab7,green_mirid_bug_01217,False,
train,Green mirid bug,green_mirid_bug_01218.jpg,6c426638dd97dd916c0391f1b7fde057,green_mirid_bug_01218,False,
train,Green mirid bug,green_mirid_bug_01223.jpg,b3fe4930b79ba8566e09a9db565165fc,green_mirid_bug_01223,False,
train,Green mirid bug,green_mirid_bug_01224.jpg,b060356f149eb5b8d455a7abd30ac0b8,green_mirid_bug_01224,False,
train,Green mirid bug,green_mirid_bug_01225.jpg,1928e67fee3d78608dc921833b1faaf1,green_mirid_bug_01225,False,
train,Green mirid bug,green_mirid_bug_01227.jpg,4b68284c574b4c820c799cd80fb2bdf4,green_mirid_bug_01227,False,
train,Green mirid bug,green_mirid_bug_01228.jpg,63f080b1c9e483774c261aa9f27f7aff,green_mirid_bug_01228,False,
train,Green mirid bug,green_mirid_bug_01229.jpg,a34b6d183c75474040f38cf8d5df56ac,green_mirid_bug_01229,False,
train,Green mirid bug,green_mirid_bug_01231.jpg,6af9aa05fe9bfa6e72fad543e81d0bf4,green_mirid_bug_01231,False,
train,Green mirid bug,green_mirid_bug_01233.jpg,d0100bfa3aa5e9f15bd4fb04a5dceaaf,green_mirid_bug_01233,False,
train,Green mirid bug,green_mirid_bug_01235.jpg,9c035e546e4092718817818375f0bc61,green_mirid_bug_01235,False,
train,Green mirid bug,green_mirid_bug_01237.jpg,8ad74c9d5f11299fb3e2f21e470e5e9d,green_mirid_bug_01237,False,
train,Green mirid bug,green_mirid_bug_01238.jpg,dd7e96c98d6701d1a02b16cd01346e7a,green_mirid_bug_01238,False,
train,Green mirid bug,green_mirid_bug_01239.jpg,597bffc3bf130a4d4bf3f981f3f82814,green_mirid_bug_01239,False,
train,Green mirid bug,green_mirid_bug_01241.jpg,fd569e8c4af72cf816fa09e4ea60db3e,green_mirid_bug_01241,False,
train,Green mirid bug,green_mirid_bug_01242.jpg,4fa1029ed641013cce8433f873fadcaf,green_mirid_bug_01242,False,
train,Green mirid bug,green_mirid_bug_01243.jpg,bf83dc80453727020c1884de8753d475,green_mirid_bug_01243,False,
train,Green mirid bug,green_mirid_bug_01244.jpg,55ce3b3a2fde8d2726cecbeefaa036d4,green_mirid_bug_01244,False,
train,Green mirid bug,green_mirid_bug_01245.jpg,bf083ea9ca4cbb2275d30760ccd8c628,green_mirid_bug_01245,False,
train,Green mirid bug,green_mirid_bug_01246.jpg,afd7dd29eb6e45f312c577231283b391,green_mirid_bug_01246,False,
train,Green mirid bug,green_mirid_bug_01247.jpg,f303e89b4d8a52b584e40b18334cc810,green_mirid_bug_01247,False,
train,Green mirid bug,green_mirid_bug_01249.jpg,b9b95f8101b0fb7306c3904dab0b749e,green_mirid_bug_01249,False,
train,Green mirid bug,green_mirid_bug_01250.jpg,820e5d119c0505bd4234d742e7178860,green_mirid_bug_01250,False,
train,Green mirid bug,green_mirid_bug_01251.jpg,39cdd3be8bf1b1b2ad24487afeb3ad7b,green_mirid_bug_01251,False,
train,Green mirid bug,green_mirid_bug_01252.jpg,1301afd139df57921e74fac3a46d5f38,green_mirid_bug_01252,False,
train,Green mirid bug,green_mirid_bug_01253.jpg,9dc10803662534b6eed29c8f7aad2aef,green_mirid_bug_01253,False,
train,Green mirid bug,green_mirid_bug_01254.jpg,cc600c4786954a22701c42c0d455bd97,green_mirid_bug_01254,False,
train,Green mirid bug,green_mirid_bug_01255.jpg,09c7e1e621a6f39d78f0224dea663a94,green_mirid_bug_01255,False,
train,Green mirid bug,green_mirid_bug_01256.jpg,3af167f6b73e1ac14de94f1d5b9aa6f0,green_mirid_bug_01256,False,
train,Green mirid bug,green_mirid_bug_01257.jpg,533f4fbd75f1cbacd62738998f3747ae,green_mirid_bug_01257,False,
train,Green mirid bug,green_mirid_bug_01259.jpg,a87f55807e8cd0b4f692e01d969fd9b9,green_mirid_bug_01259,False,
train,Green mirid bug,green_mirid_bug_01260.jpg,03b5eaf8d1433fe8c213097b1f391143,green_mirid_bug_01260,False,
train,Green mirid bug,green_mirid_bug_01263.jpg,ad98d37311bd8a6b0a6abdefcc4d086e,green_mirid_bug_01263,False,
train,Green mirid bug,green_mirid_bug_01264.jpg,27a534f3d27351349c40884b6969ad16,green_mirid_bug_01264,False,
train,Green mirid bug,green_mirid_bug_01267.jpg,4a9d65479161881d8d3b874f83dea6b6,green_mirid_bug_01267,False,
train,Green mirid bug,green_mirid_bug_01268.jpg,1c080b7e9bc1640eb46ecc7734fe4ac4,green_mirid_bug_01268,False,
train,Green mirid bug,green_mirid_bug_01270.jpg,2f922ff82bfddce152a5e3c8b1e78154,green_mirid_bug_01270,False,
train,Green mirid bug,green_mirid_bug_01272.jpg,812e235542e58364d58baaec57729123,green_mirid_bug_01272,False,
train,Green mirid bug,green_mirid_bug_01273.jpg,1291c7098e2b3d2ad43a07e262c5d4f4,green_mirid_bug_01273,False,
train,Green mirid bug,green_mirid_bug_01274.jpg,21938a2499722a5a985181b1bdf3a733,green_mirid_bug_01274,False,
train,Green mirid bug,green_mirid_bug_01275.jpg,90835dbe052a0449faf8ea729cf1d9b4,green_mirid_bug_01275,False,
train,Green mirid bug,green_mirid_bug_01277.jpg,d65014a9660ae3ad7b62e82897173ba1,green_mirid_bug_01277,False,
train,Green mirid bug,green_mirid_bug_01278.jpg,92f48c5845eab7bb82c9719621bb2afd,green_mirid_bug_01278,False,
train,Green mirid bug,green_mirid_bug_01279.jpg,8e6a64914d556c37722a43b12825b8f2,green_mirid_bug_01279,False,
train,Green mirid bug,green_mirid_bug_01280.jpg,aef286d8dae076969ead39c6efcc33d8,green_mirid_bug_01280,False,
train,Green mirid bug,green_mirid_bug_01281.jpg,f322a555bdc06c38c5b5299154e9e128,green_mirid_bug_01281,False,
train,Healthy leaf,UNADJUSTEDNONRAW_thumb_206.jpg,acea674de1c71099ddd44e2e6e30480e,UNADJUSTEDNONRAW_thumb_206,False,
train,Healthy leaf,UNADJUSTEDNONRAW_thumb_207.jpg,bc051fffed5db23f3bbc87e0a7d02021,UNADJUSTEDNONRAW_thumb_207,False,
train,Healthy leaf,UNADJUSTEDNONRAW_thumb_208.jpg,35ea54f66ee8730e2e87666c4d0fa46d,UNADJUSTEDNONRAW_thumb_208,False,
train,Healthy leaf,UNADJUSTEDNONRAW_thumb_209.jpg,d636ae1c85d4c7465984651a2d1f0e2e,UNADJUSTEDNONRAW_thumb_209,False,
train,Healthy leaf,UNADJUSTEDNONRAW_thumb_20c.jpg,fb3cddf00facf37288657fa479fbe4d2,UNADJUSTEDNONRAW_thumb_20c,False,
train,Healthy leaf,UNADJUSTEDNONRAW_thumb_20c_aug_brightness.jpg,0b6e3addb4c2832e91a5bf646705eb41,UNADJUSTEDNONRAW_thumb_20c,True,brightness
train,Healthy leaf,UNADJUSTEDNONRAW_thumb_20e.jpg,9c6d40cd82ba920572592ecc519d3b99,UNADJUSTEDNONRAW_thumb_20e,False,
train,Healthy leaf,UNADJUSTEDNONRAW_thumb_20f.jpg,dfe0a15a3f846662a19060f792d8c6ef,UNADJUSTEDNONRAW_thumb_20f,False,
train,Healthy leaf,UNADJUSTEDNONRAW_thumb_210.jpg,47a3339f82017cafb82df377f3945e00,UNADJUSTEDNONRAW_thumb_210,False,
train,Healthy leaf,UNADJUSTEDNONRAW_thumb_210_aug_brightness.jpg,9013ab5e9d9334523253b8be975e1734,UNADJUSTEDNONRAW_thumb_210,True,brightness
train,Healthy leaf,UNADJUSTEDNONRAW_thumb_210_aug_flip_horizontal.jpg,a24bf188c7a7109bd33e820488446dda,UNADJUSTEDNONRAW_thumb_210,True,flip
train,Healthy leaf,UNADJUSTEDNONRAW_thumb_211.jpg,47bef70c7aea2445238cd946bd0f0ae1,UNADJUSTEDNONRAW_thumb_211,False,
train,Healthy leaf,UNADJUSTEDNONRAW_thumb_211_aug_flip_horizontal.jpg,0eaa7acbc9a4449436b63e465a587280,UNADJUSTEDNONRAW_thumb_211,True,flip
train,Healthy leaf,UNADJUSTEDNONRAW_thumb_212.jpg,58b78c14ec1e6bce01fa33afc10c70a6,UNADJUSTEDNONRAW_thumb_212,False,
train,Healthy leaf,UNADJUSTEDNONRAW_thumb_213.jpg,a58af5d8c51bbf9c3d870ada467a0f9f,UNADJUSTEDNONRAW_thumb_213,False,
train,Healthy leaf,UNADJUSTEDNONRAW_thumb_215.jpg,305a46d67d175b1c7e3c49a8aaa93cbb,UNADJUSTEDNONRAW_thumb_215,False,
train,Healthy leaf,UNADJUSTEDNONRAW_thumb_216.jpg,e251f0d0352f40de7bd3a506ebb8c132,UNADJUSTEDNONRAW_thumb_216,False,
train,Healthy leaf,UNADJUSTEDNONRAW_thumb_217.jpg,617767812741fd43e8d252e00f563319,UNADJUSTEDNONRAW_thumb_217,False,
train,Healthy leaf,UNADJUSTEDNONRAW_thumb_217_aug_zoom.jpg,98d8bcede4eec253e3bb96a9cd560900,UNADJUSTEDNONRAW_thumb_217,True,zoom
train,Healthy leaf,UNADJUSTEDNONRAW_thumb_218.jpg,3808cd7cc9f90bdcdb80f637d0b0ae3c,UNADJUSTEDNONRAW_thumb_218,False,
train,Healthy leaf,UNADJUSTEDNONRAW_thumb_219.jpg,35bc38cb3a15728bad3c523cd2552014,UNADJUSTEDNONRAW_thumb_219,False,
train,Healthy leaf,UNADJUSTEDNONRAW_thumb_21a.jpg,a14ba094f651941704a9d8012101ea88,UNADJUSTEDNONRAW_thumb_21a,False,
train,Healthy leaf,UNADJUSTEDNONRAW_thumb_21c.jpg,0e12d313fc3678c2e7d5c8b29b72c5b7,UNADJUSTEDNONRAW_thumb_21c,False,
train,Healthy leaf,UNADJUSTEDNONRAW_thumb_21d.jpg,e77bffc8383eccbb2a8a35cdebe46531,UNADJUSTEDNONRAW_thumb_21d,False,
train,Healthy leaf,UNADJUSTEDNONRAW_thumb_21e.jpg,f636a467a9ec0b551887376fde744e33,UNADJUSTEDNONRAW_thumb_21e,False,
train,Healthy leaf,UNADJUSTEDNONRAW_thumb_21e_aug_blur.jpg,d4a194248a32ec12949409cab35d8d6f,UNADJUSTEDNONRAW_thumb_21e,True,blur
train,Healthy leaf,UNADJUSTEDNONRAW_thumb_21f.jpg,47cde71081abfcd4a9f62cd636520e8a,UNADJUSTEDNONRAW_thumb_21f,False,
train,Healthy leaf,UNADJUSTEDNONRAW_thumb_220.jpg,82f28351cb6e6435306db97bf868325a,UNADJUSTEDNONRAW_thumb_220,False,
train,Healthy leaf,UNADJUSTEDNONRAW_thumb_221.jpg,e1d20f7c05d346818033f1356ff41a6e,UNADJUSTEDNONRAW_thumb_221,False,
train,Healthy leaf,UNADJUSTEDNONRAW_thumb_223.jpg,493bdc4536e223aee1635ccf3d576699,UNADJUSTEDNONRAW_thumb_223,False,
train,Healthy leaf,UNADJUSTEDNONRAW_thumb_224.jpg,dc3075c408ee870be5e59c1df3ad86b3,UNADJUSTEDNONRAW_thumb_224,False,
train,Healthy leaf,UNADJUSTEDNONRAW_thumb_225.jpg,0dbecc69d249b8470ecd85859564ef8f,UNADJUSTEDNONRAW_thumb_225,False,
train,Healthy leaf,UNADJUSTEDNONRAW_thumb_226.jpg,026e851be670725ca2e66fd46b105902,UNADJUSTEDNONRAW_thumb_226,False,
train,Healthy leaf,UNADJUSTEDNONRAW_thumb_227.jpg,1320c99c6134d3383ab046f4714aaa6b,UNADJUSTEDNONRAW_thumb_227,False,
train,Healthy leaf,UNADJUSTEDNONRAW_thumb_229.jpg,b775e19e0404b465b9b6abd4e6b42cc7,UNADJUSTEDNONRAW_thumb_229,False,
train,Healthy leaf,UNADJUSTEDNONRAW_thumb_22a.jpg,7e5e7c317c3b2dd12251275a238ef458,UNADJUSTEDNONRAW_thumb_22a,False,
train,Healthy leaf,UNADJUSTEDNONRAW_thumb_22b.jpg,22d8651ae55fbd48320d1d31c3cc713d,UNADJUSTEDNONRAW_thumb_22b,False,
train,Healthy leaf,UNADJUSTEDNONRAW_thumb_22b_aug_flip_vertical.jpg,22968a21c30e76c7193597eff088d290,UNADJUSTEDNONRAW_thumb_22b,True,flip
train,Healthy leaf,UNADJUSTEDNONRAW_thumb_22c.jpg,df7113d0ce0bff2e416baaf8015b6ce5,UNADJUSTEDNONRAW_thumb_22c,False,
train,Healthy leaf,UNADJUSTEDNONRAW_thumb_22d.jpg,7ac6a5c95fc43055ceeeeba92462f1d4,UNADJUSTEDNONRAW_thumb_22d,False,
train,Healthy leaf,UNADJUSTEDNONRAW_thumb_22e.jpg,4f9b47c629622998680a9114fb039d38,UNADJUSTEDNONRAW_thumb_22e,False,
train,Healthy leaf,UNADJUSTEDNONRAW_thumb_22f.jpg,b978e8bea635f5c35d8a7f631be7937b,UNADJUSTEDNONRAW_thumb_22f,False,
train,Healthy leaf,UNADJUSTEDNONRAW_thumb_22f_aug_brightness.jpg,d810826dbe2cb186c01e691a9c74ae11,UNADJUSTEDNONRAW_thumb_22f,True,brightness
train,Healthy leaf,UNADJUSTEDNONRAW_thumb_231.jpg,fdf3527347d33c2880a399e4770f4f42,UNADJUSTEDNONRAW_thumb_231,False,
train,Healthy leaf,UNADJUSTEDNONRAW_thumb_232.jpg,3bc2bb9687ac4ff14f824ec14bff572c,UNADJUSTEDNONRAW_thumb_232,False,
train,Healthy leaf,UNADJUSTEDNONRAW_thumb_234.jpg,31edc1588ab7b6b5b78e4a6ac302c3ad,UNADJUSTEDNONRAW_thumb_234,False,
train,Healthy leaf,UNADJUSTEDNONRAW_thumb_234_aug_flip_vertical.jpg,5ead98eac1e067f453c997b6057af90a,UNADJUSTEDNONRAW_thumb_234,True,flip
train,Healthy leaf,UNADJUSTEDNONRAW_thumb_235.jpg,695896182e236a7bbd5eeb3a6158e631,UNADJUSTEDNONRAW_thumb_235,False,
train,Healthy leaf,UNADJUSTEDNONRAW_thumb_235_aug_brightness.jpg,094a0115396b2075a3192a88c3913177,UNADJUSTEDNONRAW_thumb_235,True,brightness
train,Healthy leaf,UNADJUSTEDNONRAW_thumb_236.jpg,6b48810c3834e06f594a130cc7568ee7,UNADJUSTEDNONRAW_thumb_236,False,
train,Healthy leaf,UNADJUSTEDNONRAW_thumb_236_aug_contrast.jpg,29ce81bec077834f0b5b53e7d0835e98,UNADJUSTEDNONRAW_thumb_236,True,contrast
train,Healthy leaf,UNADJUSTEDNONRAW_thumb_237.jpg,dc72f133b6581b998048dc8c8c65089b,UNADJUSTEDNONRAW_thumb_237,False,
train,Healthy leaf,UNADJUSTEDNONRAW_thumb_239.jpg,839921263f95779f12907f687453358d,UNADJUSTEDNONRAW_thumb_239,False,
train,Healthy leaf,UNADJUSTEDNONRAW_thumb_239_aug_flip_horizontal.jpg,f30c9fa1075f3e68c72a37a554b1c1f0,UNADJUSTEDNONRAW_thumb_239,True,flip
train,Healthy leaf,UNADJUSTEDNONRAW_thumb_23a.jpg,7cd2bd318166cfec640e269d35085469,UNADJUSTEDNONRAW_thumb_23a,False,
train,Healthy leaf,UNADJUSTEDNONRAW_thumb_23a_aug_zoom.jpg,54a7d69ac2fd2bc7fead9b737ece2b0b,UNADJUSTEDNONRAW_thumb_23a,True,zoom
train,Healthy leaf,UNADJUSTEDNONRAW_thumb_23b.jpg,bf6141f8cacc7f09dba72966f2ba677b,UNADJUSTEDNONRAW_thumb_23b,False,
train,Healthy leaf,UNADJUSTEDNONRAW_thumb_23d.jpg,f545cb3a2aa3172a5e7b5618452ab664,UNADJUSTEDNONRAW_thumb_23d,False,
train,Healthy leaf,UNADJUSTEDNONRAW_thumb_23d_aug_flip_horizontal.jpg,d9f68b14488b6cd4ffad24ab65c757ce,UNADJUSTEDNONRAW_thumb_23d,True,flip
train,Healthy leaf,UNADJUSTEDNONRAW_thumb_23e.jpg,f98ae572e10b4bd4b3c29f0dda9d831c,UNADJUSTEDNONRAW_thumb_23e,False,
train,Healthy leaf,UNADJUSTEDNONRAW_thumb_23f.jpg,7dc26e2169d47206462c24b2b4571ef0,UNADJUSTEDNONRAW_thumb_23f,False,
train,Healthy leaf,UNADJUSTEDNONRAW_thumb_241.jpg,751cb4aac1d48f72bdfe3e3d34f3aa7e,UNADJUSTEDNONRAW_thumb_241,False,
train,Healthy leaf,UNADJUSTEDNONRAW_thumb_242.jpg,197a115190ca87850bde4f9a1d398994,UNADJUSTEDNONRAW_thumb_242,False,
train,Healthy leaf,UNADJUSTEDNONRAW_thumb_243.jpg,f535b4f7af4657cbd7f6791ade1e0704,UNADJUSTEDNONRAW_thumb_243,False,
train,Healthy leaf,UNADJUSTEDNONRAW_thumb_244.jpg,a9fdc44e39368771ff3c5be287a5c19d,UNADJUSTEDNONRAW_thumb_244,False,
train,Healthy leaf,UNADJUSTEDNONRAW_thumb_244_aug_flip_vertical.jpg,a4752ed5938dbda198312c179c854654,UNADJUSTEDNONRAW_thumb_244,True,flip
train,Healthy leaf,UNADJUSTEDNONRAW_thumb_245.jpg,1174e187187923a2e5ef897436c0001b,UNADJUSTEDNONRAW_thumb_245,False,
train,Healthy leaf,UNADJUSTEDNONRAW_thumb_247.jpg,6fe45966e26bc91305f85a892632147a,UNADJUSTEDNONRAW_thumb_247,False,
train,Healthy leaf,UNADJUSTEDNONRAW_thumb_248.jpg,65ce9c10b3212d155c6ac25c4b420829,UNADJUSTEDNONRAW_thumb_248,False,
train,Healthy leaf,UNADJUSTEDNONRAW_thumb_248_aug_zoom.jpg,10582b2d1d68f782a1834f32f6e915fb,UNADJUSTEDNONRAW_thumb_248,True,zoom
train,Healthy leaf,UNADJUSTEDNONRAW_thumb_249.jpg,f155bdc2854f8d8d874dea28dd476f36,UNADJUSTEDNONRAW_thumb_249,False,
train,Healthy leaf,UNADJUSTEDNONRAW_thumb_24b.jpg,4a03a647f393e2d0adba61a432344384,UNADJUSTEDNONRAW_thumb_24b,False,
train,Healthy leaf,UNADJUSTEDNONRAW_thumb_24c.jpg,8234ce55d8daf6a63307dbfe49ae1120,UNADJUSTEDNONRAW_thumb_24c,False,
train,Healthy leaf,UNADJUSTEDNONRAW_thumb_24d.jpg,e0f385f18b0cb655ffb36ce3b2ec1d31,UNADJUSTEDNONRAW_thumb_24d,False,
train,Healthy leaf,UNADJUSTEDNONRAW_thumb_24e.jpg,976396a06b708d59dfc8c4a7dad7a6b1,UNADJUSTEDNONRAW_thumb_24e,False,
train,Healthy leaf,UNADJUSTEDNONRAW_thumb_24e_aug_blur.jpg,a125c2fd2f1d39d633d2c7aa2dbda229,UNADJUSTEDNONRAW_thumb_24e,True,blur
train,Healthy leaf,healthy_00001.jpg,3fedd4301054561cf039c82d5161629f,healthy_00001,False,
train,Healthy leaf,healthy_00002.jpg,074e6550a1697c5668f0c43ce8e217dc,healthy_00002,False,
train,Healthy leaf,healthy_00004.jpg,158d3d5d577872fe52c5e3d4efc1e4f3,healthy_00004,False,
train,Healthy leaf,healthy_00006.jpg,7c74a2a8c7f69615fafde10785dcfd4b,healthy_00006,False,
train,Healthy leaf,healthy_00007.jpg,7017dba292ed8ea9d61c9db808a8441f,healthy_00007,False,
train,Healthy leaf,healthy_00009.jpg,96889059cb6ba5fad7eebe6e1a0ca373,healthy_00009,False,
train,Healthy leaf,healthy_00009_aug_rotation.jpg,d29dd7dac5553eacdc8025046f28c2a7,healthy_00009,True,rotation
train,Healthy leaf,healthy_00010.jpg,415a2a7035b4c6ebe099ece0c16b74d3,healthy_00010,False,
train,Healthy leaf,healthy_00011.jpg,53cafc78ac7ce8129f516d02eb3c288f,healthy_00011,False,
train,Healthy leaf,healthy_00012.jpg,e9e2b4231e9d6ca069929d28fb3ff7f8,healthy_00012,False,
train,Healthy leaf,healthy_00014.jpg,1bd7126a5ea6f07b37ced4b15f732021,healthy_00014,False,
train,Healthy leaf,healthy_00015.jpg,fe22ec14d28f1a4cd68f498ae0a92ff9,healthy_00015,False,
train,Healthy leaf,healthy_00015_aug_blur.jpg,8390dd43afa35a474ca79c9cd19f58c4,healthy_00015,True,blur
train,Healthy leaf,healthy_00017.jpg,fb6b5d79bb54a55cf5ce836ff5b8211e,healthy_00017,False,
train,Healthy leaf,healthy_00017_aug_flip_horizontal.jpg,0e113eca307e3fa0681fb83ef76e431a,healthy_00017,True,flip
train,Healthy leaf,healthy_00018.jpg,11252d61d0d2bf7b78601afad9628e9d,healthy_00018,False,
train,Healthy leaf,healthy_00019.jpg,d0fd520a19453e18c4e76be3c141a59b,healthy_00019,False,
train,Healthy leaf,healthy_00019_aug_zoom.jpg,89d0a9aa0e35f60cca0775a087699c73,healthy_00019,True,zoom
train,Healthy leaf,healthy_00020.jpg,89ff185e766fd38ce48c2ceb9a66328d,healthy_00020,False,
train,Healthy leaf,healthy_00022.jpg,24e6c607ea0fed0ff4d133f79d588259,healthy_00022,False,
train,Healthy leaf,healthy_00023.jpg,5929a11341a0fd21635d44514501ec98,healthy_00023,False,
train,Healthy leaf,healthy_00024.jpg,a929659faca0e12c2dfaf1605a445fc1,healthy_00024,False,
train,Healthy leaf,healthy_00024_aug_contrast.jpg,080ba529ef05032694eaeb9d16836d84,healthy_00024,True,contrast
train,Healthy leaf,healthy_00024_aug_rotation.jpg,31e6405bf393ca55bb3e7b54c0a23f9f,healthy_00024,True,rotation
train,Healthy leaf,healthy_00025.jpg,032a8c7a0a4b6356ff7f073ac1c0e8d1,healthy_00025,False,
train,Healthy leaf,healthy_00026.jpg,d89c56219f4320b909b8e03bb74a0f6d,healthy_00026,False,
train,Healthy leaf,healthy_00028.jpg,d74d563099c656f16f3c2cf51279bafb,healthy_00028,False,
train,Healthy leaf,healthy_00029.jpg,2a6065a4f58a4b896c14b3f432fefefc,healthy_00029,False,
train,Healthy leaf,healthy_00030.jpg,2afc56f30d0d2201a1b7a66074ee1b12,healthy_00030,False,
train,Healthy leaf,healthy_00032.jpg,e9c4bc546db702af99fd6686f33d3b69,healthy_00032,False,
train,Healthy leaf,healthy_00033.jpg,9c047760afdc7d6e1b369b87661ff25c,healthy_00033,False,
train,Healthy leaf,healthy_00035.jpg,8c9724588cf1f806c0db51f97d05bd2e,healthy_00035,False,
train,Healthy leaf,healthy_00036.jpg,f02f830122338b40c1d21008237fd465,healthy_00036,False,
train,Healthy leaf,healthy_00036_aug_zoom.jpg,5902acc0a55546df839930eeb0857381,healthy_00036,True,zoom
train,Healthy leaf,healthy_00037.jpg,ee01fcf2b8829e02ac2ee350204158c7,healthy_00037,False,
train,Healthy leaf,healthy_00038.jpg,7ffdcaa04497e04275178eeba4508fb5,healthy_00038,False,
train,Healthy leaf,healthy_00038_aug_flip_horizontal.jpg,407f155f02b3e32b82a2a66308198dba,healthy_00038,True,flip
train,Healthy leaf,healthy_00039.jpg,a0194e6d1ace9971acf48a0b4ed98fa1,healthy_00039,False,
train,Healthy leaf,healthy_00040.jpg,7d2e907441c1cd01623eb2167275c985,healthy_00040,False,
train,Healthy leaf,healthy_00041.jpg,932a072389d610bbb6a7c70662565656,healthy_00041,False,
train,Healthy leaf,healthy_00041_aug_rotation.jpg,808dbad21a6ab2f5f7dcb22ce7aecb49,healthy_00041,True,rotation
train,Healthy leaf,healthy_00043.jpg,8509336c8b323d32b04d341fcf5429db,healthy_00043,False,
train,Healthy leaf,healthy_00044.jpg,7881a28e957ae6232f52266bf9dcf210,healthy_00044,False,
train,Healthy leaf,healthy_00045.jpg,73952972a21b86c9aa700af0826d9b92,healthy_00045,False,
train,Healthy leaf,healthy_00046.jpg,200a6bd4848e5c77e3dee1342d9966f1,healthy_00046,False,
train,Healthy leaf,healthy_00048.jpg,fbb8f7bfb6b0ab7949f054a27d8829bf,healthy_00048,False,
train,Healthy leaf,healthy_00048_aug_rotation.jpg,f84c04697a9d6f2746c0da323a1b3958,healthy_00048,True,rotation
train,Healthy leaf,healthy_00050.jpg,e9cf15bb01a4f5c58427f2ffc405b14a,healthy_00050,False,
train,Healthy leaf,healthy_00051.jpg,f1b3762186ebadc86fa78fe3feb75ddc,healthy_00051,False,
train,Healthy leaf,healthy_00052.jpg,471ccb86771960e566a3344a18c131bf,healthy_00052,False,
train,Healthy leaf,healthy_00053.jpg,8d16c90e78953546ca286c500e5613e2,healthy_00053,False,
train,Healthy leaf,healthy_00053_aug_brightness.jpg,4dc47e4cef114ecfe372c266a4de699e,healthy_00053,True,brightness
train,Healthy leaf,healthy_00056.jpg,ec15838083ed5be0a91a183dc7b5f025,healthy_00056,False,
train,Healthy leaf,healthy_00057.jpg,661d8cef14cb897584b21fff1f6d6560,healthy_00057,False,
train,Healthy leaf,healthy_00058.jpg,5969e37320c72234e106593dc0a2a533,healthy_00058,False,
train,Healthy leaf,healthy_00059.jpg,b9cd16f87300bded22924f7e047103e3,healthy_00059,False,
train,Healthy leaf,healthy_00060.jpg,987e9727e68e4eb314703a45c3b11898,healthy_00060,False,
train,Healthy leaf,healthy_00061.jpg,9bbe1818d53a0eaac29c983ba1baad89,healthy_00061,False,
train,Healthy leaf,healthy_00061_aug_contrast.jpg,e2455843a1719997949eb52d3862555e,healthy_00061,True,contrast
train,Healthy leaf,healthy_00062.jpg,2402cdf466fcfa05cc34c9ccfd2b809d,healthy_00062,False,
train,Healthy leaf,healthy_00062_aug_blur.jpg,42b3acbd1b9a1319e43f1287c5121afe,healthy_00062,True,blur
train,Healthy leaf,healthy_00062_aug_zoom.jpg,3d8bc59af731253db36746672fe85348,healthy_00062,True,zoom
train,Healthy leaf,healthy_00063.jpg,d88ad3d471b14400f01f436440a435d3,healthy_00063,False,
train,Healthy leaf,healthy_00066.jpg,d8d8878e5f37e34cdec7ca3b5c1d9ae0,healthy_00066,False,
train,Healthy leaf,healthy_00068.jpg,d4361d305aea28e8e23ae11a39c62329,healthy_00068,False,
train,Healthy leaf,healthy_00068_aug_contrast.jpg,32594da5fa6d2efc42ef9b2cd7917743,healthy_00068,True,contrast
train,Healthy leaf,healthy_00069.jpg,1658485f0c67b19b72b9f7d5456e10d3,healthy_00069,False,
train,Healthy leaf,healthy_00070.jpg,abbfabd98b4dd339b2f2f311fa4ea570,healthy_00070,False,
train,Healthy leaf,healthy_00071.jpg,e089ba89e5e8deee28aff3ab59edf252,healthy_00071,False,
train,Healthy leaf,healthy_00071_aug_brightness.jpg,53c9c3685fba98d080a6fb0a7913a917,healthy_00071,True,brightness
train,Healthy leaf,healthy_00072.jpg,7d60727739e02608cc0c4811bf15d440,healthy_00072,False,
train,Healthy leaf,healthy_00074.jpg,5adcf2996e87b1b3f358098da81e3238,healthy_00074,False,
train,Healthy leaf,healthy_00075.jpg,395ebf7f5c66fa515234d2756ea8ccd3,healthy_00075,False,
train,Healthy leaf,healthy_00076.jpg,a015611e5aacf433910c889a980e8b1b,healthy_00076,False,
train,Healthy leaf,healthy_00079.jpg,c71ce27b7b1130a891cc2fabcb8b064a,healthy_00079,False,
train,Healthy leaf,healthy_00080.jpg,9e396068d1028c15f0879d8074e3b99e,healthy_00080,False,
train,Healthy leaf,healthy_00081.jpg,17165476a1413a83e5131d5b97d4273b,healthy_00081,False,
train,Healthy leaf,healthy_00082.jpg,202b5bcc9c13965e28e8ef4a3026361f,healthy_00082,False,
train,Healthy leaf,healthy_00083.jpg,81a91ab4f47d3cff2834b004c9867ecd,healthy_00083,False,
train,Healthy leaf,healthy_00084.jpg,9d849c756531cb8793aed98e561815da,healthy_00084,False,
train,Healthy leaf,healthy_00087.jpg,b14f44ba4ebfef403d30599a16f2ac5c,healthy_00087,False,
train,Healthy leaf,healthy_00088.jpg,857ec394a66a0848a016cfcfac5f93e5,healthy_00088,False,
train,Healthy leaf,healthy_00088_aug_zoom.jpg,a851f074f589391246c97872ed4f86f1,healthy_00088,True,zoom
train,Healthy leaf,healthy_00089.jpg,9c91d20cb12a7eb4f63dcd3ad9757e13,healthy_00089,False,
train,Healthy leaf,healthy_00090.jpg,de0a11190b0cc9623169b965101320bb,healthy_00090,False,
train,Healthy leaf,healthy_00093.jpg,612bd51a71540b9bea85889cc7e47f89,healthy_00093,False,
train,Healthy leaf,healthy_00095.jpg,31a807d4ce5432fd9e78fc5dba6c911c,healthy_00095,False,
train,Healthy leaf,healthy_00097.jpg,f59f2b931fa344d478c4d01035e339e6,healthy_00097,False,
train,Healthy leaf,healthy_00097_aug_contrast.jpg,8fcf0ba65b194993a1e0948e664126c3,healthy_00097,True,contrast
train,Healthy leaf,healthy_00098.jpg,f94a7aba6f64d7d259cb1c294135cd51,healthy_00098,False,
train,Healthy leaf,healthy_00098_aug_flip_horizontal.jpg,2e001f72e46332f97c9f30db4cae89e2,healthy_00098,True,flip
train,Healthy leaf,healthy_00099.jpg,bbf0185b051c39f8b8a46425465105f0,healthy_00099,False,
train,Healthy leaf,healthy_00099_aug_blur.jpg,687a2d427dee1657b4ff7f6fed3411fd,healthy_00099,True,blur
train,Healthy leaf,healthy_00100.jpg,9b39aa193e6eff4cf0acd991665a808b,healthy_00100,False,
train,Healthy leaf,healthy_00100_aug_blur.jpg,c2235edf7b377328a1cb88d793896fb9,healthy_00100,True,blur
train,Healthy leaf,healthy_00101.jpg,1447278f743a8ac99998d7675b2062ad,healthy_00101,False,
train,Healthy leaf,healthy_00102.jpg,614da2f4fa21499a34a52741e0347017,healthy_00102,False,
train,Healthy leaf,healthy_00104.jpg,2b4bd2e8f655e574b90b715e5a27fb1d,healthy_00104,False,
train,Healthy leaf,healthy_00105.jpg,00f3b350f58a4f5cf1b3214b1125e8e3,healthy_00105,False,
train,Healthy leaf,healthy_00106.jpg,c1a2a1e0c2bd6cc373c77b168fb2af57,healthy_00106,False,
train,Healthy leaf,healthy_00107.jpg,cbd0cfa6e258ed6230c65a0f601af136,healthy_00107,False,
train,Healthy leaf,healthy_00107_aug_flip_vertical.jpg,f0335e2a381d8d788a944a7672433d88,healthy_00107,True,flip
train,Healthy leaf,healthy_00108.jpg,7468824bf428e6e1fb292c27cb2db90f,healthy_00108,False,
train,Healthy leaf,healthy_00109.jpg,c55d86f5cbb4fce30397d7998e4af2bb,healthy_00109,False,
train,Healthy leaf,healthy_00111.jpg,9d70bdec92af9e5e67e415e7f701b510,healthy_00111,False,
train,Healthy leaf,healthy_00112.jpg,d57803050fbfb1bc51211a40bddddb01,healthy_00112,False,
train,Healthy leaf,healthy_00113.jpg,b6338d447e56e429c80384f31632b815,healthy_00113,False,
train,Healthy leaf,healthy_00114.jpg,91e8ac09415e78f799a9380d78be39b9,healthy_00114,False,
train,Healthy leaf,healthy_00114_aug_brightness.jpg,9f5675c49c2b646b13f38ed38b4c4060,healthy_00114,True,brightness
train,Healthy leaf,healthy_00115.jpg,4bdbaba02e8f12552698c17b0cf348cf,healthy_00115,False,
train,Healthy leaf,healthy_00117.jpg,c99700b2043308225d6b820f95e1ec70,healthy_00117,False,
train,Healthy leaf,healthy_00122.jpg,397dbe46c18554be038d32d1417a3635,healthy_00122,False,
train,Healthy leaf,healthy_00123.jpg,ad4447fa56ae36c1e506bb5a2a0c4245,healthy_00123,False,
train,Healthy leaf,healthy_00124.jpg,9822e41492397f09a39d65084d2fa57d,healthy_00124,False,
train,Healthy leaf,healthy_00125.jpg,d052d65109a8fa0f36f051e1090c5db5,healthy_00125,False,
train,Healthy leaf,healthy_00125_aug_flip_vertical.jpg,a3dce209a2677c25b641791fc8c517f1,healthy_00125,True,flip
train,Healthy leaf,healthy_00127.jpg,ef9a5541fcd8b60abd05b81ab0d534fd,healthy_00127,False,
train,Healthy leaf,healthy_00129.jpg,eb831340a001650d589ffc5caa5f7558,healthy_00129,False,
train,Healthy leaf,healthy_00130.jpg,feba8e58e136b999149f05763e768963,healthy_00130,False,
train,Healthy leaf,healthy_00131.jpg,64aafac7899603a813e51acc73a6be93,healthy_00131,False,
train,Healthy leaf,healthy_00133.jpg,58c06b2bc28c1e5b33e14e6150e23824,healthy_00133,False,
train,Healthy leaf,healthy_00134.jpg,b3c9a7c86ef8ba1c195bbc6d94e510da,healthy_00134,False,
train,Healthy leaf,healthy_00135.jpg,af3ea7beb03469fe1c7cac66de3b7a84,healthy_00135,False,
train,Healthy leaf,healthy_00135_aug_rotation.jpg,bb03a829fe5a497e84054fd0ca177012,healthy_00135,True,rotation
train,Healthy leaf,healthy_00137.jpg,0a30229417886ce3368b342d6acc911f,healthy_00137,False,
train,Healthy leaf,healthy_00138.jpg,6f8dd5387177fb066d6f77fb103b9663,healthy_00138,False,
train,Healthy leaf,healthy_00138_aug_contrast.jpg,5285e6473c713de61072b0589575e562,healthy_00138,True,contrast
train,Healthy leaf,healthy_00140.jpg,07a09f1230beecc869d89bf6255f99c9,healthy_00140,False,
train,Healthy leaf,healthy_00141.jpg,9b938b4e12df2f4c362751048baa3324,healthy_00141,False,
train,Healthy leaf,healthy_00142.jpg,8a7104f7f755a95ec3bfba6dc63093b2,healthy_00142,False,
train,Healthy leaf,healthy_00144.jpg,cccf7a9ea2ae543f63a05801feda46fa,healthy_00144,False,
train,Healthy leaf,healthy_00145.jpg,7ba1dd7c7f8ca8a222f62ddf0dd4d0b9,healthy_00145,False,
train,Healthy leaf,healthy_00147.jpg,d44dad850c941e8a047c79684e180ac0,healthy_00147,False,
train,Healthy leaf,healthy_00149.jpg,1242e80f763a4d7f310afb0fa30364b4,healthy_00149,False,
train,Healthy leaf,healthy_00151.jpg,7502ffa5dc7245c440433f6a6ac04eaf,healthy_00151,False,
train,Healthy leaf,healthy_00151_aug_rotation.jpg,47ee7b22748f6242219c46b93e5478d0,healthy_00151,True,rotation
train,Healthy leaf,healthy_00152.jpg,b0581cffc553bd34590cb62b19971fcf,healthy_00152,False,
train,Healthy leaf,healthy_00153.jpg,58049691227fed841c66f40809024283,healthy_00153,False,
train,Healthy leaf,healthy_00156.jpg,9833c2c3e048b246aee7b8b744ad3476,healthy_00156,False,
train,Healthy leaf,healthy_00157.jpg,6a0aef5c29267c890f8fd917afe4fc66,healthy_00157,False,
train,Healthy leaf,healthy_00159.jpg,e99925b79b39720798a5f7b5ef77c912,healthy_00159,False,
train,Healthy leaf,healthy_00160.jpg,17e91931c6b824f8dcd0c4bf2b20a626,healthy_00160,False,
train,Healthy leaf,healthy_00161.jpg,30eda2b9e327c2e587ef7af46f078cf5,healthy_00161,False,
train,Healthy leaf,healthy_00162.jpg,2b857f772704815974dec4b96ee8b8dd,healthy_00162,False,
train,Healthy leaf,healthy_00165.jpg,0366437d753786bc71b4b2de7ca88ae1,healthy_00165,False,
train,Healthy leaf,healthy_00166.jpg,0f46e6959301db46bbdc018386571d4f,healthy_00166,False,
train,Healthy leaf,healthy_00167.jpg,d37d27e366d73aa71fb4cabc2333a2f0,healthy_00167,False,
train,Healthy leaf,healthy_00168.jpg,8a1d3dc724485551a4795172386d7d68,healthy_00168,False,
train,Healthy leaf,healthy_00168_aug_blur.jpg,835801717e62aa39a6b56f70cc747983,healthy_00168,True,blur
train,Healthy leaf,healthy_00169.jpg,d09394c6abf67609d2866562b3ffbcfe,healthy_00169,False,
train,Healthy leaf,healthy_00170.jpg,3cdd3b0547d0ff71faad1fe33c5f6507,healthy_00170,False,
train,Healthy leaf,healthy_00171.jpg,dc4e3343f43481ff03c3c1ebcb762015,healthy_00171,False,
train,Healthy leaf,healthy_00174.jpg,1a0ab304d40830c72972dba3f5810e9d,healthy_00174,False,
train,Healthy leaf,healthy_00175.jpg,da5843aea98c113d27b079ca71ee53c9,healthy_00175,False,
train,Healthy leaf,healthy_00175_aug_flip_horizontal.jpg,d87b5b5cfa7899696ab9578503e39785,healthy_00175,True,flip
train,Healthy leaf,healthy_00176.jpg,942d01bb170d03eb6a18c785b2f6e48d,healthy_00176,False,
train,Healthy leaf,healthy_00178.jpg,38c4105c0e4b04dd7b6662c8a8275ece,healthy_00178,False,
train,Healthy leaf,healthy_00178_aug_contrast.jpg,903aa5fea467226833b07229f197aef6,healthy_00178,True,contrast
train,Healthy leaf,healthy_00179.jpg,bf48de47db62b8f539b5493ff320a6a0,healthy_00179,False,
train,Healthy leaf,healthy_00179_aug_flip_vertical.jpg,33299682807fafe5f219ac9297d3b386,healthy_00179,True,flip
train,Healthy leaf,healthy_00180.jpg,69bb1d28b86a96c927bd2d62d4980685,healthy_00180,False,
train,Healthy leaf,healthy_00181.jpg,eaf538e8715990e3af7ae2c49986b238,healthy_00181,False,
train,Healthy leaf,healthy_00181_aug_brightness.jpg,981f9c92734c12677605785f56911fad,healthy_00181,True,brightness
train,Healthy leaf,healthy_00183.jpg,bc4703cf0e0ef5cd77ae881bc2382b86,healthy_00183,False,
train,Healthy leaf,healthy_00184.jpg,5fde8aabbec335b3eab657e599d18115,healthy_00184,False,
train,Healthy leaf,healthy_00185.jpg,eb6a86282bb4af9d3b937a3269712165,healthy_00185,False,
train,Healthy leaf,healthy_00186.jpg,ea8b024ca4ded09b2f7c9bf33626406c,healthy_00186,False,
train,Healthy leaf,healthy_00190.jpg,02a146ccfce2f8c53109c73bcafa1466,healthy_00190,False,
train,Healthy leaf,healthy_00192.jpg,bbd24ada001b097881f0cff42917efd1,healthy_00192,False,
train,Healthy leaf,healthy_00194.jpg,a921b2b12ef71709dcf302de4249470e,healthy_00194,False,
train,Healthy leaf,healthy_00194_aug_brightness.jpg,6503fdb81c42ccd0627a6beae3bd89b7,healthy_00194,True,brightness
train,Healthy leaf,healthy_00195.jpg,7baeb7c9cd8cba50f60e48158034734d,healthy_00195,False,
train,Healthy leaf,healthy_00195_aug_zoom.jpg,f6d4ba683ad3afe5aab15a9212e61edc,healthy_00195,True,zoom
train,Healthy leaf,healthy_00197.jpg,863fa289921015d0925d645c0148b7b6,healthy_00197,False,
train,Healthy leaf,healthy_00198.jpg,23ec762653237bff0fb5e21830780042,healthy_00198,False,
train,Healthy leaf,healthy_00199.jpg,3c7a33e918839a4ae561109faf5ae24c,healthy_00199,False,
train,Healthy leaf,healthy_00200.jpg,9a74ee9482c5e7623dd1867a2c795491,healthy_00200,False,
train,Healthy leaf,healthy_00203.jpg,93b9a06918934354168a0439964c4e6d,healthy_00203,False,
train,Healthy leaf,healthy_00204.jpg,0adfe124b336abefacbd7ca932f7bb1d,healthy_00204,False,
train,Healthy leaf,healthy_00205.jpg,95012eca175fdf06beafc80aea980d87,healthy_00205,False,
train,Healthy leaf,healthy_00205_aug_flip_horizontal.jpg,2b3ac81435248b5b6d198722579641bd,healthy_00205,True,flip
train,Healthy leaf,healthy_00207.jpg,24e7f510b79f71413da19660fd43fee8,healthy_00207,False,
train,Healthy leaf,healthy_00208.jpg,b541438110f783dceeabaa781b8a298f,healthy_00208,False,
train,Healthy leaf,healthy_00211.jpg,301a378747c93db97d7eae5aa099b50c,healthy_00211,False,
train,Healthy leaf,healthy_00211_aug_zoom.jpg,5ba6787302e5107b75e281c34d303c67,healthy_00211,True,zoom
train,Healthy leaf,healthy_00214.jpg,e49d74a07f02763b9696200f0793b289,healthy_00214,False,
train,Healthy leaf,healthy_00215.jpg,76f130e79aa78b4f62f50b0955381ed3,healthy_00215,False,
train,Healthy leaf,healthy_00216.jpg,d61a83433946ac3fe4ce73300a96f1f4,healthy_00216,False,
train,Healthy leaf,healthy_00217.jpg,9df057b2668b9af58965ede590e1b058,healthy_00217,False,
train,Healthy leaf,healthy_00218.jpg,0972ed30b7ccda05ed44ed25ae7b99cb,healthy_00218,False,
train,Healthy leaf,healthy_00219.jpg,155ca6ad4a0f62f88c058cd500b79e3d,healthy_00219,False,
train,Healthy leaf,healthy_00221.jpg,e2198a0a85c7e88aece15c47652794c0,healthy_00221,False,
train,Healthy leaf,healthy_00221_aug_blur.jpg,80ec0bfad1d2d9bc80602481eb2859dc,healthy_00221,True,blur
train,Healthy leaf,healthy_00222.jpg,3cef3e7d2447d500cc82eaf07c34fa61,healthy_00222,False,
train,Healthy leaf,healthy_00223.jpg,c89c4fe1ce704a920844e8550dd5feb8,healthy_00223,False,
train,Healthy leaf,healthy_00224.jpg,5d772232b2cbe2c58ffb37affc458030,healthy_00224,False,
train,Healthy leaf,healthy_00225.jpg,dceb0c9dd9e237c77650324b23e622d6,healthy_00225,False,
train,Healthy leaf,healthy_00229.jpg,22d1f18fb67a3bca3e5e57fd7a2f9593,healthy_00229,False,
train,Healthy leaf,healthy_00230.jpg,da560f8dfbf2cb9029128bd551460274,healthy_00230,False,
train,Healthy leaf,healthy_00230_aug_rotation.jpg,f37765b28708d645368d72c3fc0bc71a,healthy_00230,True,rotation
train,Healthy leaf,healthy_00231.jpg,e92c44e130f9f7fd71f8004a6edfb192,healthy_00231,False,
train,Healthy leaf,healthy_00234.jpg,99f62a5a3f805854b8fbe9d6f42170ff,healthy_00234,False,
train,Healthy leaf,healthy_00234_aug_zoom.jpg,8ee4d7ccc9cfe82516ce2086e91d0743,healthy_00234,True,zoom
train,Healthy leaf,healthy_00235.jpg,3b02456929a1e4fbcb2a39dec4d6eb5b,healthy_00235,False,
train,Healthy leaf,healthy_00236.jpg,effb1695b61cb6f703c93e04ca4993d2,healthy_00236,False,
train,Healthy leaf,healthy_00237.jpg,1e24330edca4c4f33f9991331559d644,healthy_00237,False,
train,Healthy leaf,healthy_00238.jpg,d22220b1912e11984f804035a4c1eda3,healthy_00238,False,
train,Healthy leaf,healthy_00239.jpg,a3c851a7c9ecca300ddcfb4e09611ad4,healthy_00239,False,
train,Healthy leaf,healthy_00239_aug_zoom.jpg,b9587c58af744342033286c28d2163ca,healthy_00239,True,zoom
train,Healthy leaf,healthy_00241.jpg,1615c0b0fce65ceafe0a15600cd2868b,healthy_00241,False,
train,Healthy leaf,healthy_00242.jpg,795290c7c49b67191682686b68f63822,healthy_00242,False,
train,Healthy leaf,healthy_00243.jpg,c633b7128ab4de8cb02a0051d915e959,healthy_00243,False,
train,Healthy leaf,healthy_00243_aug_brightness.jpg,ff04a05927cbbd89314a32c96fb6424d,healthy_00243,True,brightness
train,Healthy leaf,healthy_00243_aug_flip_vertical.jpg,3282326da331a7c0687956d46b44b311,healthy_00243,True,flip
train,Healthy leaf,healthy_00247.jpg,5e59c42738269b32b53fd67dbfe01801,healthy_00247,False,
train,Healthy leaf,healthy_00248.jpg,1c3a84dd02ab3afceed25c595327be19,healthy_00248,False,
train,Healthy leaf,healthy_00249.jpg,3673b3b91172d66cfdba0a5ed5037e7d,healthy_00249,False,
train,Healthy leaf,healthy_00249_aug_flip_horizontal.jpg,300ce1d029ef55b7f5cbf5f310f84eac,healthy_00249,True,flip
train,Healthy leaf,healthy_00251.jpg,dbdccccd3e0935ee5bd042970510f26a,healthy_00251,False,
train,Healthy leaf,healthy_00252.jpg,28e52fd358680960137b3505432801f3,healthy_00252,False,
train,Healthy leaf,healthy_00253.jpg,afca3f1c357bf2460fd324e365a6f6e2,healthy_00253,False,
train,Healthy leaf,healthy_00253_aug_blur.jpg,20f5c342831cf29282b92d6f72a704c7,healthy_00253,True,blur
train,Healthy leaf,healthy_00254.jpg,3300204b2633a4a129d0fda25c946315,healthy_00254,False,
train,Healthy leaf,healthy_00255.jpg,a4848fd93b7c3a24428f2a6b36e32a63,healthy_00255,False,
train,Healthy leaf,healthy_00255_aug_brightness.jpg,ac17f48ebdc129d1231b2b3ea4168802,healthy_00255,True,brightness
train,Healthy leaf,healthy_00256.jpg,6fbac872761f6a82223453185bbcb6b0,healthy_00256,False,
train,Healthy leaf,healthy_00257.jpg,8ee18e9b174fad431d860018bd7f97a6,healthy_00257,False,
train,Healthy leaf,healthy_00258.jpg,4d9cc5ac2aeaa9647fbb81345c73906e,healthy_00258,False,
train,Healthy leaf,healthy_00258_aug_brightness.jpg,50eb9d1c11a3294f047ed88bc2bd8c81,healthy_00258,True,brightness
train,Healthy leaf,healthy_00260.jpg,1ffd2c0353d9dbc9a0d2e4771dc17009,healthy_00260,False,
train,Healthy leaf,healthy_00261.jpg,ce68b8b5df7cbef2def9b11ee1aae1d0,healthy_00261,False,
train,Healthy leaf,healthy_00261_aug_blur.jpg,7403680dfdd8f45b849296d9d816a1c9,healthy_00261,True,blur
train,Healthy leaf,healthy_00262.jpg,857af0d459b83c82d84a68a870176137,healthy_00262,False,
train,Healthy leaf,healthy_00263.jpg,a4a04408d5c19c7c5bd482c90131df07,healthy_00263,False,
train,Healthy leaf,healthy_00264.jpg,9a4b2f6ee44515e152ea2741c1c597ab,healthy_00264,False,
train,Healthy leaf,healthy_00264_aug_brightness.jpg,13166fee47e9ebe6a0ef9d8c3bb1745c,healthy_00264,True,brightness
train,Healthy leaf,healthy_00265.jpg,2ff3571fb359bc371f6e68e6a1000b9a,healthy_00265,False,
train,Healthy leaf,healthy_00268.jpg,6ac7b2410a06cc1c36a467b963edfc18,healthy_00268,False,
train,Healthy leaf,healthy_00269.jpg,d2cd38e91abf62934674358190b3f0d2,healthy_00269,False,
train,Healthy leaf,healthy_00270.jpg,c29f321c21e6c8852384ccbad0819cff,healthy_00270,False,
train,Healthy leaf,healthy_00271.jpg,41fb1abff9f29c013651a27dae0992de,healthy_00271,False,
train,Healthy leaf,healthy_00271_aug_brightness.jpg,c535ebc557f4c017d92a883af522694b,healthy_00271,True,brightness
train,Healthy leaf,healthy_00272.jpg,2bb42a0c9f1ded78d1f5247d9da22dba,healthy_00272,False,
train,Healthy leaf,healthy_00272_aug_contrast.jpg,d88c1a6f8a9a2cb6d8c00e2021a309b9,healthy_00272,True,contrast
train,Healthy leaf,healthy_00273.jpg,95fb077d2cb84447b2c378f6fed1129d,healthy_00273,False,
train,Healthy leaf,healthy_00277.jpg,e7b2869ead26a5493505260179c1e898,healthy_00277,False,
train,Healthy leaf,healthy_00278.jpg,001cbfd5465b59479c5d5291abc87072,healthy_00278,False,
train,Healthy leaf,healthy_00278_aug_contrast.jpg,3f20402f1c7c6cf3e2675f1b5ea4053a,healthy_00278,True,contrast
train,Healthy leaf,healthy_00279.jpg,a5542376b6455699d63d8ebf6ba653cc,healthy_00279,False,
train,Healthy leaf,healthy_00280.jpg,b76615f55d41e07a4f2240c9dcc10aad,healthy_00280,False,
train,Healthy leaf,healthy_00280_aug_contrast.jpg,af7a5ab2f1856d8fe24a875a278ce178,healthy_00280,True,contrast
train,Healthy leaf,healthy_00285.jpg,5d271427812c19aedd12ce1f8db0e1ea,healthy_00285,False,
train,Healthy leaf,healthy_00286.jpg,23b3943c7b224fca9aa958d34f74c8d7,healthy_00286,False,
train,Healthy leaf,healthy_00286_aug_blur.jpg,1fb3a1e54693533194f52236ec9b235a,healthy_00286,True,blur
train,Healthy leaf,healthy_00287.jpg,2a324076060e6b6c21bb03a91ed92190,healthy_00287,False,
train,Healthy leaf,healthy_00288.jpg,7def9f3bc1727ffc7343b7c6c7ee3372,healthy_00288,False,
train,Healthy leaf,healthy_00288_aug_rotation.jpg,230bbb0e0bf5a3bb77327366b1aa2281,healthy_00288,True,rotation
train,Healthy leaf,healthy_00291.jpg,3ce8033eb630ebfe010c54b0ce3e98f4,healthy_00291,False,
train,Healthy leaf,healthy_00292.jpg,b5f7326a5b886dbf3e9561ab1ae83fa0,healthy_00292,False,
train,Healthy leaf,healthy_00295.jpg,07675e12b978d80a3cfe8340c77a14aa,healthy_00295,False,
train,Healthy leaf,healthy_00295_aug_flip_vertical.jpg,47167245532c4ac9bb97d45968fce71a,healthy_00295,True,flip
train,Healthy leaf,healthy_00296.jpg,2e5ebcb1f21c874e6f5053128f80b1c1,healthy_00296,False,
train,Healthy leaf,healthy_00297.jpg,25725ad6dd4e9a3cfa98b6ce8e075162,healthy_00297,False,
train,Healthy leaf,healthy_00298.jpg,c29c478c545dd43088c218a091f00b2f,healthy_00298,False,
train,Healthy leaf,healthy_00299.jpg,e932d779cbe77fbbd70aa98c18f57c19,healthy_00299,False,
train,Healthy leaf,healthy_00302.jpg,0810d97766af5ff4ebcd36475af56178,healthy_00302,False,
train,Healthy leaf,healthy_00304.jpg,f4505564a543ebf6135b3035590a4ec1,healthy_00304,False,
train,Healthy leaf,healthy_00308.jpg,d0e196ca261dbd3e11a8d6c78aa2a7cc,healthy_00308,False,
train,Healthy leaf,healthy_00308_aug_rotation.jpg,2f8baea506d78f30fa0577601e055ce6,healthy_00308,True,rotation
train,Healthy leaf,healthy_00311.jpg,0d42d21d7651a20e154c1b52d1329dac,healthy_00311,False,
train,Healthy leaf,healthy_00311_aug_contrast.jpg,f110f35772a94c9cca6aac973cee60f9,healthy_00311,True,contrast
train,Healthy leaf,healthy_00315.jpg,6ad00bc4dbee953ccf714d01395ff13a,healthy_00315,False,
train,Healthy leaf,healthy_00317.jpg,af8c0f0280e7dbc6a3ddabbb018d6449,healthy_00317,False,
train,Healthy leaf,healthy_00317_aug_zoom.jpg,41a241c76fca95e6c5d544530275d9d5,healthy_00317,True,zoom
train,Healthy leaf,healthy_00318.jpg,4b2bc3da7becbba92109b40fe71b9540,healthy_00318,False,
train,Healthy leaf,healthy_00320.jpg,9886404be36d4d1eba82b70702b9da8c,healthy_00320,False,
train,Healthy leaf,healthy_00321.jpg,1ae436ae3b225c79e7d5c566a43c0f4d,healthy_00321,False,
train,Healthy leaf,healthy_00322.jpg,30f0ff0675c474272f506749b812f46f,healthy_00322,False,
train,Healthy leaf,healthy_00323.jpg,2b3460ca15091924228732b9dcc609fd,healthy_00323,False,
train,Healthy leaf,healthy_00324.jpg,57086af50029ea98185e6d0c91c62130,healthy_00324,False,
train,Healthy leaf,healthy_00326.jpg,2f77045ea0c454ac2e2d38fca001e177,healthy_00326,False,
train,Healthy leaf,healthy_00327.jpg,845ef6f8deb3198e71f82fb02b43ab18,healthy_00327,False,
train,Healthy leaf,healthy_00327_aug_brightness.jpg,c92c232e74223c354d402845e1b8deb4,healthy_00327,True,brightness
train,Healthy leaf,healthy_00327_aug_flip_vertical.jpg,6d8f9e376cb196e15ead65df73517b8a,healthy_00327,True,flip
train,Healthy leaf,healthy_00330.jpg,32180758efdc38268ec9c92f52721548,healthy_00330,False,
train,Healthy leaf,healthy_00331.jpg,75499be4d3e46c5e91f97c1d2e60d29d,healthy_00331,False,
train,Healthy leaf,healthy_00332.jpg,20b1bf678460af890e17f72628870f3c,healthy_00332,False,
train,Healthy leaf,healthy_00333.jpg,530a57198e7ce39d59420320c3aba2f4,healthy_00333,False,
train,Healthy leaf,healthy_00333_aug_flip_horizontal.jpg,10596e32280d8ad1cb69e1bb862908c5,healthy_00333,True,flip
train,Healthy leaf,healthy_00336.jpg,1c1a446e6f608be5d067ae011e0f2bce,healthy_00336,False,
train,Healthy leaf,healthy_00337.jpg,3aea5c8dec303e9503a73bf6ea515630,healthy_00337,False,
train,Healthy leaf,healthy_00338.jpg,485db95639e3f505de8f2d4ce676a61f,healthy_00338,False,
train,Healthy leaf,healthy_00339.jpg,0b5dc6875898651967cacc36201cd10a,healthy_00339,False,
train,Healthy leaf,healthy_00339_aug_rotation.jpg,602432753fc8803903b2683125a6b7d8,healthy_00339,True,rotation
train,Healthy leaf,healthy_00340.jpg,3e7485deb2b0386ecb909a9ebe8a4fe0,healthy_00340,False,
train,Healthy leaf,healthy_00341.jpg,21e1cb9ad51586a5cb4670275fc39731,healthy_00341,False,
train,Healthy leaf,healthy_00342.jpg,182444abde80cd9590aee510f429c8a9,healthy_00342,False,
train,Healthy leaf,healthy_00343.jpg,f3027a9c7f9d0e2dfeb9229ab6afe50a,healthy_00343,False,
train,Healthy leaf,healthy_00345.jpg,3eca4bb9d3492886b90344f8c94e16fc,healthy_00345,False,
train,Healthy leaf,healthy_00345_aug_zoom.jpg,a2bf49f0f40d1ee9bed1cb08a2f30571,healthy_00345,True,zoom
train,Healthy leaf,healthy_00347.jpg,841d510fd1a626105be7e5edeb0faed9,healthy_00347,False,
train,Healthy leaf,healthy_00349.jpg,0b44d279e6f52979b0b8feef7c7dfcdb,healthy_00349,False,
train,Healthy leaf,healthy_00350.jpg,ae5269059c5538f256aa9a7334f1c865,healthy_00350,False,
train,Healthy leaf,healthy_00351.jpg,bbc615319867e4a8db068ddeedb29c9c,healthy_00351,False,
train,Healthy leaf,healthy_00351_aug_brightness.jpg,5f76f49761a2152a2d4689b127ce2bb4,healthy_00351,True,brightness
train,Healthy leaf,healthy_00351_aug_zoom.jpg,6f4cacaad04a03bf76aa14780f37a875,healthy_00351,True,zoom
train,Healthy leaf,healthy_00352.jpg,f99d047e340f7c5f2cc57ac946ba6cb2,healthy_00352,False,
train,Healthy leaf,healthy_00353.jpg,16b21b2a595bf4cdc7cb082a0038517e,healthy_00353,False,
train,Healthy leaf,healthy_00356.jpg,6346c167a3c6a46095e310bca6bf380e,healthy_00356,False,
train,Healthy leaf,healthy_00357.jpg,24a6a46470504682697559b3f6cb19ca,healthy_00357,False,
train,Healthy leaf,healthy_00357_aug_contrast.jpg,603fd46f17ac38bffb5a041e3f3b13f1,healthy_00357,True,contrast
train,Healthy leaf,healthy_00357_aug_flip_vertical.jpg,4a41282da9b3e95858689e1c4ed4dd26,healthy_00357,True,flip
train,Healthy leaf,healthy_00360.jpg,9ef7bfedb3416257ef369ce2246ddb07,healthy_00360,False,
train,Healthy leaf,healthy_00360_aug_brightness.jpg,c27230223253fee5e9ccbe06f71ffd18,healthy_00360,True,brightness
train,Healthy leaf,healthy_00360_aug_zoom.jpg,5ad5d8d5f2c85c77d5a7cdc82bc587d8,healthy_00360,True,zoom
train,Healthy leaf,healthy_00361.jpg,06c8d7a7594b95d42efc3b423c0bb65e,healthy_00361,False,
train,Healthy leaf,healthy_00363.jpg,30fdbd1974efacfdca866ae89f2bc8fc,healthy_00363,False,
train,Healthy leaf,healthy_00364.jpg,0fb48b81a1da89e89bab2241b0a782f8,healthy_00364,False,
train,Healthy leaf,healthy_00365.jpg,f8811a3fa3d260d15088a9bb86dde1e7,healthy_00365,False,
train,Healthy leaf,healthy_00365_aug_zoom.jpg,0bcacb4f6370fe57d82680b72d70a0f1,healthy_00365,True,zoom
train,Healthy leaf,healthy_00367.jpg,05426baf5bceb3e3afe47ef96a448fd1,healthy_00367,False,
train,Healthy leaf,healthy_00367_aug_zoom.jpg,de758727f315eaef2be36f00b1d384b4,healthy_00367,True,zoom
train,Healthy leaf,healthy_00368.jpg,aa586e65537cfb864ce79c88502f867d,healthy_00368,False,
train,Healthy leaf,healthy_00369.jpg,50632ceb499e8c681177ed188d31063a,healthy_00369,False,
train,Healthy leaf,healthy_00369_aug_flip_vertical.jpg,d6baca2a069bf3f41a9198bb08a90df5,healthy_00369,True,flip
train,Healthy leaf,healthy_00370.jpg,3def6ae34d4caa1fcd1aee11f754dfcf,healthy_00370,False,
train,Healthy leaf,healthy_00371.jpg,b2479692f5453d1f3dca9cb06905593b,healthy_00371,False,
train,Healthy leaf,healthy_00371_aug_flip_horizontal.jpg,ef3abf0024853abced764a076a648a23,healthy_00371,True,flip
train,Healthy leaf,healthy_00372.jpg,1dccd29403ac99422b0f59aa02b1bf8a,healthy_00372,False,
train,Healthy leaf,healthy_00373.jpg,07db1ffce1eb3d35c10f8c7e102941ec,healthy_00373,False,
train,Healthy leaf,healthy_00373_aug_rotation.jpg,3b150b4ce54b2b5cc887def5b942f330,healthy_00373,True,rotation
train,Healthy leaf,healthy_00374.jpg,7e4462ebd00b5fc113b86f86d23b1bd2,healthy_00374,False,
train,Healthy leaf,healthy_00376.jpg,dfef40fbb6cb6c903cd6b406ec2dfb1d,healthy_00376,False,
train,Healthy leaf,healthy_00377.jpg,a907f65724242fa169e01705439e2b1e,healthy_00377,False,
train,Healthy leaf,healthy_00378.jpg,44402e2a56feae00ac8faad2f918d432,healthy_00378,False,
train,Healthy leaf,healthy_00379.jpg,2551c85405de31d97372b42bdf63fca2,healthy_00379,False,
train,Healthy leaf,healthy_00380.jpg,1b665b4a68a9b5af121b6cd4f7517e6b,healthy_00380,False,
train,Healthy leaf,healthy_00381.jpg,562063036add8015abd452db507d1823,healthy_00381,False,
train,Healthy leaf,healthy_00382.jpg,7859b9fb2fa0d0e66b58e2b4300e349d,healthy_00382,False,
train,Healthy leaf,healthy_00383.jpg,69976640f8b0fac546a598349f81d6d8,healthy_00383,False,
train,Healthy leaf,healthy_00383_aug_contrast.jpg,9c24b77e421fa241d7a2ce36858931da,healthy_00383,True,contrast
train,Healthy leaf,healthy_00385.jpg,2d8f81c44388282995a20ed037f4f3c2,healthy_00385,False,
train,Healthy leaf,healthy_00386.jpg,2dc9ee9d6729d4fcdebd5303afc14447,healthy_00386,False,
train,Healthy leaf,healthy_00387.jpg,a65f6bd0ce250f284226dab3fc77c004,healthy_00387,False,
train,Healthy leaf,healthy_00388.jpg,28688e2e6a81dd3b8d9e6fb330053958,healthy_00388,False,
train,Healthy leaf,healthy_00389.jpg,3e1600a88e77569165ea86a474815ee4,healthy_00389,False,
train,Healthy leaf,healthy_00391.jpg,4e9d645c1bae0c87e72038e791e1922c,healthy_00391,False,
train,Healthy leaf,healthy_00392.jpg,f0482ceef7f021d2b361ba419284643c,healthy_00392,False,
train,Healthy leaf,healthy_00393.jpg,a51695fa26ff10574ed9b0f24328e4d2,healthy_00393,False,
train,Healthy leaf,healthy_00394.jpg,bc10154f9eac35fd7100c03ed7110da5,healthy_00394,False,
train,Healthy leaf,healthy_00397.jpg,63e7d10bdca40e2a442318335717a48d,healthy_00397,False,
train,Healthy leaf,healthy_00399.jpg,0382868024231b734d700510e5241f6d,healthy_00399,False,
train,Healthy leaf,healthy_00400.jpg,75b657edc2d0acd32b58c63cbb4278c0,healthy_00400,False,
train,Healthy leaf,healthy_00400_aug_contrast.jpg,44f57844e2b3b2cd459a091bd71251e7,healthy_00400,True,contrast
train,Healthy leaf,healthy_00401.jpg,3142e0136bf0469b8fe70a7751df57d6,healthy_00401,False,
train,Healthy leaf,healthy_00402.jpg,e4498a62e79a12bfffd3f629e279c388,healthy_00402,False,
train,Healthy leaf,healthy_00402_aug_contrast.jpg,232da5e4842d05288eb4eea74d3dd205,healthy_00402,True,contrast
train,Healthy leaf,healthy_00402_aug_flip_vertical.jpg,ec112064e0c9b3aa65fb70ac4d601816,healthy_00402,True,flip
train,Healthy leaf,healthy_00404.jpg,7e9579ed71aa1500b8e375123fc1d45c,healthy_00404,False,
train,Healthy leaf,healthy_00405.jpg,cebca9bf7ecd2a194ecf4d5227bcf94d,healthy_00405,False,
train,Healthy leaf,healthy_00406.jpg,59d5cc7a166521735648535eeba4d9bd,healthy_00406,False,
train,Healthy leaf,healthy_00406_aug_brightness.jpg,ea55007c97cdd0d864c18aa2afa88ab7,healthy_00406,True,brightness
train,Healthy leaf,healthy_00408.jpg,0f75b91a9d2acec8f2b83ae4417ce286,healthy_00408,False,
train,Healthy leaf,healthy_00408_aug_brightness.jpg,922c42496a1b7b1a205babad63df0ebb,healthy_00408,True,brightness
train,Healthy leaf,healthy_00409.jpg,e693c4e690cc50dbdf755a15ad7d52e4,healthy_00409,False,
train,Healthy leaf,healthy_00409_aug_brightness.jpg,8c4c7e43ab27e91296db291aa553715e,healthy_00409,True,brightness
train,Healthy leaf,healthy_00410.jpg,eae6d3f2167eca061ef9015b1c431f58,healthy_00410,False,
train,Healthy leaf,healthy_00412.jpg,efec595c5e0ec3d091b3344490750203,healthy_00412,False,
train,Healthy leaf,healthy_00412_aug_flip_vertical.jpg,28e5b1949751da1f25c554ce09253c84,healthy_00412,True,flip
train,Healthy leaf,healthy_00413.jpg,7b6cff9838fd2f168cfbbfe97005e609,healthy_00413,False,
train,Healthy leaf,healthy_00414.jpg,d020b6bc3d0667951e32e380793a4561,healthy_00414,False,
train,Healthy leaf,healthy_00416.jpg,4a43968d458e18c61f87aec7dee8f8d4,healthy_00416,False,
train,Healthy leaf,healthy_00419.jpg,ec4029e9fc17236e7207617d243f0125,healthy_00419,False,
train,Healthy leaf,healthy_00420.jpg,2be91c323596e5a0f2946fd987eb0fbf,healthy_00420,False,
train,Healthy leaf,healthy_00421.jpg,274645ade5ab842a8ed97bc2f963d734,healthy_00421,False,
train,Healthy leaf,healthy_00424.jpg,ae6b18d7be11113036e7119d8e471b2a,healthy_00424,False,
train,Healthy leaf,healthy_00425.jpg,025a887e0eef6faa0d343c9ce14f6137,healthy_00425,False,
train,Healthy leaf,healthy_00426.jpg,7790801244f22042407a615348074095,healthy_00426,False,
train,Healthy leaf,healthy_00428.jpg,8c8056fcd878abe66e25b8ce2a4018b4,healthy_00428,False,
train,Healthy leaf,healthy_00429.jpg,988862f958a4abdf6173e5ccaa7d9546,healthy_00429,False,
train,Healthy leaf,healthy_00430.jpg,8f2c1dfccc3be6a323c1ec87bb9b21f6,healthy_00430,False,
train,Healthy leaf,healthy_00431.jpg,3850edf92ef2ea71ee47ab68cfa74149,healthy_00431,False,
train,Healthy leaf,healthy_00431_aug_blur.jpg,5fcfadd8db0dd381fcec992b5af4cf3b,healthy_00431,True,blur
train,Healthy leaf,healthy_00431_aug_brightness.jpg,3649ab6e54cc52fadd0c4fc572e0306c,healthy_00431,True,brightness
train,Healthy leaf,healthy_00433.jpg,4b4c1abb4b4c067b0655d0030f9a1c72,healthy_00433,False,
train,Healthy leaf,healthy_00434.jpg,f97f912181b2c09faa333b6dc4b8a366,healthy_00434,False,
train,Healthy leaf,healthy_00436.jpg,b5a3f88c38b67aa99cc221fffb26474c,healthy_00436,False,
train,Healthy leaf,healthy_00437.jpg,8dd64dffd2514630d26233709c2e96ef,healthy_00437,False,
train,Healthy leaf,healthy_00437_aug_contrast.jpg,be6db033dbfd520181bfbdfa3f5b56e0,healthy_00437,True,contrast
train,Healthy leaf,healthy_00439.jpg,47b81249c347c4e92b5ec8386dce6bc6,healthy_00439,False,
train,Healthy leaf,healthy_00440.jpg,d48ad4ec894db93ebef1bcea1c623172,healthy_00440,False,
train,Healthy leaf,healthy_00441.jpg,bcaac76f75f4363e1f8cbba7b465072e,healthy_00441,False,
train,Healthy leaf,healthy_00442.jpg,77e5c3360f72c41b06605b5541340367,healthy_00442,False,
train,Healthy leaf,healthy_00443.jpg,a2f96a6811830d25049b0090d60e1013,healthy_00443,False,
train,Healthy leaf,healthy_00443_aug_rotation.jpg,90109707e3803c8e62344a88b928cd6c,healthy_00443,True,rotation
train,Healthy leaf,healthy_00444.jpg,6eca92916050eaba76ceb9bdc43ef5bd,healthy_00444,False,
train,Healthy leaf,healthy_00447.jpg,80264e2c9aef8a90936fa60ca69875a0,healthy_00447,False,
train,Healthy leaf,healthy_00448.jpg,3ae08b90c68d32345f4259163186d760,healthy_00448,False,
train,Healthy leaf,healthy_00449.jpg,9d777b9dd0545e100d5785b54a52cbd8,healthy_00449,False,
train,Healthy leaf,healthy_00451.jpg,dbce5a82dadc9d6f294b5bf4626a4c36,healthy_00451,False,
train,Healthy leaf,healthy_00452.jpg,9f8871fac5e8cf5aa4434514a9632680,healthy_00452,False,
train,Healthy leaf,healthy_00454.jpg,fd4503401cf83e9dc223db8156ada8dd,healthy_00454,False,
train,Healthy leaf,healthy_00455.jpg,8d1139bf2de391ea85274e8082e37b7e,healthy_00455,False,
train,Healthy leaf,healthy_00455_aug_flip_horizontal.jpg,a6c26ca998fc344fdbe3ff6a6ea98942,healthy_00455,True,flip
train,Healthy leaf,healthy_00456.jpg,2f3b0acab613c41faa6f7f1b3ecd7ca9,healthy_00456,False,
train,Healthy leaf,healthy_00459.jpg,8715cb47e3accce4100bac5286bb453d,healthy_00459,False,
train,Healthy leaf,healthy_00461.jpg,a3e635c0b035831e0e1e71c94a7fe219,healthy_00461,False,
train,Healthy leaf,healthy_00462.jpg,9df3c911d103979452d0799e2139fe43,healthy_00462,False,
train,Healthy leaf,healthy_00464.jpg,fdd8931f3070072235cac5c1f561b376,healthy_00464,False,
train,Healthy leaf,healthy_00465.jpg,7bca98ba59ca423f7e0b4774b89ba501,healthy_00465,False,
train,Healthy leaf,healthy_00468.jpg,cc70736d625d85fe23f8d4700398ef8d,healthy_00468,False,
train,Healthy leaf,healthy_00469.jpg,a652359c829aaf6cd53286c54e0822b0,healthy_00469,False,
train,Healthy leaf,healthy_00470.jpg,1db9d2f0747738c4f2706924b1618806,healthy_00470,False,
train,Healthy leaf,healthy_00471.jpg,e0771506e91f8f64f85c4339b7d43166,healthy_00471,False,
train,Healthy leaf,healthy_00474.jpg,901e9a7b52adbb1826af31345e99868f,healthy_00474,False,
train,Healthy leaf,healthy_00475.jpg,17d8cf2ece9e3daab269fe81c3f9579e,healthy_00475,False,
train,Healthy leaf,healthy_00475_aug_flip_vertical.jpg,a0fb1ee24eb87f3713f6fce6e909fa69,healthy_00475,True,flip
train,Healthy leaf,healthy_00477.jpg,4461158f3e923180920a1978d5962ac1,healthy_00477,False,
train,Healthy leaf,healthy_00478.jpg,224b99698cb5ebec2d21f4edf268dd8e,healthy_00478,False,
train,Healthy leaf,healthy_00479.jpg,2df36a0a62e3bba5131d406ea5192d7f,healthy_00479,False,
train,Healthy leaf,healthy_00479_aug_zoom.jpg,be221a6f2622ba9a067d06df5f885efc,healthy_00479,True,zoom
train,Healthy leaf,healthy_00480.jpg,cfd5ab50ea3d2155b3be60494dc9ed25,healthy_00480,False,
train,Healthy leaf,healthy_00482.jpg,bf320d10d28972a8aea76f9fc4147652,healthy_00482,False,
train,Healthy leaf,healthy_00482_aug_contrast.jpg,970ab38e78c9cc8d3dee9a2db9ffc7ec,healthy_00482,True,contrast
train,Healthy leaf,healthy_00484.jpg,04b5e735a092dcc6ab1c4d9d2ecd4796,healthy_00484,False,
train,Healthy leaf,healthy_00485.jpg,918a5e5aa49410fdeb18f682f52953da,healthy_00485,False,
train,Healthy leaf,healthy_00486.jpg,d5459636fd46e86a804c91c7509da359,healthy_00486,False,
train,Healthy leaf,healthy_00489.jpg,1fdbeb72b3cb0dcfe382bcab7cd35077,healthy_00489,False,
train,Healthy leaf,healthy_00490.jpg,ab2a5f2469860cc7dc8cf2a1742a4fd5,healthy_00490,False,
train,Healthy leaf,healthy_00492.jpg,20c87b762848074e11b00a2465bdfdf5,healthy_00492,False,
train,Healthy leaf,healthy_00493.jpg,c06df97e0cd365fcc2e4fccfe18af2f3,healthy_00493,False,
train,Healthy leaf,healthy_00494.jpg,2f7a563b0c96bcfdc3ea0b098dbbd3b3,healthy_00494,False,
train,Healthy leaf,healthy_00495.jpg,cf351425b0dff1597e8b82cdf3ef0eee,healthy_00495,False,
train,Healthy leaf,healthy_00496.jpg,570a0785fc1b72f9fe7032f8933ca5ef,healthy_00496,False,
train,Healthy leaf,healthy_00497.jpg,41a7b37ae830bef0657c3d301c000cd1,healthy_00497,False,
train,Healthy leaf,healthy_00498.jpg,11cf06f0c81ce91b43f06805e1bcf8dd,healthy_00498,False,
train,Healthy leaf,healthy_00498_aug_flip_horizontal.jpg,b90743d3183bd8af9138a8eaa80c322d,healthy_00498,True,flip
train,Healthy leaf,healthy_00500.jpg,c8f529613f5a55adfbe6945333bdcb67,healthy_00500,False,
train,Healthy leaf,healthy_00501.jpg,7f6caa1b10201a13c6e9b0e11f9d3293,healthy_00501,False,
train,Healthy leaf,healthy_00502.jpg,53910cf7c28d3a228cf3ef20598308b3,healthy_00502,False,
train,Healthy leaf,healthy_00503.jpg,3123f0926b25a68c01bd8a78dd115e22,healthy_00503,False,
train,Healthy leaf,healthy_00503_aug_rotation.jpg,6847133515d0207f04409ca50794e806,healthy_00503,True,rotation
train,Healthy leaf,healthy_00504.jpg,d5e870f36e96ad52e551fd757e354c53,healthy_00504,False,
train,Healthy leaf,healthy_00505.jpg,6d175664bbbdc57a4860db964d474d0e,healthy_00505,False,
train,Healthy leaf,healthy_00506.jpg,047167ed61d3bac81f0f1d4ab9a299a7,healthy_00506,False,
train,Healthy leaf,healthy_00507.jpg,48d3f95624a20c0efa09a78dc16095fc,healthy_00507,False,
train,Healthy leaf,healthy_00508.jpg,f3c67ba6c820b82909b452285c9ae1bf,healthy_00508,False,
train,Healthy leaf,healthy_00509.jpg,cdeaf58d1fd652515aabe47ac4f58b92,healthy_00509,False,
train,Healthy leaf,healthy_00509_aug_blur.jpg,6b4cdcb69ba162f9efc7de3310c3c834,healthy_00509,True,blur
train,Healthy leaf,healthy_00510.jpg,0b65fbe1e5c8928a86a139f39705f989,healthy_00510,False,
train,Healthy leaf,healthy_00511.jpg,997fa93ed51b3c2843c05ab490fbb5bd,healthy_00511,False,
train,Healthy leaf,healthy_00511_aug_zoom.jpg,3eaf0efd5d4d123bc7b03f209a29c731,healthy_00511,True,zoom
train,Healthy leaf,healthy_00513.jpg,2d7fbfb865616929858f3362e0909700,healthy_00513,False,
train,Healthy leaf,healthy_00514.jpg,e1e27679aafe6a268abfd477ff788f62,healthy_00514,False,
train,Healthy leaf,healthy_00517.jpg,c902c67900e27e207288f3a62e60b408,healthy_00517,False,
train,Healthy leaf,healthy_00518.jpg,5ada11a38723520e49e78d7a97b41f5b,healthy_00518,False,
train,Healthy leaf,healthy_00519.jpg,25a687aafd770bbe574d0ed866223835,healthy_00519,False,
train,Healthy leaf,healthy_00520.jpg,2cacef5482ddfb475c5acbd8cda434bf,healthy_00520,False,
train,Healthy leaf,healthy_00521.jpg,9c654623c8798c648e876089460af2d2,healthy_00521,False,
train,Healthy leaf,healthy_00521_aug_contrast.jpg,3bf131e9d53190231a45f21fd942da1a,healthy_00521,True,contrast
train,Healthy leaf,healthy_00523.jpg,b3338efb444ac89b237ce06e994e4d23,healthy_00523,False,
train,Healthy leaf,healthy_00523_aug_brightness.jpg,fa25fac098c6ec202bb48439b7dcc78f,healthy_00523,True,brightness
train,Healthy leaf,healthy_00524.jpg,685bb24b6fc5ce84e35b9c493465c9e1,healthy_00524,False,
train,Healthy leaf,healthy_00525.jpg,512cd3fe69e1b2434058a815c82aff72,healthy_00525,False,
train,Healthy leaf,healthy_00529.jpg,49ad0751d125b9a2819ab80d87100199,healthy_00529,False,
train,Healthy leaf,healthy_00529_aug_contrast.jpg,f6726cd3e23a37d96e0319b5f6bfae7c,healthy_00529,True,contrast
train,Healthy leaf,healthy_00530.jpg,8c4a0bc32c61c8cd5d772cd10e132790,healthy_00530,False,
train,Healthy leaf,healthy_00530_aug_rotation.jpg,66567d9ed05845d43a700ea765127eee,healthy_00530,True,rotation
train,Healthy leaf,healthy_00531.jpg,0af6311f0bd828f6952493f8c08e987b,healthy_00531,False,
train,Healthy leaf,healthy_00533.jpg,88748cd59a0db8f038ee4174b55aa9fe,healthy_00533,False,
train,Healthy leaf,healthy_00533_aug_flip_vertical.jpg,da661e1cf317a831dd0d1b4d478cdb41,healthy_00533,True,flip
train,Healthy leaf,healthy_00534.jpg,71a40b3ad9434b598d630d1278a69717,healthy_00534,False,
train,Healthy leaf,healthy_00535.jpg,d8784d59cc83b6da122b142211c08687,healthy_00535,False,
train,Healthy leaf,healthy_00536.jpg,0fe6de6a6e9c815530cfc77102dd9397,healthy_00536,False,
train,Healthy leaf,healthy_00537.jpg,a33f52a1d284c9ff2141564c6b20ecf0,healthy_00537,False,
train,Healthy leaf,healthy_00538.jpg,3d7b2a2db6b9568bf954c6dba0818360,healthy_00538,False,
train,Healthy leaf,healthy_00540.jpg,850314ea7880dbd5fe97e07441c782dd,healthy_00540,False,
train,Healthy leaf,healthy_00541.jpg,e683a6ae7990cb45b619bf6c3e230178,healthy_00541,False,
train,Healthy leaf,healthy_00546.jpg,7faadaf9e4b9fb68c2ce3e584d969060,healthy_00546,False,
train,Healthy leaf,healthy_00546_aug_brightness.jpg,0df36da64396234728bfb7f002a7c75a,healthy_00546,True,brightness
train,Healthy leaf,healthy_00546_aug_flip_vertical.jpg,91d02322f8ba0b016a14915db60a0352,healthy_00546,True,flip
train,Healthy leaf,healthy_00547.jpg,81dd1b235d93c203cd92a87a6d839850,healthy_00547,False,
train,Healthy leaf,healthy_00548.jpg,c8b057ef076645a8e0f7c944b4609661,healthy_00548,False,
train,Healthy leaf,healthy_00549.jpg,1e5b4a8c26ae886e6c660f013189102e,healthy_00549,False,
train,Healthy leaf,healthy_00551.jpg,b7042f82185af1425b5d341cf5dd54e2,healthy_00551,False,
train,Healthy leaf,healthy_00552.jpg,4f93641e3a68fcfa72f246ab45f5ae0f,healthy_00552,False,
train,Healthy leaf,healthy_00554.jpg,e47b46dc6d9c8f3d3050a71b4184a00b,healthy_00554,False,
train,Healthy leaf,healthy_00555.jpg,31a9e4c7260a35c1daf51000ff80cc07,healthy_00555,False,
train,Healthy leaf,healthy_00556.jpg,0fcdebe9e8a4ab25657055260c26783c,healthy_00556,False,
train,Healthy leaf,healthy_00556_aug_zoom.jpg,318c908a969f0649350aae59b3666e12,healthy_00556,True,zoom
train,Healthy leaf,healthy_00558.jpg,f9e74c65918dfb7e68e63326efda9cca,healthy_00558,False,
train,Healthy leaf,healthy_00559.jpg,20636b8fe7b80400d32c49efc765a5cc,healthy_00559,False,
train,Healthy leaf,healthy_00561.jpg,78804c441736daf6ab8d903103455b10,healthy_00561,False,
train,Healthy leaf,healthy_00562.jpg,f93011677431d88ecce8ff5ea34fc64d,healthy_00562,False,
train,Healthy leaf,healthy_00562_aug_contrast.jpg,a7836bf1a0132c14e67059c7383e7f60,healthy_00562,True,contrast
train,Healthy leaf,healthy_00564.jpg,486fb80a1a346b24c4c32bfc631ed17b,healthy_00564,False,
train,Healthy leaf,healthy_00565.jpg,3138c22937eb37abdfaa8ef8f9d46a93,healthy_00565,False,
train,Healthy leaf,healthy_00567.jpg,dc2ebd6269992ad05c45f3b7f7b381fd,healthy_00567,False,
train,Healthy leaf,healthy_00569.jpg,2f5aa200632235889a8cf4818a6d3e69,healthy_00569,False,
train,Healthy leaf,healthy_00569_aug_brightness.jpg,cce4eb6c2cd3468336922d58dde4667b,healthy_00569,True,brightness
train,Healthy leaf,healthy_00569_aug_flip_vertical.jpg,d5c2a8b6f36d73e0c56a7c8db0db7d2c,healthy_00569,True,flip
train,Healthy leaf,healthy_00570.jpg,c5aa2343b73bc72a3adf5a739ad1fb94,healthy_00570,False,
train,Healthy leaf,healthy_00574.jpg,dab762d654b3521122780576a486d750,healthy_00574,False,
train,Healthy leaf,healthy_00575.jpg,ee1edd3b2345c0beb5e80dff51133ea1,healthy_00575,False,
train,Healthy leaf,healthy_00576.jpg,4fef88bd66dc966d970265f4c93558bb,healthy_00576,False,
train,Healthy leaf,healthy_00577.jpg,fb8ac5b0065074915f399d3b0001a9ea,healthy_00577,False,
train,Healthy leaf,healthy_00577_aug_zoom.jpg,27eaee512806b9f4f7c2109fec3413a0,healthy_00577,True,zoom
train,Healthy leaf,healthy_00578.jpg,1e87ea6804a38e0e3fb17a0dfa4a4b98,healthy_00578,False,
train,Healthy leaf,healthy_00579.jpg,c50c872bc37e94a547cae5a215da4050,healthy_00579,False,
train,Healthy leaf,healthy_00580.jpg,d1611ea7b72170fd30861b4ef8dfced5,healthy_00580,False,
train,Healthy leaf,healthy_00581.jpg,dd2f477a1580c8bbae9178f2ff8eb4aa,healthy_00581,False,
train,Healthy leaf,healthy_00582.jpg,3eec0716140e6d509f3c4c5d29e68f72,healthy_00582,False,
train,Healthy leaf,healthy_00583.jpg,421eda344e29ce5abdeb58c67b9e5bba,healthy_00583,False,
train,Healthy leaf,healthy_00585.jpg,455048e385f83b5826a89e93e112c52a,healthy_00585,False,
train,Healthy leaf,healthy_00585_aug_rotation.jpg,bf0e502328795a1201431782f39c8309,healthy_00585,True,rotation
train,Healthy leaf,healthy_00586.jpg,ab304df088ba0a29940e15d99a1728f4,healthy_00586,False,
train,Healthy leaf,healthy_00587.jpg,de053ff0b6d71ecd4cf6219a69e4fcea,healthy_00587,False,
train,Healthy leaf,healthy_00590.jpg,d10f64a15fecb4c49a0a0ebca8b76463,healthy_00590,False,
train,Healthy leaf,healthy_00591.jpg,8a02c213c71dbd92cb40209ed8ccf80d,healthy_00591,False,
train,Healthy leaf,healthy_00593.jpg,df53a5790aa71310147a507261a34076,healthy_00593,False,
train,Healthy leaf,healthy_00594.jpg,cafc91e31a9b61949a85f138d5db8de0,healthy_00594,False,
train,Healthy leaf,healthy_00595.jpg,344e5bcc33c869386335ecb7e6d0e6d2,healthy_00595,False,
train,Healthy leaf,healthy_00597.jpg,fe3153ccc4852d8380026fab40bc886b,healthy_00597,False,
train,Healthy leaf,healthy_00598.jpg,b68dafbc9d2cbb7599c8590cff6d57e2,healthy_00598,False,
train,Healthy leaf,healthy_00600.jpg,8983848e82c5dec12109f7d94c78dd6c,healthy_00600,False,
train,Healthy leaf,healthy_00603.jpg,84ed1371876bbc207c49a374c9d81616,healthy_00603,False,
train,Healthy leaf,healthy_00604.jpg,e953b3d9679d467c1e9e6f76b885f138,healthy_00604,False,
train,Healthy leaf,healthy_00604_aug_contrast.jpg,c3bf90e5f4a8c4fe6925a78e43fa22a6,healthy_00604,True,contrast
train,Healthy leaf,healthy_00605.jpg,36a5f5c5cda665e9ca684d406c9b19a5,healthy_00605,False,
train,Healthy leaf,healthy_00605_aug_rotation.jpg,61090805e30ff468d593c8d123f26a6f,healthy_00605,True,rotation
train,Healthy leaf,healthy_00606.jpg,4c878470c1db132e1314d43cc48724e5,healthy_00606,False,
train,Healthy leaf,healthy_00606_aug_zoom.jpg,7147e154bdb5fc5bdc08c04d6f0a9120,healthy_00606,True,zoom
train,Healthy leaf,healthy_00607.jpg,e632de3da097ee5132a6f6a16a9ae7e8,healthy_00607,False,
train,Healthy leaf,healthy_00608.jpg,6b8a0b2372d2c48999a71db513f97041,healthy_00608,False,
train,Healthy leaf,healthy_00608_aug_rotation.jpg,d0d46c59809d083bc18238290293286f,healthy_00608,True,rotation
train,Healthy leaf,healthy_00609.jpg,e8791913bd318a6bdb3049eb4be96e62,healthy_00609,False,
train,Healthy leaf,healthy_00609_aug_brightness.jpg,dbb768cf8bdc10cf3b8c1a6aa2d3a3ed,healthy_00609,True,brightness
train,Healthy leaf,healthy_00611.jpg,16d7e347a01a4aa9a164cddd1b6701d2,healthy_00611,False,
train,Healthy leaf,healthy_00613.jpg,d21e8e60e76be195306db385ebd0600d,healthy_00613,False,
train,Healthy leaf,healthy_00614.jpg,6d0a770febf0b19e5e04ecbb26a592f2,healthy_00614,False,
train,Healthy leaf,healthy_00616.jpg,744a364ed6612b15a51d2dc48e786e8e,healthy_00616,False,
train,Healthy leaf,healthy_00617.jpg,2cffdaf5dc2362603994d681810c84d0,healthy_00617,False,
train,Healthy leaf,healthy_00620.jpg,b7cde220682eed45281b97bcb05be255,healthy_00620,False,
train,Healthy leaf,healthy_00621.jpg,9a7c77387f04579b8b441234e61fe779,healthy_00621,False,
train,Healthy leaf,healthy_00622.jpg,2f2d9a1a226c766c370619d11b63698c,healthy_00622,False,
train,Healthy leaf,healthy_00623.jpg,38e3c2e3b95f07763b779ab56c5852bc,healthy_00623,False,
train,Healthy leaf,healthy_00625.jpg,046478c727f502c8e6a3b82829cf44c2,healthy_00625,False,
train,Healthy leaf,healthy_00626.jpg,fa144964f3d3186a975408b4b8f253e7,healthy_00626,False,
train,Healthy leaf,healthy_00627.jpg,b5d64fdcc8609bb0b9eb42658a39e0e0,healthy_00627,False,
train,Healthy leaf,healthy_00628.jpg,4b326b2364651a2c90cb356ca0706092,healthy_00628,False,
train,Healthy leaf,healthy_00629.jpg,1ca89bf2fd78f999ffc9ddc2d95a5d80,healthy_00629,False,
train,Healthy leaf,healthy_00630.jpg,8b885edb637515c67dac043d15508575,healthy_00630,False,
train,Healthy leaf,healthy_00631.jpg,cdf0d90452d2b89a967d68f8c01d22a2,healthy_00631,False,
train,Healthy leaf,healthy_00632.jpg,4718f544132ae411ab0ed08490eb3d1c,healthy_00632,False,
train,Healthy leaf,healthy_00632_aug_flip_vertical.jpg,7f780ac88884de61da32e7eef2366270,healthy_00632,True,flip
train,Healthy leaf,healthy_00633.jpg,22bc6a14524f59a66db25916fb79425b,healthy_00633,False,
train,Healthy leaf,healthy_00634.jpg,0b7ea9bf4897725a2c086625d2cf6c96,healthy_00634,False,
train,Healthy leaf,healthy_00635.jpg,1e7185e5493b4860b9dff58c24a8159f,healthy_00635,False,
train,Healthy leaf,healthy_00635_aug_zoom.jpg,e1de28b3f337e8ad7cf394f2d590887b,healthy_00635,True,zoom
train,Healthy leaf,healthy_00636.jpg,ee45a11dd5003a6dd3341710c06df4ca,healthy_00636,False,
train,Healthy leaf,healthy_00639.jpg,96fbc60a28d42adab8beb53d08d57b0d,healthy_00639,False,
train,Healthy leaf,healthy_00644.jpg,1ee2b1138078ebe24ab21104f7a938b2,healthy_00644,False,
train,Healthy leaf,healthy_00644_aug_blur.jpg,0a2eeccda30570ea177a3a39f6474fa0,healthy_00644,True,blur
train,Healthy leaf,healthy_00644_aug_zoom.jpg,4b04e3b0692b0a9cd3824b3095365d1c,healthy_00644,True,zoom
train,Healthy leaf,healthy_00647.jpg,b361eca7b71a0589890668b41495a1c5,healthy_00647,False,
train,Healthy leaf,healthy_00648.jpg,2f52dea635ec4f46d55ef696b867d7c7,healthy_00648,False,
train,Healthy leaf,healthy_00649.jpg,115db2ada6bcbf08141adeba3f76d9b0,healthy_00649,False,
train,Healthy leaf,healthy_00650.jpg,53e0ef241e23892f2e3aa70c84287cb3,healthy_00650,False,
train,Healthy leaf,healthy_00651.jpg,91f44c343d5e8fe65cd4b1207ea5c823,healthy_00651,False,
train,Healthy leaf,healthy_00651_aug_zoom.jpg,645e9bfb3818d6042793600c5c56dd2f,healthy_00651,True,zoom
train,Healthy leaf,healthy_00653.jpg,cd694d46768fa28d6f01f0995d481495,healthy_00653,False,
train,Healthy leaf,healthy_00655.jpg,dce4bb118f72e8ab1837f95f510baf73,healthy_00655,False,
train,Healthy leaf,healthy_00656.jpg,2913a62546af44fe62f89162398fa963,healthy_00656,False,
train,Healthy leaf,healthy_00656_aug_contrast.jpg,8dfb0fa078d1061c247b792dd9a14b2b,healthy_00656,True,contrast
train,Healthy leaf,healthy_00657.jpg,d0cb2d1597db19ed0ffe200906b0d4b9,healthy_00657,False,
train,Healthy leaf,healthy_00659.jpg,7df29240bda9f26355c019dba8bcaf99,healthy_00659,False,
train,Healthy leaf,healthy_00661.jpg,5d57dd4787cd17593bfdd5436fed27bf,healthy_00661,False,
train,Healthy leaf,healthy_00663.jpg,03cce24eef6edfccbb4db3b13855e6fa,healthy_00663,False,
train,Healthy leaf,healthy_00665.jpg,1793c7a1e8007fe56b25c6e992e042a3,healthy_00665,False,
train,Healthy leaf,healthy_00666.jpg,efd3ea60ce3370d840131b79124c83a6,healthy_00666,False,
train,Healthy leaf,healthy_00667.jpg,234db848b1267b323229bb09614736b1,healthy_00667,False,
train,Healthy leaf,healthy_00668.jpg,dc03334662dfdc211ba3fb97998ba4a0,healthy_00668,False,
train,Healthy leaf,healthy_00671.jpg,2ad7efa22f9328823a0e3aced36b69fb,healthy_00671,False,
train,Healthy leaf,healthy_00675.jpg,29fdf7f136954cf1abd9c7da1af11b3d,healthy_00675,False,
train,Healthy leaf,healthy_00678.jpg,620e686784aab94e34c11327c61335db,healthy_00678,False,
train,Healthy leaf,healthy_00679.jpg,00f9288dc1e23c0504fd102d37761a04,healthy_00679,False,
train,Healthy leaf,healthy_00682.jpg,cb329e22259f81444fa1baa0749e48de,healthy_00682,False,
train,Healthy leaf,healthy_00685.jpg,7a7deb64d36177c2f6429d06a64a5b87,healthy_00685,False,
train,Healthy leaf,healthy_00688.jpg,aac4219ea6ef42992a840441c47ca12a,healthy_00688,False,
train,Healthy leaf,healthy_00688_aug_zoom.jpg,87faae12fa2b4e0e290cf0f0a973321b,healthy_00688,True,zoom
train,Healthy leaf,healthy_00690.jpg,a95b60b2e90f8f0f138f1f0bb57dabe7,healthy_00690,False,
train,Healthy leaf,healthy_00690_aug_contrast.jpg,199ea57d64bd53b149f2d07a59c5e4b9,healthy_00690,True,contrast
train,Healthy leaf,healthy_00692.jpg,20979f4c725eeca95edaa3b485978502,healthy_00692,False,
train,Healthy leaf,healthy_00694.jpg,3d4904412e7aa4a5c2083f68d1fe00f8,healthy_00694,False,
train,Healthy leaf,healthy_00695.jpg,afa9b9db16bd5a1dbbba702cf5359d1d,healthy_00695,False,
train,Healthy leaf,healthy_00696.jpg,f78a1a11cb0b04cdf9fd26bb4e8deb05,healthy_00696,False,
train,Healthy leaf,healthy_00697.jpg,02cd633f8f78cb91acf2767e0de4d7bd,healthy_00697,False,
train,Healthy leaf,healthy_00698.jpg,45221751c3407476245caa6262a8c26e,healthy_00698,False,
train,Healthy leaf,healthy_00701.jpg,dc4a18ee6ea2f34aa01f064bd37473fa,healthy_00701,False,
train,Healthy leaf,healthy_00702.jpg,166b5883fcfb17145cb63968ab619a4e,healthy_00702,False,
train,Healthy leaf,healthy_00702_aug_brightness.jpg,685cb8ac0e33f49abd6030df6e72bc46,healthy_00702,True,brightness
train,Healthy leaf,healthy_00703.jpg,8e7b2ee29c445933f7d0dd3458f8c038,healthy_00703,False,
train,Healthy leaf,healthy_00704.jpg,d27da3ffafbe607599f6baf0c8ee1488,healthy_00704,False,
train,Healthy leaf,healthy_00705.jpg,8cce8a2f1cff4c5cd8c75441f7bcdbad,healthy_00705,False,
train,Healthy leaf,healthy_00705_aug_brightness.jpg,c57aeec49c52c9965538f93fc20fcfed,healthy_00705,True,brightness
train,Healthy leaf,healthy_00706.jpg,cca708b6385a7f0f84b9c98185fca1c5,healthy_00706,False,
train,Healthy leaf,healthy_00707.jpg,2d4446b735ab0afd79e23f0e35ec80c1,healthy_00707,False,
train,Healthy leaf,healthy_00707_aug_zoom.jpg,47dda74743b099558bbe5783358a7431,healthy_00707,True,zoom
train,Healthy leaf,healthy_00708.jpg,19822f7ce6fcba1b0b279a95bd8fb3a4,healthy_00708,False,
train,Healthy leaf,healthy_00708_aug_blur.jpg,2ce9efafbb35ca84f601a375cf5dd19f,healthy_00708,True,blur
train,Healthy leaf,healthy_00709.jpg,cdc768c730e008e3e64f78dcff0b9426,healthy_00709,False,
train,Healthy leaf,healthy_00710.jpg,5cf7509c50c6d52105410ef95451a6d8,healthy_00710,False,
train,Healthy leaf,healthy_00712.jpg,a7f06e17c05d03e0134952eafe7f1951,healthy_00712,False,
train,Healthy leaf,healthy_00712_aug_rotation.jpg,64a89908e060fdcd06c616fbdb914a6c,healthy_00712,True,rotation
train,Healthy leaf,healthy_00713.jpg,e2e9ecaf7dbd95eb341d59ad7907c922,healthy_00713,False,
train,Healthy leaf,healthy_00715.jpg,133bc708c0bd9c20e84cc837afa53ac7,healthy_00715,False,
train,Healthy leaf,healthy_00715_aug_brightness.jpg,6bf0665814173831b457f72ac805338a,healthy_00715,True,brightness
train,Healthy leaf,healthy_00717.jpg,efc344b7309cce5b3ccb4b43257fe1de,healthy_00717,False,
train,Healthy leaf,healthy_00718.jpg,284da71308a5e65ff9372f43c521ce12,healthy_00718,False,
train,Healthy leaf,healthy_00719.jpg,9075d287430c745b669988f2fb68a5c9,healthy_00719,False,
train,Healthy leaf,healthy_00720.jpg,7444cabc6d83a1fd5a8734e61ad5d15d,healthy_00720,False,
train,Healthy leaf,healthy_00721.jpg,90214f3b11203236bea0dfd406938fed,healthy_00721,False,
train,Healthy leaf,healthy_00721_aug_rotation.jpg,59b92fe5cfa3f070a4e398a4f837a4b5,healthy_00721,True,rotation
train,Healthy leaf,healthy_00722.jpg,d282db2246177ab5b790d61350352012,healthy_00722,False,
train,Healthy leaf,healthy_00723.jpg,028405da0b8075157a9dba3edc4a4003,healthy_00723,False,
train,Healthy leaf,healthy_00724.jpg,1ff57be982677256aa4a0e8d98f6856b,healthy_00724,False,
train,Healthy leaf,healthy_00726.jpg,f90bbf5f3f9b0b468d883b47ff777688,healthy_00726,False,
train,Healthy leaf,healthy_00727.jpg,fe3849aa80af80be0a46beb1c009766b,healthy_00727,False,
train,Healthy leaf,healthy_00729.jpg,8fc8606a3f6d06bf74145190581c4e0b,healthy_00729,False,
train,Healthy leaf,healthy_00729_aug_zoom.jpg,b1d6c7cf321b3d577fcadc59ef8e0ee5,healthy_00729,True,zoom
train,Healthy leaf,healthy_00731.jpg,532e4deb7b022f8d9875c88a8eeea20e,healthy_00731,False,
train,Healthy leaf,healthy_00732.jpg,ae91ea2fa2f0e2d7bb22dfb34157f113,healthy_00732,False,
train,Healthy leaf,healthy_00733.jpg,1844493a385cb34bbb5d3d58a92f8c90,healthy_00733,False,
train,Healthy leaf,healthy_00734.jpg,baad85d42686f75ce12b8c23bb0d32c4,healthy_00734,False,
train,Healthy leaf,healthy_00735.jpg,287e925028afd982864bbb53b249e4a3,healthy_00735,False,
train,Healthy leaf,healthy_00737.jpg,ed31dea8fccedd38ad4dd41695f683f0,healthy_00737,False,
train,Healthy leaf,healthy_00737_aug_flip_horizontal.jpg,8a328f8c19f0b5b947dc4fa2c62c0922,healthy_00737,True,flip
train,Healthy leaf,healthy_00738.jpg,a49eb8e4f7bb8bcad1a34d7307b751a8,healthy_00738,False,
train,Healthy leaf,healthy_00738_aug_rotation.jpg,5a869f066289689ce31a08af936c5ddb,healthy_00738,True,rotation
train,Healthy leaf,healthy_00739.jpg,3a3447c133a0ec571d9bffb007bd79f7,healthy_00739,False,
train,Healthy leaf,healthy_00740.jpg,3286f69ed38180efaaf03d2b9b9af0ff,healthy_00740,False,
train,Healthy leaf,healthy_00741.jpg,048df23a4cf3199a0716e795734bc818,healthy_00741,False,
train,Healthy leaf,healthy_00741_aug_rotation.jpg,d0223b5a74d275a8b6eedf5be4045044,healthy_00741,True,rotation
train,Healthy leaf,healthy_00742.jpg,ad77315924a57b52558501e3708c2603,healthy_00742,False,
train,Healthy leaf,healthy_00743.jpg,e219e926b855f0980a32a7c22889fed9,healthy_00743,False,
train,Healthy leaf,healthy_00744.jpg,56300df179318efb70b5d4d9edb29e74,healthy_00744,False,
train,Healthy leaf,healthy_00747.jpg,c5cfee6c4d02abc5588ff967f8fc5090,healthy_00747,False,
train,Healthy leaf,healthy_00747_aug_brightness.jpg,3432c406c98688cea5e71dfe319daeb9,healthy_00747,True,brightness
train,Healthy leaf,healthy_00749.jpg,90269342fd3e3ed1027f007516549bb4,healthy_00749,False,
train,Healthy leaf,healthy_00750.jpg,07ea1405f363f41b30928136ecd12066,healthy_00750,False,
train,Healthy leaf,healthy_00751.jpg,32aa5af0577f2520af357abe7df8f5d6,healthy_00751,False,
train,Healthy leaf,healthy_00751_aug_rotation.jpg,eb173bb3d638c9fda9cbafcb0e90ed29,healthy_00751,True,rotation
train,Healthy leaf,healthy_00754.jpg,12f1c87f5d92a76f3b7edf1871eb059c,healthy_00754,False,
train,Healthy leaf,healthy_00756.jpg,efd949acf6056bff58c66fff21fc4844,healthy_00756,False,
train,Healthy leaf,healthy_00757.jpg,666f90c4119f349de5bd237722e1f7f4,healthy_00757,False,
train,Healthy leaf,healthy_00759.jpg,42c5b482c57595ca6492e219342ba81a,healthy_00759,False,
train,Healthy leaf,healthy_00760.jpg,62e95fab5cb5082ab59ffcb88e6edfe9,healthy_00760,False,
train,Healthy leaf,healthy_00761.jpg,94443e562934bd35daac0638740fd995,healthy_00761,False,
train,Healthy leaf,healthy_00761_aug_blur.jpg,446b5b32d1efb5b70fc4ca04d906acb0,healthy_00761,True,blur
train,Healthy leaf,healthy_00761_aug_flip_vertical.jpg,01425622fad5cdf0644e4cbdb384e22d,healthy_00761,True,flip
train,Healthy leaf,healthy_00762.jpg,d513abd9344f8f8d58748b57be13e695,healthy_00762,False,
train,Healthy leaf,healthy_00763.jpg,2bee4738e2a4c7d6a36873d0c5798312,healthy_00763,False,
train,Healthy leaf,healthy_00766.jpg,fb31e6c362b38df081087e8c7e025cbd,healthy_00766,False,
train,Healthy leaf,healthy_00767.jpg,82b54275b15dd2405f96c65c9f1fd6bb,healthy_00767,False,
train,Healthy leaf,healthy_00767_aug_zoom.jpg,5d7c8162408576af1d0ec711d847abd0,healthy_00767,True,zoom
train,Healthy leaf,healthy_00769.jpg,6240cbb40ebd0b250630bca0039083d5,healthy_00769,False,
train,Healthy leaf,healthy_00770.jpg,142b62e53d32756aa26d1175ee30c79c,healthy_00770,False,
train,Healthy leaf,healthy_00771.jpg,76a929a22f1a76d9ea740b592b119859,healthy_00771,False,
train,Healthy leaf,healthy_00774.jpg,6f8cf2b2e136f6f72640e485d049770e,healthy_00774,False,
train,Healthy leaf,healthy_00775.jpg,2baaa01cff8dc2f597be26d371607cde,healthy_00775,False,
train,Healthy leaf,healthy_00776.jpg,7d5f28b4f812e1982d8b2695c6f90a4c,healthy_00776,False,
train,Healthy leaf,healthy_00776_aug_flip_vertical.jpg,146b79bb343c7c26ef5a86d8eee241ec,healthy_00776,True,flip
train,Healthy leaf,healthy_00778.jpg,5a2cbee45f416b5788d1b2ca3c8bcca2,healthy_00778,False,
train,Healthy leaf,healthy_00778_aug_blur.jpg,7ef51008500cc4ffeecb4454d50bdc65,healthy_00778,True,blur
train,Healthy leaf,healthy_00779.jpg,752bd1d25b47831dbc34c6e99e12b51a,healthy_00779,False,
train,Healthy leaf,healthy_00780.jpg,2f293cb2515148165c21e0b4324a6549,healthy_00780,False,
train,Healthy leaf,healthy_00781.jpg,d7b11d29f3487d5b493bf17410ccf0ec,healthy_00781,False,
train,Healthy leaf,healthy_00782.jpg,f83fb233e1b8d3f7729e8cdf79c28d70,healthy_00782,False,
train,Healthy leaf,healthy_00783.jpg,95731acd10031bbc97807960d04df663,healthy_00783,False,
train,Healthy leaf,healthy_00784.jpg,e01828850cdd05febce7b5fdaf005b11,healthy_00784,False,
train,Healthy leaf,healthy_00784_aug_flip_horizontal.jpg,c3f19c5441f506a98e3de11191164377,healthy_00784,True,flip
train,Healthy leaf,healthy_00785.jpg,fd9bb6f971c27a2abc4a54fa24975e45,healthy_00785,False,
train,Healthy leaf,healthy_00785_aug_flip_vertical.jpg,302dc9ed796f6d8b5bf95f80e031a198,healthy_00785,True,flip
train,Healthy leaf,healthy_00786.jpg,273c6cd4a5880520b7f144c4a62bde3e,healthy_00786,False,
train,Healthy leaf,healthy_00787.jpg,89354f294843aea370aa577d6bba2f67,healthy_00787,False,
train,Healthy leaf,healthy_00787_aug_rotation.jpg,3b91a6c1388bc5e708106e463827cd36,healthy_00787,True,rotation
train,Healthy leaf,healthy_00788.jpg,e467b9c8d840bc86f1b7d29da42c97d1,healthy_00788,False,
train,Healthy leaf,healthy_00793.jpg,f67dc1a51a806352ddcfa342d117579e,healthy_00793,False,
train,Healthy leaf,healthy_00794.jpg,3375d67e1820bbfae7a772caa0a76cb4,healthy_00794,False,
train,Healthy leaf,healthy_00795.jpg,a202fc24fe8e64a75a3c2e899085b140,healthy_00795,False,
train,Healthy leaf,healthy_00797.jpg,8be6c0b3cbd1aac6fe6462e2361829ab,healthy_00797,False,
train,Healthy leaf,healthy_00797_aug_zoom.jpg,15e785259033b758567a1db33db315e0,healthy_00797,True,zoom
train,Healthy leaf,healthy_00798.jpg,a8ed9ec5ac2698efff74026cb3c78686,healthy_00798,False,
train,Healthy leaf,healthy_00799.jpg,7e33404f709bfc6b859059e934ab9fb7,healthy_00799,False,
train,Healthy leaf,healthy_00800.jpg,9c3697fe9fb70f86c4a132466590176f,healthy_00800,False,
train,Healthy leaf,healthy_00801.jpg,4cfc4f391d68c71fc8892ba8e0250977,healthy_00801,False,
train,Healthy leaf,healthy_00802.jpg,15208df7139076c6f0e0c0f3fe66852a,healthy_00802,False,
train,Healthy leaf,healthy_00803.jpg,5dc336dbb16c6e79dd9e232a550cdf1e,healthy_00803,False,
train,Healthy leaf,healthy_00803_aug_zoom.jpg,69b1341e4faf684341f992c35c249ead,healthy_00803,True,zoom
train,Healthy leaf,healthy_00805.jpg,a11ece3a5aa918e88adf288a430895df,healthy_00805,False,
train,Healthy leaf,healthy_00806.jpg,0288c023d72f772c1c0e7875be174784,healthy_00806,False,
train,Healthy leaf,healthy_00807.jpg,46f8b04b4bb0cfec66c4880e5b4b1821,healthy_00807,False,
train,Healthy leaf,healthy_00807_aug_brightness.jpg,45cca535059efb002d6e95afeb3af7c1,healthy_00807,True,brightness
train,Healthy leaf,healthy_00808.jpg,a46c72c8f090661b71949cf3047e9c4b,healthy_00808,False,
train,Healthy leaf,healthy_00809.jpg,fe6330d442b5e9dda5ef25bb9d8dea06,healthy_00809,False,
train,Healthy leaf,healthy_00811.jpg,65b8ad7f1bd50afa800647291d40f2c4,healthy_00811,False,
train,Healthy leaf,healthy_00813.jpg,69fe208bc0ecbd3210254bbd89968360,healthy_00813,False,
train,Healthy leaf,healthy_00814.jpg,db8862917dc841846fe48f85cee196ff,healthy_00814,False,
train,Healthy leaf,healthy_00816.jpg,8eaa2ca2fbcc8703a6074d2a6dc27be9,healthy_00816,False,
train,Healthy leaf,healthy_00817.jpg,ab349bc7d3028773420d2055da3dfea9,healthy_00817,False,
train,Healthy leaf,healthy_00817_aug_rotation.jpg,343811b9998a0d443c07fbd70945cd92,healthy_00817,True,rotation
train,Healthy leaf,healthy_00817_aug_zoom.jpg,5e79f6cea32064fa8670aabc057098fe,healthy_00817,True,zoom
train,Healthy leaf,healthy_00818.jpg,ae6f46e5e19c4a6395c979adaebfd603,healthy_00818,False,
train,Healthy leaf,healthy_00819.jpg,901070cec2f61b892f184df5de031316,healthy_00819,False,
train,Healthy leaf,healthy_00821.jpg,de689afc37e398692884c1b1cb063be0,healthy_00821,False,
train,Healthy leaf,healthy_00823.jpg,f4f8cf28c1394a5e1cb306372f2a2b98,healthy_00823,False,
train,Healthy leaf,healthy_00825.jpg,82808a5aa614c006626e2275bc17cace,healthy_00825,False,
train,Healthy leaf,healthy_00827.jpg,62fe927a52ad547bf74476710be19eb5,healthy_00827,False,
train,Healthy leaf,healthy_00829.jpg,eeb575b6aac264bef59696237c467fc7,healthy_00829,False,
train,Healthy leaf,healthy_00831.jpg,d95e1176a5bbcbe5c5a9e56eb57444fe,healthy_00831,False,
train,Healthy leaf,healthy_00832.jpg,0fac78ccc759e458bf7c860a401e3135,healthy_00832,False,
train,Healthy leaf,healthy_00833.jpg,cfa4c6d8d3b14e9eabeac79440473eaa,healthy_00833,False,
train,Healthy leaf,healthy_00833_aug_brightness.jpg,930df348401f89d2b0d02eed17fc5aa9,healthy_00833,True,brightness
train,Healthy leaf,healthy_00834.jpg,bfbea8f3f16e77053655a20fcae31923,healthy_00834,False,
train,Healthy leaf,healthy_00834_aug_blur.jpg,a849be6eb6f39f0fa7c00faf38cda9f8,healthy_00834,True,blur
train,Healthy leaf,healthy_00835.jpg,e75f57d68c7ac02dc87bd578d9ee3ef5,healthy_00835,False,
train,Healthy leaf,healthy_00836.jpg,4f0977935fc8433310cc7b8db2072630,healthy_00836,False,
train,Healthy leaf,healthy_00837.jpg,32c18add206d8b861173f05242e55427,healthy_00837,False,
train,Healthy leaf,healthy_00837_aug_zoom.jpg,159de4b5c4817ffc91091ae5a219f50b,healthy_00837,True,zoom
train,Healthy leaf,healthy_00838.jpg,abb333ece5d5bd0830402d18e2393f93,healthy_00838,False,
train,Healthy leaf,healthy_00840.jpg,38b7a20065508cdda2407eefb1720036,healthy_00840,False,
train,Healthy leaf,healthy_00841.jpg,faeecc41017430c653249afc88b5e85f,healthy_00841,False,
train,Healthy leaf,healthy_00842.jpg,3950e2ab6c248cb6ed46ff7668a52ae4,healthy_00842,False,
train,Healthy leaf,healthy_00844.jpg,327caafbe1356899190910e4ebac9a8c,healthy_00844,False,
train,Healthy leaf,healthy_00845.jpg,2952f735792f8f02e712dde9d9919f53,healthy_00845,False,
train,Healthy leaf,healthy_00845_aug_blur.jpg,bd8ecf94a41353211a241b01fcc51aa9,healthy_00845,True,blur
train,Healthy leaf,healthy_00846.jpg,b37b02c8c0585d7e96e30b7510d64cfb,healthy_00846,False,
train,Healthy leaf,healthy_00847.jpg,1100de6d17e823bcef5e799c1a3206a0,healthy_00847,False,
train,Healthy leaf,healthy_00848.jpg,f6655249c8ee043347fce5394657ad4d,healthy_00848,False,
train,Healthy leaf,healthy_00850.jpg,1c8e8b90213fc97533a44a373348b722,healthy_00850,False,
train,Healthy leaf,healthy_00851.jpg,3f0fe4a719113c32a5c1b28fe16ea16d,healthy_00851,False,
train,Healthy leaf,healthy_00852.jpg,9860ad4038e3da1270744d2b898fc402,healthy_00852,False,
train,Healthy leaf,healthy_00854.jpg,03ff674413c3ea490c2d202b056d0d9a,healthy_00854,False,
train,Healthy leaf,healthy_00857.jpg,f683574578fe839f689d16c83b59c10b,healthy_00857,False,
train,Healthy leaf,healthy_00858.jpg,5655b7e96ad94c976a022303ec0fb0f9,healthy_00858,False,
train,Healthy leaf,healthy_00860.jpg,5c4acfcb8855cf86408964443b81e2f0,healthy_00860,False,
train,Healthy leaf,healthy_00862.jpg,f74d14fe08fb87aa6a9be75128bf6bc0,healthy_00862,False,
train,Healthy leaf,healthy_00863.jpg,b0826895ecb91b1e06d3fdaea0f7d6e7,healthy_00863,False,
train,Healthy leaf,healthy_00866.jpg,0533bd00282d437096982b3c4da4e8ef,healthy_00866,False,
train,Healthy leaf,healthy_00866_aug_zoom.jpg,6864c9eaa9f1002524646a639fefb39e,healthy_00866,True,zoom
train,Healthy leaf,healthy_00867.jpg,94e0f50c431f818792244a8b223c1c8e,healthy_00867,False,
train,Healthy leaf,healthy_00868.jpg,a336d90528a16084e95cf5809f5f6841,healthy_00868,False,
train,Healthy leaf,healthy_00869.jpg,a95d278006d771146d054eb6a5c10bd0,healthy_00869,False,
train,Healthy leaf,healthy_00869_aug_flip_vertical.jpg,0c6a6af0b365255d8f849d42508c2169,healthy_00869,True,flip
train,Healthy leaf,healthy_00871.jpg,307c4cebb437e5155a8cbd5636c90a5d,healthy_00871,False,
train,Healthy leaf,healthy_00872.jpg,738030164c6163fef224618cc234b012,healthy_00872,False,
train,Healthy leaf,healthy_00873.jpg,b47182f9f36bbd73204e3fbc6191f416,healthy_00873,False,
train,Healthy leaf,healthy_00874.jpg,a5a28fb5bf3de1b4a09e2a236cbdca8f,healthy_00874,False,
train,Healthy leaf,healthy_00875.jpg,1e0fe891496c105ca4b77153f0f49c9e,healthy_00875,False,
train,Healthy leaf,healthy_00876.jpg,5e309c2508e721e9851b97c9dd34d228,healthy_00876,False,
train,Healthy leaf,healthy_00877.jpg,423af885393276dedd509bf2d647fc4a,healthy_00877,False,
train,Healthy leaf,healthy_00877_aug_rotation.jpg,b17ca66b07b46a5899a6e47a31948214,healthy_00877,True,rotation
train,Healthy leaf,healthy_00878.jpg,d2b56f2756e4ed65b1b724527f9ca433,healthy_00878,False,
train,Healthy leaf,healthy_00879.jpg,1c20a45af1a0dd5270c540bbd0d7a894,healthy_00879,False,
train,Healthy leaf,healthy_00880.jpg,13423418b80c153895e9ad5394cb2518,healthy_00880,False,
train,Healthy leaf,healthy_00882.jpg,a4ef8b872b1d5bb3168228811dd11ab5,healthy_00882,False,
train,Healthy leaf,healthy_00882_aug_brightness.jpg,c56d2c8a2795a561b1326275ef233fc8,healthy_00882,True,brightness
train,Healthy leaf,healthy_00883.jpg,e8f632889b2bc87a40e13b76e94f16a2,healthy_00883,False,
train,Healthy leaf,healthy_00884.jpg,4df775af7a3a8ec9ee4012636dc5b19f,healthy_00884,False,
train,Healthy leaf,healthy_00885.jpg,2e382e6f1c5de82af9d426c044efb696,healthy_00885,False,
train,Healthy leaf,healthy_00887.jpg,d9d78419a2ccd1c7d01f945b1e1f3fbd,healthy_00887,False,
train,Healthy leaf,healthy_00888.jpg,41b33d5bdb0f6052fa963484c2112317,healthy_00888,False,
train,Healthy leaf,healthy_00888_aug_contrast.jpg,3a54c1f55a812b420adb82b4fb7cfb3c,healthy_00888,True,contrast
train,Healthy leaf,healthy_00890.jpg,448734a27597991e215d4407599b6840,healthy_00890,False,
train,Healthy leaf,healthy_00894.jpg,20dd3fbc9d630505f5998d66cbf96daa,healthy_00894,False,
train,Healthy leaf,healthy_00895.jpg,e20c391458167468fc8923e07195ee78,healthy_00895,False,
train,Healthy leaf,healthy_00896.jpg,e57d08d94fd01e7b3e459d20cdf331e0,healthy_00896,False,
train,Healthy leaf,healthy_00898.jpg,74637e69384837a0b44753b034da6b45,healthy_00898,False,
train,Healthy leaf,healthy_00899.jpg,4ed22815a2ae5dc7561d3561bb3c4620,healthy_00899,False,
train,Healthy leaf,healthy_00900.jpg,8ebc83557100aa30184aee35d8416ae7,healthy_00900,False,
train,Healthy leaf,healthy_00900_aug_brightness.jpg,c26ddcc59a7821ada1daa86e950f7c80,healthy_00900,True,brightness
train,Healthy leaf,healthy_00900_aug_flip_horizontal.jpg,1992c36fcb95c807e8d29a4e9f0e288e,healthy_00900,True,flip
train,Healthy leaf,healthy_00900_aug_rotation.jpg,ebdefa67692fae462fa23680031dae84,healthy_00900,True,rotation
train,Healthy leaf,healthy_00901.jpg,b3b32474bfff90f8020e8e29d2b6219f,healthy_00901,False,
train,Healthy leaf,healthy_00901_aug_contrast.jpg,ed265bb2303f4645e658eb3ede3a85f3,healthy_00901,True,contrast
train,Healthy leaf,healthy_00902.jpg,d6c4b716f38841a98f477060b23f9014,healthy_00902,False,
train,Healthy leaf,healthy_00902_aug_contrast.jpg,2808810f391a37d54b4a923544db19dd,healthy_00902,True,contrast
train,Healthy leaf,healthy_00904.jpg,5f424b7313aa8552f9f028d590e883ca,healthy_00904,False,
train,Healthy leaf,healthy_00905.jpg,f63aa8ec185f61c6b423ad0484a39694,healthy_00905,False,
train,Healthy leaf,healthy_00905_aug_zoom.jpg,6db6a5c4cf57e0b101ed6d7c156d03b3,healthy_00905,True,zoom
train,Healthy leaf,healthy_00907.jpg,35b63232d940593494bd8b80547285fb,healthy_00907,False,
train,Healthy leaf,healthy_00907_aug_flip_horizontal.jpg,10a0af4e05e24b2aa58e7093226e39a3,healthy_00907,True,flip
train,Healthy leaf,healthy_00908.jpg,74f2fff85565561d15a40db498a66d0c,healthy_00908,False,
train,Healthy leaf,healthy_00910.jpg,b4ead018d2076f1d62c453cf1619d02f,healthy_00910,False,
train,Healthy leaf,healthy_00911.jpg,b2516448498841ddf6a4a06cd6b8c14a,healthy_00911,False,
train,Healthy leaf,healthy_00911_aug_contrast.jpg,c52da59f19153fb31eb5c02d91059fdf,healthy_00911,True,contrast
train,Healthy leaf,healthy_00913.jpg,a136a78bdad0682ffcbf38a7a067cfdb,healthy_00913,False,
train,Healthy leaf,healthy_00914.jpg,b4b1f9b0c440653c362909ab943919ba,healthy_00914,False,
train,Healthy leaf,healthy_00916.jpg,a5ea6c7133c79c6b3d9fea1c57a309b2,healthy_00916,False,
train,Healthy leaf,healthy_00916_aug_rotation.jpg,5fd1da25575802e6b14f4da8b40303b7,healthy_00916,True,rotation
train,Healthy leaf,healthy_00917.jpg,8c82a80a23bec16e3a986251e7111e80,healthy_00917,False,
train,Healthy leaf,healthy_00918.jpg,bd1fa77b22660502b1404b146d200e64,healthy_00918,False,
train,Healthy leaf,healthy_00919.jpg,a73ff1b33e570168c52405d3249e1d0d,healthy_00919,False,
train,Healthy leaf,healthy_00920.jpg,f9f9802ff7f93466fcb52d541522bb00,healthy_00920,False,
train,Healthy leaf,healthy_00920_aug_brightness.jpg,d6cbc8e7188878ac1de11bebe40f93ab,healthy_00920,True,brightness
train,Healthy leaf,healthy_00920_aug_rotation.jpg,cd890d234d1cfa1eecfa28d1340da22e,healthy_00920,True,rotation
train,Healthy leaf,healthy_00921.jpg,35c55bc43c1face07e77492c2f7e2b7f,healthy_00921,False,
train,Healthy leaf,healthy_00921_aug_blur.jpg,97df3df65517d845eaad9f35dd08614d,healthy_00921,True,blur
train,Healthy leaf,healthy_00921_aug_flip_horizontal.jpg,7f1fd5dde10242ff5deb6c1f325a902e,healthy_00921,True,flip
train,Healthy leaf,healthy_00923.jpg,1b810b3f624186a0a865c9ecb30b0f9c,healthy_00923,False,
train,Healthy leaf,healthy_00924.jpg,0b9959054060a51e235b51e9410f90a0,healthy_00924,False,
train,Healthy leaf,healthy_00927.jpg,0a06198e992818f2213983cc06755cc3,healthy_00927,False,
train,Healthy leaf,healthy_00927_aug_contrast.jpg,a53c8b49a67a56933f663253a8264288,healthy_00927,True,contrast
train,Healthy leaf,healthy_00927_aug_zoom.jpg,fb861cbd4f4716db7d8830f05831f80c,healthy_00927,True,zoom
train,Healthy leaf,healthy_00928.jpg,2d4674608ada49b1eb4020543e82fd6b,healthy_00928,False,
train,Healthy leaf,healthy_00931.jpg,a4271be469bdae27294e8bc7c6c52a36,healthy_00931,False,
train,Healthy leaf,healthy_00935.jpg,c283ef848cfab5618696205edcc8d350,healthy_00935,False,
train,Helopeltis,helopeltis_00002.jpg,d3eb00c995417574c513544b0a21dba1,helopeltis_00002,False,
train,Helopeltis,helopeltis_00002_aug_contrast.jpg,378cf9171a399c7a9b56b4a41cae8243,helopeltis_00002,True,contrast
train,Helopeltis,helopeltis_00002_aug_flip_horizontal.jpg,9596fc9a14c29b49000f9f72e19c89b0,helopeltis_00002,True,flip
train,Helopeltis,helopeltis_00002_aug_flip_vertical.jpg,8daa710e5022bc650eadcb353d5aff06,helopeltis_00002,True,flip
train,Helopeltis,helopeltis_00004.jpg,1091d6afb12cc7daa32e679467403c0c,helopeltis_00004,False,
train,Helopeltis,helopeltis_00004_aug_blur.jpg,e94666dbd811178d0eafa6100869f82d,helopeltis_00004,True,blur
train,Helopeltis,helopeltis_00004_aug_brightness.jpg,fe28ee1c33e3ed702e40e53e518103e0,helopeltis_00004,True,brightness
train,Helopeltis,helopeltis_00005.jpg,9b4cc46beaf34c924b32f1a76f000bd0,helopeltis_00005,False,
train,Helopeltis,helopeltis_00005_aug_rotation.jpg,3ba429b9ba58aaab6ac8de5198d553d4,helopeltis_00005,True,rotation
train,Helopeltis,helopeltis_00006.jpg,ed3d81a4864ff5ae88293fdf61fe41af,helopeltis_00006,False,
train,Helopeltis,helopeltis_00006_aug_flip_horizontal.jpg,b0be556455c6434d3822fe1623aa18ec,helopeltis_00006,True,flip
train,Helopeltis,helopeltis_00007.jpg,143353d6b426b4ed58d1f7517061fb26,helopeltis_00007,False,
train,Helopeltis,helopeltis_00007_aug_contrast.jpg,e01e439bb0d77742da586b7d62081a5c,helopeltis_00007,True,contrast
train,Helopeltis,helopeltis_00007_aug_flip_vertical.jpg,8606bd5cb7853ee7c9279cadcb9242a6,helopeltis_00007,True,flip
train,Helopeltis,helopeltis_00008.jpg,6df8208ab5f36d30e01a7a6e5e2f374a,helopeltis_00008,False,
train,Helopeltis,helopeltis_00008_aug_rotation.jpg,768bb90658a4f72caa33a89c900dd446,helopeltis_00008,True,rotation
train,Helopeltis,helopeltis_00009.jpg,933417111b3866f379049d1d3fd7a797,helopeltis_00009,False,
train,Helopeltis,helopeltis_00009_aug_flip_vertical.jpg,b04f8968b172c9f175b8693337e3d53b,helopeltis_00009,True,flip
train,Helopeltis,helopeltis_00011.jpg,51b35f6937a80bb6acf5301131cd97c0,helopeltis_00011,False,
train,Helopeltis,helopeltis_00012.jpg,2589ba663bb73039ebccb7a3246303b1,helopeltis_00012,False,
train,Helopeltis,helopeltis_00012_aug_brightness.jpg,aed13c19ceb2cf08c1e7a5e1608761ed,helopeltis_00012,True,brightness
train,Helopeltis,helopeltis_00012_aug_flip_horizontal.jpg,632b5f3e0b20ecb4bbc5915da16ed430,helopeltis_00012,True,flip
train,Helopeltis,helopeltis_00012_aug_zoom.jpg,c8478de70744405b1382b1326d42d2ea,helopeltis_00012,True,zoom
train,Helopeltis,helopeltis_00013.jpg,170d210e72e4302ffe590db5b81cdc3f,helopeltis_00013,False,
train,Helopeltis,helopeltis_00013_aug_brightness.jpg,0f44db151cb7a166c33ffa464a1cb251,helopeltis_00013,True,brightness
train,Helopeltis,helopeltis_00013_aug_rotation.jpg,9624764e1428f172487932d4ad9d5f4d,helopeltis_00013,True,rotation
train,Helopeltis,helopeltis_00015.jpg,ad852f6fd540ce0dfed189c7ae3e72e6,helopeltis_00015,False,
train,Helopeltis,helopeltis_00015_aug_rotation.jpg,f6a008a88993fdda14cb273270ab6263,helopeltis_00015,True,rotation
train,Helopeltis,helopeltis_00016.jpg,91d9964ea9cca8e3cd49ff87a3b7fe8d,helopeltis_00016,False,
train,Helopeltis,helopeltis_00017.jpg,1820b6cb41cca73acf22b7d1e1a7423b,helopeltis_00017,False,
train,Helopeltis,helopeltis_00017_aug_flip_vertical.jpg,26ff7a9f8d93e70d9c799930382c39f3,helopeltis_00017,True,flip
train,Helopeltis,helopeltis_00017_aug_zoom.jpg,ca603881759cfe6cf3eb751df4a252cc,helopeltis_00017,True,zoom
train,Helopeltis,helopeltis_00018.jpg,b57d98775778399845922a5b59a9105b,helopeltis_00018,False,
train,Helopeltis,helopeltis_00020.jpg,b852e3fd448cc353b4ed12a1a02aacbe,helopeltis_00020,False,
train,Helopeltis,helopeltis_00020_aug_contrast.jpg,920dcfb132306970f027125f6e22e13c,helopeltis_00020,True,contrast
train,Helopeltis,helopeltis_00021.jpg,876ec1564dee6bf5b66cb0f39bff9903,helopeltis_00021,False,
train,Helopeltis,helopeltis_00021_aug_flip_horizontal.jpg,395e00bc008e1981cf8de27b2e94eecc,helopeltis_00021,True,flip
train,Helopeltis,helopeltis_00022.jpg,0d08594e372ac80916f1df5d2cb5ed9a,helopeltis_00022,False,
train,Helopeltis,helopeltis_00022_aug_flip_horizontal.jpg,2d412abcc62c5d7553ec4975b69460b6,helopeltis_00022,True,flip
train,Helopeltis,helopeltis_00022_aug_flip_vertical.jpg,a0e8a4b58f3a63025f336603bf0b2631,helopeltis_00022,True,flip
train,Helopeltis,helopeltis_00022_aug_rotation.jpg,30ce1567c1264c2fe2063565dde66b51,helopeltis_00022,True,rotation
train,Helopeltis,helopeltis_00023.jpg,7bc5a3482800f73651c97740d7b97a6a,helopeltis_00023,False,
train,Helopeltis,helopeltis_00024.jpg,a0f7d522413480bcac9565d55b38820b,helopeltis_00024,False,
train,Helopeltis,helopeltis_00025.jpg,bf3d3f1e7842a1da0e69803d27fc6caa,helopeltis_00025,False,
train,Helopeltis,helopeltis_00027.jpg,63d7ed6536756559466789b4c33d3696,helopeltis_00027,False,
train,Helopeltis,helopeltis_00027_aug_zoom.jpg,62f8b90f50722e58f90f0a9e0591f735,helopeltis_00027,True,zoom
train,Helopeltis,helopeltis_00028.jpg,a95f94126d21d16072c426b229c47995,helopeltis_00028,False,
train,Helopeltis,helopeltis_00028_aug_blur.jpg,b932d2b8e1649fb3ec87f039e843f6f5,helopeltis_00028,True,blur
train,Helopeltis,helopeltis_00028_aug_brightness.jpg,7e38ed982b445f0f8da52a0c40e0d720,helopeltis_00028,True,brightness
train,Helopeltis,helopeltis_00029.jpg,0ccbe3e73ad7b7d3ac574fccfb587d55,helopeltis_00029,False,
train,Helopeltis,helopeltis_00031.jpg,e1a982897083bcf91507c0e867e9ce16,helopeltis_00031,False,
train,Helopeltis,helopeltis_00032.jpg,8dad5545cdd7805a45df31c95d713e9c,helopeltis_00032,False,
train,Helopeltis,helopeltis_00032_aug_flip_vertical.jpg,18e9abcd254066de1a20f8bb35194a6b,helopeltis_00032,True,flip
train,Helopeltis,helopeltis_00035.jpg,2a7ba4928f76eb11b82b158e5240bd9a,helopeltis_00035,False,
train,Helopeltis,helopeltis_00035_aug_brightness.jpg,d2640d5d419952eddd18a9ab8c5daa2d,helopeltis_00035,True,brightness
train,Helopeltis,helopeltis_00035_aug_contrast.jpg,c2469ca4aa78466a54da88fe9ee1ce38,helopeltis_00035,True,contrast
train,Helopeltis,helopeltis_00036.jpg,25036f70931186883fde2898cee46f4d,helopeltis_00036,False,
train,Helopeltis,helopeltis_00037.jpg,c575b371dd8ade9acff8adbc4df4c8a7,helopeltis_00037,False,
train,Helopeltis,helopeltis_00037_aug_flip_horizontal.jpg,7e2f4ffe8d9ecfa5726fb85ba33feaa3,helopeltis_00037,True,flip
train,Helopeltis,helopeltis_00037_aug_rotation.jpg,4feedd993ceb0e647f85efc3a4ea8748,helopeltis_00037,True,rotation
train,Helopeltis,helopeltis_00038.jpg,67b994eadeac0179667613d0b4b066fc,helopeltis_00038,False,
train,Helopeltis,helopeltis_00038_aug_blur.jpg,fe05fdfd803f0a8c578cbeacfbd1f740,helopeltis_00038,True,blur
train,Helopeltis,helopeltis_00038_aug_flip_vertical.jpg,d8e2ba4afebf4180b3c592ae8e2cd51a,helopeltis_00038,True,flip
train,Helopeltis,helopeltis_00039.jpg,487f3c2e8d4e48a98b6acd2d0b30b956,helopeltis_00039,False,
train,Helopeltis,helopeltis_00039_aug_zoom.jpg,30d7e7c4cef41b90899eca4f2c4f8efb,helopeltis_00039,True,zoom
train,Helopeltis,helopeltis_00040.jpg,993b5a2fa5b1941b77e62bd0e942e55a,helopeltis_00040,False,
train,Helopeltis,helopeltis_00041.jpg,00ee306ef4924c4f5728efea24723501,helopeltis_00041,False,
train,Helopeltis,helopeltis_00042.jpg,3b3c20862761789c3dfe1bb34631795c,helopeltis_00042,False,
train,Helopeltis,helopeltis_00042_aug_brightness.jpg,23e5def8161df91f88089bf23b362ec8,helopeltis_00042,True,brightness
train,Helopeltis,helopeltis_00043.jpg,4d51cb1fff352da87d2c4e49dd09b6d7,helopeltis_00043,False,
train,Helopeltis,helopeltis_00043_aug_brightness.jpg,e57091b7f62d1c8df69980b56ebedc89,helopeltis_00043,True,brightness
train,Helopeltis,helopeltis_00044.jpg,9ef00675a89d2280a8690f42b8f7d278,helopeltis_00044,False,
train,Helopeltis,helopeltis_00044_aug_rotation.jpg,63208d6a047500cf07055c8cc4557e51,helopeltis_00044,True,rotation
train,Helopeltis,helopeltis_00045.jpg,7d1bc916e9d9cf4fc102b5aff73710a1,helopeltis_00045,False,
train,Helopeltis,helopeltis_00046.jpg,6b657d8002566c01d81da7f12f0c2852,helopeltis_00046,False,
train,Helopeltis,helopeltis_00046_aug_brightness.jpg,1989373a810d127acddb9c85b0f8cf4b,helopeltis_00046,True,brightness
train,Helopeltis,helopeltis_00048.jpg,ab14484d3fc548b33157a92e2a8fec2f,helopeltis_00048,False,
train,Helopeltis,helopeltis_00048_aug_contrast.jpg,17da5ddbccf13b5cb22031db6132819d,helopeltis_00048,True,contrast
train,Helopeltis,helopeltis_00048_aug_flip_horizontal.jpg,55fb25ddfc9644b1574ad0e74e2ca831,helopeltis_00048,True,flip
train,Helopeltis,helopeltis_00049.jpg,d3e33f77dd3cc4b80cf7ee62cd0e0410,helopeltis_00049,False,
train,Helopeltis,helopeltis_00050.jpg,3ee2f9478ecce8fd7d14f03256b798e9,helopeltis_00050,False,
train,Helopeltis,helopeltis_00050_aug_flip_vertical.jpg,dbee0c92b43451cb4f98a44885d96719,helopeltis_00050,True,flip
train,Helopeltis,helopeltis_00051.jpg,5ef3c74663589c9dabc4b6c9b0b034aa,helopeltis_00051,False,
train,Helopeltis,helopeltis_00051_aug_flip_vertical.jpg,84911bb3295c281830c8405a3986d587,helopeltis_00051,True,flip
train,Helopeltis,helopeltis_00052.jpg,a3660e12ff2e1916b10491c8e310321e,helopeltis_00052,False,
train,Helopeltis,helopeltis_00052_aug_brightness.jpg,0e0f18bfb749e5a7b075647364c8981e,helopeltis_00052,True,brightness
train,Helopeltis,helopeltis_00053.jpg,e90e5b46654e51708d5f4240bfd23297,helopeltis_00053,False,
train,Helopeltis,helopeltis_00053_aug_blur.jpg,8cee17e54b8f0a81b6a1a267a77b01bc,helopeltis_00053,True,blur
train,Helopeltis,helopeltis_00053_aug_contrast.jpg,b7546ff2b8476971bce0ac5fac9c3f07,helopeltis_00053,True,contrast
train,Helopeltis,helopeltis_00053_aug_rotation.jpg,36cfa3c8754f203f8dbc6efa1a9e0063,helopeltis_00053,True,rotation
train,Helopeltis,helopeltis_00054.jpg,b0434e6590b782aebc7b642aa2206edd,helopeltis_00054,False,
train,Helopeltis,helopeltis_00055.jpg,f18d04568ba61e3582155580f4d0edf0,helopeltis_00055,False,
train,Helopeltis,helopeltis_00055_aug_blur.jpg,1eed7f0ac17b4e213cddbf63e0e04d5b,helopeltis_00055,True,blur
train,Helopeltis,helopeltis_00055_aug_zoom.jpg,3569067b7d693ef59596ca648d20a1ae,helopeltis_00055,True,zoom
train,Helopeltis,helopeltis_00056.jpg,1ce173e62baedbf6d0197b57783e0f32,helopeltis_00056,False,
train,Helopeltis,helopeltis_00057.jpg,738b1c9d921e7902eb8e14feb0fab378,helopeltis_00057,False,
train,Helopeltis,helopeltis_00058.jpg,c7ebde10146a3e1f9bc49a97457b9e80,helopeltis_00058,False,
train,Helopeltis,helopeltis_00058_aug_contrast.jpg,7ce582d3cf8569f57804ef0ba574927f,helopeltis_00058,True,contrast
train,Helopeltis,helopeltis_00058_aug_rotation.jpg,edd8acef40f85a929f4ed80983ac1ce0,helopeltis_00058,True,rotation
train,Helopeltis,helopeltis_00059.jpg,ab543f86fe96c934e2d72b594fbc0901,helopeltis_00059,False,
train,Helopeltis,helopeltis_00059_aug_blur.jpg,f51115172e47e8ce5cddb6edcec570db,helopeltis_00059,True,blur
train,Helopeltis,helopeltis_00059_aug_rotation.jpg,f9d59e00535d73f0e4b5e5e02061a7c2,helopeltis_00059,True,rotation
train,Helopeltis,helopeltis_00061.jpg,6d7eb15331a0c54da19df02e90499f70,helopeltis_00061,False,
train,Helopeltis,helopeltis_00061_aug_contrast.jpg,6f0e66c9796f9b8e1efd241b3e52c510,helopeltis_00061,True,contrast
train,Helopeltis,helopeltis_00063.jpg,f1ca5acc0e74e4a04397b4df5dabc430,helopeltis_00063,False,
train,Helopeltis,helopeltis_00063_aug_brightness.jpg,cdaa2b2e329d206947ffa120df41fba2,helopeltis_00063,True,brightness
train,Helopeltis,helopeltis_00065.jpg,3baeaaf33ff8674ed146f5082136c794,helopeltis_00065,False,
train,Helopeltis,helopeltis_00066.jpg,9956de7dd30947dc36a457c56e8bdd4f,helopeltis_00066,False,
train,Helopeltis,helopeltis_00070.jpg,2c6f000c3f03f920e44f60664426d4d9,helopeltis_00070,False,
train,Helopeltis,helopeltis_00070_aug_brightness.jpg,1e853336268a4797dbdd64221b22ccd9,helopeltis_00070,True,brightness
train,Helopeltis,helopeltis_00071.jpg,843ed6b9fc983e1bd372aee3e246c364,helopeltis_00071,False,
train,Helopeltis,helopeltis_00072.jpg,0487079872247da1559f475a8171e2a7,helopeltis_00072,False,
train,Helopeltis,helopeltis_00072_aug_zoom.jpg,cbd641c687e5045542bb3121be1eee60,helopeltis_00072,True,zoom
train,Helopeltis,helopeltis_00073.jpg,2ff45588d8a96febc191a433a4623721,helopeltis_00073,False,
train,Helopeltis,helopeltis_00073_aug_rotation.jpg,941bd09ac1bb0e0deb84c9ff45e2d90c,helopeltis_00073,True,rotation
train,Helopeltis,helopeltis_00076.jpg,f062bef36a919eae52a666cd848909d9,helopeltis_00076,False,
train,Helopeltis,helopeltis_00076_aug_flip_horizontal.jpg,b32fc6f7c9a485812b7b80cdadcbc855,helopeltis_00076,True,flip
train,Helopeltis,helopeltis_00077.jpg,91caa456ea9ace6e1190cf84ee58c6fa,helopeltis_00077,False,
train,Helopeltis,helopeltis_00078.jpg,2723dee2fa9eb7d2313214ca2df3b7a9,helopeltis_00078,False,
train,Helopeltis,helopeltis_00078_aug_flip_horizontal.jpg,1b3296b054cf9daedbf2e666b4eb5e4e,helopeltis_00078,True,flip
train,Helopeltis,helopeltis_00079.jpg,d54193262347229618d8a7e705bfdf34,helopeltis_00079,False,
train,Helopeltis,helopeltis_00080.jpg,7fd9cfba29782fc61b6247ee9f7dc604,helopeltis_00080,False,
train,Helopeltis,helopeltis_00080_aug_brightness.jpg,b19431fe5346c64b86fd3a7e6f88dac3,helopeltis_00080,True,brightness
train,Helopeltis,helopeltis_00080_aug_contrast.jpg,7572f5d1651e099bcb5c5921040d05bc,helopeltis_00080,True,contrast
train,Helopeltis,helopeltis_00080_aug_rotation.jpg,24f00d9f25f4713ef264666eeb32bc70,helopeltis_00080,True,rotation
train,Helopeltis,helopeltis_00080_aug_zoom.jpg,843bf1423c359d492ee8f209f0d7e17c,helopeltis_00080,True,zoom
train,Helopeltis,helopeltis_00083.jpg,e9f1e65f6ef988ace6038c8bc7ba16b3,helopeltis_00083,False,
train,Helopeltis,helopeltis_00084.jpg,b13740b4768a1e5a30808fc846c33f75,helopeltis_00084,False,
train,Helopeltis,helopeltis_00084_aug_rotation.jpg,d6a391b8ad581624bd6b03026608f9da,helopeltis_00084,True,rotation
train,Helopeltis,helopeltis_00086.jpg,7fd69398fecdd8adcf539792a900fcef,helopeltis_00086,False,
train,Helopeltis,helopeltis_00087.jpg,cf2bd33e319afda2923587c8bd2367d5,helopeltis_00087,False,
train,Helopeltis,helopeltis_00087_aug_rotation.jpg,fa8790023326a6e3c1adac912f04da00,helopeltis_00087,True,rotation
train,Helopeltis,helopeltis_00091.jpg,fa3f25a3ffc0785bacdc0a33ba2a861a,helopeltis_00091,False,
train,Helopeltis,helopeltis_00091_aug_zoom.jpg,eaaa78c36736e62703ceb7178a7cd2ab,helopeltis_00091,True,zoom
train,Helopeltis,helopeltis_00093.jpg,aa332cc11c35bb006c1632362930a05d,helopeltis_00093,False,
train,Helopeltis,helopeltis_00093_aug_blur.jpg,2b3e2d6e6671a25d8cda2ee4187c8aae,helopeltis_00093,True,blur
train,Helopeltis,helopeltis_00095.jpg,afd2317b90d7876307e6ed241d4af528,helopeltis_00095,False,
train,Helopeltis,helopeltis_00096.jpg,76c15d9392f3eb8c5d155fe4a26d3eaa,helopeltis_00096,False,
train,Helopeltis,helopeltis_00098.jpg,66dbf003577ca869f3c8c182fa5bf2f6,helopeltis_00098,False,
train,Helopeltis,helopeltis_00098_aug_blur.jpg,2c31fffb71d404b2183526be189c9f5a,helopeltis_00098,True,blur
train,Helopeltis,helopeltis_00098_aug_brightness.jpg,5fbd77c549eaee59827e3a87333eb9e7,helopeltis_00098,True,brightness
train,Helopeltis,helopeltis_00099.jpg,e96a9e911c7bc5fef4ecf6b3dc0efb43,helopeltis_00099,False,
train,Helopeltis,helopeltis_00099_aug_flip_vertical.jpg,aba9573a446ee886b962d0c2f284a6f6,helopeltis_00099,True,flip
train,Helopeltis,helopeltis_00099_aug_zoom.jpg,74d8c811675da67b1249a26640efffa6,helopeltis_00099,True,zoom
train,Helopeltis,helopeltis_00100.jpg,ad10a089b860b120a199ce2c0672aea7,helopeltis_00100,False,
train,Helopeltis,helopeltis_00101.jpg,786131de8f251b2121ca8edc2c47c9c0,helopeltis_00101,False,
train,Helopeltis,helopeltis_00102.jpg,4a60d0333adebd43fcc269a0e9b42f37,helopeltis_00102,False,
train,Helopeltis,helopeltis_00102_aug_brightness.jpg,f0a660427bc3230b1ad8dee93cca25fe,helopeltis_00102,True,brightness
train,Helopeltis,helopeltis_00103.jpg,2ce880552e2d6879b8ffe7403f35e217,helopeltis_00103,False,
train,Helopeltis,helopeltis_00103_aug_contrast.jpg,d9ff5d983e5027b51826868adaa9edd2,helopeltis_00103,True,contrast
train,Helopeltis,helopeltis_00104.jpg,1c61e9874378da011f038e23cf354104,helopeltis_00104,False,
train,Helopeltis,helopeltis_00104_aug_contrast.jpg,98bf405fe9959e7f8bc74a3a1b48d181,helopeltis_00104,True,contrast
train,Helopeltis,helopeltis_00104_aug_flip_horizontal.jpg,2571e12ad37c71ac6fa45ca47979d58d,helopeltis_00104,True,flip
train,Helopeltis,helopeltis_00105.jpg,0ad47f8d8ec043ddfd4d5bb06719f993,helopeltis_00105,False,
train,Helopeltis,helopeltis_00105_aug_brightness.jpg,7817ccefd071d4643f8ae2a2c2e9a91d,helopeltis_00105,True,brightness
train,Helopeltis,helopeltis_00105_aug_rotation.jpg,847692aa23276d1a4b08fe215d9d41b1,helopeltis_00105,True,rotation
train,Helopeltis,helopeltis_00108.jpg,4e8bc988a5823490598cff169523e55e,helopeltis_00108,False,
train,Helopeltis,helopeltis_00108_aug_rotation.jpg,5b18bacdc3f91a7d96a622aaf7467742,helopeltis_00108,True,rotation
train,Helopeltis,helopeltis_00110.jpg,70f412848f248137db7f647edb82cda1,helopeltis_00110,False,
train,Helopeltis,helopeltis_00112.jpg,4eff0cdebff5a754bc3d274e49264b2c,helopeltis_00112,False,
train,Helopeltis,helopeltis_00112_aug_blur.jpg,cab8f0c43edd3efceed4ae67762ae593,helopeltis_00112,True,blur
train,Helopeltis,helopeltis_00112_aug_zoom.jpg,2fe1a7acba8815cb7971797a453eed16,helopeltis_00112,True,zoom
train,Helopeltis,helopeltis_00114.jpg,533d70ee58741622cacf9f9b5ba68d4b,helopeltis_00114,False,
train,Helopeltis,helopeltis_00115.jpg,0d8e9eb7899e65231e58dd1826b03309,helopeltis_00115,False,
train,Helopeltis,helopeltis_00115_aug_blur.jpg,19ca8f1226c9088358efad0a3e7efd24,helopeltis_00115,True,blur
train,Helopeltis,helopeltis_00117.jpg,72b4b5c510ecf819adff2254b66f340d,helopeltis_00117,False,
train,Helopeltis,helopeltis_00117_aug_brightness.jpg,de6362c4b855296769f8fc09797156de,helopeltis_00117,True,brightness
train,Helopeltis,helopeltis_00118.jpg,fee66fb28de05791a563d64559c4bced,helopeltis_00118,False,
train,Helopeltis,helopeltis_00118_aug_contrast.jpg,4e528cbe873021916d03e528e3ddf13f,helopeltis_00118,True,contrast
train,Helopeltis,helopeltis_00118_aug_flip_horizontal.jpg,95a073813c7e52280a3d0890f428130f,helopeltis_00118,True,flip
train,Helopeltis,helopeltis_00119.jpg,ffc2e2792f47a927bd4aeaefcb017a9e,helopeltis_00119,False,
train,Helopeltis,helopeltis_00120.jpg,84bb415dfa22a9928ab1058a08bd0300,helopeltis_00120,False,
train,Helopeltis,helopeltis_00120_aug_flip_vertical.jpg,b4d4e588fc1693a40cabda1b1bb1b6de,helopeltis_00120,True,flip
train,Helopeltis,helopeltis_00120_aug_rotation.jpg,7dc54e15a3ee7cc7d83e3bff96cf6bbe,helopeltis_00120,True,rotation
train,Helopeltis,helopeltis_00121.jpg,c057b646ac594d9ecf4367c30e463cbd,helopeltis_00121,False,
train,Helopeltis,helopeltis_00121_aug_flip_vertical.jpg,09b41c5a4db7fd086e5097aa92af869d,helopeltis_00121,True,flip
train,Helopeltis,helopeltis_00121_aug_zoom.jpg,e0b71bcafea7b30177539028d905eb76,helopeltis_00121,True,zoom
train,Helopeltis,helopeltis_00122.jpg,ce81fd478f220991a47cc826cf97d8a3,helopeltis_00122,False,
train,Helopeltis,helopeltis_00122_aug_zoom.jpg,7a6ab966b711386b77509793572d051a,helopeltis_00122,True,zoom
train,Helopeltis,helopeltis_00123.jpg,e64134d147071a0728a0ba4166286ae4,helopeltis_00123,False,
train,Helopeltis,helopeltis_00123_aug_flip_horizontal.jpg,d12b8f061bfa2c0a1f5f1d9651daaca3,helopeltis_00123,True,flip
train,Helopeltis,helopeltis_00123_aug_zoom.jpg,2afbbb044df60e89eff93f94e149e9b0,helopeltis_00123,True,zoom
train,Helopeltis,helopeltis_00125.jpg,5ba5b46a91b5c672505c7a7a16468154,helopeltis_00125,False,
train,Helopeltis,helopeltis_00125_aug_zoom.jpg,3ffdabb20db6416121f0daf0c40c643f,helopeltis_00125,True,zoom
train,Helopeltis,helopeltis_00126.jpg,775a1e1100c53e208a87b70d13830832,helopeltis_00126,False,
train,Helopeltis,helopeltis_00127.jpg,d1ba03cf883d8d8ed0998580ad8a7d2c,helopeltis_00127,False,
train,Helopeltis,helopeltis_00127_aug_zoom.jpg,9c50fff2d8df6fdcc98fb57a7650a478,helopeltis_00127,True,zoom
train,Helopeltis,helopeltis_00128.jpg,6a1ba358490ad948b100c62eb862ad09,helopeltis_00128,False,
train,Helopeltis,helopeltis_00129.jpg,d60918d72b8df0b58fd552e20c6d5248,helopeltis_00129,False,
train,Helopeltis,helopeltis_00130.jpg,ccdd06622344f69f03c127d0c9e19a43,helopeltis_00130,False,
train,Helopeltis,helopeltis_00130_aug_brightness.jpg,7f9524b310e8cb2cc7452fa530e5cfbf,helopeltis_00130,True,brightness
train,Helopeltis,helopeltis_00130_aug_flip_vertical.jpg,eb250ebca2af25544a23e4a9dfcd70f8,helopeltis_00130,True,flip
train,Helopeltis,helopeltis_00131.jpg,577c5facc186ed58e820ddbaffa64c92,helopeltis_00131,False,
train,Helopeltis,helopeltis_00131_aug_blur.jpg,4bf62dacc18559c1f3c9d0927d5f42ea,helopeltis_00131,True,blur
train,Helopeltis,helopeltis_00133.jpg,9018200a9a63d166e015d1bbc9b5ed3f,helopeltis_00133,False,
train,Helopeltis,helopeltis_00133_aug_blur.jpg,d18e5b2dcf1192f40cc9b6fbda54ff09,helopeltis_00133,True,blur
train,Helopeltis,helopeltis_00134.jpg,29031811d41339a4b7577b71e791204e,helopeltis_00134,False,
train,Helopeltis,helopeltis_00135.jpg,075892cb1a64f4204ff55d68b01988a5,helopeltis_00135,False,
train,Helopeltis,helopeltis_00136.jpg,e46097b497450b6ae7561d5ed6504fff,helopeltis_00136,False,
train,Helopeltis,helopeltis_00137.jpg,e372603253d9dcf11fad12eb1be47b01,helopeltis_00137,False,
train,Helopeltis,helopeltis_00138.jpg,16e090dd4813a70b400a0e493c208e4b,helopeltis_00138,False,
train,Helopeltis,helopeltis_00138_aug_blur.jpg,690688393c65a1bae51b91cc971157c3,helopeltis_00138,True,blur
train,Helopeltis,helopeltis_00138_aug_rotation.jpg,04be84546f81d9dc0ae1f8f3fcfc65f5,helopeltis_00138,True,rotation
train,Helopeltis,helopeltis_00140.jpg,408b398945c43b01ea95af72c65e8521,helopeltis_00140,False,
train,Helopeltis,helopeltis_00141.jpg,cf006568a42193ea394f522d7e4d77f6,helopeltis_00141,False,
train,Helopeltis,helopeltis_00143.jpg,d93dc1e1e0b7597d75ceb8a337e731bf,helopeltis_00143,False,
train,Helopeltis,helopeltis_00144.jpg,86b809cbd624936c5d94116588c0e96b,helopeltis_00144,False,
train,Helopeltis,helopeltis_00144_aug_brightness.jpg,7c10036a00e3d07acef9593aec19b0c6,helopeltis_00144,True,brightness
train,Helopeltis,helopeltis_00145.jpg,6fc9f6d67a58ff9840a696eef86368e3,helopeltis_00145,False,
train,Helopeltis,helopeltis_00146.jpg,578f7512bacff799901d04fae2dde62f,helopeltis_00146,False,
train,Helopeltis,helopeltis_00147.jpg,683b22245a28d208472ccd4e4bca6c11,helopeltis_00147,False,
train,Helopeltis,helopeltis_00147_aug_flip_horizontal.jpg,59ac5928635a01a8c13d5d7c96398031,helopeltis_00147,True,flip
train,Helopeltis,helopeltis_00147_aug_flip_vertical.jpg,9ed7cb8d404979ee6fd1de728dcf01ee,helopeltis_00147,True,flip
train,Helopeltis,helopeltis_00148.jpg,c5615125c7b5e450d90ba3d62d73cd17,helopeltis_00148,False,
train,Helopeltis,helopeltis_00148_aug_rotation.jpg,22ed9f85c866d3cd5380bad67883a778,helopeltis_00148,True,rotation
train,Helopeltis,helopeltis_00149.jpg,e0640f8fd140c27c41801f9baeeb3790,helopeltis_00149,False,
train,Helopeltis,helopeltis_00149_aug_blur.jpg,b805ca32a4671cab99b7eaca2a3519c7,helopeltis_00149,True,blur
train,Helopeltis,helopeltis_00152.jpg,5999c323cc7b52b440385b2787987d60,helopeltis_00152,False,
train,Helopeltis,helopeltis_00152_aug_contrast.jpg,133baa168a589647e6782c37b353551c,helopeltis_00152,True,contrast
train,Helopeltis,helopeltis_00157.jpg,4ded7e07ddc17edc5f303d7bbf5e5465,helopeltis_00157,False,
train,Helopeltis,helopeltis_00158.jpg,835127bd473913d32fa7e8242a0448e2,helopeltis_00158,False,
train,Helopeltis,helopeltis_00158_aug_flip_vertical.jpg,fefc1268368d25f4be4f585d18e8830e,helopeltis_00158,True,flip
train,Helopeltis,helopeltis_00159.jpg,93ae0777aad8270f7f8f7810138cba46,helopeltis_00159,False,
train,Helopeltis,helopeltis_00160.jpg,28f0a51cb2f05431525fd0adfc9864cb,helopeltis_00160,False,
train,Helopeltis,helopeltis_00160_aug_blur.jpg,6219f6c436d3a4d81188bbac97ceb779,helopeltis_00160,True,blur
train,Helopeltis,helopeltis_00160_aug_flip_horizontal.jpg,b3a268d47e1170640d0b64e39cf3268d,helopeltis_00160,True,flip
train,Helopeltis,helopeltis_00160_aug_zoom.jpg,66a002fb1936b0e4449b84ee5a932709,helopeltis_00160,True,zoom
train,Helopeltis,helopeltis_00161.jpg,e87a37816cfc60e7826e8737ca36473a,helopeltis_00161,False,
train,Helopeltis,helopeltis_00161_aug_zoom.jpg,72ab1fee022b67fb238c26f69b76949f,helopeltis_00161,True,zoom
train,Helopeltis,helopeltis_00162.jpg,be0df7ec2ba3223a36af56824c27cee9,helopeltis_00162,False,
train,Helopeltis,helopeltis_00162_aug_brightness.jpg,3b2fc05a7f721f2edc3daa05f543e04c,helopeltis_00162,True,brightness
train,Helopeltis,helopeltis_00163.jpg,5134ca848c777ba46604b8496c0f24dd,helopeltis_00163,False,
train,Helopeltis,helopeltis_00163_aug_flip_horizontal.jpg,f05ffb54345c9c8d7356142c6ba1bd83,helopeltis_00163,True,flip
train,Helopeltis,helopeltis_00163_aug_rotation.jpg,56205d6ab888e0b12ec85a08bfe23aac,helopeltis_00163,True,rotation
train,Helopeltis,helopeltis_00164.jpg,f2cd58aca48d26d1d493c13be08246f8,helopeltis_00164,False,
train,Helopeltis,helopeltis_00164_aug_contrast.jpg,d43bfe3d5821b2ccef23441926a35d5e,helopeltis_00164,True,contrast
train,Helopeltis,helopeltis_00164_aug_zoom.jpg,4c05a7123a0611e3609c6618723e36b8,helopeltis_00164,True,zoom
train,Helopeltis,helopeltis_00165.jpg,c6d000cae67dccdef0062c0e64eb304d,helopeltis_00165,False,
train,Helopeltis,helopeltis_00165_aug_brightness.jpg,fe373c67d3b93a5c7b8f96c67a3ef9ba,helopeltis_00165,True,brightness
train,Helopeltis,helopeltis_00165_aug_zoom.jpg,1493f398f2daf77a1a8911a39027dbab,helopeltis_00165,True,zoom
train,Helopeltis,helopeltis_00166.jpg,30f268c6ed7a73731171f445bb296ea3,helopeltis_00166,False,
train,Helopeltis,helopeltis_00166_aug_blur.jpg,7647cf80f8c992ce151383dd21eaa253,helopeltis_00166,True,blur
train,Helopeltis,helopeltis_00167.jpg,54ce7fabdceb86c8f2f446b52b474fd1,helopeltis_00167,False,
train,Helopeltis,helopeltis_00167_aug_rotation.jpg,c787ce694dfca44b736df739b0b9338f,helopeltis_00167,True,rotation
train,Helopeltis,helopeltis_00168.jpg,025810ca7f66ef213c6718832ef86d2f,helopeltis_00168,False,
train,Helopeltis,helopeltis_00168_aug_zoom.jpg,d3832a18378e9c33e53f58f1fcc69e35,helopeltis_00168,True,zoom
train,Helopeltis,helopeltis_00169.jpg,276d86f95748861e00abd523fff5f302,helopeltis_00169,False,
train,Helopeltis,helopeltis_00169_aug_blur.jpg,80f91f99aceea5f04ea2ec1b2e797aab,helopeltis_00169,True,blur
train,Helopeltis,helopeltis_00170.jpg,0baa6ef7a7e2baa3ae289fa730c8fefa,helopeltis_00170,False,
train,Helopeltis,helopeltis_00172.jpg,a83960ed46f235928a95c893efa59999,helopeltis_00172,False,
train,Helopeltis,helopeltis_00172_aug_contrast.jpg,bec65e7363765fe44e5614a292562e1e,helopeltis_00172,True,contrast
train,Helopeltis,helopeltis_00172_aug_flip_vertical.jpg,b2d5b5d07ef50983b48f268d66f3e0e7,helopeltis_00172,True,flip
train,Helopeltis,helopeltis_00174.jpg,f5b1d78c2848353e7c96f7c2d6370c89,helopeltis_00174,False,
train,Helopeltis,helopeltis_00175.jpg,520a7ef34f9c0bddbe8d5ce26674668d,helopeltis_00175,False,
train,Helopeltis,helopeltis_00175_aug_flip_horizontal.jpg,5957bf4f26adf35b208b415d6f8e1ba1,helopeltis_00175,True,flip
train,Helopeltis,helopeltis_00176.jpg,27ec533066a1a7ae6c674ed426ec22bb,helopeltis_00176,False,
train,Helopeltis,helopeltis_00176_aug_brightness.jpg,0c70951513473875bacfb90802c6d41e,helopeltis_00176,True,brightness
train,Helopeltis,helopeltis_00176_aug_rotation.jpg,60801e7df9988d05ffcda7b7bc420753,helopeltis_00176,True,rotation
train,Helopeltis,helopeltis_00177.jpg,ace2fc2770f8634c77fbdc1c6d5c5a6e,helopeltis_00177,False,
train,Helopeltis,helopeltis_00177_aug_flip_horizontal.jpg,2c1e69ebbdd9ab56ddafefca4fce2a23,helopeltis_00177,True,flip
train,Helopeltis,helopeltis_00179.jpg,c34da12a29e0637b0c60047a9bf10b90,helopeltis_00179,False,
train,Helopeltis,helopeltis_00179_aug_brightness.jpg,121cca3c3ec0c010613cc008284a3fab,helopeltis_00179,True,brightness
train,Helopeltis,helopeltis_00184.jpg,8aee14af1890fc2f5df901c718576f69,helopeltis_00184,False,
train,Helopeltis,helopeltis_00185.jpg,89aa05cdbdfa30e55d6c6bebbae1e70d,helopeltis_00185,False,
train,Helopeltis,helopeltis_00185_aug_brightness.jpg,f2e013de4444b84f6f8da47b0664c7c3,helopeltis_00185,True,brightness
train,Helopeltis,helopeltis_00185_aug_flip_horizontal.jpg,58d8ca6e6cba7f0ed0fd86b46406d0cd,helopeltis_00185,True,flip
train,Helopeltis,helopeltis_00186.jpg,2ab00d44789536f569a018b1fd451bcc,helopeltis_00186,False,
train,Helopeltis,helopeltis_00186_aug_flip_horizontal.jpg,43a10c603fa13311f9efa3fb421ae83d,helopeltis_00186,True,flip
train,Helopeltis,helopeltis_00187.jpg,d9cdd363fe4f6b2cc6c87fd5177446fb,helopeltis_00187,False,
train,Helopeltis,helopeltis_00187_aug_flip_horizontal.jpg,5dadc9e38739f65cf1b29e05bfde1ef8,helopeltis_00187,True,flip
train,Helopeltis,helopeltis_00187_aug_flip_vertical.jpg,c180ffeda7d9fb61d51301a71e05fc08,helopeltis_00187,True,flip
train,Helopeltis,helopeltis_00187_aug_zoom.jpg,b8a2d031dd55d342fca044e637b08a44,helopeltis_00187,True,zoom
train,Helopeltis,helopeltis_00188.jpg,c1691a6eea5a9e6d671663c055fb977c,helopeltis_00188,False,
train,Helopeltis,helopeltis_00188_aug_flip_horizontal.jpg,116aacad715e1e7cf2f8633ab2bb776b,helopeltis_00188,True,flip
train,Helopeltis,helopeltis_00188_aug_flip_vertical.jpg,73c35a3670ca17c2eba0781dc43df0f8,helopeltis_00188,True,flip
train,Helopeltis,helopeltis_00188_aug_zoom.jpg,0d4e16e72c31997be877cb869ce9b8fb,helopeltis_00188,True,zoom
train,Helopeltis,helopeltis_00189.jpg,dcd084f2f985c173f08e7a211e840418,helopeltis_00189,False,
train,Helopeltis,helopeltis_00192.jpg,f77bec341478ae960373ac5726776db0,helopeltis_00192,False,
train,Helopeltis,helopeltis_00192_aug_blur.jpg,17a03587aedc57e76401ba4253c32b3e,helopeltis_00192,True,blur
train,Helopeltis,helopeltis_00192_aug_flip_horizontal.jpg,1aa1446c58e449422c801b52f1bebb29,helopeltis_00192,True,flip
train,Helopeltis,helopeltis_00193.jpg,e54247be8d6d3201249b019b14c4f6f3,helopeltis_00193,False,
train,Helopeltis,helopeltis_00194.jpg,ee31f32ac5ba7b3ca7805ccd2be0346e,helopeltis_00194,False,
train,Helopeltis,helopeltis_00194_aug_contrast.jpg,c77b14e78d3dd95a34e77258d41aca9b,helopeltis_00194,True,contrast
train,Helopeltis,helopeltis_00195.jpg,b568f55f61d5534f5f0fdc4f2b3db67d,helopeltis_00195,False,
train,Helopeltis,helopeltis_00197.jpg,6e1733b7653690fdcb3469adb3057ef2,helopeltis_00197,False,
train,Helopeltis,helopeltis_00197_aug_brightness.jpg,74c28d131aa27ee225709428c83ad26e,helopeltis_00197,True,brightness
train,Helopeltis,helopeltis_00197_aug_flip_vertical.jpg,5c849469d386d8e4d64369d83e813f9a,helopeltis_00197,True,flip
train,Helopeltis,helopeltis_00199.jpg,6821a2ba4c53b078b4fd288253b10b5f,helopeltis_00199,False,
train,Helopeltis,helopeltis_00203.jpg,d9e57e282213fabc18a3b9da6c1a19b4,helopeltis_00203,False,
train,Helopeltis,helopeltis_00204.jpg,6b4baeada9a4270083c3bbde57db62d6,helopeltis_00204,False,
train,Helopeltis,helopeltis_00204_aug_blur.jpg,cf7ee9897d57217b8689a6723664d733,helopeltis_00204,True,blur
train,Helopeltis,helopeltis_00204_aug_flip_horizontal.jpg,f7ad49bbba241307e40976b57f3caa24,helopeltis_00204,True,flip
train,Helopeltis,helopeltis_00205.jpg,f929a8d6b768df2d8f7d94bfb4e0403e,helopeltis_00205,False,
train,Helopeltis,helopeltis_00206.jpg,9ab6bd5992b12c28d43f7f4907ebb08e,helopeltis_00206,False,
train,Helopeltis,helopeltis_00206_aug_brightness.jpg,c8f35da889a0ffde0330d7d15a12eded,helopeltis_00206,True,brightness
train,Helopeltis,helopeltis_00207.jpg,21ba3e2140ccaba52616b69afc00a3fd,helopeltis_00207,False,
train,Helopeltis,helopeltis_00207_aug_flip_horizontal.jpg,90a86d4027c83445b4191547c7ccaba9,helopeltis_00207,True,flip
train,Helopeltis,helopeltis_00207_aug_zoom.jpg,b38de465ac6e0ef4762c025847cb856f,helopeltis_00207,True,zoom
train,Helopeltis,helopeltis_00208.jpg,616eabda449c9b57455da38217e9d33c,helopeltis_00208,False,
train,Helopeltis,helopeltis_00213.jpg,b1699c41b853b53c7720a93a408a1348,helopeltis_00213,False,
train,Helopeltis,helopeltis_00213_aug_contrast.jpg,1ec05bbe80d53e2c2caaf11181d65c73,helopeltis_00213,True,contrast
train,Helopeltis,helopeltis_00213_aug_zoom.jpg,160b7eb56d5565e520fa90cc7c134192,helopeltis_00213,True,zoom
train,Helopeltis,helopeltis_00215.jpg,006b53ec87cbe17cde04781b261073a0,helopeltis_00215,False,
train,Helopeltis,helopeltis_00215_aug_contrast.jpg,50583c1235dab8657bc924b44dcd91f6,helopeltis_00215,True,contrast
train,Helopeltis,helopeltis_00216.jpg,d75ce7678651c24abc12cbd0cfeba426,helopeltis_00216,False,
train,Helopeltis,helopeltis_00216_aug_rotation.jpg,117cee6c2afcafc61fbac07e0245c08c,helopeltis_00216,True,rotation
train,Helopeltis,helopeltis_00216_aug_zoom.jpg,4b02f4f7916475a7371415131fa1321f,helopeltis_00216,True,zoom
train,Helopeltis,helopeltis_00217.jpg,aabd78ed432e120c794f30d24f9f1e61,helopeltis_00217,False,
train,Helopeltis,helopeltis_00218.jpg,d6083e5b61befe047c835aa6616d05ab,helopeltis_00218,False,
train,Helopeltis,helopeltis_00218_aug_brightness.jpg,9c9a3dfd86e3178f4ea46b10d4652d6a,helopeltis_00218,True,brightness
train,Helopeltis,helopeltis_00219.jpg,e664c079f3c8befe8569dbf2789eae63,helopeltis_00219,False,
train,Helopeltis,helopeltis_00219_aug_contrast.jpg,ec81a22e46721c35833d1f1915bbe84c,helopeltis_00219,True,contrast
train,Helopeltis,helopeltis_00219_aug_flip_vertical.jpg,5001fb412d07278c96fe2b25d31dc134,helopeltis_00219,True,flip
train,Helopeltis,helopeltis_00219_aug_rotation.jpg,ee2afac3387ab96de756142c4f5e51b6,helopeltis_00219,True,rotation
train,Helopeltis,helopeltis_00220.jpg,80856388817f4c3b3fab7cd493c94b7e,helopeltis_00220,False,
train,Helopeltis,helopeltis_00220_aug_zoom.jpg,2735284ec3de596e4fc140a53ab62034,helopeltis_00220,True,zoom
train,Helopeltis,helopeltis_00221.jpg,1c85bc7be26a4fc7ba9e933588f2c0fa,helopeltis_00221,False,
train,Helopeltis,helopeltis_00222.jpg,f1365abbfde5998a7bb9e6cdfc07d2c3,helopeltis_00222,False,
train,Helopeltis,helopeltis_00223.jpg,5bec5f07f4e5330bf84ccd4e3bac45f6,helopeltis_00223,False,
train,Helopeltis,helopeltis_00223_aug_contrast.jpg,703434d748d4f7e2562fcd9c666057f2,helopeltis_00223,True,contrast
train,Helopeltis,helopeltis_00223_aug_zoom.jpg,4ccd780d9c1f02fff089ad5c58d247ed,helopeltis_00223,True,zoom
train,Helopeltis,helopeltis_00224.jpg,7aa6f9e4bd856bfd54a9a480227ca0a5,helopeltis_00224,False,
train,Helopeltis,helopeltis_00224_aug_blur.jpg,c1f47d6234f6ce818c624cbff3ef4c38,helopeltis_00224,True,blur
train,Helopeltis,helopeltis_00224_aug_contrast.jpg,e5454c1582335443084556022d61475b,helopeltis_00224,True,contrast
train,Helopeltis,helopeltis_00224_aug_flip_horizontal.jpg,4946cd940821697b53f680365270b5dd,helopeltis_00224,True,flip
train,Helopeltis,helopeltis_00224_aug_flip_vertical.jpg,4139ef7d9aaaadf065bd6768eb788a7b,helopeltis_00224,True,flip
train,Helopeltis,helopeltis_00225.jpg,4f7ea15b92b27db8e9a70a68a052f87d,helopeltis_00225,False,
train,Helopeltis,helopeltis_00227.jpg,cf334c40af0100db7376f84d0732c112,helopeltis_00227,False,
train,Helopeltis,helopeltis_00227_aug_blur.jpg,dd93ead2839eb64033bb3587c04eebdd,helopeltis_00227,True,blur
train,Helopeltis,helopeltis_00228.jpg,67b6fb474a4deb564d75a3e647d2e96d,helopeltis_00228,False,
train,Helopeltis,helopeltis_00228_aug_contrast.jpg,cfc3dda03f9a776b4a10a53cb99ef0c1,helopeltis_00228,True,contrast
train,Helopeltis,helopeltis_00228_aug_rotation.jpg,9546c09aafa4b6b992747ea798b0a8d7,helopeltis_00228,True,rotation
train,Helopeltis,helopeltis_00229.jpg,9d86a356b5fd61e7022215bd53dfbb95,helopeltis_00229,False,
train,Helopeltis,helopeltis_00233.jpg,325f2524baf093a17718f4431d8f4889,helopeltis_00233,False,
train,Helopeltis,helopeltis_00234.jpg,7ee570f3ce7c752f9bd5a4ffcc72f635,helopeltis_00234,False,
train,Helopeltis,helopeltis_00234_aug_blur.jpg,5e2b40d248a42c61d6adcb97752e8d28,helopeltis_00234,True,blur
train,Helopeltis,helopeltis_00234_aug_contrast.jpg,ddf73e2cce54949b6f25c7ed1e20812e,helopeltis_00234,True,contrast
train,Helopeltis,helopeltis_00234_aug_flip_horizontal.jpg,46e2819e39473551b0b3049b3d63b616,helopeltis_00234,True,flip
train,Helopeltis,helopeltis_00236.jpg,d3443f43ec11e0db5dc12dcac54760ac,helopeltis_00236,False,
train,Helopeltis,helopeltis_00236_aug_contrast.jpg,1dfb34c9baa70144deb5da5c4140ffca,helopeltis_00236,True,contrast
train,Helopeltis,helopeltis_00236_aug_flip_horizontal.jpg,c817e58dbaef6b4dc6549c0bf871b1f4,helopeltis_00236,True,flip
train,Helopeltis,helopeltis_00236_aug_zoom.jpg,99c436b4736eacdddbb0ac19aee101d6,helopeltis_00236,True,zoom
train,Helopeltis,helopeltis_00239.jpg,8c6213d55dc3e0ced318b14910a8e9e9,helopeltis_00239,False,
train,Helopeltis,helopeltis_00239_aug_blur.jpg,a146eb0e369a9845124aeca71de153b2,helopeltis_00239,True,blur
train,Helopeltis,helopeltis_00239_aug_flip_vertical.jpg,3ac154279336b1d2ca9895907261e6a0,helopeltis_00239,True,flip
train,Helopeltis,helopeltis_00241.jpg,4c06effa1a008c34bb02ab3ea99e63ce,helopeltis_00241,False,
train,Helopeltis,helopeltis_00242.jpg,dde1335b34f6036f7e17cdeb4cc2e493,helopeltis_00242,False,
train,Helopeltis,helopeltis_00243.jpg,0d2eaa8aa3a9259c1e197fa55300fc91,helopeltis_00243,False,
train,Helopeltis,helopeltis_00243_aug_rotation.jpg,25bbded5afa618b82f89c115345e3e99,helopeltis_00243,True,rotation
train,Helopeltis,helopeltis_00243_aug_zoom.jpg,53d8d2d7aa50c16af9cbadb9264f5494,helopeltis_00243,True,zoom
train,Helopeltis,helopeltis_00244.jpg,a3424c7e0475f26a2fbdce8d4a57c7e8,helopeltis_00244,False,
train,Helopeltis,helopeltis_00244_aug_flip_vertical.jpg,237d76db03762e39f9a7f0e76a00797b,helopeltis_00244,True,flip
train,Helopeltis,helopeltis_00245.jpg,0b41a462d204df981f671c0449f044c5,helopeltis_00245,False,
train,Helopeltis,helopeltis_00245_aug_blur.jpg,68f2aa541063053720ecc1e75655c46e,helopeltis_00245,True,blur
train,Helopeltis,helopeltis_00246.jpg,279778da47a5c6a7786726f9a01b765d,helopeltis_00246,False,
train,Helopeltis,helopeltis_00246_aug_rotation.jpg,939f5f1520b7cd5c22362f91721e91c9,helopeltis_00246,True,rotation
train,Helopeltis,helopeltis_00247.jpg,03182d67884adc0da2d2829f675a2412,helopeltis_00247,False,
train,Helopeltis,helopeltis_00249.jpg,7b642cd5b45229c7d0b3624c53125ffd,helopeltis_00249,False,
train,Helopeltis,helopeltis_00249_aug_flip_horizontal.jpg,f14e3fd1fa0fb117058979a8ab96159e,helopeltis_00249,True,flip
train,Helopeltis,helopeltis_00251.jpg,bc18e9f7c7fce1e1553e941f26a9ce79,helopeltis_00251,False,
train,Helopeltis,helopeltis_00251_aug_blur.jpg,7d15e8577b7d90825fd847761aeeac21,helopeltis_00251,True,blur
train,Helopeltis,helopeltis_00252.jpg,13100bcd68f781e2cb92511a1df93d78,helopeltis_00252,False,
train,Helopeltis,helopeltis_00253.jpg,8eb343c4d13fd225037a0f64c67ae04f,helopeltis_00253,False,
train,Helopeltis,helopeltis_00253_aug_blur.jpg,9d4313d33c95e358349ab2365fdf32a7,helopeltis_00253,True,blur
train,Helopeltis,helopeltis_00253_aug_brightness.jpg,6a801b0bfafb3c1c6b41d82f7fd26cc3,helopeltis_00253,True,brightness
train,Helopeltis,helopeltis_00255.jpg,5697100ec4fb1853f2dbec0962dd01f6,helopeltis_00255,False,
train,Helopeltis,helopeltis_00255_aug_rotation.jpg,3ccd2784d96ad7d41b878f5a051ccc12,helopeltis_00255,True,rotation
train,Helopeltis,helopeltis_00256.jpg,b6ef0f3fc58c4f287245ad75640189a1,helopeltis_00256,False,
train,Helopeltis,helopeltis_00256_aug_rotation.jpg,41af98eed643fbc17421e24e6e738774,helopeltis_00256,True,rotation
train,Helopeltis,helopeltis_00257.jpg,f134b1340e24e428faca5d5fc207cc8b,helopeltis_00257,False,
train,Helopeltis,helopeltis_00258.jpg,f4f8fb5657f99bc2a7c6d9def718f47a,helopeltis_00258,False,
train,Helopeltis,helopeltis_00259.jpg,9fc138d3ce91615631ff7e7d35e99062,helopeltis_00259,False,
train,Helopeltis,helopeltis_00259_aug_brightness.jpg,c16ea0517d435b2663bfcefd0d0280ab,helopeltis_00259,True,brightness
train,Helopeltis,helopeltis_00259_aug_contrast.jpg,49e2025839697e95eb28572f32de114a,helopeltis_00259,True,contrast
train,Helopeltis,helopeltis_00260.jpg,9dfb0d536f24bbf0dd3c834df970cfee,helopeltis_00260,False,
train,Helopeltis,helopeltis_00261.jpg,b18acf25a523dfc2aa80983cb4be28f3,helopeltis_00261,False,
train,Helopeltis,helopeltis_00261_aug_blur.jpg,60cd289f60ea8ac1c1996d9fec3f80ab,helopeltis_00261,True,blur
train,Helopeltis,helopeltis_00261_aug_contrast.jpg,dc6a3a6210f2fe9c7a17658344dedeae,helopeltis_00261,True,contrast
train,Helopeltis,helopeltis_00262.jpg,b6975285e45c066eb44a6daa2caeccd7,helopeltis_00262,False,
train,Helopeltis,helopeltis_00262_aug_contrast.jpg,b6134d782f257f4984654595a2a77615,helopeltis_00262,True,contrast
train,Helopeltis,helopeltis_00262_aug_rotation.jpg,2ed860a42532c5b9ebcade216bbf99d5,helopeltis_00262,True,rotation
train,Helopeltis,helopeltis_00263.jpg,fd5e6e337018847c78c18c201aeda47d,helopeltis_00263,False,
train,Helopeltis,helopeltis_00263_aug_rotation.jpg,3987cd6590dd0853297d488ea37d663d,helopeltis_00263,True,rotation
train,Helopeltis,helopeltis_00264.jpg,31d64ff1e0e6bff52addd631707cb9c2,helopeltis_00264,False,
train,Helopeltis,helopeltis_00265.jpg,5ec83f90df25d9ef3943c20829b5328e,helopeltis_00265,False,
train,Helopeltis,helopeltis_00265_aug_rotation.jpg,ffc1233da21b9cf39e00cf5c73ab538b,helopeltis_00265,True,rotation
train,Helopeltis,helopeltis_00265_aug_zoom.jpg,54ecc55560fd32389ac2b8530d382e60,helopeltis_00265,True,zoom
train,Helopeltis,helopeltis_00266.jpg,98bb772543ba48b089f27ad695a3573d,helopeltis_00266,False,
train,Helopeltis,helopeltis_00266_aug_blur.jpg,1a866181033fd7bbf52fa12136a4ecaf,helopeltis_00266,True,blur
train,Helopeltis,helopeltis_00266_aug_flip_horizontal.jpg,70d67101cf52a997cdd1cb037f3c1892,helopeltis_00266,True,flip
train,Helopeltis,helopeltis_00266_aug_flip_vertical.jpg,e7e710a2957fdd055e825f76985cdcf8,helopeltis_00266,True,flip
train,Helopeltis,helopeltis_00268.jpg,3a396a58b0d96102028840420939e41b,helopeltis_00268,False,
train,Helopeltis,helopeltis_00269.jpg,47fb9840b2fadd49568ea69c5b25057d,helopeltis_00269,False,
train,Helopeltis,helopeltis_00272.jpg,5a724df5bc4c03abfd9b1e3508c96d13,helopeltis_00272,False,
train,Helopeltis,helopeltis_00272_aug_rotation.jpg,ddaea08ef3d91fddf88489e00f0c3443,helopeltis_00272,True,rotation
train,Helopeltis,helopeltis_00273.jpg,3007073bb0b01c07a8289745603aa67a,helopeltis_00273,False,
train,Helopeltis,helopeltis_00274.jpg,4c8a96dc278f2d945c523317a8d01127,helopeltis_00274,False,
train,Helopeltis,helopeltis_00274_aug_rotation.jpg,b5c6a0277925a1f38ccf35fa3f92dfed,helopeltis_00274,True,rotation
train,Helopeltis,helopeltis_00275.jpg,cbc2079b518dd677bdd9d4a42302d40b,helopeltis_00275,False,
train,Helopeltis,helopeltis_00275_aug_flip_vertical.jpg,8181e7fa9907cc56d9e781b3f4486fd2,helopeltis_00275,True,flip
train,Helopeltis,helopeltis_00277.jpg,ee8c1c2a8bcc2c50452e9c89b325005e,helopeltis_00277,False,
train,Helopeltis,helopeltis_00277_aug_flip_horizontal.jpg,757f62ecdc0679c22a421e4fb5077b69,helopeltis_00277,True,flip
train,Helopeltis,helopeltis_00278.jpg,c3c2f35fd67f78a77e1fe0641297b3b1,helopeltis_00278,False,
train,Helopeltis,helopeltis_00278_aug_blur.jpg,f83e94dbe2233bbf59b63e14b0e1c216,helopeltis_00278,True,blur
train,Helopeltis,helopeltis_00278_aug_contrast.jpg,8714700cbd6ea098c14f4fdc7e41ce10,helopeltis_00278,True,contrast
train,Helopeltis,helopeltis_00278_aug_zoom.jpg,7fb6cee3b713c21e66e28d97fa1db655,helopeltis_00278,True,zoom
train,Helopeltis,helopeltis_00279.jpg,a66dc06ee6eb9d7b67221fdc77530784,helopeltis_00279,False,
train,Helopeltis,helopeltis_00280.jpg,1da0ed7823ae66f530a61afeca527536,helopeltis_00280,False,
train,Helopeltis,helopeltis_00280_aug_brightness.jpg,c31598d72de371b63852c5811c7f705a,helopeltis_00280,True,brightness
train,Helopeltis,helopeltis_00281.jpg,6f731b5c68db14ec65d12e0aaf208b26,helopeltis_00281,False,
train,Helopeltis,helopeltis_00281_aug_flip_horizontal.jpg,6ff8ad1d122b1834fda928bc23b83006,helopeltis_00281,True,flip
train,Helopeltis,helopeltis_00282.jpg,e37cfe6d5ab4adb81d8f6d82538c0d11,helopeltis_00282,False,
train,Helopeltis,helopeltis_00282_aug_contrast.jpg,8036db5cd689a39eef5ad222ce88abb7,helopeltis_00282,True,contrast
train,Helopeltis,helopeltis_00282_aug_rotation.jpg,f1522d0d5b82f2d7569867b9de7a2972,helopeltis_00282,True,rotation
train,Helopeltis,helopeltis_00284.jpg,a07341fc258f4b6f86245b7ff0eedfaf,helopeltis_00284,False,
train,Helopeltis,helopeltis_00284_aug_blur.jpg,11a74725ef7a5f3fc8b43db8b390c286,helopeltis_00284,True,blur
train,Helopeltis,helopeltis_00285.jpg,e085eaca36f32ddeb44f06bebbfbf6ed,helopeltis_00285,False,
train,Helopeltis,helopeltis_00285_aug_brightness.jpg,f7fb5da359c20b6af5e4c8a1b9a7e7f0,helopeltis_00285,True,brightness
train,Helopeltis,helopeltis_00286.jpg,3a1aefcfe56d4b3e0d565fe398d9a30d,helopeltis_00286,False,
train,Helopeltis,helopeltis_00287.jpg,06a4bf2118cd5060b0fb976f7c97d99f,helopeltis_00287,False,
train,Helopeltis,helopeltis_00287_aug_contrast.jpg,52a8281d90eb45a1a025f99434d55c41,helopeltis_00287,True,contrast
train,Helopeltis,helopeltis_00287_aug_rotation.jpg,755473aad60cf34bab63ff364d9d279e,helopeltis_00287,True,rotation
train,Helopeltis,helopeltis_00289.jpg,b41762d78f30d01c5379eb9d58fafe76,helopeltis_00289,False,
train,Helopeltis,helopeltis_00289_aug_zoom.jpg,1de894e4e57cf210b9c999225b2aef64,helopeltis_00289,True,zoom
train,Helopeltis,helopeltis_00290.jpg,8b7ce7fa9804b7d38f91cdfee570442b,helopeltis_00290,False,
train,Helopeltis,helopeltis_00290_aug_brightness.jpg,393621703010ad5cac7b159afbcb8e4f,helopeltis_00290,True,brightness
train,Helopeltis,helopeltis_00291.jpg,d647ca4f0e5a286188deb1b94f575d9e,helopeltis_00291,False,
train,Helopeltis,helopeltis_00291_aug_flip_vertical.jpg,e716e3087b904688f6cac36bf018d74c,helopeltis_00291,True,flip
train,Helopeltis,helopeltis_00291_aug_rotation.jpg,6e4b1ffce2fec7293aaefac21de40b0f,helopeltis_00291,True,rotation
train,Helopeltis,helopeltis_00292.jpg,6e77969faaa797c4993ce01404650ab6,helopeltis_00292,False,
train,Helopeltis,helopeltis_00292_aug_blur.jpg,a56162fc6c45a9be2d35b92dc3e02274,helopeltis_00292,True,blur
train,Helopeltis,helopeltis_00292_aug_brightness.jpg,c08059d12ac779c23168fdf136a747a6,helopeltis_00292,True,brightness
train,Helopeltis,helopeltis_00295.jpg,f1b7df8d95f36c5f3f685fd730e7a377,helopeltis_00295,False,
train,Helopeltis,helopeltis_00296.jpg,a47fe74a015b38d367371c065fa70a90,helopeltis_00296,False,
train,Helopeltis,helopeltis_00296_aug_contrast.jpg,96be48a47b67f9590b0afc7c3779fbd3,helopeltis_00296,True,contrast
train,Helopeltis,helopeltis_00296_aug_flip_horizontal.jpg,d14894a1a5703268a0f3d8aa086b3dcd,helopeltis_00296,True,flip
train,Helopeltis,helopeltis_00298.jpg,87b41a89e795f19dad69cb2adb6b4f37,helopeltis_00298,False,
train,Helopeltis,helopeltis_00301.jpg,6828a7f450deb2b7877a363cc6d106d8,helopeltis_00301,False,
train,Helopeltis,helopeltis_00301_aug_zoom.jpg,dc0dbf886282ab25e63b14b7d47a3200,helopeltis_00301,True,zoom
train,Helopeltis,helopeltis_00302.jpg,819ded81f363bdda263d1d21cc70bade,helopeltis_00302,False,
train,Helopeltis,helopeltis_00303.jpg,39973a7871e196ef8d25b306e338cd6e,helopeltis_00303,False,
train,Helopeltis,helopeltis_00303_aug_contrast.jpg,e24f3eb67a47e18ea20871988c8393d5,helopeltis_00303,True,contrast
train,Helopeltis,helopeltis_00304.jpg,bfc6bc42a9f444c7bca15bebd98b28ea,helopeltis_00304,False,
train,Helopeltis,helopeltis_00304_aug_brightness.jpg,046dc49861c8b77a295a3d575990f328,helopeltis_00304,True,brightness
train,Helopeltis,helopeltis_00304_aug_zoom.jpg,7c3204faa5d31069115fc4a62ef13705,helopeltis_00304,True,zoom
train,Helopeltis,helopeltis_00305.jpg,9cbea84265bc6528de028fdffbb5618a,helopeltis_00305,False,
train,Helopeltis,helopeltis_00305_aug_flip_vertical.jpg,4e110699f1029dad871ef08923c0b29a,helopeltis_00305,True,flip
train,Helopeltis,helopeltis_00306.jpg,5a0b6c633183974c288ce01d13ecda74,helopeltis_00306,False,
train,Helopeltis,helopeltis_00306_aug_brightness.jpg,86447ffa0515f48c0a252269536a1b9d,helopeltis_00306,True,brightness
train,Helopeltis,helopeltis_00306_aug_flip_vertical.jpg,12d1ba265ba663673c36e09c39994ae1,helopeltis_00306,True,flip
train,Helopeltis,helopeltis_00307.jpg,8ed95c0210713b0781cb882715671c42,helopeltis_00307,False,
train,Helopeltis,helopeltis_00308.jpg,a2121bf5f402776ade58a545660af17d,helopeltis_00308,False,
train,Helopeltis,helopeltis_00308_aug_rotation.jpg,a35121cf5bd6c24f956d3f8755e61beb,helopeltis_00308,True,rotation
train,Helopeltis,helopeltis_00309.jpg,9298174652942b3a82c1da8c3629e2ac,helopeltis_00309,False,
train,Helopeltis,helopeltis_00309_aug_brightness.jpg,e8c7a565e6d0f8d47016a6f87f0c8922,helopeltis_00309,True,brightness
train,Helopeltis,helopeltis_00311.jpg,fc36a5ee9e8c0f164ce54183b691add4,helopeltis_00311,False,
train,Helopeltis,helopeltis_00311_aug_flip_vertical.jpg,c87e11bb82c1e1f5c0a432cdb29e1205,helopeltis_00311,True,flip
train,Helopeltis,helopeltis_00313.jpg,d844793bb3205aaac626e11d93cce309,helopeltis_00313,False,
train,Helopeltis,helopeltis_00315.jpg,00b6b8a366e3bc1aabb6beafac35193b,helopeltis_00315,False,
train,Helopeltis,helopeltis_00315_aug_blur.jpg,9ddc35a14c9b8e85672fefd0b6d100d0,helopeltis_00315,True,blur
train,Helopeltis,helopeltis_00316.jpg,6f1aba2f5d5170a9ffbd22a993afe4ea,helopeltis_00316,False,
train,Helopeltis,helopeltis_00316_aug_blur.jpg,1cc2a71361347360a0325a024e2b51b3,helopeltis_00316,True,blur
train,Helopeltis,helopeltis_00317.jpg,cc25afd4038d854deefca979c0ab7d06,helopeltis_00317,False,
train,Helopeltis,helopeltis_00317_aug_flip_horizontal.jpg,398897ebcd46e42e268784f1a059a0c8,helopeltis_00317,True,flip
train,Helopeltis,helopeltis_00318.jpg,9adabc62afeb5ded1f1e2095ddf18bbc,helopeltis_00318,False,
train,Helopeltis,helopeltis_00318_aug_blur.jpg,17dccafca3843fe0fa3543043e16194c,helopeltis_00318,True,blur
train,Helopeltis,helopeltis_00320.jpg,1302cb5f4b7f1a34f91c404f7c1aad0b,helopeltis_00320,False,
train,Helopeltis,helopeltis_00320_aug_rotation.jpg,6be6e17360dc9395b3c1886b0474fa29,helopeltis_00320,True,rotation
train,Helopeltis,helopeltis_00321.jpg,8781701a9ea0c985ae23e13231de0c3d,helopeltis_00321,False,
train,Helopeltis,helopeltis_00321_aug_brightness.jpg,1a090a233c92bdf93765641a70dbb827,helopeltis_00321,True,brightness
train,Helopeltis,helopeltis_00322.jpg,97f1a243cd73d4a05cb7390a47e5c093,helopeltis_00322,False,
train,Helopeltis,helopeltis_00324.jpg,6533c43e5647161487440eae7ad8c033,helopeltis_00324,False,
train,Helopeltis,helopeltis_00324_aug_blur.jpg,fcd8f73a7f876f235ea728b6f70fdf38,helopeltis_00324,True,blur
train,Helopeltis,helopeltis_00327.jpg,6f4324138b91de41354d3d9f5a9d7871,helopeltis_00327,False,
train,Helopeltis,helopeltis_00327_aug_contrast.jpg,6a1ab186fccb52a95786703599441ca2,helopeltis_00327,True,contrast
train,Helopeltis,helopeltis_00328.jpg,43e6a223a11e6f3c4dde764bafe00bf9,helopeltis_00328,False,
train,Helopeltis,helopeltis_00328_aug_brightness.jpg,8cd9fa3a401d4b6c7e6805904580f83e,helopeltis_00328,True,brightness
train,Helopeltis,helopeltis_00330.jpg,4248e03d50f6074bfe3099bb4763256d,helopeltis_00330,False,
train,Helopeltis,helopeltis_00330_aug_flip_horizontal.jpg,aecc534768793329c009649d1551d87e,helopeltis_00330,True,flip
train,Helopeltis,helopeltis_00331.jpg,796729ff46f67fe9791d5ec077eae9be,helopeltis_00331,False,
train,Helopeltis,helopeltis_00332.jpg,1e10676d3a6087fde73000583d2465e7,helopeltis_00332,False,
train,Helopeltis,helopeltis_00332_aug_contrast.jpg,b5e85f6a6eaa9ef0cb5f24bb5f087b81,helopeltis_00332,True,contrast
train,Helopeltis,helopeltis_00332_aug_flip_vertical.jpg,47399d8d1c8d1021ac0260ef7f8c3e2b,helopeltis_00332,True,flip
train,Helopeltis,helopeltis_00333.jpg,12c6ea78ae3fe2ad1c162cc4fcd7b3cb,helopeltis_00333,False,
train,Helopeltis,helopeltis_00333_aug_rotation.jpg,cb306437440ef9c6004b223fbe676f1e,helopeltis_00333,True,rotation
train,Helopeltis,helopeltis_00334.jpg,e213db1e3bc5356ec3b02abd8c8a766b,helopeltis_00334,False,
train,Helopeltis,helopeltis_00334_aug_brightness.jpg,473b44f6bd7a19afb5ac4a2ad8c5efeb,helopeltis_00334,True,brightness
train,Helopeltis,helopeltis_00335.jpg,d3b91fbb280955fbfd7191dc59500599,helopeltis_00335,False,
train,Helopeltis,helopeltis_00335_aug_flip_vertical.jpg,2b7f646f80352f4f5cb1293f3f8ab1c8,helopeltis_00335,True,flip
train,Helopeltis,helopeltis_00336.jpg,99284d11ab7c1a0cfe9c560712f45ed5,helopeltis_00336,False,
train,Helopeltis,helopeltis_00336_aug_flip_horizontal.jpg,1ee2724ab96e9355b768891a0017127b,helopeltis_00336,True,flip
train,Helopeltis,helopeltis_00342.jpg,e4006f1fd83e95b5db94c3d5270a139a,helopeltis_00342,False,
train,Helopeltis,helopeltis_00342_aug_zoom.jpg,ecf8f0ccec5e7f31d5aa146c31663ab1,helopeltis_00342,True,zoom
train,Helopeltis,helopeltis_00344.jpg,0d74ab6191f845e0cd8698bb270cc441,helopeltis_00344,False,
train,Helopeltis,helopeltis_00345.jpg,f0c3eec0c92f6ac3107dbc1d1645180e,helopeltis_00345,False,
train,Helopeltis,helopeltis_00345_aug_contrast.jpg,013b67c7fb2d01bf9fd336869f0c3cbe,helopeltis_00345,True,contrast
train,Helopeltis,helopeltis_00345_aug_zoom.jpg,3121971d783d0ad142914c93b6dc1662,helopeltis_00345,True,zoom
train,Helopeltis,helopeltis_00346.jpg,0d16c8187d38c38cae226fe2dd7d9d2f,helopeltis_00346,False,
train,Helopeltis,helopeltis_00346_aug_rotation.jpg,3f42d3e1dc01f4ac0720bf25deccbb04,helopeltis_00346,True,rotation
train,Helopeltis,helopeltis_00347.jpg,1a9ceebfa3882f45fd3397a04d62dcbf,helopeltis_00347,False,
train,Helopeltis,helopeltis_00349.jpg,259ba99cf0927d1a818d7a192ea20471,helopeltis_00349,False,
train,Helopeltis,helopeltis_00349_aug_brightness.jpg,8f5683324c804a770e785db60fa3cb45,helopeltis_00349,True,brightness
train,Helopeltis,helopeltis_00349_aug_flip_vertical.jpg,a852dac38a649229e90390f342b5bd2f,helopeltis_00349,True,flip
train,Helopeltis,helopeltis_00351.jpg,edd4f164f08835e4af83ad3433669a5e,helopeltis_00351,False,
train,Helopeltis,helopeltis_00352.jpg,174e20f69e23f85d285456fd67fb5024,helopeltis_00352,False,
train,Helopeltis,helopeltis_00352_aug_zoom.jpg,f92a942c874bbb0fe3912650cdbe61a1,helopeltis_00352,True,zoom
train,Helopeltis,helopeltis_00355.jpg,8ac0f1e8f384bf27eef854f7c29ac802,helopeltis_00355,False,
train,Helopeltis,helopeltis_00357.jpg,08de88ca07b69e9769a93b41542cebd5,helopeltis_00357,False,
train,Helopeltis,helopeltis_00359.jpg,258d814a86c5636faa955c324a94cd7e,helopeltis_00359,False,
train,Helopeltis,helopeltis_00359_aug_contrast.jpg,494d85c6d1535e71b3939d3118ffdb8e,helopeltis_00359,True,contrast
train,Helopeltis,helopeltis_00359_aug_flip_horizontal.jpg,9f75f8b24750c62aa7c5b7dee6d1b93f,helopeltis_00359,True,flip
train,Helopeltis,helopeltis_00359_aug_rotation.jpg,296195bf5719e54929c66f615c388db3,helopeltis_00359,True,rotation
train,Helopeltis,helopeltis_00364.jpg,3c82116fe0e3734497a956df7fc6d4b5,helopeltis_00364,False,
train,Helopeltis,helopeltis_00364_aug_blur.jpg,2d00ea8e24b781d88ffda288bc130e1d,helopeltis_00364,True,blur
train,Helopeltis,helopeltis_00364_aug_rotation.jpg,3567f4bff66f26411f03c83a281f9181,helopeltis_00364,True,rotation
train,Helopeltis,helopeltis_00364_aug_zoom.jpg,0e39f60da891e74d8157d415e9dcc64f,helopeltis_00364,True,zoom
train,Helopeltis,helopeltis_00365.jpg,c2201df9e4b97808b63c2829345b3adb,helopeltis_00365,False,
train,Helopeltis,helopeltis_00366.jpg,87761d7641c7c5c41a1e7482f27e5764,helopeltis_00366,False,
train,Helopeltis,helopeltis_00367.jpg,d6f1663e16cb2f83b38f4091f7cc0ae4,helopeltis_00367,False,
train,Helopeltis,helopeltis_00368.jpg,f4dfec0e0adc5194266d012923c0d54e,helopeltis_00368,False,
train,Helopeltis,helopeltis_00368_aug_zoom.jpg,a6b1d3802bbd42b09f928f5e492b6754,helopeltis_00368,True,zoom
train,Helopeltis,helopeltis_00369.jpg,1e0e6a325055444354abd663c7156a15,helopeltis_00369,False,
train,Helopeltis,helopeltis_00369_aug_zoom.jpg,ac8f5254e8bc697084aaac66ea2ecc12,helopeltis_00369,True,zoom
train,Helopeltis,helopeltis_00371.jpg,d0bca1d50ce66cd5f27d608afa27556c,helopeltis_00371,False,
train,Helopeltis,helopeltis_00371_aug_blur.jpg,66f43bac9dbeac072766958c723b5124,helopeltis_00371,True,blur
train,Helopeltis,helopeltis_00371_aug_flip_horizontal.jpg,80207ae1b62103787cc7601f63604000,helopeltis_00371,True,flip
train,Helopeltis,helopeltis_00372.jpg,7ad24edd3c0a67975a889a41e0e03d4e,helopeltis_00372,False,
train,Helopeltis,helopeltis_00372_aug_contrast.jpg,643cf212a55945de6b69dc9e1ca73206,helopeltis_00372,True,contrast
train,Helopeltis,helopeltis_00372_aug_rotation.jpg,0ed55f1c6f1fba73e3f714de32ebff10,helopeltis_00372,True,rotation
train,Helopeltis,helopeltis_00374.jpg,563c1dd0898df8939f5e5b90dcff8ea2,helopeltis_00374,False,
train,Helopeltis,helopeltis_00374_aug_flip_vertical.jpg,9433f141f4cba2af8601a86a580093fb,helopeltis_00374,True,flip
train,Helopeltis,helopeltis_00375.jpg,c9b1da50ad3166f5ae0f0524e76d84dc,helopeltis_00375,False,
train,Helopeltis,helopeltis_00376.jpg,811e2e169fa2b22ab2c48a5638f1661f,helopeltis_00376,False,
train,Helopeltis,helopeltis_00376_aug_brightness.jpg,454f9e45282967a77cb431ec65cac61a,helopeltis_00376,True,brightness
train,Helopeltis,helopeltis_00378.jpg,a124c3485bfa09f9fb4a3b00e2479554,helopeltis_00378,False,
train,Helopeltis,helopeltis_00378_aug_contrast.jpg,697493843a771a81f262c17506b5c30e,helopeltis_00378,True,contrast
train,Helopeltis,helopeltis_00378_aug_flip_horizontal.jpg,40e1a776fc291897dda5006b788f4d8c,helopeltis_00378,True,flip
train,Helopeltis,helopeltis_00379.jpg,8d5e85e72e9ba628478e755a1cae166d,helopeltis_00379,False,
train,Helopeltis,helopeltis_00380.jpg,6ae761656615c4abb5e59778749fe8b3,helopeltis_00380,False,
train,Helopeltis,helopeltis_00380_aug_blur.jpg,681d9fd0186c3789377b14660df7d59f,helopeltis_00380,True,blur
train,Helopeltis,helopeltis_00381.jpg,969e64e7cad80ebac8779d1b4189860b,helopeltis_00381,False,
train,Helopeltis,helopeltis_00381_aug_blur.jpg,e70527b2a8d9d0c7deb316b45236c3ac,helopeltis_00381,True,blur
train,Helopeltis,helopeltis_00381_aug_flip_horizontal.jpg,3d6e8faa071a482d0146436dae6f2fc6,helopeltis_00381,True,flip
train,Helopeltis,helopeltis_00382.jpg,28427e96c09e2d7fd2ca44893910301c,helopeltis_00382,False,
train,Helopeltis,helopeltis_00383.jpg,f1411ef9565ec8be718489d35cb22905,helopeltis_00383,False,
train,Helopeltis,helopeltis_00384.jpg,a138077c28f5afacbf402541a299f123,helopeltis_00384,False,
train,Helopeltis,helopeltis_00389.jpg,fb0750b6c5b670a5ca375d8463efc31f,helopeltis_00389,False,
train,Helopeltis,helopeltis_00389_aug_flip_horizontal.jpg,d31a9977667d2fa51d50675ba921f272,helopeltis_00389,True,flip
train,Helopeltis,helopeltis_00391.jpg,a722b475b55256c699eedb29fe15d871,helopeltis_00391,False,
train,Helopeltis,helopeltis_00391_aug_flip_horizontal.jpg,6e2115ef26b8d099face573c4cd27c8b,helopeltis_00391,True,flip
train,Helopeltis,helopeltis_00392.jpg,958f2949a51af897702b231e1305f4cb,helopeltis_00392,False,
train,Helopeltis,helopeltis_00392_aug_rotation.jpg,b3ee66ac15936aa0227d1e16dd5233ca,helopeltis_00392,True,rotation
train,Helopeltis,helopeltis_00393.jpg,0f8b623dd8a5c1a433d9c7b5dab7be92,helopeltis_00393,False,
train,Helopeltis,helopeltis_00393_aug_brightness.jpg,afbb47a71adbb2997eadc89b86bcf48f,helopeltis_00393,True,brightness
train,Helopeltis,helopeltis_00393_aug_flip_horizontal.jpg,e6160bf286daa22d3403f0d2bf70cbc5,helopeltis_00393,True,flip
train,Helopeltis,helopeltis_00393_aug_rotation.jpg,7affe75a2d3668a9001f9caa1978e0cb,helopeltis_00393,True,rotation
train,Helopeltis,helopeltis_00393_aug_zoom.jpg,abc1af8f472d8fcec71916e8b4b6c00d,helopeltis_00393,True,zoom
train,Helopeltis,helopeltis_00394.jpg,8038c7565a8b7a3bbdfb7b837e47e05d,helopeltis_00394,False,
train,Helopeltis,helopeltis_00394_aug_blur.jpg,15dce14348f4df9069deedb90bd311ae,helopeltis_00394,True,blur
train,Helopeltis,helopeltis_00394_aug_flip_horizontal.jpg,581cb9b180f83d2f4bee319f69678112,helopeltis_00394,True,flip
train,Helopeltis,helopeltis_00394_aug_rotation.jpg,8d8219f20ee0cec45990bacff56eaf26,helopeltis_00394,True,rotation
train,Helopeltis,helopeltis_00395.jpg,8ed97b17a2153e3c169b862e3c2b84cf,helopeltis_00395,False,
train,Helopeltis,helopeltis_00395_aug_blur.jpg,062353b72b0c880778a4ea7420303b1b,helopeltis_00395,True,blur
train,Helopeltis,helopeltis_00395_aug_brightness.jpg,91a84af3ee1ec7038b22f8c7cce40521,helopeltis_00395,True,brightness
train,Helopeltis,helopeltis_00395_aug_contrast.jpg,a88093a064aa33e362f7e1d1a1b99d83,helopeltis_00395,True,contrast
train,Helopeltis,helopeltis_00395_aug_flip_vertical.jpg,c258145cd145a62781a7b22da9ce2596,helopeltis_00395,True,flip
train,Helopeltis,helopeltis_00396.jpg,c6c6dbd7df84010d17f49159308a9b28,helopeltis_00396,False,
train,Helopeltis,helopeltis_00397.jpg,8caedfd3358b63f107de9611056af894,helopeltis_00397,False,
train,Helopeltis,helopeltis_00397_aug_blur.jpg,f9115ad134427606d2ab079806421d75,helopeltis_00397,True,blur
train,Helopeltis,helopeltis_00398.jpg,c0deeeafda6c24b908730c774539cf6e,helopeltis_00398,False,
train,Helopeltis,helopeltis_00398_aug_blur.jpg,72e0d0ec3c1b8e8b8b461f61fc82feb2,helopeltis_00398,True,blur
train,Helopeltis,helopeltis_00398_aug_flip_horizontal.jpg,81484d2b6b4aa53c78d02e4383cf5e74,helopeltis_00398,True,flip
train,Helopeltis,helopeltis_00399.jpg,d7a14bf924c4cf73f27521aa482ebe0e,helopeltis_00399,False,
train,Helopeltis,helopeltis_00401.jpg,b924d81519715f73e03970861e199077,helopeltis_00401,False,
train,Helopeltis,helopeltis_00401_aug_zoom.jpg,0db6404cc78ba4045a4a5bfd74ba69a8,helopeltis_00401,True,zoom
train,Helopeltis,helopeltis_00402.jpg,7744989d7f0fa6d7847bc54ac095d332,helopeltis_00402,False,
train,Helopeltis,helopeltis_00402_aug_flip_vertical.jpg,2ca3562e1590fa9fb76e920002238cae,helopeltis_00402,True,flip
train,Helopeltis,helopeltis_00402_aug_rotation.jpg,8f92a978fb6f26a80dcd5444297f5c67,helopeltis_00402,True,rotation
train,Helopeltis,helopeltis_00402_aug_zoom.jpg,715d63d5169699cef428499fa4d3b9ff,helopeltis_00402,True,zoom
train,Helopeltis,helopeltis_00403.jpg,5b8cc7e480ec5a59047d1aee70a565b4,helopeltis_00403,False,
train,Helopeltis,helopeltis_00403_aug_zoom.jpg,c1e4911cd572f13c5ea8592a907bb55e,helopeltis_00403,True,zoom
train,Helopeltis,helopeltis_00404.jpg,3978035e4860d2d47ca66b8613ec398d,helopeltis_00404,False,
train,Helopeltis,helopeltis_00404_aug_zoom.jpg,d1a090eab334c103cf2fd3bdf5fd17da,helopeltis_00404,True,zoom
train,Helopeltis,helopeltis_00406.jpg,84e9ff9cdddc6753d390ec2eb93fc693,helopeltis_00406,False,
train,Helopeltis,helopeltis_00406_aug_rotation.jpg,97cc526e0bb1ea0ad0150b3a2a187509,helopeltis_00406,True,rotation
train,Helopeltis,helopeltis_00407.jpg,a76353f47abeb247a87e023fdfcdbd7e,helopeltis_00407,False,
train,Helopeltis,helopeltis_00409.jpg,d7f5e52c37bd7ed202e2aec72186ca74,helopeltis_00409,False,
train,Helopeltis,helopeltis_00409_aug_contrast.jpg,f9a36eab1736a4ea5f350a0df370c9d3,helopeltis_00409,True,contrast
train,Helopeltis,helopeltis_00410.jpg,8a65a381343db1099b0a7699d7adaf8f,helopeltis_00410,False,
train,Helopeltis,helopeltis_00411.jpg,33c7063e301bfa04e9a2ef723e5e398d,helopeltis_00411,False,
train,Helopeltis,helopeltis_00411_aug_flip_horizontal.jpg,8f02e69f4be1ef068a82b802de7d7be9,helopeltis_00411,True,flip
train,Helopeltis,helopeltis_00412.jpg,d1bec347e3cb6aaf53df36ef57599b43,helopeltis_00412,False,
train,Helopeltis,helopeltis_00412_aug_flip_vertical.jpg,2e5a6fb731fc822dff57b19c52b04850,helopeltis_00412,True,flip
train,Helopeltis,helopeltis_00413.jpg,2d6c5575b99c54bfeb6052424c95dbba,helopeltis_00413,False,
train,Helopeltis,helopeltis_00413_aug_brightness.jpg,d74cd8b8b1a58ea2fb6d760ff11b1ca6,helopeltis_00413,True,brightness
train,Helopeltis,helopeltis_00414.jpg,7b5f19e2b13995786540eb83581f3d91,helopeltis_00414,False,
train,Helopeltis,helopeltis_00414_aug_flip_horizontal.jpg,812a95549a2cbcc5ef3074688719fdb6,helopeltis_00414,True,flip
train,Helopeltis,helopeltis_00414_aug_flip_vertical.jpg,4a628874fe0a4b2fb6693ae23bc28f79,helopeltis_00414,True,flip
train,Helopeltis,helopeltis_00416.jpg,1e3a59eb175fffc1a680afd6c84e90ba,helopeltis_00416,False,
train,Helopeltis,helopeltis_00416_aug_contrast.jpg,5e0b6fd9b0ff93fa1192240ae2d2686c,helopeltis_00416,True,contrast
train,Helopeltis,helopeltis_00416_aug_rotation.jpg,2e7a5d27ea1d2cb025a6449bead59b08,helopeltis_00416,True,rotation
train,Helopeltis,helopeltis_00417.jpg,7e5057a7d87c5472f0a0c62f04316ddb,helopeltis_00417,False,
train,Helopeltis,helopeltis_00418.jpg,372feb72d76e29bf00f86c69725f9275,helopeltis_00418,False,
train,Helopeltis,helopeltis_00418_aug_blur.jpg,6fc8939a7d02d515a7725e5f5dbd5927,helopeltis_00418,True,blur
train,Helopeltis,helopeltis_00419.jpg,1842522615ab2cf32fa3f41da330ec62,helopeltis_00419,False,
train,Helopeltis,helopeltis_00419_aug_flip_vertical.jpg,50ad617154686178e6d2fe5d38cec6e4,helopeltis_00419,True,flip
train,Helopeltis,helopeltis_00420.jpg,24f636227903af1364f2801784c82a14,helopeltis_00420,False,
train,Helopeltis,helopeltis_00422.jpg,4134a3d48505535522f44c7972ff30bd,helopeltis_00422,False,
train,Helopeltis,helopeltis_00422_aug_brightness.jpg,e26a9de2850e3ad295878a5a430f26bf,helopeltis_00422,True,brightness
train,Helopeltis,helopeltis_00425.jpg,7f06f9b4c7051f381e29c712b54bfa2b,helopeltis_00425,False,
train,Helopeltis,helopeltis_00426.jpg,37de2012e6ecd64147bee1fc80103d7f,helopeltis_00426,False,
train,Helopeltis,helopeltis_00427.jpg,511521694fbdf48425f02a31fd0fb592,helopeltis_00427,False,
train,Helopeltis,helopeltis_00427_aug_flip_vertical.jpg,b18277bbc2aaa6bf801973ab764e47ed,helopeltis_00427,True,flip
train,Helopeltis,helopeltis_00428.jpg,6abd374966bf39d5e2e028b287aa56b5,helopeltis_00428,False,
train,Helopeltis,helopeltis_00428_aug_brightness.jpg,58838bac2a23fd2a82ab447343fd37dc,helopeltis_00428,True,brightness
train,Helopeltis,helopeltis_00428_aug_flip_horizontal.jpg,6035bfe8224d0dc9d02f37d7c9f90da3,helopeltis_00428,True,flip
train,Helopeltis,helopeltis_00428_aug_zoom.jpg,812efcdb30e9d26e321df4be094b4688,helopeltis_00428,True,zoom
train,Helopeltis,helopeltis_00429.jpg,db619801107e10e346d47f32b26700e4,helopeltis_00429,False,
train,Helopeltis,helopeltis_00429_aug_contrast.jpg,59a52f61e3f66cbef7b8f4861857f0a5,helopeltis_00429,True,contrast
train,Helopeltis,helopeltis_00430.jpg,d98393d7f98382909b48aa2cd0913fb7,helopeltis_00430,False,
train,Helopeltis,helopeltis_00430_aug_blur.jpg,4c7c5ad10c0d014539b159ea91763266,helopeltis_00430,True,blur
train,Helopeltis,helopeltis_00430_aug_brightness.jpg,bedbfd58367b03cf09cd1f9c960ec18c,helopeltis_00430,True,brightness
train,Helopeltis,helopeltis_00430_aug_flip_horizontal.jpg,ca43e9ba8ec3ad0880c6ed09dc0b374f,helopeltis_00430,True,flip
train,Helopeltis,helopeltis_00431.jpg,cfcdcb21a4e1ec3df0a866f78b98d765,helopeltis_00431,False,
train,Helopeltis,helopeltis_00431_aug_contrast.jpg,8baf8355d2d0c48ca67dff5357954627,helopeltis_00431,True,contrast
train,Helopeltis,helopeltis_00432.jpg,9558b7aa0aa8e86c898720d140aa1407,helopeltis_00432,False,
train,Helopeltis,helopeltis_00432_aug_zoom.jpg,8a5da4978af9dbb76e594ba4f0c58372,helopeltis_00432,True,zoom
train,Helopeltis,helopeltis_00433.jpg,8a803e2f8354518a2463bff41d808065,helopeltis_00433,False,
train,Helopeltis,helopeltis_00433_aug_blur.jpg,17aa9ba0838f64f5e47fbaf339a34b78,helopeltis_00433,True,blur
train,Helopeltis,helopeltis_00433_aug_flip_horizontal.jpg,03f51181ebf784d3dc94bb78b2813007,helopeltis_00433,True,flip
train,Helopeltis,helopeltis_00433_aug_rotation.jpg,cd33c82cc03df7ee055afd5bc90222a6,helopeltis_00433,True,rotation
train,Helopeltis,helopeltis_00435.jpg,4d44edf69063432e89b3b8cfcc5853d2,helopeltis_00435,False,
train,Helopeltis,helopeltis_00435_aug_contrast.jpg,45898ffb0a80a5d63d3573820fa5ff5a,helopeltis_00435,True,contrast
train,Helopeltis,helopeltis_00436.jpg,91ea1007c038dfea5c42f4712c2e73fa,helopeltis_00436,False,
train,Helopeltis,helopeltis_00437.jpg,9292088c125922019eb2bb0ccf541991,helopeltis_00437,False,
train,Helopeltis,helopeltis_00437_aug_brightness.jpg,2847760cc147020b94fafc209d88cfd9,helopeltis_00437,True,brightness
train,Helopeltis,helopeltis_00437_aug_contrast.jpg,a873c8a7733bcc789fe70bb3774df23a,helopeltis_00437,True,contrast
train,Helopeltis,helopeltis_00438.jpg,6a9609e47dc76699f11dabd780f17733,helopeltis_00438,False,
train,Helopeltis,helopeltis_00438_aug_rotation.jpg,591b9e724317adc8df1329e44d8cd653,helopeltis_00438,True,rotation
train,Helopeltis,helopeltis_00439.jpg,c99c351b2cab6feee3c42d4a364b77d9,helopeltis_00439,False,
train,Helopeltis,helopeltis_00442.jpg,2350118efc37b880d38db72424ff7757,helopeltis_00442,False,
train,Helopeltis,helopeltis_00443.jpg,baecafe9932c0dbee71d17276245ec6e,helopeltis_00443,False,
train,Helopeltis,helopeltis_00443_aug_contrast.jpg,9908e7d3d816b90f7b15c5db35d94ea9,helopeltis_00443,True,contrast
train,Helopeltis,helopeltis_00446.jpg,0bd1ea20bf1dac81b617a5a445c5456b,helopeltis_00446,False,
train,Helopeltis,helopeltis_00447.jpg,4d281ce01bee367bdf44e525e0dc4385,helopeltis_00447,False,
train,Helopeltis,helopeltis_00447_aug_flip_horizontal.jpg,9370bb49aa4d904cf619e40b222811e0,helopeltis_00447,True,flip
train,Helopeltis,helopeltis_00447_aug_flip_vertical.jpg,6ed145231ea9121ae6c8e7b883c97038,helopeltis_00447,True,flip
train,Helopeltis,helopeltis_00448.jpg,2b83964f158107314548ed1cc8d705f1,helopeltis_00448,False,
train,Helopeltis,helopeltis_00448_aug_rotation.jpg,18b00c84bc6d994ad99eaa72f1dd5a95,helopeltis_00448,True,rotation
train,Helopeltis,helopeltis_00450.jpg,18d0fb79ad3f5a55c94d030c47691e7a,helopeltis_00450,False,
train,Helopeltis,helopeltis_00450_aug_brightness.jpg,5c5cdb765a4f088b3258b30e656aeefe,helopeltis_00450,True,brightness
train,Helopeltis,helopeltis_00451.jpg,12aa48a611dbe447f8e794b9f867dde6,helopeltis_00451,False,
train,Helopeltis,helopeltis_00451_aug_rotation.jpg,4561d15edf7b5ec93914aec92fcf3c2b,helopeltis_00451,True,rotation
train,Helopeltis,helopeltis_00452.jpg,25ab56cbca115a0d7445cd1905495154,helopeltis_00452,False,
train,Helopeltis,helopeltis_00453.jpg,4458fbf8bd9859e8972575350e167075,helopeltis_00453,False,
train,Helopeltis,helopeltis_00454.jpg,398ab7f15b59247775caf4ea15e447b7,helopeltis_00454,False,
train,Helopeltis,helopeltis_00454_aug_flip_vertical.jpg,9d5d972ec66a81bba2c9469cd114f776,helopeltis_00454,True,flip
train,Helopeltis,helopeltis_00455.jpg,68273022df3ad18f438effc25f9cfe31,helopeltis_00455,False,
train,Helopeltis,helopeltis_00455_aug_flip_vertical.jpg,96615248cc86482d1cbaf53ff0183432,helopeltis_00455,True,flip
train,Helopeltis,helopeltis_00456.jpg,9b86dfe6c56bfbf4757bf7662dbeaaf0,helopeltis_00456,False,
train,Helopeltis,helopeltis_00458.jpg,f1bd4f650d260a08a4da63ffeca4c19d,helopeltis_00458,False,
train,Helopeltis,helopeltis_00458_aug_brightness.jpg,3d4173c941dadb10896311acdad3f8ae,helopeltis_00458,True,brightness
train,Helopeltis,helopeltis_00458_aug_flip_vertical.jpg,9c705c75c2fb6becd9053fad7f2c5b2a,helopeltis_00458,True,flip
train,Helopeltis,helopeltis_00459.jpg,e994b06aeeba7d2da84979c4ff234f73,helopeltis_00459,False,
train,Helopeltis,helopeltis_00459_aug_rotation.jpg,61fb4ef8a8f140fab6847cf30467dd91,helopeltis_00459,True,rotation
train,Helopeltis,helopeltis_00461.jpg,7118bd8d6f43cd00cff851bfa00cd667,helopeltis_00461,False,
train,Helopeltis,helopeltis_00461_aug_flip_horizontal.jpg,4a06cd2e33ae24ce91ca7dea9c0cdd91,helopeltis_00461,True,flip
train,Helopeltis,helopeltis_00462.jpg,1ebc494de73840bc80928c1eba843857,helopeltis_00462,False,
train,Helopeltis,helopeltis_00463.jpg,cef1d7b4b97998a6200492e7b7c39630,helopeltis_00463,False,
train,Helopeltis,helopeltis_00463_aug_contrast.jpg,259482ff2d0986592c9905d5f170bf28,helopeltis_00463,True,contrast
train,Helopeltis,helopeltis_00468.jpg,d5508f4fb6f58f8409599d557a6175f8,helopeltis_00468,False,
train,Helopeltis,helopeltis_00469.jpg,28416a0419d645c9209b9e075cb830d3,helopeltis_00469,False,
train,Helopeltis,helopeltis_00469_aug_rotation.jpg,b3e8e3d3e99e99e9afa8fc4ee058dc29,helopeltis_00469,True,rotation
train,Helopeltis,helopeltis_00470.jpg,7be08afeebd8027da472e1dab33985bc,helopeltis_00470,False,
train,Helopeltis,helopeltis_00473.jpg,7e046cbc0f60412f6f8c8095c10e75cf,helopeltis_00473,False,
train,Helopeltis,helopeltis_00473_aug_zoom.jpg,010250229830f72ccdb6f4df74e20b85,helopeltis_00473,True,zoom
train,Helopeltis,helopeltis_00474.jpg,844ba8e0ae4c4764b939281574ceae9f,helopeltis_00474,False,
train,Helopeltis,helopeltis_00475.jpg,0333b2cb6e9631862a267ec47cb9aa64,helopeltis_00475,False,
train,Helopeltis,helopeltis_00476.jpg,7d9cef89e958a484a8a13129ecc20145,helopeltis_00476,False,
train,Helopeltis,helopeltis_00476_aug_flip_horizontal.jpg,9d200720ad3a8896cf0066c8e7176b99,helopeltis_00476,True,flip
train,Helopeltis,helopeltis_00476_aug_zoom.jpg,5ff1cc7989426a80074ae8e5620fa944,helopeltis_00476,True,zoom
train,Helopeltis,helopeltis_00479.jpg,779599582f7c76d190345db91700551b,helopeltis_00479,False,
train,Helopeltis,helopeltis_00479_aug_flip_vertical.jpg,cdaafbfcf3ba4370bd88527edfe9852c,helopeltis_00479,True,flip
train,Helopeltis,helopeltis_00479_aug_zoom.jpg,140160f13c130854c72de71a73558852,helopeltis_00479,True,zoom
train,Helopeltis,helopeltis_00482.jpg,2cea9a45b7d95a769f7206700e250edf,helopeltis_00482,False,
train,Helopeltis,helopeltis_00482_aug_rotation.jpg,147f42fe742ffa66ee4c085337b9d35f,helopeltis_00482,True,rotation
train,Helopeltis,helopeltis_00484.jpg,6bc0ffb076dd50e73c056705e8e34282,helopeltis_00484,False,
train,Helopeltis,helopeltis_00484_aug_blur.jpg,e2a0038f33bdd9c822a060afe8960042,helopeltis_00484,True,blur
train,Helopeltis,helopeltis_00484_aug_brightness.jpg,c4262fe0bc750f5a927be93c678563e9,helopeltis_00484,True,brightness
train,Helopeltis,helopeltis_00484_aug_rotation.jpg,7ae413456fd6c43c1c436c10efc14981,helopeltis_00484,True,rotation
train,Helopeltis,helopeltis_00487.jpg,8ab1ca9c5eef2a4f29416bdfe97b9bc5,helopeltis_00487,False,
train,Helopeltis,helopeltis_00487_aug_blur.jpg,f7879d6a84f41b4032d298dc99ece292,helopeltis_00487,True,blur
train,Helopeltis,helopeltis_00487_aug_rotation.jpg,b8fbe0c4f053d2d9bd97d2a01af0b054,helopeltis_00487,True,rotation
train,Helopeltis,helopeltis_00488.jpg,94ffb9996e7f00e7dcda83783252f89f,helopeltis_00488,False,
train,Helopeltis,helopeltis_00489.jpg,c8b6654e266385e3a1133c70d7ed8548,helopeltis_00489,False,
train,Helopeltis,helopeltis_00490.jpg,4553c5d8f33a72ae1832a7c718a105bb,helopeltis_00490,False,
train,Helopeltis,helopeltis_00494.jpg,649b3493da25f14d7d5f5a9177bd4a6d,helopeltis_00494,False,
train,Helopeltis,helopeltis_00494_aug_flip_horizontal.jpg,5e5c9d19b1d99c3b07741f5a93ad0fd1,helopeltis_00494,True,flip
train,Helopeltis,helopeltis_00495.jpg,6522f00bd74b86f62a564a866686f3f6,helopeltis_00495,False,
train,Helopeltis,helopeltis_00495_aug_blur.jpg,d50ac5f9b550b685320966179266ca66,helopeltis_00495,True,blur
train,Helopeltis,helopeltis_00495_aug_brightness.jpg,7ac3b5fb21c81a0b0b0089a9a0eb6e4f,helopeltis_00495,True,brightness
train,Helopeltis,helopeltis_00495_aug_contrast.jpg,e8b0e6a03754cd44956be54e7e1bafa6,helopeltis_00495,True,contrast
train,Helopeltis,helopeltis_00495_aug_flip_horizontal.jpg,17175e9559eee80d5261ea72c5c09605,helopeltis_00495,True,flip
train,Helopeltis,helopeltis_00495_aug_rotation.jpg,f906d4c6db92bc5edc4991d2e8a86fe0,helopeltis_00495,True,rotation
train,Helopeltis,helopeltis_00496.jpg,f694d34f2edbd52d8f9fb23e05665322,helopeltis_00496,False,
train,Helopeltis,helopeltis_00496_aug_contrast.jpg,f11f3cbc6344898f01df90ad8d239f0f,helopeltis_00496,True,contrast
train,Helopeltis,helopeltis_00500.jpg,7a528e591867b6d7cf725bb4b8a152d5,helopeltis_00500,False,
train,Helopeltis,helopeltis_00500_aug_brightness.jpg,e988a4f355e4ef10c961882f390721ff,helopeltis_00500,True,brightness
train,Helopeltis,helopeltis_00500_aug_contrast.jpg,1276da3fe2aed5f7cd2454ae7106b39c,helopeltis_00500,True,contrast
train,Helopeltis,helopeltis_00500_aug_flip_horizontal.jpg,66f54937d01ea695a9eae59c8e49a955,helopeltis_00500,True,flip
train,Helopeltis,helopeltis_00501.jpg,4dcdd36b53ebc4c7f562cef593715661,helopeltis_00501,False,
train,Helopeltis,helopeltis_00501_aug_brightness.jpg,f11dfc9edea6e8d759c76e98140454e5,helopeltis_00501,True,brightness
train,Helopeltis,helopeltis_00501_aug_contrast.jpg,6818cb8cecf41ba55248b74a42e174b8,helopeltis_00501,True,contrast
train,Helopeltis,helopeltis_00501_aug_flip_horizontal.jpg,b521238da5c472989d571f3f7d861adc,helopeltis_00501,True,flip
train,Helopeltis,helopeltis_00502.jpg,3611188a8155568e376686be04562d0f,helopeltis_00502,False,
train,Helopeltis,helopeltis_00502_aug_brightness.jpg,fabb000bdd88f82c5744515e3ddf321d,helopeltis_00502,True,brightness
train,Helopeltis,helopeltis_00504.jpg,1ff3a9c595895f700d361c4bafb36b50,helopeltis_00504,False,
train,Helopeltis,helopeltis_00506.jpg,206351eba63969bfd38a503c85849eb9,helopeltis_00506,False,
train,Helopeltis,helopeltis_00506_aug_flip_vertical.jpg,a1c121d81c4b02b415a7a0daad64c996,helopeltis_00506,True,flip
train,Helopeltis,helopeltis_00507.jpg,d30a8780a88d563fc045be3dbc21479f,helopeltis_00507,False,
train,Helopeltis,helopeltis_00507_aug_blur.jpg,34419c301554af433b822189aef13c96,helopeltis_00507,True,blur
train,Helopeltis,helopeltis_00507_aug_zoom.jpg,eb2ffe08ea609315c69b397ff80fc5b1,helopeltis_00507,True,zoom
train,Helopeltis,helopeltis_00508.jpg,b1b589b2c0f795f45fa45fdbe2b55261,helopeltis_00508,False,
train,Helopeltis,helopeltis_00508_aug_contrast.jpg,a60d5b51c9aa0a5fade4dfbf3433b286,helopeltis_00508,True,contrast
train,Helopeltis,helopeltis_00508_aug_zoom.jpg,1c384ad4498297e50ba47acafeb21e39,helopeltis_00508,True,zoom
train,Helopeltis,helopeltis_00509.jpg,8c96a22d8324d92944651fd6a3d623de,helopeltis_00509,False,
train,Helopeltis,helopeltis_00509_aug_blur.jpg,c237214fe41462f6a330d1919711d561,helopeltis_00509,True,blur
train,Helopeltis,helopeltis_00510.jpg,7f9b1c6646f5e3e49f822a1c973059e2,helopeltis_00510,False,
train,Helopeltis,helopeltis_00510_aug_flip_horizontal.jpg,03e92a154df28938bda3f844e2489066,helopeltis_00510,True,flip
train,Helopeltis,helopeltis_00512.jpg,97805de2e66097a8c6ad7609871224f7,helopeltis_00512,False,
train,Helopeltis,helopeltis_00512_aug_brightness.jpg,c049c2740d0151a37c1095d73e5685b9,helopeltis_00512,True,brightness
train,Helopeltis,helopeltis_00512_aug_contrast.jpg,a45c958a63962fde8d08764734be282b,helopeltis_00512,True,contrast
train,Helopeltis,helopeltis_00513.jpg,305db1739bb23faae3c7fba422b77eed,helopeltis_00513,False,
train,Helopeltis,helopeltis_00514.jpg,e46af49c0eb4db42c9df8c6919455917,helopeltis_00514,False,
train,Helopeltis,helopeltis_00514_aug_flip_horizontal.jpg,e374ef7bfbdb4e2c707bbe06afc6c785,helopeltis_00514,True,flip
train,Helopeltis,helopeltis_00515.jpg,9c05aa446607b796986f0c6aa37373ec,helopeltis_00515,False,
train,Helopeltis,helopeltis_00515_aug_flip_vertical.jpg,41fb975c43b2eb7e4ea83c0beddf889c,helopeltis_00515,True,flip
train,Helopeltis,helopeltis_00515_aug_zoom.jpg,00337ed7afa333a426c44cdaba692da1,helopeltis_00515,True,zoom
train,Helopeltis,helopeltis_00516.jpg,fdc5b666ccec84db72c3cbe03b09bf8c,helopeltis_00516,False,
train,Helopeltis,helopeltis_00516_aug_rotation.jpg,49e4cff202feccc43cbadd59a4625c8f,helopeltis_00516,True,rotation
train,Helopeltis,helopeltis_00518.jpg,a0db6d0c01ca52218bc10c6ee6e05867,helopeltis_00518,False,
train,Helopeltis,helopeltis_00518_aug_flip_vertical.jpg,f7967dfbbdfd706ee42da9d0aeb8260b,helopeltis_00518,True,flip
train,Helopeltis,helopeltis_00519.jpg,672c4f1f38b234562ba770d785458709,helopeltis_00519,False,
train,Helopeltis,helopeltis_00520.jpg,db888cc4d98442b8069f7fe31ced7c1b,helopeltis_00520,False,
train,Helopeltis,helopeltis_00524.jpg,1813af1820045208916d1ff0f37813d8,helopeltis_00524,False,
train,Helopeltis,helopeltis_00525.jpg,1a507871720d80a227c0cda4c14d2c11,helopeltis_00525,False,
train,Helopeltis,helopeltis_00527.jpg,933027becba5d4371e7b5018c82448cd,helopeltis_00527,False,
train,Helopeltis,helopeltis_00527_aug_flip_vertical.jpg,639aa5a8eb9276ad4998e783dd8eb900,helopeltis_00527,True,flip
train,Helopeltis,helopeltis_00527_aug_rotation.jpg,2cf743f12a7761d0fb97945cabe6c3cf,helopeltis_00527,True,rotation
train,Helopeltis,helopeltis_00529.jpg,2496eb90ae94d2669336f8de6fb8553a,helopeltis_00529,False,
train,Helopeltis,helopeltis_00530.jpg,881004302cfa7bd61e2bf0b1231fc8ee,helopeltis_00530,False,
train,Helopeltis,helopeltis_00531.jpg,aa9b5f09e77b6f009da0a821edb14ffc,helopeltis_00531,False,
train,Helopeltis,helopeltis_00532.jpg,866c99dd19feca9c7ffc126d607e8519,helopeltis_00532,False,
train,Helopeltis,helopeltis_00532_aug_contrast.jpg,eb7b3112a67c0d0b7ddb03a7f7584aa4,helopeltis_00532,True,contrast
train,Helopeltis,helopeltis_00533.jpg,0c1dc1fa87db2ef1de172bc72eb5a8c7,helopeltis_00533,False,
train,Helopeltis,helopeltis_00533_aug_flip_horizontal.jpg,09dfa3c7dc470c085b7a527033d63822,helopeltis_00533,True,flip
train,Helopeltis,helopeltis_00534.jpg,0586716410e843118e2b1f9eb414d5e9,helopeltis_00534,False,
train,Helopeltis,helopeltis_00535.jpg,70a9a3274a26fbad4bcfe74b69d77098,helopeltis_00535,False,
train,Helopeltis,helopeltis_00535_aug_blur.jpg,1af0f4e7cab08d151605dae6f072d3ca,helopeltis_00535,True,blur
train,Helopeltis,helopeltis_00535_aug_brightness.jpg,f06de68573a51d5c541d6e1f8c8ce4b9,helopeltis_00535,True,brightness
train,Helopeltis,helopeltis_00535_aug_rotation.jpg,47acd6c7077815867dffe223262dfd3c,helopeltis_00535,True,rotation
train,Helopeltis,helopeltis_00536.jpg,bdd9bc288e3bb044da7d76114707f211,helopeltis_00536,False,
train,Helopeltis,helopeltis_00536_aug_blur.jpg,f983eaadd356728d85ec6043935e2f5c,helopeltis_00536,True,blur
train,Helopeltis,helopeltis_00536_aug_contrast.jpg,e151aaa69cad1baddf329be03ad5792f,helopeltis_00536,True,contrast
train,Helopeltis,helopeltis_00536_aug_zoom.jpg,c40c078b121ca16b45099b9fe9ef87a9,helopeltis_00536,True,zoom
train,Helopeltis,helopeltis_00538.jpg,b452fe13c29fae04472936e362a6d23e,helopeltis_00538,False,
train,Helopeltis,helopeltis_00538_aug_blur.jpg,c7b642f5aebed4d9bc9477f5c1355064,helopeltis_00538,True,blur
train,Helopeltis,helopeltis_00538_aug_brightness.jpg,53ab438025ac37c627de5e2ecf3b1b40,helopeltis_00538,True,brightness
train,Helopeltis,helopeltis_00539.jpg,5119d2354ad68ef81bdec779af71efbb,helopeltis_00539,False,
train,Helopeltis,helopeltis_00541.jpg,044bc1d1566c188080dbfdedd11ae91e,helopeltis_00541,False,
train,Helopeltis,helopeltis_00541_aug_brightness.jpg,c1abb707e9e877284ceea9ea472164ff,helopeltis_00541,True,brightness
train,Helopeltis,helopeltis_00541_aug_flip_horizontal.jpg,40fc0b623906e782e82c12b390cb7737,helopeltis_00541,True,flip
train,Helopeltis,helopeltis_00543.jpg,bc773b693a4aa42af3060f7c0f9baa5a,helopeltis_00543,False,
train,Helopeltis,helopeltis_00543_aug_flip_horizontal.jpg,e28dbdcf8a6cf1dbf8a5c9d911bb148e,helopeltis_00543,True,flip
train,Helopeltis,helopeltis_00543_aug_zoom.jpg,6b320cdd6f0842eb6ea4b32483cc037c,helopeltis_00543,True,zoom
train,Helopeltis,helopeltis_00544.jpg,d4a66a3d1c03735f4564adcbd017f504,helopeltis_00544,False,
train,Helopeltis,helopeltis_00544_aug_zoom.jpg,b5a1ff325784842841ce86ec43ff8f01,helopeltis_00544,True,zoom
train,Helopeltis,helopeltis_00545.jpg,43fd14b8beda391a858bb434522fee96,helopeltis_00545,False,
train,Helopeltis,helopeltis_00545_aug_flip_horizontal.jpg,f41a131cd501cb3930dd04325d893b95,helopeltis_00545,True,flip
train,Helopeltis,helopeltis_00547.jpg,756992d3ce05ee775a54202c0c133aa1,helopeltis_00547,False,
train,Helopeltis,helopeltis_00547_aug_flip_vertical.jpg,7f1f6527427546e9c17197264488b60f,helopeltis_00547,True,flip
train,Helopeltis,helopeltis_00547_aug_zoom.jpg,148afde1494b65fb194a035fe641ca40,helopeltis_00547,True,zoom
train,Helopeltis,helopeltis_00548.jpg,8dc14d662eb74e0eb7e3afc5ea10df89,helopeltis_00548,False,
train,Helopeltis,helopeltis_00548_aug_contrast.jpg,3516e4efaf4220725b0da5c3588182a2,helopeltis_00548,True,contrast
train,Helopeltis,helopeltis_00549.jpg,ee2075f6d57af70ef9881ba5c56843ed,helopeltis_00549,False,
train,Helopeltis,helopeltis_00550.jpg,badb055ba079431a043392da07c6d002,helopeltis_00550,False,
train,Helopeltis,helopeltis_00550_aug_flip_vertical.jpg,5b30ee1d1ee240b02ae25b5d1b162777,helopeltis_00550,True,flip
train,Helopeltis,helopeltis_00550_aug_zoom.jpg,9df3545ed59f970b8fb8110eb1f9f55b,helopeltis_00550,True,zoom
train,Helopeltis,helopeltis_00553.jpg,c646ea56805dc2314eae030a8ec31b36,helopeltis_00553,False,
train,Helopeltis,helopeltis_00554.jpg,ee710d55759ffbca43c0536e9d057cb4,helopeltis_00554,False,
train,Helopeltis,helopeltis_00555.jpg,c4aad95282ce2f37f8aec2627a8cd96b,helopeltis_00555,False,
train,Helopeltis,helopeltis_00560.jpg,44b61d68af63bc223b7b8372ce4469f8,helopeltis_00560,False,
train,Helopeltis,helopeltis_00560_aug_contrast.jpg,1e6c03896f1a10ad9cfe20df2bbb2b5d,helopeltis_00560,True,contrast
train,Helopeltis,helopeltis_00561.jpg,6735be973bc815b521fc4980fd56a64b,helopeltis_00561,False,
train,Helopeltis,helopeltis_00561_aug_blur.jpg,c4f8e6eeeb5a220780fd51950bd6946b,helopeltis_00561,True,blur
train,Helopeltis,helopeltis_00562.jpg,bc58cfcd0c61a070a8bc9c4076c4a804,helopeltis_00562,False,
train,Helopeltis,helopeltis_00562_aug_flip_vertical.jpg,314faa39345d895030f1e8464af9d34e,helopeltis_00562,True,flip
train,Helopeltis,helopeltis_00565.jpg,f9d592ae0df358102284159ef30e4fa0,helopeltis_00565,False,
train,Helopeltis,helopeltis_00567.jpg,e551063e387f07bde220681321d82515,helopeltis_00567,False,
train,Helopeltis,helopeltis_00567_aug_contrast.jpg,1cbcceb2741eaf0489bc4441f90693d0,helopeltis_00567,True,contrast
train,Helopeltis,helopeltis_00567_aug_rotation.jpg,708af5406b6c1438c55421664d1db13a,helopeltis_00567,True,rotation
train,Helopeltis,helopeltis_00568.jpg,4079adb21c9415212b9a981c77f93dc2,helopeltis_00568,False,
train,Helopeltis,helopeltis_00568_aug_blur.jpg,88a2184e225f6e45d8d1ab5e14743622,helopeltis_00568,True,blur
train,Helopeltis,helopeltis_00568_aug_brightness.jpg,9ecc4e47df4f88a627d25fe02bc71fd3,helopeltis_00568,True,brightness
train,Helopeltis,helopeltis_00568_aug_flip_horizontal.jpg,59ee2f84a18b9b1a4f35fa82a70c04ad,helopeltis_00568,True,flip
train,Helopeltis,helopeltis_00569.jpg,1d8f2d2858618c5a18e09a1972c99119,helopeltis_00569,False,
train,Helopeltis,helopeltis_00569_aug_flip_vertical.jpg,777f6776c3ba81c479290ed680625980,helopeltis_00569,True,flip
train,Helopeltis,helopeltis_00570.jpg,a989f8c8c16e61829addddda43f8021f,helopeltis_00570,False,
train,Helopeltis,helopeltis_00570_aug_flip_horizontal.jpg,5cbf59454cf6f0295b42aa8b4c5d3eb5,helopeltis_00570,True,flip
train,Helopeltis,helopeltis_00572.jpg,6fdc9a82a7a02c0a396d786d624ad01b,helopeltis_00572,False,
train,Helopeltis,helopeltis_00572_aug_rotation.jpg,1950ea818c960671ac84def6708f4a18,helopeltis_00572,True,rotation
train,Helopeltis,helopeltis_00572_aug_zoom.jpg,7d05895c4c414e1e5e911ed150161353,helopeltis_00572,True,zoom
train,Helopeltis,helopeltis_00574.jpg,ccfdd11e8e6eb7ca7729720a0861b483,helopeltis_00574,False,
train,Helopeltis,helopeltis_00574_aug_contrast.jpg,948bb155079faaf83e2b3fe9d4874941,helopeltis_00574,True,contrast
train,Helopeltis,helopeltis_00575.jpg,08e58db4a5c25a63bcf306133ff99ce6,helopeltis_00575,False,
train,Helopeltis,helopeltis_00576.jpg,2757e83f73f8e7ed06a2f193252495a5,helopeltis_00576,False,
train,Helopeltis,helopeltis_00576_aug_blur.jpg,4dd5b54a6d03c090d1265ec76f86faf7,helopeltis_00576,True,blur
train,Helopeltis,helopeltis_00578.jpg,d1ae844a4f50eb8e5524950638534e96,helopeltis_00578,False,
train,Helopeltis,helopeltis_00578_aug_blur.jpg,da11431cb48b733fb9e208e9a2212498,helopeltis_00578,True,blur
train,Helopeltis,helopeltis_00578_aug_rotation.jpg,0c9fa53247c4bb714fecea17c56863d1,helopeltis_00578,True,rotation
train,Helopeltis,helopeltis_00580.jpg,da969e1deb73e47b680fad722b2fa41b,helopeltis_00580,False,
train,Helopeltis,helopeltis_00581.jpg,7ea7961e09ce5a3548fbb6e5f6f9733f,helopeltis_00581,False,
train,Helopeltis,helopeltis_00581_aug_contrast.jpg,6360a1bf034bffb14467cc1e37e9f746,helopeltis_00581,True,contrast
train,Helopeltis,helopeltis_00582.jpg,b348ce1aa38ef794334caa0f0f92646f,helopeltis_00582,False,
train,Helopeltis,helopeltis_00582_aug_rotation.jpg,4e6c2bf48a9cc30e68e000124a806cf0,helopeltis_00582,True,rotation
train,Helopeltis,helopeltis_00583.jpg,9ca46d83f7ad486cf439b21e7b890516,helopeltis_00583,False,
train,Helopeltis,helopeltis_00585.jpg,31864d043d36b54aa60d20c58fd54675,helopeltis_00585,False,
train,Helopeltis,helopeltis_00585_aug_blur.jpg,fa2e0f4a0f71a0ff13565976577c28b8,helopeltis_00585,True,blur
train,Helopeltis,helopeltis_00585_aug_contrast.jpg,cb641d6d0881b6c5a4b910477b7e8d06,helopeltis_00585,True,contrast
train,Helopeltis,helopeltis_00585_aug_zoom.jpg,57203b6d7bd37a1d9fad413869c7f12a,helopeltis_00585,True,zoom
train,Helopeltis,helopeltis_00586.jpg,aa3023f3d57de5aeaffc726f5af17908,helopeltis_00586,False,
train,Helopeltis,helopeltis_00586_aug_contrast.jpg,401d22210a4efc3b732bfffaaec99a32,helopeltis_00586,True,contrast
train,Helopeltis,helopeltis_00587.jpg,f20578c4e5c3fb05d10feffa5ceb59f0,helopeltis_00587,False,
train,Helopeltis,helopeltis_00587_aug_blur.jpg,e17fa7f1496159943a4cd413474978e8,helopeltis_00587,True,blur
train,Helopeltis,helopeltis_00587_aug_brightness.jpg,84ee013dcac8ea1c3dd2a67212cc2f87,helopeltis_00587,True,brightness
train,Helopeltis,helopeltis_00588.jpg,ca7b963f0205806d15d3a9228ae8b166,helopeltis_00588,False,
train,Helopeltis,helopeltis_00588_aug_flip_horizontal.jpg,36f405d489469edd6aa6a7b86fb4c9b6,helopeltis_00588,True,flip
train,Helopeltis,helopeltis_00588_aug_flip_vertical.jpg,c892fb570c35202382c522a1101e325b,helopeltis_00588,True,flip
train,Helopeltis,helopeltis_00589.jpg,0074b36b8068d241c0f41f83eebdc05c,helopeltis_00589,False,
train,Helopeltis,helopeltis_00589_aug_blur.jpg,59c603923328a2e722f87c307561f28e,helopeltis_00589,True,blur
train,Helopeltis,helopeltis_00591.jpg,e0b42e685b652f57caeddb394a13b450,helopeltis_00591,False,
train,Helopeltis,helopeltis_00591_aug_rotation.jpg,58a2564c118edd405c787b9ecae4038f,helopeltis_00591,True,rotation
train,Helopeltis,helopeltis_00593.jpg,651726962c1e3d633a0cf42640e656e6,helopeltis_00593,False,
train,Helopeltis,helopeltis_00593_aug_flip_horizontal.jpg,45ecfb1e8b19faf0a9aefc6079b338bc,helopeltis_00593,True,flip
train,Helopeltis,helopeltis_00594.jpg,3af1ce9f306083ff7c3bc0b90b4bf55f,helopeltis_00594,False,
train,Helopeltis,helopeltis_00594_aug_contrast.jpg,686bd5632e88f2658181e6af82c9f81a,helopeltis_00594,True,contrast
train,Helopeltis,helopeltis_00595.jpg,04e7cb7b248da53009520dacfc364c07,helopeltis_00595,False,
train,Helopeltis,helopeltis_00595_aug_zoom.jpg,db2d67dfeea21694bdeed7558ec94623,helopeltis_00595,True,zoom
train,Helopeltis,helopeltis_00596.jpg,42763ee674567f2b13bf637e9e670b0f,helopeltis_00596,False,
train,Helopeltis,helopeltis_00597.jpg,42a9153f2c0d54e285242bb28fb4ae25,helopeltis_00597,False,
train,Helopeltis,helopeltis_00597_aug_flip_vertical.jpg,6d07e700d79fa1962cb1cda1430bfca5,helopeltis_00597,True,flip
train,Helopeltis,helopeltis_00598.jpg,e1ab20963da5573fbe3610fd9fea0737,helopeltis_00598,False,
train,Helopeltis,helopeltis_00599.jpg,dd7bd93e3bbb94678c463178f78020fd,helopeltis_00599,False,
train,Helopeltis,helopeltis_00600.jpg,fec206e21d1bcf0425c4f2605359af06,helopeltis_00600,False,
train,Helopeltis,helopeltis_00600_aug_brightness.jpg,17403ffb865dbc2b7cbbd54f81972457,helopeltis_00600,True,brightness
train,Helopeltis,helopeltis_00601.jpg,d4f031bbd6d24777adaab95ad75a8cc9,helopeltis_00601,False,
train,Helopeltis,helopeltis_00601_aug_rotation.jpg,1716f71dfbfd285b05f7295c23cf1fb8,helopeltis_00601,True,rotation
train,Helopeltis,helopeltis_00604.jpg,c4dd6c7b789867bd35401b019f6d55f0,helopeltis_00604,False,
train,Helopeltis,helopeltis_00604_aug_rotation.jpg,f3dcf85737cffb15de06991a05915897,helopeltis_00604,True,rotation
train,Helopeltis,helopeltis_00606.jpg,a6011c85c637d0de81f78c748f890b46,helopeltis_00606,False,
train,Helopeltis,helopeltis_00606_aug_flip_horizontal.jpg,c8d5bc29d21cfd0ae9f6c3bc77b30de5,helopeltis_00606,True,flip
train,Helopeltis,helopeltis_00607.jpg,52bcfa6561f1e0fda71ff12d818e8322,helopeltis_00607,False,
train,Helopeltis,helopeltis_00607_aug_blur.jpg,00f94e5f36941c54f83450ee3b793310,helopeltis_00607,True,blur
train,Red spider,red_spider_00001.jpg,82172ec485969a36e7aacd0930a811a3,red_spider_00001,False,
train,Red spider,red_spider_00005.jpg,ffcbd9a3b0a4c4645cca08fde72f0a0f,red_spider_00005,False,
train,Red spider,red_spider_00005_aug_blur.jpg,8501a2f77a356cf52305337fd3eecfe6,red_spider_00005,True,blur
train,Red spider,red_spider_00005_aug_rotation.jpg,1c81e06e57aad3396d943e3c8618cf47,red_spider_00005,True,rotation
train,Red spider,red_spider_00006.jpg,c72c9987439921b70175458379cfd0ae,red_spider_00006,False,
train,Red spider,red_spider_00006_aug_brightness.jpg,dbc2ce75ea8c7ca342f23fa0966768c3,red_spider_00006,True,brightness
train,Red spider,red_spider_00006_aug_contrast.jpg,9e854488f9f3ba416f867aa252181317,red_spider_00006,True,contrast
train,Red spider,red_spider_00006_aug_flip_vertical.jpg,56dce260fc48f23f0d8d6f0a85607831,red_spider_00006,True,flip
train,Red spider,red_spider_00007.jpg,173154b9106e9bfaf37bd62e316b43cf,red_spider_00007,False,
train,Red spider,red_spider_00007_aug_contrast.jpg,eed1d12bb5b63aa6b86f36446f4dc6c6,red_spider_00007,True,contrast
train,Red spider,red_spider_00008.jpg,b90f6033599791c98b5401aa1a8fb105,red_spider_00008,False,
train,Red spider,red_spider_00008_aug_flip_horizontal.jpg,6394b929b1dbbebc9bb8f2abdda85ed5,red_spider_00008,True,flip
train,Red spider,red_spider_00009.jpg,941886305119bcceb6f1d5db191aa2c2,red_spider_00009,False,
train,Red spider,red_spider_00009_aug_brightness.jpg,e5659ae0b84d67b505f22a9e9c4e247a,red_spider_00009,True,brightness
train,Red spider,red_spider_00010.jpg,f3a31db2bb36825c4523c6625e3f2b00,red_spider_00010,False,
train,Red spider,red_spider_00011.jpg,cb9db612d32d504a8ab6f35d688659f2,red_spider_00011,False,
train,Red spider,red_spider_00011_aug_rotation.jpg,fdef72f15536364b46e7482f0c0f0e49,red_spider_00011,True,rotation
train,Red spider,red_spider_00013.jpg,5ede7aa5d33f44f4b2bdc29acd82f42e,red_spider_00013,False,
train,Red spider,red_spider_00013_aug_flip_vertical.jpg,0cd475a57b1c7d750509ea2d8c72e911,red_spider_00013,True,flip
train,Red spider,red_spider_00015.jpg,c91fd9290efb0ee7f38eeb0b1782a0b5,red_spider_00015,False,
train,Red spider,red_spider_00016.jpg,b8e0e07e66da3e52093d516e74a67c06,red_spider_00016,False,
train,Red spider,red_spider_00016_aug_contrast.jpg,78d11e4e92debc0b7e3809b7542a46f5,red_spider_00016,True,contrast
train,Red spider,red_spider_00017.jpg,6dd42068bb2ac93ba0023f688a388d3e,red_spider_00017,False,
train,Red spider,red_spider_00017_aug_brightness.jpg,a7911d7016616470f48c422d510d3978,red_spider_00017,True,brightness
train,Red spider,red_spider_00017_aug_contrast.jpg,42503cbf3ee6a7c46f2171872e7ad439,red_spider_00017,True,contrast
train,Red spider,red_spider_00018.jpg,925c4c6c47159dcd92f468847e9f60b0,red_spider_00018,False,
train,Red spider,red_spider_00018_aug_brightness.jpg,83a1b94cc10e29e655813175ed31186c,red_spider_00018,True,brightness
train,Red spider,red_spider_00019.jpg,628f8648714d0fd50c28cbc98aa9cae8,red_spider_00019,False,
train,Red spider,red_spider_00019_aug_contrast.jpg,4dba43c7ed5b1faa8625b9dfcc4f8f09,red_spider_00019,True,contrast
train,Red spider,red_spider_00019_aug_flip_horizontal.jpg,6ebcb7d1067e30b1d706b2f45d4c0c69,red_spider_00019,True,flip
train,Red spider,red_spider_00019_aug_zoom.jpg,d2f8a932d5d814ac47185fd189975bc0,red_spider_00019,True,zoom
train,Red spider,red_spider_00020.jpg,df950d4f7921117dc3035a8ec71929ce,red_spider_00020,False,
train,Red spider,red_spider_00020_aug_zoom.jpg,d505d556951ee1fc39c7cc1350158683,red_spider_00020,True,zoom
train,Red spider,red_spider_00021.jpg,5aeb6fd57bfce133d4a1ea4cb7974904,red_spider_00021,False,
train,Red spider,red_spider_00024.jpg,9bedbf1da92c0eb684480259e36510a5,red_spider_00024,False,
train,Red spider,red_spider_00024_aug_contrast.jpg,bae1675f6d4d70906d808f1df1b25bd3,red_spider_00024,True,contrast
train,Red spider,red_spider_00024_aug_flip_vertical.jpg,659840fb545d4247b4dd35d75b642abf,red_spider_00024,True,flip
train,Red spider,red_spider_00024_aug_rotation.jpg,46f0d51ac73a6906062d9dd57b5a54ce,red_spider_00024,True,rotation
train,Red spider,red_spider_00024_aug_zoom.jpg,8acd059486cf50d85229390c2c046fc7,red_spider_00024,True,zoom
train,Red spider,red_spider_00025.jpg,c56ede72fdd7f069603b1b306d210cf5,red_spider_00025,False,
train,Red spider,red_spider_00025_aug_contrast.jpg,75e29065311aa5e3b78dbe35953e739d,red_spider_00025,True,contrast
train,Red spider,red_spider_00025_aug_flip_horizontal.jpg,47ee9aa691ea4d266e829506a868eec3,red_spider_00025,True,flip
train,Red spider,red_spider_00026.jpg,a76ff7a2314b514a216fef42c18b3b14,red_spider_00026,False,
train,Red spider,red_spider_00028.jpg,22d5b1342bb90ced582061e26276ad02,red_spider_00028,False,
train,Red spider,red_spider_00028_aug_flip_vertical.jpg,a382d515b653d9a3e593023d6d119d0e,red_spider_00028,True,flip
train,Red spider,red_spider_00028_aug_zoom.jpg,c15d908f8a767180f81f1c0cfa08f4e1,red_spider_00028,True,zoom
train,Red spider,red_spider_00029.jpg,1e0eb7b8f81c6022a8db8032a1c78ca6,red_spider_00029,False,
train,Red spider,red_spider_00029_aug_flip_horizontal.jpg,18a5741172a18882fb7bc97784f39c63,red_spider_00029,True,flip
train,Red spider,red_spider_00029_aug_rotation.jpg,1b5791ee8edb7b266f6b9336e767a325,red_spider_00029,True,rotation
train,Red spider,red_spider_00029_aug_zoom.jpg,4b4884f05a2b741c01d214f69a4bfaf0,red_spider_00029,True,zoom
train,Red spider,red_spider_00031.jpg,4fb1852b518b3d88272f96fe3b4b0e05,red_spider_00031,False,
train,Red spider,red_spider_00031_aug_blur.jpg,85eed16d747d73b12d2c3562765566a1,red_spider_00031,True,blur
train,Red spider,red_spider_00031_aug_zoom.jpg,4544e8d8be29eb6788aca08fbf0897f7,red_spider_00031,True,zoom
train,Red spider,red_spider_00032.jpg,e54bd36e510c4b49a90dd9b84e814479,red_spider_00032,False,
train,Red spider,red_spider_00032_aug_flip_vertical.jpg,776ecf62157168537a54522593ace43e,red_spider_00032,True,flip
train,Red spider,red_spider_00033.jpg,d41ffd6c766722bad206dff1a68ca2f3,red_spider_00033,False,
train,Red spider,red_spider_00033_aug_brightness.jpg,f68946b54217b8dd0438ed75086e85d9,red_spider_00033,True,brightness
train,Red spider,red_spider_00033_aug_contrast.jpg,351e72b302883d46138c853e0e02cd2f,red_spider_00033,True,contrast
train,Red spider,red_spider_00034.jpg,eb322e809810440f4bd4804d6dcd9bdc,red_spider_00034,False,
train,Red spider,red_spider_00036.jpg,3a7d30f6d9ab294f22d022f3bce97358,red_spider_00036,False,
train,Red spider,red_spider_00036_aug_flip_vertical.jpg,f1fea4f00b7d55f32b02d7ebca8b2dc0,red_spider_00036,True,flip
train,Red spider,red_spider_00037.jpg,3866d0d441df3cb64871a7483b7c8a45,red_spider_00037,False,
train,Red spider,red_spider_00038.jpg,99513d8836f6f4191efb9316a8a3e9c9,red_spider_00038,False,
train,Red spider,red_spider_00038_aug_brightness.jpg,e5fdb085d258ffbbdde8afe48cceb656,red_spider_00038,True,brightness
train,Red spider,red_spider_00038_aug_flip_horizontal.jpg,a6436a070341cb14c3f1c1bb95270c40,red_spider_00038,True,flip
train,Red spider,red_spider_00039.jpg,ad51ff3790bc5e48577777fd7ac0fd0e,red_spider_00039,False,
train,Red spider,red_spider_00039_aug_contrast.jpg,bd35bb57571f1823517d6ff98b62ffa3,red_spider_00039,True,contrast
train,Red spider,red_spider_00039_aug_rotation.jpg,5174f42b95ca2740abdf08d62bbdce9d,red_spider_00039,True,rotation
train,Red spider,red_spider_00039_aug_zoom.jpg,282cecf3bd517a8c6379a3be95ee763a,red_spider_00039,True,zoom
train,Red spider,red_spider_00040.jpg,fd86673b3c675a3f427b5836e75f6571,red_spider_00040,False,
train,Red spider,red_spider_00040_aug_blur.jpg,d3c4511c4e90aadde0ae5694bcfc3093,red_spider_00040,True,blur
train,Red spider,red_spider_00040_aug_brightness.jpg,6ee5183f339b401c76bc7e5dca9a15f6,red_spider_00040,True,brightness
train,Red spider,red_spider_00040_aug_rotation.jpg,9a1715e1b46a7076968fdeba4b80c7ae,red_spider_00040,True,rotation
train,Red spider,red_spider_00041.jpg,9a0d6c65892dcf87cd6fb256767ede4b,red_spider_00041,False,
train,Red spider,red_spider_00041_aug_flip_vertical.jpg,fe2e4bd785e8b2e18268360e0a37c7b1,red_spider_00041,True,flip
train,Red spider,red_spider_00042.jpg,c0c92f320ffb6dca1ce2f88808f658ac,red_spider_00042,False,
train,Red spider,red_spider_00042_aug_rotation.jpg,74a059214fd7d17da4e53d445db033e9,red_spider_00042,True,rotation
train,Red spider,red_spider_00043.jpg,833e0ac93d95ddb6af794072cf81c07f,red_spider_00043,False,
train,Red spider,red_spider_00044.jpg,7ef44f27ddeb1bf77c442f144c2d530d,red_spider_00044,False,
train,Red spider,red_spider_00045.jpg,8a7dbafd111ddee5b0b7b5731b0afbf4,red_spider_00045,False,
train,Red spider,red_spider_00045_aug_brightness.jpg,4f791b6b14553595ea0f1415270eaa3d,red_spider_00045,True,brightness
train,Red spider,red_spider_00045_aug_flip_horizontal.jpg,9a83473aef5a0c3b48cfe023d9f64163,red_spider_00045,True,flip
train,Red spider,red_spider_00046.jpg,e16d123b453941760dd1cb0669940822,red_spider_00046,False,
train,Red spider,red_spider_00046_aug_zoom.jpg,b83d46d93eb78f2f47051984e860bcc2,red_spider_00046,True,zoom
train,Red spider,red_spider_00047.jpg,1cc6970578edac74b236e16fa995e28f,red_spider_00047,False,
train,Red spider,red_spider_00047_aug_brightness.jpg,b81e580d34641132c7c43d4c827097df,red_spider_00047,True,brightness
train,Red spider,red_spider_00047_aug_flip_horizontal.jpg,ea015f28131b41ed6ca05325634028a5,red_spider_00047,True,flip
train,Red spider,red_spider_00048.jpg,396f5ef9bfac78768cf01ffdf3b81f5f,red_spider_00048,False,
train,Red spider,red_spider_00050.jpg,16ad1215579908f6e2d92a3d7c0f39fd,red_spider_00050,False,
train,Red spider,red_spider_00050_aug_blur.jpg,bd263662bdb0d920cdfb0a0de0cd5417,red_spider_00050,True,blur
train,Red spider,red_spider_00050_aug_flip_vertical.jpg,97af7e6bb4b6756317f30dbfbe5f23ae,red_spider_00050,True,flip
train,Red spider,red_spider_00050_aug_rotation.jpg,7232b173048e97cc4f31509bf5d46ae4,red_spider_00050,True,rotation
train,Red spider,red_spider_00056.jpg,1b28207019f0fca57112b17de83ad6f3,red_spider_00056,False,
train,Red spider,red_spider_00056_aug_brightness.jpg,4f12c02a598fe411012c0c1497db8b55,red_spider_00056,True,brightness
train,Red spider,red_spider_00056_aug_flip_horizontal.jpg,cdd2e60e7a2533804659c5181c8d5f5f,red_spider_00056,True,flip
train,Red spider,red_spider_00057.jpg,4b6d772ccf636fea6f0f5ba7dd89eb85,red_spider_00057,False,
train,Red spider,red_spider_00062.jpg,01ec37e65741010ff8a78d4744677c56,red_spider_00062,False,
train,Red spider,red_spider_00062_aug_blur.jpg,cfc16f01a2699cc130d51a67eaeec1f8,red_spider_00062,True,blur
train,Red spider,red_spider_00062_aug_contrast.jpg,5881567e2440bcefaa851bca2644cd78,red_spider_00062,True,contrast
train,Red spider,red_spider_00062_aug_zoom.jpg,9b325b92e86922115589f82ffc3eacaa,red_spider_00062,True,zoom
train,Red spider,red_spider_00065.jpg,e3321bf4ce400eecd4ed6c5b71c0469c,red_spider_00065,False,
train,Red spider,red_spider_00065_aug_flip_vertical.jpg,7a3a5bf9acb2b79eef626272f0d53559,red_spider_00065,True,flip
train,Red spider,red_spider_00066.jpg,fd673cd59f9f87c3730f0a08d03b5328,red_spider_00066,False,
train,Red spider,red_spider_00066_aug_brightness.jpg,296b23574f0dfa7535f99bf4e362239f,red_spider_00066,True,brightness
train,Red spider,red_spider_00066_aug_flip_horizontal.jpg,c6a1104a5c022b429d9296f014db4745,red_spider_00066,True,flip
train,Red spider,red_spider_00066_aug_flip_vertical.jpg,3162f599cfb075200d54c272da9d4a44,red_spider_00066,True,flip
train,Red spider,red_spider_00067.jpg,1282c7b7ae85bf13b04c908b10c75fa6,red_spider_00067,False,
train,Red spider,red_spider_00068.jpg,4ff4b4540c4f78950df38618dc6f1709,red_spider_00068,False,
train,Red spider,red_spider_00068_aug_brightness.jpg,0a6b0fe6b48313589e2ce3a20fd1a3f8,red_spider_00068,True,brightness
train,Red spider,red_spider_00068_aug_zoom.jpg,85e6e248b85371059c61dece4edda355,red_spider_00068,True,zoom
train,Red spider,red_spider_00069.jpg,88219b4e485af35f90fc304c4031dbfd,red_spider_00069,False,
train,Red spider,red_spider_00069_aug_flip_horizontal.jpg,46932a9975f1be46bc643ca9a3354e7f,red_spider_00069,True,flip
train,Red spider,red_spider_00069_aug_zoom.jpg,4734e0f1e6d3f0572d64150cfc102284,red_spider_00069,True,zoom
train,Red spider,red_spider_00070.jpg,f30aa013d47dca1fbb05795c4ea93e6e,red_spider_00070,False,
train,Red spider,red_spider_00070_aug_rotation.jpg,3ea96595fe479486cc9172aa18ee389b,red_spider_00070,True,rotation
train,Red spider,red_spider_00071.jpg,0c4a0acf45df5683b77b0f17d86951b9,red_spider_00071,False,
train,Red spider,red_spider_00071_aug_contrast.jpg,9946e05246ac366d77ce27083a24dde3,red_spider_00071,True,contrast
train,Red spider,red_spider_00073.jpg,41d8e59f29fa993e714284a938ac2fd1,red_spider_00073,False,
train,Red spider,red_spider_00073_aug_blur.jpg,55da244978049901749e734b10597c63,red_spider_00073,True,blur
train,Red spider,red_spider_00073_aug_flip_vertical.jpg,8901f0a534233bbb07b1b8386bd118ba,red_spider_00073,True,flip
train,Red spider,red_spider_00075.jpg,ae1ddb7b1cae2846b6de3571209f0084,red_spider_00075,False,
train,Red spider,red_spider_00075_aug_rotation.jpg,4ed0f511fde7b8c6a3db442d4818e111,red_spider_00075,True,rotation
train,Red spider,red_spider_00076.jpg,1554e50eb82ed92ebd6141bc343aef2a,red_spider_00076,False,
train,Red spider,red_spider_00078.jpg,a2930f891c9f9340a32e19c8b1fa08e5,red_spider_00078,False,
train,Red spider,red_spider_00078_aug_blur.jpg,8f77a8395719f1644f39cfc9f2496454,red_spider_00078,True,blur
train,Red spider,red_spider_00079.jpg,cb0a546e1efc99a95a549a9ae7a03406,red_spider_00079,False,
train,Red spider,red_spider_00080.jpg,0a5debfb698dab3bbfbd1aef0617d08b,red_spider_00080,False,
train,Red spider,red_spider_00080_aug_zoom.jpg,87e06597eef7b24dfef85b5056e9d9bf,red_spider_00080,True,zoom
train,Red spider,red_spider_00081.jpg,1333bd3e6c9c53c04278386a37dcb57b,red_spider_00081,False,
train,Red spider,red_spider_00081_aug_blur.jpg,bac5347c04609b5b71c22d4255cf71bf,red_spider_00081,True,blur
train,Red spider,red_spider_00081_aug_brightness.jpg,e2161da304d8e23e68cd866317da8e88,red_spider_00081,True,brightness
train,Red spider,red_spider_00082.jpg,9efd5d6e127bddfb4c0f72dffb4ed8a9,red_spider_00082,False,
train,Red spider,red_spider_00084.jpg,597d8ca02a3efb6eb8f3097058342505,red_spider_00084,False,
train,Red spider,red_spider_00084_aug_flip_vertical.jpg,1fe4a33115fa7a8531f66478d32d5beb,red_spider_00084,True,flip
train,Red spider,red_spider_00087.jpg,4868facdb40bd4b71aecbc4335e4fb98,red_spider_00087,False,
train,Red spider,red_spider_00088.jpg,f0d1dfbed62c57362c798e7c984cb674,red_spider_00088,False,
train,Red spider,red_spider_00088_aug_brightness.jpg,c99357e9610456157d0497361c533362,red_spider_00088,True,brightness
train,Red spider,red_spider_00088_aug_rotation.jpg,6fff3f04610718713eb93dca4d1b58e3,red_spider_00088,True,rotation
train,Red spider,red_spider_00089.jpg,a51348a28075b146e1e53627ae4fb229,red_spider_00089,False,
train,Red spider,red_spider_00089_aug_blur.jpg,943e0f875a1760b09e18985be3db8714,red_spider_00089,True,blur
train,Red spider,red_spider_00089_aug_flip_vertical.jpg,69c39d25fd49895e516c48e10f34c8db,red_spider_00089,True,flip
train,Red spider,red_spider_00090.jpg,ac465426dbb59697c54df541549c1944,red_spider_00090,False,
train,Red spider,red_spider_00090_aug_blur.jpg,ee740faa33edd2241247ab8f88c9d940,red_spider_00090,True,blur
train,Red spider,red_spider_00090_aug_flip_vertical.jpg,ce5df8663196bd13edaae0c96f06c8b3,red_spider_00090,True,flip
train,Red spider,red_spider_00090_aug_rotation.jpg,9abcad0faebbc77f724845a4cd5f2735,red_spider_00090,True,rotation
train,Red spider,red_spider_00091.jpg,5afa43be54aa74d5354e1408ec18e2ce,red_spider_00091,False,
train,Red spider,red_spider_00092.jpg,c2d071deb250b198b54903d3a3e4ff8d,red_spider_00092,False,
train,Red spider,red_spider_00092_aug_blur.jpg,af3180998bd1ac3ea85c333eb0edf84b,red_spider_00092,True,blur
train,Red spider,red_spider_00094.jpg,33353866d2eda8b29303d82d33b694b6,red_spider_00094,False,
train,Red spider,red_spider_00094_aug_flip_horizontal.jpg,38b7ca7e5af1ecff5ebd5d993dbca8b5,red_spider_00094,True,flip
train,Red spider,red_spider_00094_aug_flip_vertical.jpg,c812838b6079cc95a15b14e5b49bf260,red_spider_00094,True,flip
train,Red spider,red_spider_00095.jpg,0878b3ae55f6fcb81c59317f17d58ac4,red_spider_00095,False,
train,Red spider,red_spider_00096.jpg,b50aa1973adc7042f4cf4421275c39c2,red_spider_00096,False,
train,Red spider,red_spider_00096_aug_zoom.jpg,5f2b3e6d7f7fb574db06e82ad6bbe917,red_spider_00096,True,zoom
train,Red spider,red_spider_00097.jpg,cdfc8cff839f608e4b7bb163131a688a,red_spider_00097,False,
train,Red spider,red_spider_00097_aug_blur.jpg,9b6d45b65051591e74c7abb49e2c5ce0,red_spider_00097,True,blur
train,Red spider,red_spider_00098.jpg,d112bbcc65478a92af4a6c183689787a,red_spider_00098,False,
train,Red spider,red_spider_00098_aug_contrast.jpg,2015be3f0a2c520efc27d377b2de61ab,red_spider_00098,True,contrast
train,Red spider,red_spider_00098_aug_flip_vertical.jpg,12a1c97102dd0a71ba12c276c4492d9d,red_spider_00098,True,flip
train,Red spider,red_spider_00098_aug_rotation.jpg,f09c54176baf2cf2f083288c7a10a3c2,red_spider_00098,True,rotation
train,Red spider,red_spider_00099.jpg,2e06c1e5e9a96ee01d8e900135a05ead,red_spider_00099,False,
train,Red spider,red_spider_00100.jpg,3f3f13f9b783bfda75af2ff61a4c4d62,red_spider_00100,False,
train,Red spider,red_spider_00101.jpg,0933bbf7b6afea055aa7506571323f91,red_spider_00101,False,
train,Red spider,red_spider_00102.jpg,eba9ca3b3118f0b6bb2f5b4e0633235a,red_spider_00102,False,
train,Red spider,red_spider_00102_aug_zoom.jpg,6be736e974bb109a72149507488b01dd,red_spider_00102,True,zoom
train,Red spider,red_spider_00103.jpg,2de4b54816264223f4adec536ab7a831,red_spider_00103,False,
train,Red spider,red_spider_00103_aug_zoom.jpg,9956a7415d8a89237143b481db19a364,red_spider_00103,True,zoom
train,Red spider,red_spider_00105.jpg,321d8be461a20798e56eb69a9c1815a1,red_spider_00105,False,
train,Red spider,red_spider_00105_aug_flip_vertical.jpg,d650d3bb4093c8fd678cc20338439df3,red_spider_00105,True,flip
train,Red spider,red_spider_00105_aug_rotation.jpg,5ec4b1627c8ecfe13d43b2da08314428,red_spider_00105,True,rotation
train,Red spider,red_spider_00106.jpg,0c5e5032667746a4f25b061b2b61f3c0,red_spider_00106,False,
train,Red spider,red_spider_00106_aug_zoom.jpg,71253d8cec8a87f10ded0e61549e0a9d,red_spider_00106,True,zoom
train,Red spider,red_spider_00107.jpg,bb581d04a3eb347d9d2c29ebbc7d07dc,red_spider_00107,False,
train,Red spider,red_spider_00107_aug_rotation.jpg,87c7c8845fc8cf8c7051d2afeb1d54e7,red_spider_00107,True,rotation
train,Red spider,red_spider_00109.jpg,20e16ced19203450e9d818c9f9104071,red_spider_00109,False,
train,Red spider,red_spider_00109_aug_flip_vertical.jpg,a32f3904fa262aa4962fb32031d33896,red_spider_00109,True,flip
train,Red spider,red_spider_00110.jpg,0a7761a54c9cd285d428264302f31993,red_spider_00110,False,
train,Red spider,red_spider_00110_aug_rotation.jpg,ce373dbe6d8ec0f900606c1675b9013c,red_spider_00110,True,rotation
train,Red spider,red_spider_00112.jpg,e155933c0fd031f8f3e46b0d7e3f8bb1,red_spider_00112,False,
train,Red spider,red_spider_00113.jpg,5122ee2cee0e6764a84165c1de682f8a,red_spider_00113,False,
train,Red spider,red_spider_00113_aug_contrast.jpg,3d463d80ebf40c1d4733bdc9afc15d30,red_spider_00113,True,contrast
train,Red spider,red_spider_00113_aug_flip_horizontal.jpg,91bb17182bffa507317569988e8ddf58,red_spider_00113,True,flip
train,Red spider,red_spider_00113_aug_rotation.jpg,c36e5301ea68b5fd7d73cc6180519d65,red_spider_00113,True,rotation
train,Red spider,red_spider_00114.jpg,7c9a22417e598fb99f9addf91c45d63b,red_spider_00114,False,
train,Red spider,red_spider_00115.jpg,cd9543be7778de97a257e901a291eb27,red_spider_00115,False,
train,Red spider,red_spider_00116.jpg,ef8f9f73c5b4525ad70b79e722d5b6ca,red_spider_00116,False,
train,Red spider,red_spider_00116_aug_flip_horizontal.jpg,e6c73c231c17c838b18d0cd04f0fb5b4,red_spider_00116,True,flip
train,Red spider,red_spider_00116_aug_rotation.jpg,7bebf69d2954a8ea9b3153edf8254cff,red_spider_00116,True,rotation
train,Red spider,red_spider_00118.jpg,ca48504ad21668136d40e73bd282b3b7,red_spider_00118,False,
train,Red spider,red_spider_00118_aug_brightness.jpg,9ddb566dfe5c125ad2d26e83acfa2af6,red_spider_00118,True,brightness
train,Red spider,red_spider_00118_aug_flip_horizontal.jpg,c4f7580a116e16fd70bc137e996cf400,red_spider_00118,True,flip
train,Red spider,red_spider_00120.jpg,9acce7d1a5ef37a930054ed448cddf45,red_spider_00120,False,
train,Red spider,red_spider_00120_aug_flip_horizontal.jpg,f69b4a981dca9f85f916fbb69e6f4958,red_spider_00120,True,flip
train,Red spider,red_spider_00120_aug_rotation.jpg,a63e1739a3d4dc24c2204b0180f753b1,red_spider_00120,True,rotation
train,Red spider,red_spider_00121.jpg,c6002848ca6312db3b0001b9b106dd0c,red_spider_00121,False,
train,Red spider,red_spider_00121_aug_contrast.jpg,ec4b1e050a17bb3cb308a943eda77814,red_spider_00121,True,contrast
train,Red spider,red_spider_00121_aug_flip_horizontal.jpg,076523e70f3a96df1411fe5c5e47497e,red_spider_00121,True,flip
train,Red spider,red_spider_00122.jpg,095e9a612b93ecc30fc91c96d41e76e0,red_spider_00122,False,
train,Red spider,red_spider_00122_aug_blur.jpg,1b828cefa00c6f0fd2e588ba70a80059,red_spider_00122,True,blur
train,Red spider,red_spider_00122_aug_contrast.jpg,e7edd3675bd56e0a0687f0e29c1a3d78,red_spider_00122,True,contrast
train,Red spider,red_spider_00124.jpg,1bcb7c8d9d4376041f767f904e66e347,red_spider_00124,False,
train,Red spider,red_spider_00124_aug_brightness.jpg,6ea9659965630e7efe59ee0a37458e03,red_spider_00124,True,brightness
train,Red spider,red_spider_00125.jpg,0955ef17bcc40345ac06edcdd28fe21e,red_spider_00125,False,
train,Red spider,red_spider_00126.jpg,369a96cf9245d2165ec67268d49097fc,red_spider_00126,False,
train,Red spider,red_spider_00126_aug_contrast.jpg,16eccb4269a68b7923595c461f345c0e,red_spider_00126,True,contrast
train,Red spider,red_spider_00126_aug_rotation.jpg,8d38909fc517ba4beeb5dc400d3d245d,red_spider_00126,True,rotation
train,Red spider,red_spider_00126_aug_zoom.jpg,46eacc7a5ab181eab516543373125580,red_spider_00126,True,zoom
train,Red spider,red_spider_00127.jpg,241a2940e04240ff5e9f48d0f6acde24,red_spider_00127,False,
train,Red spider,red_spider_00127_aug_brightness.jpg,8593aeb3988b179203b88dd9ee2d096a,red_spider_00127,True,brightness
train,Red spider,red_spider_00127_aug_contrast.jpg,e3ce2dbdb05a38812676af082de83e02,red_spider_00127,True,contrast
train,Red spider,red_spider_00128.jpg,b97ee81318c1b4765761f4215a32db71,red_spider_00128,False,
train,Red spider,red_spider_00129.jpg,aed09f8d9674fcfe6bf3b558924e45b5,red_spider_00129,False,
train,Red spider,red_spider_00130.jpg,2928f596a0881e73465e91dde7418e47,red_spider_00130,False,
train,Red spider,red_spider_00134.jpg,58087c34a0f5ea09d738320cb8499abb,red_spider_00134,False,
train,Red spider,red_spider_00134_aug_brightness.jpg,4438bbf4212ac1d64dbe27cd6e8789e9,red_spider_00134,True,brightness
train,Red spider,red_spider_00135.jpg,c01138a108e771d456e908d235f090d2,red_spider_00135,False,
train,Red spider,red_spider_00135_aug_zoom.jpg,4f9ca4ec73c716a6f29ea8651f269162,red_spider_00135,True,zoom
train,Red spider,red_spider_00136.jpg,22f7b9cc82a62896676193a850d79e5f,red_spider_00136,False,
train,Red spider,red_spider_00136_aug_flip_vertical.jpg,2ac9f653b97b9d708cba75e3276326c1,red_spider_00136,True,flip
train,Red spider,red_spider_00137.jpg,7fb52ff085f38ec864ecd77729396485,red_spider_00137,False,
train,Red spider,red_spider_00137_aug_blur.jpg,a240b5ef518da94616670ff85ba9e6cd,red_spider_00137,True,blur
train,Red spider,red_spider_00138.jpg,c48b9cbb96b4a13c77776109453e7486,red_spider_00138,False,
train,Red spider,red_spider_00138_aug_contrast.jpg,a7b2a19c9055839726e9e8c601c29762,red_spider_00138,True,contrast
train,Red spider,red_spider_00139.jpg,7e4431ad136999e4dcf8492764f1eb00,red_spider_00139,False,
train,Red spider,red_spider_00139_aug_blur.jpg,eaf32387b7a1b611fd0752d3e74d02cb,red_spider_00139,True,blur
train,Red spider,red_spider_00139_aug_flip_vertical.jpg,69bcdd5eb183202c4e510b65155ece7b,red_spider_00139,True,flip
train,Red spider,red_spider_00140.jpg,7476d96f5ee5106cff4a6cbee19d9247,red_spider_00140,False,
train,Red spider,red_spider_00140_aug_blur.jpg,1f39a98d22908f623f8862298ec1f36d,red_spider_00140,True,blur
train,Red spider,red_spider_00142.jpg,d6eeae9c5417c2c157a0ea3c22033d21,red_spider_00142,False,
train,Red spider,red_spider_00142_aug_contrast.jpg,06ee8a6202939ef52f582cec2e0a71af,red_spider_00142,True,contrast
train,Red spider,red_spider_00142_aug_flip_vertical.jpg,86204c32807bb11a7df737f186e98eac,red_spider_00142,True,flip
train,Red spider,red_spider_00143.jpg,edeb074cd05f1a85d191d876aa1e3ee9,red_spider_00143,False,
train,Red spider,red_spider_00143_aug_rotation.jpg,d45879ef6bf9409d77d4571b5f6579b6,red_spider_00143,True,rotation
train,Red spider,red_spider_00143_aug_zoom.jpg,9f432ab9c74af89826c118a3389b476e,red_spider_00143,True,zoom
train,Red spider,red_spider_00144.jpg,8952a7fad84e6a9703231a14f9b13862,red_spider_00144,False,
train,Red spider,red_spider_00144_aug_flip_horizontal.jpg,0c772749a64213150e37796c864ad68b,red_spider_00144,True,flip
train,Red spider,red_spider_00146.jpg,3ad901ef224dc744db9457f352212a48,red_spider_00146,False,
train,Red spider,red_spider_00146_aug_rotation.jpg,0145ecf80d82f7e7a620d333d27349fd,red_spider_00146,True,rotation
train,Red spider,red_spider_00147.jpg,b8cfd2b09d75f1aca36d7be932599fbe,red_spider_00147,False,
train,Red spider,red_spider_00147_aug_blur.jpg,da2d302942d910981cb33d684c5497c2,red_spider_00147,True,blur
train,Red spider,red_spider_00151.jpg,5151fb7584c6028980b2015aba8781af,red_spider_00151,False,
train,Red spider,red_spider_00151_aug_blur.jpg,c22bb6f6455dccabbf9241825129b883,red_spider_00151,True,blur
train,Red spider,red_spider_00151_aug_contrast.jpg,e35a8f8fc7cbc0eec4b0cb89f3f65617,red_spider_00151,True,contrast
train,Red spider,red_spider_00151_aug_flip_horizontal.jpg,b4542ff74edaf6b448dd8e5f9c22eea7,red_spider_00151,True,flip
train,Red spider,red_spider_00152.jpg,b12cca6978e26aca1a0f1eed4251dbe9,red_spider_00152,False,
train,Red spider,red_spider_00152_aug_blur.jpg,b0cbffaeaae7a30e786c4a13f036b45d,red_spider_00152,True,blur
train,Red spider,red_spider_00152_aug_zoom.jpg,97de882f675d24eecdf5a478ea7141b1,red_spider_00152,True,zoom
train,Red spider,red_spider_00153.jpg,8ffe813f28e7b681823e5736395a600d,red_spider_00153,False,
train,Red spider,red_spider_00153_aug_contrast.jpg,714e929fba577d2f847aa1d8355c056b,red_spider_00153,True,contrast
train,Red spider,red_spider_00153_aug_zoom.jpg,9cdd070dbd5081a5f571bcb998ae326d,red_spider_00153,True,zoom
train,Red spider,red_spider_00154.jpg,9ad28628485f0b9bf873c26953479916,red_spider_00154,False,
train,Red spider,red_spider_00154_aug_rotation.jpg,cbab6fe4eec3309c18a0fbca0307da8b,red_spider_00154,True,rotation
train,Red spider,red_spider_00155.jpg,1c947d200edb3d9fa268d0e5496a29e6,red_spider_00155,False,
train,Red spider,red_spider_00155_aug_brightness.jpg,8b0297424c3409a595caa320b7a0c8f5,red_spider_00155,True,brightness
train,Red spider,red_spider_00156.jpg,25b86a00f0e14a3b03f5048b5ffb53e5,red_spider_00156,False,
train,Red spider,red_spider_00156_aug_flip_vertical.jpg,1266fc0f6dafef18ffa5c2ed6c676725,red_spider_00156,True,flip
train,Red spider,red_spider_00157.jpg,56f6ca4edad219bd89b32a504acbeef8,red_spider_00157,False,
train,Red spider,red_spider_00157_aug_blur.jpg,35e7276cb410344696d50e6e30bf00a1,red_spider_00157,True,blur
train,Red spider,red_spider_00158.jpg,7bc2b881e4c39988f70843baa4b3cab2,red_spider_00158,False,
train,Red spider,red_spider_00158_aug_brightness.jpg,4ea93a4cd6112f689d54ca0d00b0660d,red_spider_00158,True,brightness
train,Red spider,red_spider_00159.jpg,09a0d09b4b8e426bd100dd04a1639c16,red_spider_00159,False,
train,Red spider,red_spider_00159_aug_blur.jpg,a58319fe1979fed1332a5590a413fa1a,red_spider_00159,True,blur
train,Red spider,red_spider_00159_aug_brightness.jpg,f8540a844f89e9289afe6a1ca4dc38de,red_spider_00159,True,brightness
train,Red spider,red_spider_00162.jpg,bf19fa5af748aa23ea3976470bb2f49f,red_spider_00162,False,
train,Red spider,red_spider_00163.jpg,fe7e00ef22c8a2e905867e0e0759d64f,red_spider_00163,False,
train,Red spider,red_spider_00164.jpg,8769f231bc347f21189bbb04105aa69a,red_spider_00164,False,
train,Red spider,red_spider_00164_aug_blur.jpg,4deb618548bff8e0fbbcb4e9df28987f,red_spider_00164,True,blur
train,Red spider,red_spider_00164_aug_flip_horizontal.jpg,c872c461d51610f86516171c4f49ff1e,red_spider_00164,True,flip
train,Red spider,red_spider_00164_aug_flip_vertical.jpg,d17b96323be5e9bb46935a63567a65e6,red_spider_00164,True,flip
train,Red spider,red_spider_00167.jpg,351680bc5dbea349e9f7d8a39b72deb6,red_spider_00167,False,
train,Red spider,red_spider_00167_aug_rotation.jpg,b81bb32f7f57472511c5c3c1b33a850b,red_spider_00167,True,rotation
train,Red spider,red_spider_00167_aug_zoom.jpg,472e521c6f5ec8cfa9cd482ad26f0eff,red_spider_00167,True,zoom
train,Red spider,red_spider_00168.jpg,dfb1bdde8cb5905fd124b2040c4b197d,red_spider_00168,False,
train,Red spider,red_spider_00168_aug_flip_vertical.jpg,18cd3ef0bfb623d27fed9ebb33f9bc6a,red_spider_00168,True,flip
train,Red spider,red_spider_00169.jpg,dd1ba4701185ad19cfddc13d9e159cab,red_spider_00169,False,
train,Red spider,red_spider_00169_aug_zoom.jpg,49fbab4148cea955290294313b52d911,red_spider_00169,True,zoom
train,Red spider,red_spider_00170.jpg,e2854287c2e40cad8fcb9690665821ad,red_spider_00170,False,
train,Red spider,red_spider_00170_aug_brightness.jpg,4fdcde92b59d1ea4d6f08740a2b2c534,red_spider_00170,True,brightness
train,Red spider,red_spider_00170_aug_flip_vertical.jpg,f669b80ad4985b93e29b3ed786a3b100,red_spider_00170,True,flip
train,Red spider,red_spider_00170_aug_rotation.jpg,a31903ff7aa5452cfa0e0ec117deed60,red_spider_00170,True,rotation
train,Red spider,red_spider_00171.jpg,9c4332408e921c71d9dfae8d14efa9a4,red_spider_00171,False,
train,Red spider,red_spider_00172.jpg,462a4e9b03d0b41b0b709d66381ad82b,red_spider_00172,False,
train,Red spider,red_spider_00173.jpg,7f569ec3abef286af948e91d729d8e2b,red_spider_00173,False,
train,Red spider,red_spider_00173_aug_blur.jpg,0f72aec98536a03de4e8fb27f095e9d8,red_spider_00173,True,blur
train,Red spider,red_spider_00173_aug_rotation.jpg,f6bfe27593e130fb5ff7b71982384470,red_spider_00173,True,rotation
train,Red spider,red_spider_00173_aug_zoom.jpg,2e9a042470019975df1d3b99166bbf14,red_spider_00173,True,zoom
train,Red spider,red_spider_00174.jpg,7a34fcbf8afa1c393a036f2ddfb6376c,red_spider_00174,False,
train,Red spider,red_spider_00174_aug_flip_horizontal.jpg,26fe98d834388520c0dd1722f3f7a7d9,red_spider_00174,True,flip
train,Red spider,red_spider_00175.jpg,87bf68f6de951fb25e8bd77e1ea383b0,red_spider_00175,False,
train,Red spider,red_spider_00175_aug_flip_vertical.jpg,e661e52b518c32c953e33db6f0438542,red_spider_00175,True,flip
train,Red spider,red_spider_00176.jpg,3c0ceb53f23b3ded90c7f5d08500aa06,red_spider_00176,False,
train,Red spider,red_spider_00177.jpg,2b85599f77791a63b183540dbe76e954,red_spider_00177,False,
train,Red spider,red_spider_00177_aug_brightness.jpg,17574a822d249e59fac8e14a024e4511,red_spider_00177,True,brightness
train,Red spider,red_spider_00177_aug_flip_vertical.jpg,1dc32849ad63e0dc3de45892b34536b3,red_spider_00177,True,flip
train,Red spider,red_spider_00178.jpg,bb20b0247efc7e479af7d7b23495924b,red_spider_00178,False,
train,Red spider,red_spider_00180.jpg,b50da47a420560898dfc1c999a615ff4,red_spider_00180,False,
train,Red spider,red_spider_00182.jpg,62141125967e2a8373ae1ae0a52e9947,red_spider_00182,False,
train,Red spider,red_spider_00186.jpg,40430d860673055aa92e2372e2611249,red_spider_00186,False,
train,Red spider,red_spider_00186_aug_brightness.jpg,5484d143d29175fcea75eb8f2337eef2,red_spider_00186,True,brightness
train,Red spider,red_spider_00186_aug_contrast.jpg,775ba1ed44a0422260271d94a6522e23,red_spider_00186,True,contrast
train,Red spider,red_spider_00186_aug_flip_horizontal.jpg,ea01e58f95b8456ab81295457ccb377e,red_spider_00186,True,flip
train,Red spider,red_spider_00188.jpg,d2c92357ed9945cd2a3b7273d2a79867,red_spider_00188,False,
train,Red spider,red_spider_00189.jpg,727a4fda1144ea64501cd9974bf2fa2c,red_spider_00189,False,
train,Red spider,red_spider_00190.jpg,0e9ae62693a8b0a691119ba7dc4fe279,red_spider_00190,False,
train,Red spider,red_spider_00190_aug_contrast.jpg,b200bd93b1a005975da6edc4a6e3c110,red_spider_00190,True,contrast
train,Red spider,red_spider_00191.jpg,4e23216a25d0656e4873168c891d369a,red_spider_00191,False,
train,Red spider,red_spider_00191_aug_brightness.jpg,d5d110a362b567d16329d2f5cbab31cb,red_spider_00191,True,brightness
train,Red spider,red_spider_00192.jpg,d9fd2e989d2fd4b80bc2f90656d3df29,red_spider_00192,False,
train,Red spider,red_spider_00192_aug_flip_horizontal.jpg,902ad0967deb69cf5286ffa906aa6b06,red_spider_00192,True,flip
train,Red spider,red_spider_00192_aug_flip_vertical.jpg,f0cb3af5139010d914220cc90bba1935,red_spider_00192,True,flip
train,Red spider,red_spider_00194.jpg,7d24be7dd0039ef0eebb14e849b88f8f,red_spider_00194,False,
train,Red spider,red_spider_00194_aug_blur.jpg,561526436a796532c804c6ad591770d4,red_spider_00194,True,blur
train,Red spider,red_spider_00194_aug_flip_horizontal.jpg,41d0a8b212d813de80116c547cadaf26,red_spider_00194,True,flip
train,Red spider,red_spider_00194_aug_flip_vertical.jpg,a151fa75b6cda36a8455c63ead6e6fc8,red_spider_00194,True,flip
train,Red spider,red_spider_00195.jpg,8505a9414c734f996701af0d2a565212,red_spider_00195,False,
train,Red spider,red_spider_00195_aug_flip_horizontal.jpg,faeea0682867b1da444b40aa21af28d2,red_spider_00195,True,flip
train,Red spider,red_spider_00195_aug_rotation.jpg,cb2a7124e26f3d9f8821d6ca44ed88b6,red_spider_00195,True,rotation
train,Red spider,red_spider_00196.jpg,69c0bec7fce11444a92347970ee96883,red_spider_00196,False,
train,Red spider,red_spider_00197.jpg,7d82fae53d26416365af423c57fbf1da,red_spider_00197,False,
train,Red spider,red_spider_00197_aug_rotation.jpg,0d7567d0f94dcb93b034961a4c189392,red_spider_00197,True,rotation
train,Red spider,red_spider_00198.jpg,0afa39f1bf42857bc2aa1d380f2f62a0,red_spider_00198,False,
train,Red spider,red_spider_00198_aug_flip_horizontal.jpg,c9d7129211f8f16571b405bfee36cca9,red_spider_00198,True,flip
train,Red spider,red_spider_00198_aug_rotation.jpg,0480e086859a39325d09f5e44dd44fe1,red_spider_00198,True,rotation
train,Red spider,red_spider_00201.jpg,77e8754a3b7f64bf712681103fddd55f,red_spider_00201,False,
train,Red spider,red_spider_00201_aug_brightness.jpg,c3e0eedf53ba0434ceede45ac4b9d078,red_spider_00201,True,brightness
train,Red spider,red_spider_00201_aug_contrast.jpg,36b5c878e9e69c5f1812d552ece64d06,red_spider_00201,True,contrast
train,Red spider,red_spider_00202.jpg,16212c8b3e2f4c1b644b158b66f0aa72,red_spider_00202,False,
train,Red spider,red_spider_00203.jpg,d9ca33f6aa41deae601b957fae07bf11,red_spider_00203,False,
train,Red spider,red_spider_00206.jpg,7c7f4bf4f421159e7259f209964738e1,red_spider_00206,False,
train,Red spider,red_spider_00207.jpg,3bb036159c6e4d3984fabf8a3caf0f55,red_spider_00207,False,
train,Red spider,red_spider_00207_aug_flip_vertical.jpg,52ea0d5b224131cdad03a3ae2e58394d,red_spider_00207,True,flip
train,Red spider,red_spider_00207_aug_zoom.jpg,c9bcbb1bb76d90f61033ae13e1cf507d,red_spider_00207,True,zoom
train,Red spider,red_spider_00208.jpg,12b823834ecb8db9b10638ff91af004e,red_spider_00208,False,
train,Red spider,red_spider_00208_aug_blur.jpg,a07141f28be3adb2f6e6acf9803ab87c,red_spider_00208,True,blur
train,Red spider,red_spider_00208_aug_brightness.jpg,34c0415bdf26c5a1d51f7c34b82d171c,red_spider_00208,True,brightness
train,Red spider,red_spider_00209.jpg,c604e3a1bbcee7a7b689417fafde9ab6,red_spider_00209,False,
train,Red spider,red_spider_00209_aug_zoom.jpg,e0b7830b9048936d6f3e9a43f9486bc2,red_spider_00209,True,zoom
train,Red spider,red_spider_00210.jpg,41d408affe0171563b339808ca0b85f1,red_spider_00210,False,
train,Red spider,red_spider_00210_aug_rotation.jpg,0797dd7e841c4bc334833027e022e0ed,red_spider_00210,True,rotation
train,Red spider,red_spider_00211.jpg,0a7ebf21453fe737cf5eb6a48712943f,red_spider_00211,False,
train,Red spider,red_spider_00211_aug_blur.jpg,cf6d121abade945160454ba8fd3f3a3d,red_spider_00211,True,blur
train,Red spider,red_spider_00211_aug_brightness.jpg,b8f8e6dc21e9ba2a9fbb33e9a2bafce5,red_spider_00211,True,brightness
train,Red spider,red_spider_00211_aug_zoom.jpg,45232c8fe381f957749b5513539ec6ee,red_spider_00211,True,zoom
train,Red spider,red_spider_00212.jpg,1be908aacae616efe24ce6f5cff502a8,red_spider_00212,False,
train,Red spider,red_spider_00212_aug_brightness.jpg,20d2ca24ae2dea1954dc5e59cb3682a1,red_spider_00212,True,brightness
train,Red spider,red_spider_00213.jpg,ad37c0e4684e6698701afa19b8a8af5e,red_spider_00213,False,
train,Red spider,red_spider_00213_aug_blur.jpg,ae43ca978bb03d9a6852a453059d92ea,red_spider_00213,True,blur
train,Red spider,red_spider_00213_aug_flip_horizontal.jpg,4f1d2c115a4296bd75f25f96b16616c9,red_spider_00213,True,flip
train,Red spider,red_spider_00214.jpg,dc4938433c6ffd1ecf00ca33cbb5df0a,red_spider_00214,False,
train,Red spider,red_spider_00214_aug_rotation.jpg,5f44d9444ece38dabe89fe6f3c612251,red_spider_00214,True,rotation
train,Red spider,red_spider_00215.jpg,a9ae8bf33fff3a405f7ce489560ebb54,red_spider_00215,False,
train,Red spider,red_spider_00215_aug_rotation.jpg,3b3894fae5c71b8cfacbebec8bd82069,red_spider_00215,True,rotation
train,Red spider,red_spider_00215_aug_zoom.jpg,931d69412b295a9198a69063100f76d9,red_spider_00215,True,zoom
train,Red spider,red_spider_00216.jpg,c4af7a78d4383ad6ff4e58c2f45b595d,red_spider_00216,False,
train,Red spider,red_spider_00216_aug_brightness.jpg,f8c02a896226ab8c30d840b2685d4395,red_spider_00216,True,brightness
train,Red spider,red_spider_00216_aug_contrast.jpg,5742717171b8f1eb653e55b4cd941d15,red_spider_00216,True,contrast
train,Red spider,red_spider_00216_aug_rotation.jpg,1789978caf1c79935ff8382d481e96a5,red_spider_00216,True,rotation
train,Red spider,red_spider_00218.jpg,78322ca7ab1fe43ab7de6be6491bb416,red_spider_00218,False,
train,Red spider,red_spider_00218_aug_blur.jpg,94099eb37c10132cc0a7bc4c18534325,red_spider_00218,True,blur
train,Red spider,red_spider_00218_aug_flip_horizontal.jpg,3577da016b704a86958c6f9ec0c84c04,red_spider_00218,True,flip
train,Red spider,red_spider_00220.jpg,784192ec66f10456503c551a9725fb1b,red_spider_00220,False,
train,Red spider,red_spider_00220_aug_zoom.jpg,053d52e169db39f6dc9ea8fd8910b988,red_spider_00220,True,zoom
train,Red spider,red_spider_00222.jpg,f026ad538722736e56454d46fc006caf,red_spider_00222,False,
train,Red spider,red_spider_00222_aug_blur.jpg,b7f08b9524461b78d067a0f190678de4,red_spider_00222,True,blur
train,Red spider,red_spider_00222_aug_brightness.jpg,5a8b678c83f4c3af55cd076761d6ba72,red_spider_00222,True,brightness
train,Red spider,red_spider_00222_aug_zoom.jpg,7028eba08e4a2729728bd032a21a32df,red_spider_00222,True,zoom
train,Red spider,red_spider_00223.jpg,f1490d48e349c72ae77f29f400b167e6,red_spider_00223,False,
train,Red spider,red_spider_00223_aug_contrast.jpg,f7876e55635f315124b6a61a0e953986,red_spider_00223,True,contrast
train,Red spider,red_spider_00224.jpg,d62d2c4f6058049129965694aa7ed244,red_spider_00224,False,
train,Red spider,red_spider_00226.jpg,3c9e1f2d3da6a5c3168493c21c93fcba,red_spider_00226,False,
train,Red spider,red_spider_00226_aug_contrast.jpg,e0bcd63a0a0339932d2f4d227bbfe68b,red_spider_00226,True,contrast
train,Red spider,red_spider_00227.jpg,eabe00bc226aef973ee8dde99af1b057,red_spider_00227,False,
train,Red spider,red_spider_00227_aug_blur.jpg,e57360047d0c00717e91d0a8b6045420,red_spider_00227,True,blur
train,Red spider,red_spider_00227_aug_contrast.jpg,18451da83d8fabf768f55196c691ad28,red_spider_00227,True,contrast
train,Red spider,red_spider_00229.jpg,15450224b8abe97a081989b306726eae,red_spider_00229,False,
train,Red spider,red_spider_00229_aug_flip_horizontal.jpg,06b5b37ff54c070c7ffc53e4230dcefa,red_spider_00229,True,flip
train,Red spider,red_spider_00231.jpg,9174ceeb365e9f1e7ab164c061c974c6,red_spider_00231,False,
train,Red spider,red_spider_00231_aug_flip_vertical.jpg,3c694aa74b2774ab0dfc26bf9fd25fd8,red_spider_00231,True,flip
train,Red spider,red_spider_00234.jpg,29dd35af56da9b57ca616387d3da53c4,red_spider_00234,False,
train,Red spider,red_spider_00234_aug_brightness.jpg,32380724e71f66012b4bcb9061c5e044,red_spider_00234,True,brightness
train,Red spider,red_spider_00236.jpg,1c343afee87e3608a3622934855403da,red_spider_00236,False,
train,Red spider,red_spider_00236_aug_brightness.jpg,f78c2caa5297bb0b5d28a569e9eab05b,red_spider_00236,True,brightness
train,Red spider,red_spider_00238.jpg,4f329961eb52ea33fe4ece58d7181d8a,red_spider_00238,False,
train,Red spider,red_spider_00239.jpg,cf430dd390095984802d344697c1234b,red_spider_00239,False,
train,Red spider,red_spider_00239_aug_brightness.jpg,4e83fb7088b99f4095dcb11d094acaad,red_spider_00239,True,brightness
train,Red spider,red_spider_00239_aug_contrast.jpg,7b9f789ed512dc9c826bb2a1a7fddb39,red_spider_00239,True,contrast
train,Red spider,red_spider_00240.jpg,58004ccc00a2961e79fc6bf0590301e9,red_spider_00240,False,
train,Red spider,red_spider_00240_aug_blur.jpg,c26e7eb1b280bf24606ab5ef6aead65e,red_spider_00240,True,blur
train,Red spider,red_spider_00240_aug_brightness.jpg,9ac3ea09e45aad7a8c843a6768fd5775,red_spider_00240,True,brightness
train,Red spider,red_spider_00240_aug_contrast.jpg,26cd9cba350740488bfa35eaf128644f,red_spider_00240,True,contrast
train,Red spider,red_spider_00240_aug_flip_horizontal.jpg,e88b19ed35330a8e9ca5c19f8c891465,red_spider_00240,True,flip
train,Red spider,red_spider_00241.jpg,273a8d9f948b0430409ec5166a207e93,red_spider_00241,False,
train,Red spider,red_spider_00241_aug_flip_horizontal.jpg,2732e5283eac35bbf92205323b0f844f,red_spider_00241,True,flip
train,Red spider,red_spider_00241_aug_rotation.jpg,4743358522bc8de693b70c6f99367e21,red_spider_00241,True,rotation
train,Red spider,red_spider_00242.jpg,83c61f926c58c73ce44746d378d027cd,red_spider_00242,False,
train,Red spider,red_spider_00242_aug_brightness.jpg,28c29ed582577326fc4b6d96ab6bc286,red_spider_00242,True,brightness
train,Red spider,red_spider_00242_aug_rotation.jpg,9a382828245af85646c6258f33efa89e,red_spider_00242,True,rotation
train,Red spider,red_spider_00245.jpg,ce602e1e6f57c1be59c880d9d15140be,red_spider_00245,False,
train,Red spider,red_spider_00245_aug_contrast.jpg,8bc609b7ab1edff91706d43f040dc694,red_spider_00245,True,contrast
train,Red spider,red_spider_00245_aug_flip_horizontal.jpg,74cab94b3b0f94dca65089b385d16578,red_spider_00245,True,flip
train,Red spider,red_spider_00245_aug_rotation.jpg,f0d7b799aa300c6a1fb7ff55b8925088,red_spider_00245,True,rotation
train,Red spider,red_spider_00246.jpg,4d26d5ac2e6cc5437986c513effd81f3,red_spider_00246,False,
train,Red spider,red_spider_00247.jpg,ea9c6b840ee2aef97d6136a302336d0e,red_spider_00247,False,
train,Red spider,red_spider_00247_aug_brightness.jpg,f98fb0ae9403e2de0ebe8732aa62d4e4,red_spider_00247,True,brightness
train,Red spider,red_spider_00247_aug_flip_horizontal.jpg,b3c042298ed7eb6e01740cce64d2ad0f,red_spider_00247,True,flip
train,Red spider,red_spider_00249.jpg,affd14a2815fead3f62b8a4bbc41ef5c,red_spider_00249,False,
train,Red spider,red_spider_00249_aug_contrast.jpg,fc2e384e6b45786ba0d58426df91e311,red_spider_00249,True,contrast
train,Red spider,red_spider_00249_aug_rotation.jpg,a15a87ade2bb1a89e11d4b817a24236f,red_spider_00249,True,rotation
train,Red spider,red_spider_00250.jpg,4a476c50b9b47a04856dd596da1eb1a2,red_spider_00250,False,
train,Red spider,red_spider_00251.jpg,f8401920cc2f3b224e11200c2a4c2f44,red_spider_00251,False,
train,Red spider,red_spider_00251_aug_contrast.jpg,3c3983dd873bbb25f849e973b1db2aa9,red_spider_00251,True,contrast
train,Red spider,red_spider_00254.jpg,4f22891fb6f0527d2ba13c0f3a5b065e,red_spider_00254,False,
train,Red spider,red_spider_00254_aug_flip_horizontal.jpg,3e187e8bfcf48e37469769a5111389d9,red_spider_00254,True,flip
train,Red spider,red_spider_00255.jpg,23d80d21d459c639f941f74f35c4ecf3,red_spider_00255,False,
train,Red spider,red_spider_00255_aug_blur.jpg,9156a8fe3062356421230f9df80b264c,red_spider_00255,True,blur
train,Red spider,red_spider_00256.jpg,c7123d2be4f2e8d60b3552541e7c91e8,red_spider_00256,False,
train,Red spider,red_spider_00257.jpg,beb4f62b6d763d9c23252f8bbd0c6a14,red_spider_00257,False,
train,Red spider,red_spider_00260.jpg,0bcf611a4be7be1e98ac01e897e51b7e,red_spider_00260,False,
train,Red spider,red_spider_00261.jpg,c1fdffac0c6271f3a95a37dd76aae762,red_spider_00261,False,
train,Red spider,red_spider_00261_aug_flip_vertical.jpg,f245c2f0604028b82f2017e4eba9cc9d,red_spider_00261,True,flip
train,Red spider,red_spider_00261_aug_rotation.jpg,989d422a9aafcd92fc48fed4dbc1f3b5,red_spider_00261,True,rotation
train,Red spider,red_spider_00262.jpg,8153bc10644466a0b3efe5c4bd99d064,red_spider_00262,False,
train,Red spider,red_spider_00262_aug_flip_vertical.jpg,948e0cdb4c8b8deaca8fc4906176fb34,red_spider_00262,True,flip
train,Red spider,red_spider_00262_aug_zoom.jpg,ccae5a9079fe463724f5236a4eca0ae7,red_spider_00262,True,zoom
train,Red spider,red_spider_00264.jpg,e6038807a9280cd7e0b1d9d4877caac3,red_spider_00264,False,
train,Red spider,red_spider_00264_aug_zoom.jpg,3a03f05d124409f5f5db672d2d3365e2,red_spider_00264,True,zoom
train,Red spider,red_spider_00267.jpg,40db039443c7329ae0bec368e1c27379,red_spider_00267,False,
train,Red spider,red_spider_00267_aug_blur.jpg,ba861c96f98073c7454f98f83e32e6d3,red_spider_00267,True,blur
train,Red spider,red_spider_00267_aug_contrast.jpg,8f2582c932a45f44cf70615ea33044c4,red_spider_00267,True,contrast
train,Red spider,red_spider_00271.jpg,17e93f46c36ccbb950274dff6b2b9bf5,red_spider_00271,False,
train,Red spider,red_spider_00272.jpg,dbe9bbe62ed66c6b537b274cdedce388,red_spider_00272,False,
train,Red spider,red_spider_00272_aug_blur.jpg,9de7b94a33d67b4234df912a2ef9e4dd,red_spider_00272,True,blur
train,Red spider,red_spider_00273.jpg,93b63b1ced3243b68eba4167dd265e50,red_spider_00273,False,
train,Red spider,red_spider_00273_aug_brightness.jpg,5a67c5d3f8b50ed65d0ef6c49464db78,red_spider_00273,True,brightness
train,Red spider,red_spider_00273_aug_zoom.jpg,6354dd54667d304736cf3b050db71b76,red_spider_00273,True,zoom
train,Red spider,red_spider_00274.jpg,0b772e6b530537a774a2a52dcb99492b,red_spider_00274,False,
train,Red spider,red_spider_00274_aug_blur.jpg,d9f12424a3fbd949414774a368f7c0fd,red_spider_00274,True,blur
train,Red spider,red_spider_00274_aug_contrast.jpg,bdab6b31a55aa2b6c5ac0d687aff0d69,red_spider_00274,True,contrast
train,Red spider,red_spider_00274_aug_flip_horizontal.jpg,9f12bd5f82d99b539a83e0e78d9b6c18,red_spider_00274,True,flip
train,Red spider,red_spider_00274_aug_rotation.jpg,3a053db49a8881690326ff2939613712,red_spider_00274,True,rotation
train,Red spider,red_spider_00276.jpg,d06a2c470eb86c8d6df674be6f877984,red_spider_00276,False,
train,Red spider,red_spider_00277.jpg,2a96f0ae65051ca9686ea66b44c16f51,red_spider_00277,False,
train,Red spider,red_spider_00278.jpg,ee72371cc04e639037543db46660e0aa,red_spider_00278,False,
train,Red spider,red_spider_00278_aug_blur.jpg,09f738a385fb9d2645928541e8e6f36e,red_spider_00278,True,blur
train,Red spider,red_spider_00278_aug_brightness.jpg,2e669ef68f7b0690e9e75ad060a57151,red_spider_00278,True,brightness
train,Red spider,red_spider_00278_aug_flip_vertical.jpg,1e4c27add265dc52344c8c57645c8953,red_spider_00278,True,flip
train,Red spider,red_spider_00278_aug_zoom.jpg,bfc744010c901a9f1ea47d83ec41f750,red_spider_00278,True,zoom
train,Red spider,red_spider_00279.jpg,bfe9f6eb94a8b1ac06d8843086138adf,red_spider_00279,False,
train,Red spider,red_spider_00279_aug_brightness.jpg,30a66792d68943b6f59067bd2c09ce43,red_spider_00279,True,brightness
train,Red spider,red_spider_00279_aug_rotation.jpg,3b45918cbfeda5902989b5271368d442,red_spider_00279,True,rotation
train,Red spider,red_spider_00279_aug_zoom.jpg,eba8d98fb5daf9e98f9fab767db56768,red_spider_00279,True,zoom
train,Red spider,red_spider_00280.jpg,a256412d267bb635bcb8ce308057de0c,red_spider_00280,False,
train,Red spider,red_spider_00280_aug_brightness.jpg,9efd8c3f4a75ef0b9404acdfed6563c7,red_spider_00280,True,brightness
train,Red spider,red_spider_00280_aug_zoom.jpg,40c8ecadec7b1e8c63305bb668a3104a,red_spider_00280,True,zoom
train,Red spider,red_spider_00281.jpg,9cb6053447878d2fae11a80ca850ffa1,red_spider_00281,False,
train,Red spider,red_spider_00281_aug_rotation.jpg,f2315dcf002cad00246984c97417646b,red_spider_00281,True,rotation
train,Red spider,red_spider_00282.jpg,a703fa366473dff9b13fd32103f69ffc,red_spider_00282,False,
train,Red spider,red_spider_00282_aug_blur.jpg,5e3787ca354b89ce86c172d8bfd69155,red_spider_00282,True,blur
train,Red spider,red_spider_00282_aug_contrast.jpg,def0f5c92888be8fc23ecce13f1c2705,red_spider_00282,True,contrast
train,Red spider,red_spider_00283.jpg,b6abc91b9dcb95c60b50ebf4fe854dad,red_spider_00283,False,
train,Red spider,red_spider_00284.jpg,6e8ef7f3335eb2ffaebfcc54e81d1745,red_spider_00284,False,
train,Red spider,red_spider_00284_aug_flip_vertical.jpg,1e6c7a1ca2ca318fc3f22bd768f4cd0c,red_spider_00284,True,flip
train,Red spider,red_spider_00284_aug_zoom.jpg,7215eb037be1fc2365ad84ff80f677bf,red_spider_00284,True,zoom
train,Red spider,red_spider_00285.jpg,f54a74fe73642edff329e2675c1aac0f,red_spider_00285,False,
train,Red spider,red_spider_00285_aug_brightness.jpg,663db586e9eb3919efecdd58ce010196,red_spider_00285,True,brightness
train,Red spider,red_spider_00286.jpg,839a34c62f953c6a9b04ecabc69123d5,red_spider_00286,False,
train,Red spider,red_spider_00286_aug_blur.jpg,0372cb7f159bd03f18f0bf41207ca21f,red_spider_00286,True,blur
train,Red spider,red_spider_00286_aug_contrast.jpg,6392b89b726231919a0fd88baa0aabda,red_spider_00286,True,contrast
train,Red spider,red_spider_00286_aug_rotation.jpg,dc79afba541e9b43e0e87b12c30150c4,red_spider_00286,True,rotation
train,Red spider,red_spider_00288.jpg,9336d7821d7cfa1ce5710b495ee808cb,red_spider_00288,False,
train,Red spider,red_spider_00288_aug_rotation.jpg,2a9a15a8ee6e383fe23badf0992cf15b,red_spider_00288,True,rotation
train,Red spider,red_spider_00289.jpg,1fb9e6c1dc95dc8e2776585caefd454e,red_spider_00289,False,
train,Red spider,red_spider_00289_aug_brightness.jpg,a7064a7e1dd81b90b818cc8284040586,red_spider_00289,True,brightness
train,Red spider,red_spider_00289_aug_contrast.jpg,8c570b492e3efdd159c6e71b520882ab,red_spider_00289,True,contrast
train,Red spider,red_spider_00291.jpg,0158d844a3190c87aab2bb3597c07469,red_spider_00291,False,
train,Red spider,red_spider_00291_aug_brightness.jpg,9f7591a5cc59d8d48ce7020672801fd4,red_spider_00291,True,brightness
train,Red spider,red_spider_00291_aug_rotation.jpg,6a608ad2f1be900cbbbd8bfa189cac89,red_spider_00291,True,rotation
train,Red spider,red_spider_00291_aug_zoom.jpg,60652b093fedb6591da5da69a929856a,red_spider_00291,True,zoom
train,Red spider,red_spider_00292.jpg,d2b263f501271e8d18a6a7a7f27bfbe7,red_spider_00292,False,
train,Red spider,red_spider_00292_aug_blur.jpg,0e8d544ad19d23ea890fff6e92516ca1,red_spider_00292,True,blur
train,Red spider,red_spider_00292_aug_brightness.jpg,4615d7199351665c1ad8a088565c39c5,red_spider_00292,True,brightness
train,Red spider,red_spider_00293.jpg,6dc03f038b580d5890f953de08ff51d3,red_spider_00293,False,
train,Red spider,red_spider_00293_aug_blur.jpg,dceb97ea3128af2f839c4fb5dc539f9e,red_spider_00293,True,blur
train,Red spider,red_spider_00293_aug_contrast.jpg,0e770d40e8318e1179f506692a3922de,red_spider_00293,True,contrast
train,Red spider,red_spider_00293_aug_zoom.jpg,a455686d4b03af2508991465b5d3c183,red_spider_00293,True,zoom
train,Red spider,red_spider_00295.jpg,92815e66e00b53619fe4ff82c6067a35,red_spider_00295,False,
train,Red spider,red_spider_00296.jpg,a553f0d5fa0a06daa94ba95fb72224db,red_spider_00296,False,
train,Red spider,red_spider_00298.jpg,2d2654f5b23e117cd68c50fa8093a60e,red_spider_00298,False,
train,Red spider,red_spider_00298_aug_blur.jpg,e12d356811de6758a7a2dc32b0c91e24,red_spider_00298,True,blur
train,Red spider,red_spider_00298_aug_brightness.jpg,ac460114549497497ec60863d27e2d57,red_spider_00298,True,brightness
train,Red spider,red_spider_00299.jpg,5907a58582f360c4bfd8c334f624ddf7,red_spider_00299,False,
train,Red spider,red_spider_00299_aug_flip_horizontal.jpg,33b27a425ff6370c614478839dfe18fd,red_spider_00299,True,flip
train,Red spider,red_spider_00300.jpg,ce2edcf53aaf5ac1eb3048a783e76706,red_spider_00300,False,
train,Red spider,red_spider_00300_aug_brightness.jpg,4935e363819607fa619d1bc4e9a74f54,red_spider_00300,True,brightness
train,Red spider,red_spider_00300_aug_flip_horizontal.jpg,8ca1e8bb6480d76cb0cf32016492fefb,red_spider_00300,True,flip
train,Red spider,red_spider_00300_aug_rotation.jpg,93f6cf2330032aaf66d2be86c0dd513a,red_spider_00300,True,rotation
train,Red spider,red_spider_00302.jpg,d7cbf2b71c7395896ec30778c8ffb5f9,red_spider_00302,False,
train,Red spider,red_spider_00302_aug_flip_vertical.jpg,d93b6be769f7a6305d49123cb2dcfbc3,red_spider_00302,True,flip
train,Red spider,red_spider_00302_aug_zoom.jpg,f00c36ffbb0069a13044b357877c31eb,red_spider_00302,True,zoom
train,Red spider,red_spider_00303.jpg,43e74973a4fcf972e70c2d53b1200a6c,red_spider_00303,False,
train,Red spider,red_spider_00303_aug_blur.jpg,9e3041f2899eedeafbea00c345a02dce,red_spider_00303,True,blur
train,Red spider,red_spider_00304.jpg,6c843390b5171542445927e0801cd4af,red_spider_00304,False,
train,Red spider,red_spider_00304_aug_brightness.jpg,8ef642b996a6e376f54e072e59efd614,red_spider_00304,True,brightness
train,Red spider,red_spider_00305.jpg,de18408e41f982fa40b1a77453fed696,red_spider_00305,False,
train,Red spider,red_spider_00305_aug_rotation.jpg,a949d25560fa6ab0f81399ee5724a9fd,red_spider_00305,True,rotation
train,Red spider,red_spider_00307.jpg,592ba7b85b5fbeeb503887a62faa0a77,red_spider_00307,False,
train,Red spider,red_spider_00307_aug_brightness.jpg,bd0728a50f028999493c4e8c95c29396,red_spider_00307,True,brightness
train,Red spider,red_spider_00307_aug_rotation.jpg,9847d98b3589950049200143c7eb35e1,red_spider_00307,True,rotation
train,Red spider,red_spider_00307_aug_zoom.jpg,852ea21b120687f98feb2a81310f8d00,red_spider_00307,True,zoom
train,Red spider,red_spider_00308.jpg,6f8d40b4d7d27b26eb710087a4069a7e,red_spider_00308,False,
train,Red spider,red_spider_00308_aug_brightness.jpg,9e104fb82b5816ae560f0e74614d528f,red_spider_00308,True,brightness
train,Red spider,red_spider_00309.jpg,bd80a17f2ac4698380d9177d230a5063,red_spider_00309,False,
train,Red spider,red_spider_00309_aug_brightness.jpg,c8f8fb72b13b552ccee64033992153b0,red_spider_00309,True,brightness
train,Red spider,red_spider_00310.jpg,bf3e8c1757acb4562621af5c0bc03083,red_spider_00310,False,
train,Red spider,red_spider_00310_aug_contrast.jpg,a9b307305df35521a468d397efc0a502,red_spider_00310,True,contrast
train,Red spider,red_spider_00310_aug_flip_horizontal.jpg,b1833ed22ff4865714c7245af1d9050c,red_spider_00310,True,flip
train,Red spider,red_spider_00310_aug_flip_vertical.jpg,42c3d03f9d28d72852c25c2462efea98,red_spider_00310,True,flip
train,Red spider,red_spider_00311.jpg,14418611cdec48962cd9a7d2665aee5c,red_spider_00311,False,
train,Red spider,red_spider_00311_aug_contrast.jpg,2a15bad6942a5b3cab1b8ff041eb0415,red_spider_00311,True,contrast
train,Red spider,red_spider_00311_aug_flip_horizontal.jpg,48fa6c32b575c5a350d1bc8624708886,red_spider_00311,True,flip
train,Red spider,red_spider_00312.jpg,2fb14d76da5b50fc6999045c07c787ff,red_spider_00312,False,
train,Red spider,red_spider_00312_aug_zoom.jpg,407f46885e420d23f399a2efa939ba00,red_spider_00312,True,zoom
train,Red spider,red_spider_00313.jpg,45921b73c3f2ebb70cf09f406c9f2854,red_spider_00313,False,
train,Red spider,red_spider_00313_aug_rotation.jpg,7f1e01a244ba1ac4cafb4d15833fc809,red_spider_00313,True,rotation
train,Red spider,red_spider_00314.jpg,4407fb014a9ecdf1bb2441ea597af6a8,red_spider_00314,False,
train,Red spider,red_spider_00314_aug_flip_horizontal.jpg,59e0f62413241daf0c2cb973e07ae302,red_spider_00314,True,flip
train,Red spider,red_spider_00314_aug_rotation.jpg,c12d7df957f7b7203fc87f40e0f5f1ba,red_spider_00314,True,rotation
train,Red spider,red_spider_00315.jpg,944c105947d6c75f677f897c7b5c1091,red_spider_00315,False,
train,Red spider,red_spider_00315_aug_contrast.jpg,e0f0ef006826707e5c51dbe767150464,red_spider_00315,True,contrast
train,Red spider,red_spider_00315_aug_flip_horizontal.jpg,471acb33f4cb85271f2b93667073b59c,red_spider_00315,True,flip
train,Red spider,red_spider_00316.jpg,1367ad4c141f0ca2a60b599c3371346a,red_spider_00316,False,
train,Red spider,red_spider_00316_aug_brightness.jpg,34cfbc1ca0154ee17521e7fcbf7572d4,red_spider_00316,True,brightness
train,Red spider,red_spider_00316_aug_zoom.jpg,e28c9e53be921c7ba37721783e86236a,red_spider_00316,True,zoom
train,Red spider,red_spider_00317.jpg,859b139ced210d5fab12159ed7c8aba9,red_spider_00317,False,
train,Red spider,red_spider_00317_aug_flip_horizontal.jpg,1ed8ec17638c5b898832dd66be1b0a98,red_spider_00317,True,flip
train,Red spider,red_spider_00320.jpg,f94fe17c09788260f2ebc1e4743ba4ec,red_spider_00320,False,
train,Red spider,red_spider_00320_aug_contrast.jpg,2f6ebef397efcbc1d21e3f27202aa2fd,red_spider_00320,True,contrast
train,Red spider,red_spider_00320_aug_flip_horizontal.jpg,b2a6be611ab41ab0e905d732f2cd8c87,red_spider_00320,True,flip
train,Red spider,red_spider_00321.jpg,60e3423efe8ff67c785f59c8881886c9,red_spider_00321,False,
train,Red spider,red_spider_00321_aug_blur.jpg,9b885d449c132554c7ee9bd948f57ce6,red_spider_00321,True,blur
train,Red spider,red_spider_00321_aug_flip_horizontal.jpg,207f54d5930729fdfe3d7a168cd57e50,red_spider_00321,True,flip
train,Red spider,red_spider_00322.jpg,3b582bd2c01675b55270f6ccbdadd18e,red_spider_00322,False,
train,Red spider,red_spider_00323.jpg,3a41a82ed1e9a9ad806547b9c073e686,red_spider_00323,False,
train,Red spider,red_spider_00324.jpg,7f0692a2ecc79ed3902e4dfac1186e55,red_spider_00324,False,
train,Red spider,red_spider_00324_aug_brightness.jpg,2037ad430c58ba381cc2c6d36b278fa6,red_spider_00324,True,brightness
train,Red spider,red_spider_00325.jpg,ea6018dd9524465709212f654b880297,red_spider_00325,False,
train,Red spider,red_spider_00325_aug_flip_horizontal.jpg,df2647bfe7ab451fdb7606240c7a5dac,red_spider_00325,True,flip
train,Red spider,red_spider_00326.jpg,13e50701d9727a4d8880f2a7785abcf3,red_spider_00326,False,
train,Red spider,red_spider_00326_aug_rotation.jpg,2ae7640978f715b64d03628258598e1e,red_spider_00326,True,rotation
train,Red spider,red_spider_00326_aug_zoom.jpg,03ec3b67d90cb074bad6c4d112e906f2,red_spider_00326,True,zoom
train,Red spider,red_spider_00327.jpg,728054cc3474a931dd2aa2a44c2acde2,red_spider_00327,False,
train,Red spider,red_spider_00327_aug_zoom.jpg,4c607c80e11bf7f1a00d4f2711ecd8db,red_spider_00327,True,zoom
train,Red spider,red_spider_00328.jpg,0223c5512de2042cdb801dc26f72fa50,red_spider_00328,False,
train,Red spider,red_spider_00330.jpg,1ca0eb243195070204d8f83d8cbb7a90,red_spider_00330,False,
train,Red spider,red_spider_00330_aug_blur.jpg,a586941ebc1d7d9130a718e68134d3bc,red_spider_00330,True,blur
train,Red spider,red_spider_00330_aug_brightness.jpg,cc097700070202f3cf24bfcf4e842ece,red_spider_00330,True,brightness
train,Red spider,red_spider_00331.jpg,8d024e590b0832671f84b6233f1e68d2,red_spider_00331,False,
train,Red spider,red_spider_00331_aug_brightness.jpg,75f60371bb67dba5404f8963439a3006,red_spider_00331,True,brightness
train,Red spider,red_spider_00331_aug_contrast.jpg,da26c019ed64ee94850153804c7a0b1a,red_spider_00331,True,contrast
train,Red spider,red_spider_00333.jpg,2c282bcdaa1968d24bae9088b5f779ca,red_spider_00333,False,
train,Red spider,red_spider_00334.jpg,6b454834e95c6f0b3e435bb4d9554b23,red_spider_00334,False,
train,Red spider,red_spider_00334_aug_contrast.jpg,ac5ddbda5ad8640c181ad0044d4f63fe,red_spider_00334,True,contrast
train,Red spider,red_spider_00335.jpg,937149efd76193ef97deab498559a007,red_spider_00335,False,
train,Red spider,red_spider_00337.jpg,936838dd781cb31e8e0c8f62927e201d,red_spider_00337,False,
train,Red spider,red_spider_00337_aug_flip_vertical.jpg,ce68520c1fab8154e20f0b1071060e04,red_spider_00337,True,flip
train,Red spider,red_spider_00338.jpg,72a496d81e7b8c725028b3c1f2ce6877,red_spider_00338,False,
train,Red spider,red_spider_00338_aug_contrast.jpg,125114be5b0a5ccddab4d599be15262e,red_spider_00338,True,contrast
train,Red spider,red_spider_00338_aug_flip_vertical.jpg,0b015099607caca35238b268b2a6c52a,red_spider_00338,True,flip
train,Red spider,red_spider_00340.jpg,e3b0824e2b30097b71a611973e1b0eab,red_spider_00340,False,
train,Red spider,red_spider_00340_aug_blur.jpg,911bac33647e1eb804ecfbd3b1d3770f,red_spider_00340,True,blur
train,Red spider,red_spider_00341.jpg,236a880ddcfac152656aa880aef81ab3,red_spider_00341,False,
train,Red spider,red_spider_00341_aug_blur.jpg,83ffa12b14edff39c4be878fb2838172,red_spider_00341,True,blur
train,Red spider,red_spider_00341_aug_contrast.jpg,0b017c1d2ed33aadca60c0af20e680ad,red_spider_00341,True,contrast
train,Red spider,red_spider_00341_aug_flip_vertical.jpg,17dd0e293889f71099fbd5f5cbc8b8ce,red_spider_00341,True,flip
train,Red spider,red_spider_00341_aug_zoom.jpg,f4496167264e40c4fce95dc25f3d1164,red_spider_00341,True,zoom
train,Red spider,red_spider_00342.jpg,d9f3813b1fe841d325eb46c164d83658,red_spider_00342,False,
train,Red spider,red_spider_00342_aug_flip_horizontal.jpg,ed136b8d6d60a23f22efa29aa4f2f79a,red_spider_00342,True,flip
train,Red spider,red_spider_00343.jpg,81fbfe3335ee64657c45da94f27a40c4,red_spider_00343,False,
train,Red spider,red_spider_00343_aug_contrast.jpg,b465b498d71da41378b5ad01e9e284a0,red_spider_00343,True,contrast
train,Red spider,red_spider_00343_aug_rotation.jpg,f2fa71b457951362161d09553043c040,red_spider_00343,True,rotation
train,Red spider,red_spider_00344.jpg,f55b8b912926507f4f83ab7d3835a2f2,red_spider_00344,False,
train,Red spider,red_spider_00347.jpg,e0804ef9d0533fe4785064285287faf8,red_spider_00347,False,
train,Red spider,red_spider_00347_aug_rotation.jpg,a3531f8648b4ddb4ccf77e6c7cf68411,red_spider_00347,True,rotation
train,Red spider,red_spider_00348.jpg,88e5fa59a10bee0e7053c21568a11caf,red_spider_00348,False,
train,Red spider,red_spider_00348_aug_blur.jpg,385202891566126741a32e2c32250f19,red_spider_00348,True,blur
train,Red spider,red_spider_00348_aug_flip_horizontal.jpg,456615b6253b85dcc831ebf64256447d,red_spider_00348,True,flip
train,Red spider,red_spider_00350.jpg,b846087812d1d0c1374c68b9f0ef04cd,red_spider_00350,False,
train,Red spider,red_spider_00350_aug_flip_horizontal.jpg,2d979a9f40f7f5cd1145e9d940440461,red_spider_00350,True,flip
train,Red spider,red_spider_00351.jpg,aff36773c1cd6c3e7f5853b2c4dedd38,red_spider_00351,False,
train,Red spider,red_spider_00351_aug_flip_horizontal.jpg,5c72c6f4327802c4cdcdbd08a1d4cc8d,red_spider_00351,True,flip
train,Red spider,red_spider_00353.jpg,d05f282fb07174cbdadfd78d80a2fde0,red_spider_00353,False,
train,Red spider,red_spider_00353_aug_flip_vertical.jpg,b24b4282c672431d07f62552502ccddf,red_spider_00353,True,flip
train,Red spider,red_spider_00353_aug_rotation.jpg,133e3fa75e448a727708c39b819d0774,red_spider_00353,True,rotation
train,Red spider,red_spider_00354.jpg,2a2711aac11f9ea5f1b6609a22b964ad,red_spider_00354,False,
train,Red spider,red_spider_00357.jpg,3bfb9db4104be4a14dc74e5ad03821cf,red_spider_00357,False,
train,Red spider,red_spider_00359.jpg,b1ef797a323c67a4392392d37d848b82,red_spider_00359,False,
train,Red spider,red_spider_00359_aug_blur.jpg,16ede13125169bb05a2f461948c01dc3,red_spider_00359,True,blur
train,Red spider,red_spider_00359_aug_contrast.jpg,c9f9104db1c9294063bf4718bb0fdc7c,red_spider_00359,True,contrast
train,Red spider,red_spider_00360.jpg,ac082e8cf71e6e2163d71f6c2b1a05b9,red_spider_00360,False,
train,Red spider,red_spider_00360_aug_zoom.jpg,20dc5c1bb9d313b02d09f36757b33374,red_spider_00360,True,zoom
train,Red spider,red_spider_00362.jpg,083a1b20573ff2aa2b4ea9d452d3de23,red_spider_00362,False,
train,Red spider,red_spider_00362_aug_flip_horizontal.jpg,e64b3332fd09a8ede82ef8d4d94c5e6f,red_spider_00362,True,flip
train,Red spider,red_spider_00364.jpg,98c0e56d1f2cbedf6abbf47e558da2fd,red_spider_00364,False,
train,Red spider,red_spider_00365.jpg,507b14e5d410f9df2b65c0f32196d9c2,red_spider_00365,False,
train,Red spider,red_spider_00365_aug_zoom.jpg,79319c5667bb910946b64b534b2b67b2,red_spider_00365,True,zoom
train,Red spider,red_spider_00366.jpg,4d2100c6a8d9421670640dce1351a66b,red_spider_00366,False,
train,Red spider,red_spider_00366_aug_flip_vertical.jpg,5f3929b75f864d9dc9882f2072876c0a,red_spider_00366,True,flip
train,Red spider,red_spider_00366_aug_zoom.jpg,6c44ce7a4afc0b12bc51a0503399b10a,red_spider_00366,True,zoom
train,Red spider,red_spider_00367.jpg,bd0cd8f1f71b5d8f47b27a56cccf7b58,red_spider_00367,False,
train,Red spider,red_spider_00369.jpg,e1bc2b7271642d924692a6eb3860faa3,red_spider_00369,False,
train,Red spider,red_spider_00369_aug_flip_vertical.jpg,bdb9f8eda7c359c77c63714850d470e4,red_spider_00369,True,flip
train,Red spider,red_spider_00370.jpg,c00d2b90b187613b31cec8208bc8e9d0,red_spider_00370,False,
train,Red spider,red_spider_00370_aug_blur.jpg,ae6c4617ed2e9c618298132479f8bb81,red_spider_00370,True,blur
train,Red spider,red_spider_00371.jpg,ab89b725ff9353616dd98c8a2bdc2d22,red_spider_00371,False,
train,Red spider,red_spider_00372.jpg,d9dd175dd72518c0adf2c5f9077014bc,red_spider_00372,False,
train,Red spider,red_spider_00372_aug_flip_vertical.jpg,9d4cb410326614d2d3c612da13cb3bf6,red_spider_00372,True,flip
train,Red spider,red_spider_00372_aug_zoom.jpg,27ad5a82252f91f7d9a069610a7908e1,red_spider_00372,True,zoom
train,Red spider,red_spider_00373.jpg,842271bfad82314e7e485ad5bbbc067f,red_spider_00373,False,
train,Red spider,red_spider_00373_aug_zoom.jpg,74c9150ba0dd6728d4e4bd03d713529b,red_spider_00373,True,zoom
train,Red spider,red_spider_00376.jpg,313adc82990cbdea5cff353e3d38dccd,red_spider_00376,False,
train,Red spider,red_spider_00376_aug_brightness.jpg,cf5b2d2858b2c90ba81d83b3643a36e1,red_spider_00376,True,brightness
train,Red spider,red_spider_00376_aug_flip_vertical.jpg,c6895089b3545f85b20a4f784db2fa6b,red_spider_00376,True,flip
train,Red spider,red_spider_00377.jpg,b1589383637ed05ebdc31d0f255b379d,red_spider_00377,False,
train,Red spider,red_spider_00378.jpg,01127dbaaba4192843483b810eb35e71,red_spider_00378,False,
train,Red spider,red_spider_00378_aug_flip_vertical.jpg,1b7b8caf5805caf0f689daff954c892e,red_spider_00378,True,flip
train,Red spider,red_spider_00379.jpg,821e769390015c7afeea56b39a114492,red_spider_00379,False,
train,Red spider,red_spider_00379_aug_flip_horizontal.jpg,274d49aa23791deeb9777af0430e1a67,red_spider_00379,True,flip
train,Red spider,red_spider_00380.jpg,a260e1aa6c9ef0d51dbead713f28fe36,red_spider_00380,False,
train,Red spider,red_spider_00381.jpg,75a277b0210920dd867d4fdb7cfbddd2,red_spider_00381,False,
train,Red spider,red_spider_00381_aug_flip_vertical.jpg,f789aac3df2764967b6b353219edfcb4,red_spider_00381,True,flip
train,Red spider,red_spider_00382.jpg,b88fb7c71ee934d632620a36b62dc106,red_spider_00382,False,
train,Red spider,red_spider_00382_aug_brightness.jpg,e7e3ee9ccad60212dc570b38e7a5c83f,red_spider_00382,True,brightness
train,Red spider,red_spider_00382_aug_flip_horizontal.jpg,8bacbc5e7135dd0b0487772e185f478b,red_spider_00382,True,flip
train,Red spider,red_spider_00384.jpg,b8d3ad19e5161631a32ba1194cfa499b,red_spider_00384,False,
train,Red spider,red_spider_00384_aug_brightness.jpg,7d96a17954cd26e09800ab44078c9e2a,red_spider_00384,True,brightness
train,Red spider,red_spider_00384_aug_rotation.jpg,a087ed6aa4ba0c53aa8dbd5b60e09d89,red_spider_00384,True,rotation
train,Red spider,red_spider_00385.jpg,fa7f33e0aeec310781190313b9a79653,red_spider_00385,False,
train,Red spider,red_spider_00386.jpg,e762f99c18e15b20943426516ff40176,red_spider_00386,False,
train,Red spider,red_spider_00386_aug_zoom.jpg,6e7c87699839a2cd9111a33a75815b8a,red_spider_00386,True,zoom
train,Red spider,red_spider_00388.jpg,eaa652d5024091c5fa068c807f63f9df,red_spider_00388,False,
train,Red spider,red_spider_00388_aug_flip_horizontal.jpg,cca6613dbfd3ccb713463922432b74da,red_spider_00388,True,flip
train,Red spider,red_spider_00390.jpg,87fa27a70d852083662ea5633b8e0d72,red_spider_00390,False,
train,Red spider,red_spider_00390_aug_flip_vertical.jpg,a84e73c1df89729f800c146aba8c23b0,red_spider_00390,True,flip
train,Red spider,red_spider_00392.jpg,acd4476ba6b0f0e325f9ba0551d490b7,red_spider_00392,False,
train,Red spider,red_spider_00392_aug_blur.jpg,d9dc4c443a7e92bb9614dbdc7caa5e3f,red_spider_00392,True,blur
train,Red spider,red_spider_00392_aug_rotation.jpg,fe1ddd228df1439c3b7df5687a9eb154,red_spider_00392,True,rotation
train,Red spider,red_spider_00392_aug_zoom.jpg,1831ee7d36149dd4128a5201c3d3ff24,red_spider_00392,True,zoom
train,Red spider,red_spider_00397.jpg,5ae776beccb63e328ce6b0972210d2b0,red_spider_00397,False,
train,Red spider,red_spider_00397_aug_blur.jpg,a1a7885fad858cd896690c7a2930ab81,red_spider_00397,True,blur
train,Red spider,red_spider_00397_aug_contrast.jpg,568619333b5d855cbe57be79488ce2de,red_spider_00397,True,contrast
train,Red spider,red_spider_00398.jpg,bbe4f99a72b2ee001b244e39c07edc29,red_spider_00398,False,
train,Red spider,red_spider_00398_aug_contrast.jpg,1321f29ed194d480ea8e034167b96ff1,red_spider_00398,True,contrast
train,Red spider,red_spider_00398_aug_rotation.jpg,1a468f92cb099c275f019c42427b62ee,red_spider_00398,True,rotation
train,Red spider,red_spider_00398_aug_zoom.jpg,7504c604a1fe2496dd2e0fa70f0ae86a,red_spider_00398,True,zoom
train,Red spider,red_spider_00399.jpg,d049e85fef5e4a297861271cf40da98a,red_spider_00399,False,
train,Red spider,red_spider_00399_aug_zoom.jpg,71f4d4ea546a53e55fd7656a45da1600,red_spider_00399,True,zoom
train,Red spider,red_spider_00401.jpg,b1bbe225067554bcca11f75dff7d6d44,red_spider_00401,False,
train,Red spider,red_spider_00402.jpg,95aefe2d0a6e4e3d6ba2673c19c85f95,red_spider_00402,False,
train,Red spider,red_spider_00402_aug_blur.jpg,bcff20e143e51762383a81fc97ea1e7c,red_spider_00402,True,blur
train,Red spider,red_spider_00402_aug_flip_vertical.jpg,4d645087fe9b9ce755ac28804032badb,red_spider_00402,True,flip
train,Red spider,red_spider_00404.jpg,66e3455cc14838bfad02866d998366fe,red_spider_00404,False,
train,Red spider,red_spider_00404_aug_brightness.jpg,ff5bdee0e505121d2ca29e5d14a8cd30,red_spider_00404,True,brightness
train,Red spider,red_spider_00404_aug_rotation.jpg,dc496c63a9cacd8aeabc23d8d63f0512,red_spider_00404,True,rotation
train,Red spider,red_spider_00405.jpg,394d9b74314e75c7bce8f94d3c9f0c23,red_spider_00405,False,
train,Red spider,red_spider_00405_aug_zoom.jpg,92886cd41457e7d261dacb47a75be493,red_spider_00405,True,zoom
train,Red spider,red_spider_00406.jpg,dd032c0607e6e9c7c984c48281fec6c5,red_spider_00406,False,
train,Red spider,red_spider_00407.jpg,3ecae6572d497d31c53592fdcd05611c,red_spider_00407,False,
train,Red spider,red_spider_00407_aug_flip_horizontal.jpg,f2da40b9374b82f495f141a75f5da69b,red_spider_00407,True,flip
train,Red spider,red_spider_00407_aug_flip_vertical.jpg,6f962b23bd4e7b38bb0d012fc9991ec1,red_spider_00407,True,flip
train,Red spider,red_spider_00408.jpg,a149984a4df13fc0fb5a8f77db4562f2,red_spider_00408,False,
train,Red spider,red_spider_00408_aug_flip_vertical.jpg,f6ea200a7cf3d14603410d55f31f65eb,red_spider_00408,True,flip
train,Red spider,red_spider_00409.jpg,13376e968d322b48ee2b06f738f9c375,red_spider_00409,False,
train,Red spider,red_spider_00411.jpg,fb4a9f59fa6422d9a63a2b42ee2bbc84,red_spider_00411,False,
train,Red spider,red_spider_00411_aug_blur.jpg,ca146ee408116d23fdcbcfc005790356,red_spider_00411,True,blur
train,Red spider,red_spider_00411_aug_flip_horizontal.jpg,80c36258b249e1446a093f0db4cf7d1b,red_spider_00411,True,flip
train,Red spider,red_spider_00415.jpg,b70c57ca56c3a0be98410f2d016b42d8,red_spider_00415,False,
train,Red spider,red_spider_00415_aug_brightness.jpg,02218688896a28ba15d7fd6464eec00d,red_spider_00415,True,brightness
train,Red spider,red_spider_00415_aug_flip_horizontal.jpg,daee9347561b58c5a42be5414cbc0736,red_spider_00415,True,flip
train,Red spider,red_spider_00417.jpg,4e25b2e293e72a82cb14e8c89ac1c868,red_spider_00417,False,
train,Red spider,red_spider_00417_aug_brightness.jpg,50640a303b240d791365a1d459b6c9de,red_spider_00417,True,brightness
train,Red spider,red_spider_00417_aug_zoom.jpg,5a36e5dce1dce89c4df6d0a5c8e7ccaa,red_spider_00417,True,zoom
train,Red spider,red_spider_00418.jpg,75cface43f73121845a7f8e0765c119a,red_spider_00418,False,
train,Red spider,red_spider_00418_aug_zoom.jpg,696d5a94d6dca23cb54750ce073ab5c3,red_spider_00418,True,zoom
train,Red spider,red_spider_00419.jpg,ca0e274aea523c607d391cb436aaefd2,red_spider_00419,False,
train,Red spider,red_spider_00419_aug_rotation.jpg,48abb24c3e33a9da97c07b3e2e0c4d47,red_spider_00419,True,rotation
train,Red spider,red_spider_00420.jpg,c9ebdca59d70374e60b62846a2f81efb,red_spider_00420,False,
train,Red spider,red_spider_00420_aug_flip_vertical.jpg,5464f6a312cbde4693160e5b1044b530,red_spider_00420,True,flip
train,Red spider,red_spider_00421.jpg,f97cba062ce9f39ca81765e59f55c6c1,red_spider_00421,False,
train,Red spider,red_spider_00421_aug_flip_horizontal.jpg,8e6d5c48034c20325bbbb9a2c88e4c09,red_spider_00421,True,flip
train,Red spider,red_spider_00422.jpg,dc0c9955dcb64afa3e348bc2c8035f03,red_spider_00422,False,
train,Red spider,red_spider_00422_aug_rotation.jpg,3186128eccdce7cb6e1c727603145cd9,red_spider_00422,True,rotation
train,Red spider,red_spider_00423.jpg,4c060fec049c221e6ea83cb2eada940a,red_spider_00423,False,
train,Red spider,red_spider_00423_aug_blur.jpg,a7e460c874cf157d1c75c624844509a4,red_spider_00423,True,blur
train,Red spider,red_spider_00423_aug_rotation.jpg,8f0d132104d8770a537841259a184374,red_spider_00423,True,rotation
train,Red spider,red_spider_00423_aug_zoom.jpg,e54378629f77abb9369db6dce239eecf,red_spider_00423,True,zoom
train,Red spider,red_spider_00424.jpg,c3835ab075b2b038487e76732a63f4ff,red_spider_00424,False,
train,Red spider,red_spider_00424_aug_flip_horizontal.jpg,579df86901273e5e8b05f803cf09566b,red_spider_00424,True,flip
train,Red spider,red_spider_00424_aug_zoom.jpg,18b3bcb82d8efb5d2c9768161d363e13,red_spider_00424,True,zoom
train,Red spider,red_spider_00426.jpg,a7864e17251ed3c7aa518219ea852f48,red_spider_00426,False,
train,Red spider,red_spider_00426_aug_flip_horizontal.jpg,5072fd4d9bd55ddfaeafc037602ee83e,red_spider_00426,True,flip
train,Red spider,red_spider_00428.jpg,6cbcea5cec7734f15a77711cc4acbdde,red_spider_00428,False,
train,Red spider,red_spider_00428_aug_blur.jpg,9a00e528cc019f92bb39c14b8fdb2fbd,red_spider_00428,True,blur
train,Red spider,red_spider_00429.jpg,2210daa9a1363e54125dd7d3a9d7b3c1,red_spider_00429,False,
train,Red spider,red_spider_00429_aug_blur.jpg,4562efc48c151c02c0c7530758a491b9,red_spider_00429,True,blur
train,Red spider,red_spider_00429_aug_contrast.jpg,ac76710bf0d9581ff9bc49960ecd5500,red_spider_00429,True,contrast
train,Red spider,red_spider_00429_aug_flip_horizontal.jpg,ec382dcec41bfc69468dbd5eee79896d,red_spider_00429,True,flip
train,Red spider,red_spider_00429_aug_flip_vertical.jpg,cc294c4d55faf2cd77fbcf77dfa36c25,red_spider_00429,True,flip
train,Red spider,red_spider_00429_aug_rotation.jpg,b2afb040e30cdd470c172ee05f5240ed,red_spider_00429,True,rotation
train,Red spider,red_spider_00430.jpg,ab3610fda522883e03d95ad86dc28811,red_spider_00430,False,
train,Red spider,red_spider_00431.jpg,a7f855fdb03fb88fc932827b3d1f0a74,red_spider_00431,False,
train,Red spider,red_spider_00431_aug_blur.jpg,d5759fb2db9f0ceec1991c30649f16bf,red_spider_00431,True,blur
train,Red spider,red_spider_00431_aug_flip_horizontal.jpg,ab3af9f8272d0f42fc8d8952bc9a87bd,red_spider_00431,True,flip
train,Red spider,red_spider_00434.jpg,e1b3d2f3c0750d007b3f7d2cd0fac214,red_spider_00434,False,
train,Red spider,red_spider_00434_aug_flip_vertical.jpg,399d8569f456cccd835156dd352b1312,red_spider_00434,True,flip
train,Red spider,red_spider_00436.jpg,d20d0e14f49542452d5ff1b516916d55,red_spider_00436,False,
train,Red spider,red_spider_00437.jpg,77cfc029ef5f596ee45d8d44638eff14,red_spider_00437,False,
train,Red spider,red_spider_00437_aug_contrast.jpg,4dd9c21879fd76cba2a0894862b6c34a,red_spider_00437,True,contrast
train,Red spider,red_spider_00437_aug_flip_horizontal.jpg,b2947aa65f78332037f28a70d01f078c,red_spider_00437,True,flip
train,Red spider,red_spider_00438.jpg,bf16a35eeb2859f1391d1bdd2cd69254,red_spider_00438,False,
train,Red spider,red_spider_00438_aug_flip_vertical.jpg,1016c371744f7ccce19d47060e2e2485,red_spider_00438,True,flip
train,Red spider,red_spider_00439.jpg,0bfc47b405ee475bcb307ca66473e5ef,red_spider_00439,False,
train,Red spider,red_spider_00439_aug_brightness.jpg,6030589f6baeab152b51b2f262d0285b,red_spider_00439,True,brightness
train,Red spider,red_spider_00439_aug_flip_vertical.jpg,70fd14612229e33f78a3610411875fb9,red_spider_00439,True,flip
train,Red spider,red_spider_00439_aug_zoom.jpg,1cfa358e2b4178703efbc0353ec14ce8,red_spider_00439,True,zoom
train,Red spider,red_spider_00442.jpg,657222f87852548b961ff2ff4428a3f6,red_spider_00442,False,
train,Red spider,red_spider_00442_aug_flip_vertical.jpg,e7e3b5cc2aa9b89022bb595b47264208,red_spider_00442,True,flip
train,Red spider,red_spider_00443.jpg,69ea888a222988b4ff6b81668dc8333d,red_spider_00443,False,
train,Red spider,red_spider_00443_aug_blur.jpg,a4f0ace06212c288a64a9b40cb0aafba,red_spider_00443,True,blur
train,Red spider,red_spider_00444.jpg,36f14361a295ff7bd0fa227c76627e7f,red_spider_00444,False,
train,Red spider,red_spider_00444_aug_contrast.jpg,94fe78fea7f0bbf7c11566cb76c1eca9,red_spider_00444,True,contrast
train,Red spider,red_spider_00445.jpg,630f6ce1b136abed10888fd8d91c6c61,red_spider_00445,False,
train,Red spider,red_spider_00446.jpg,ebc61088b2f00fd81a98c79a13053b6e,red_spider_00446,False,
train,Red spider,red_spider_00446_aug_flip_horizontal.jpg,93e67ac525adc960c781034c5038686f,red_spider_00446,True,flip
train,Red spider,red_spider_00447.jpg,84b5ceb83f9b56de130aad14af31e2ee,red_spider_00447,False,
train,Red spider,red_spider_00447_aug_flip_horizontal.jpg,2e6b980e1d527d1553511b0b2879516f,red_spider_00447,True,flip
train,Red spider,red_spider_00447_aug_flip_vertical.jpg,879bbef3bd208ccfc3b2c9488deeaf5a,red_spider_00447,True,flip
train,Red spider,red_spider_00447_aug_zoom.jpg,5bad3a6fb22d42844e07cbf04c7ce799,red_spider_00447,True,zoom
train,Red spider,red_spider_00449.jpg,3722bdec7242a87f803c7f65bc4fd73a,red_spider_00449,False,
train,Red spider,red_spider_00449_aug_flip_vertical.jpg,f9b3115ddaca0eb0f6e5ffe07af7dd63,red_spider_00449,True,flip
train,Red spider,red_spider_00450.jpg,cd1d87a2bbef57bdd3d5e2781106a306,red_spider_00450,False,
train,Red spider,red_spider_00450_aug_brightness.jpg,01197d03c9c3b7017b343827abc86870,red_spider_00450,True,brightness
train,Red spider,red_spider_00451.jpg,5df82ed629e84f004f536d431586a085,red_spider_00451,False,
train,Red spider,red_spider_00451_aug_flip_vertical.jpg,76fdb500c02bed7712e75828ac365d47,red_spider_00451,True,flip
train,Red spider,red_spider_00452.jpg,5c1ceebf2aded41e071beb0dbaffe7ae,red_spider_00452,False,
train,Red spider,red_spider_00452_aug_blur.jpg,743faa736457ab4d367e4b25e081d0d4,red_spider_00452,True,blur
train,Red spider,red_spider_00454.jpg,10f343b8906f88ab0bc75b744a33e582,red_spider_00454,False,
train,Red spider,red_spider_00455.jpg,dbf43f7565ce68506cad43c4a064fca9,red_spider_00455,False,
train,Red spider,red_spider_00455_aug_rotation.jpg,3b9c0590dc890c883886753277b81eaa,red_spider_00455,True,rotation
train,Red spider,red_spider_00457.jpg,f3289b35e9aa20d652d8936a93fc9500,red_spider_00457,False,
train,Red spider,red_spider_00457_aug_flip_vertical.jpg,47082a43aa820ff28a0b605b50f86255,red_spider_00457,True,flip
train,Red spider,red_spider_00461.jpg,02878efbfe51e5ae4a9170a1e2058fac,red_spider_00461,False,
train,Red spider,red_spider_00461_aug_zoom.jpg,6d5b7bf0bc2d6ec1c063e78d01b73a68,red_spider_00461,True,zoom
train,Red spider,red_spider_00464.jpg,18914f79f9eeb06af4a4ca836721da12,red_spider_00464,False,
train,Red spider,red_spider_00464_aug_brightness.jpg,c1b10d5a87d19a98d59dd63381904505,red_spider_00464,True,brightness
train,Red spider,red_spider_00465.jpg,6bc8c067863dfc346fa1dfa7dedd5a41,red_spider_00465,False,
train,Red spider,red_spider_00465_aug_flip_horizontal.jpg,d518d756529652ae9ec75ecfaf177867,red_spider_00465,True,flip
train,Red spider,red_spider_00466.jpg,5671c131dfee469177d2190a64188a48,red_spider_00466,False,
train,Red spider,red_spider_00466_aug_zoom.jpg,aad430fb2eeb7dc8d0c2f9943fcb7ea7,red_spider_00466,True,zoom
train,Red spider,red_spider_00467.jpg,028b4989299a7f6007b2a467a189d593,red_spider_00467,False,
train,Red spider,red_spider_00468.jpg,6b69adcfe9eed4e1144654e9a844a37a,red_spider_00468,False,
train,Red spider,red_spider_00468_aug_zoom.jpg,53b211dfaad2e02fcc8e1477ba48377a,red_spider_00468,True,zoom
train,Red spider,red_spider_00469.jpg,3a53b539cda984e47f985741be07bc3c,red_spider_00469,False,
train,Red spider,red_spider_00469_aug_rotation.jpg,fc918e4a61db3746abba6f43b29cc9d7,red_spider_00469,True,rotation
train,Red spider,red_spider_00471.jpg,5030241eabb4fc6ae4d3171a41ec8741,red_spider_00471,False,
train,Red spider,red_spider_00471_aug_flip_horizontal.jpg,18d587edbcecd2b2c2560c1c25e9c53f,red_spider_00471,True,flip
train,Red spider,red_spider_00471_aug_rotation.jpg,771d85c32c0878f32d5c2747d965055a,red_spider_00471,True,rotation
train,Red spider,red_spider_00472.jpg,c3b4d01fd31e642d843618cf0967b27a,red_spider_00472,False,
train,Red spider,red_spider_00472_aug_rotation.jpg,7523d2606044679516c31c5558e9eb6b,red_spider_00472,True,rotation
train,Red spider,red_spider_00472_aug_zoom.jpg,12d94c6cb03245c17fe05eb22360ba5b,red_spider_00472,True,zoom
train,Red spider,red_spider_00473.jpg,6e5da2ecb48867c168bf84ad9afec409,red_spider_00473,False,
train,Red spider,red_spider_00473_aug_blur.jpg,2966453e0d91dabff2a004e67a501555,red_spider_00473,True,blur
train,Red spider,red_spider_00473_aug_zoom.jpg,54d3bf93e31212a7ced56da50ce5c980,red_spider_00473,True,zoom
train,Red spider,red_spider_00475.jpg,df5884477e6e3596db0adac26b7d3297,red_spider_00475,False,
train,Red spider,red_spider_00475_aug_zoom.jpg,18876763518732a1e0c8d84c172a68df,red_spider_00475,True,zoom
train,Red spider,red_spider_00478.jpg,5e888ba0b0594dc9414cb44c7af77b0b,red_spider_00478,False,
train,Red spider,red_spider_00478_aug_flip_horizontal.jpg,9c533efcca846fb6a82b2d77e4aafaeb,red_spider_00478,True,flip
train,Red spider,red_spider_00480.jpg,43524f2bf13f6b3c70d605cf45e61b9f,red_spider_00480,False,
train,Red spider,red_spider_00480_aug_contrast.jpg,735b40828bfefc581ff035b37335b441,red_spider_00480,True,contrast
train,Red spider,red_spider_00481.jpg,7799de064edc39e9eccc7e4dc2507f8a,red_spider_00481,False,
train,Red spider,red_spider_00481_aug_brightness.jpg,56b75d544535aeafc8e6250189d945bd,red_spider_00481,True,brightness
train,Red spider,red_spider_00481_aug_rotation.jpg,152fd6ae0bb29e0fe5f46378dc2d72f3,red_spider_00481,True,rotation
train,Red spider,red_spider_00484.jpg,caf7b3583b6f2a7aa462a1d5c1e4d139,red_spider_00484,False,
train,Red spider,red_spider_00484_aug_flip_vertical.jpg,cd55839c03aa83351420d36b70b22c1b,red_spider_00484,True,flip
train,Red spider,red_spider_00485.jpg,792f505fbd7ffb038b64702ced2caeea,red_spider_00485,False,
train,Red spider,red_spider_00485_aug_flip_horizontal.jpg,18b24044765fdf8dd2686b0a58282909,red_spider_00485,True,flip
train,Red spider,red_spider_00485_aug_zoom.jpg,52febb4fdfd550b7da6b54a4eb4c3629,red_spider_00485,True,zoom
train,Red spider,red_spider_00488.jpg,b90e166bff5180e4f26740a27e07d91b,red_spider_00488,False,
train,Red spider,red_spider_00488_aug_blur.jpg,60b20113075bbe3968ec4f90a6443818,red_spider_00488,True,blur
train,Red spider,red_spider_00488_aug_contrast.jpg,e8693c796e3cec1d0d627e02af722786,red_spider_00488,True,contrast
train,Red spider,red_spider_00488_aug_flip_horizontal.jpg,ac07cb11220447c55cc140d84230dc7b,red_spider_00488,True,flip
train,Red spider,red_spider_00488_aug_rotation.jpg,11866022b968a2f175d4e45ad3bedc63,red_spider_00488,True,rotation
train,Red spider,red_spider_00489.jpg,1df8c8b5f9be628e5405b6960b844057,red_spider_00489,False,
train,Red spider,red_spider_00489_aug_blur.jpg,83492174c9419e8d70ec97fc7f02c5ad,red_spider_00489,True,blur
train,Red spider,red_spider_00489_aug_flip_horizontal.jpg,02893cb334a2f3e0238051b6ef43ba91,red_spider_00489,True,flip
train,Red spider,red_spider_00492.jpg,6f178fb13531d066dce3b09dfbd4611c,red_spider_00492,False,
train,Red spider,red_spider_00492_aug_flip_horizontal.jpg,c74c180d0ddc6f48cf1e305fbdcfac0e,red_spider_00492,True,flip
train,Red spider,red_spider_00492_aug_flip_vertical.jpg,df26389940e20edd56f64fde9b11710b,red_spider_00492,True,flip
train,Red spider,red_spider_00493.jpg,7648df506e6d13c6171f921751eda632,red_spider_00493,False,
train,Red spider,red_spider_00493_aug_flip_vertical.jpg,c6e4896f7ca5cf9a8db30e7b01c67320,red_spider_00493,True,flip
train,Red spider,red_spider_00494.jpg,879dfa0ed45189c2b4678df451c845ce,red_spider_00494,False,
train,Red spider,red_spider_00494_aug_blur.jpg,de95c4270820f74729672472d262b387,red_spider_00494,True,blur
train,Red spider,red_spider_00494_aug_rotation.jpg,f505aa6da897e7d3717de109fc17b945,red_spider_00494,True,rotation
train,Red spider,red_spider_00496.jpg,0ece5cba4e464d01b690c63ac0d9976b,red_spider_00496,False,
train,Red spider,red_spider_00497.jpg,2bf42b7651f1f75957d06ec455192ca0,red_spider_00497,False,
train,Red spider,red_spider_00501.jpg,9538df76753cedc6e14985d0f9f47be4,red_spider_00501,False,
train,Red spider,red_spider_00501_aug_flip_horizontal.jpg,1926639ee13d23f7146e1c26cc22ad65,red_spider_00501,True,flip
train,Red spider,red_spider_00501_aug_zoom.jpg,86499e22e1758805415afbf1879e8804,red_spider_00501,True,zoom
train,Red spider,red_spider_00502.jpg,db3c3529048de99de4eee90b6937862a,red_spider_00502,False,
train,Red spider,red_spider_00503.jpg,87d26043a5f7c2fdb046664ea323bf3b,red_spider_00503,False,
train,Red spider,red_spider_00503_aug_zoom.jpg,82aad59fe6dcbd4dddfa4080f97a94dc,red_spider_00503,True,zoom
train,Red spider,red_spider_00504.jpg,ee1916028d0be0d826fabbe83c0c9076,red_spider_00504,False,
train,Red spider,red_spider_00504_aug_flip_horizontal.jpg,6ccbee628e987fa96f90aa6c7591a979,red_spider_00504,True,flip
train,Red spider,red_spider_00504_aug_rotation.jpg,68fc68323d074e457a533147d31e27be,red_spider_00504,True,rotation
train,Red spider,red_spider_00505.jpg,c08ca33dfa7080cbc46f65e7d18ae216,red_spider_00505,False,
train,Red spider,red_spider_00505_aug_blur.jpg,1432c2a6ba65021aef42d1551483c294,red_spider_00505,True,blur
train,Red spider,red_spider_00505_aug_brightness.jpg,2e398e5e21268d642985ad3a1e1805df,red_spider_00505,True,brightness
train,Red spider,red_spider_00505_aug_contrast.jpg,876fbb9abac880ed4f75fc986c56ac86,red_spider_00505,True,contrast
train,Red spider,red_spider_00506.jpg,e01271f151123c42ad87a1a450c8ee3c,red_spider_00506,False,
train,Red spider,red_spider_00507.jpg,75592fcf94a8ce026d8b7034814c084e,red_spider_00507,False,
train,Red spider,red_spider_00507_aug_contrast.jpg,1761d1731bf6685cf995a8207e3858d7,red_spider_00507,True,contrast
train,Red spider,red_spider_00508.jpg,f7e3881fc737564c9a1b254a69852849,red_spider_00508,False,
train,Red spider,red_spider_00508_aug_blur.jpg,90d93d6f9475bc3faf08839ec273f809,red_spider_00508,True,blur
train,Red spider,red_spider_00508_aug_brightness.jpg,70f43546868ce8019ab6ff793092c138,red_spider_00508,True,brightness
train,Red spider,red_spider_00508_aug_flip_vertical.jpg,921b9a01c2fa7968f3ac02255eeda00e,red_spider_00508,True,flip
train,Red spider,red_spider_00508_aug_rotation.jpg,d0bc86b4b1d954a2085ccd295918edf4,red_spider_00508,True,rotation
train,Red spider,red_spider_00508_aug_zoom.jpg,040fd4857d80336736d690e9c5173a90,red_spider_00508,True,zoom
train,Red spider,red_spider_00509.jpg,37cd9d0201a6c156fba00c492550f528,red_spider_00509,False,
train,Red spider,red_spider_00509_aug_blur.jpg,9101f8dd2ac5a2c664c4d42fd7db6fb1,red_spider_00509,True,blur
train,Red spider,red_spider_00509_aug_flip_vertical.jpg,4d0a33801df604e2854e39c75289745f,red_spider_00509,True,flip
train,Red spider,red_spider_00509_aug_rotation.jpg,30fe152791ca6d387816fe7fc5026cf7,red_spider_00509,True,rotation
train,Red spider,red_spider_00512.jpg,f349d6fd9b53b6d9e27bf62ded54f3a6,red_spider_00512,False,
train,Red spider,red_spider_00512_aug_zoom.jpg,c1051362c1b95fb04ab8b8cb13d750ba,red_spider_00512,True,zoom
train,Red spider,red_spider_00513.jpg,bf508f91741dbaafdae325667f4bbfd2,red_spider_00513,False,
train,Red spider,red_spider_00513_aug_flip_horizontal.jpg,7e86364a759dd9267f06c5d2c4e2d697,red_spider_00513,True,flip
train,Red spider,red_spider_00513_aug_zoom.jpg,3ec01cf14427a9a9c94f31c441bb0a0d,red_spider_00513,True,zoom
train,Tea algal leaf spot,UNADJUSTEDNONRAW_thumb_1.jpg,982fc53ce3ee3e6e32c36a1498f75c87,UNADJUSTEDNONRAW_thumb_1,False,
train,Tea algal leaf spot,UNADJUSTEDNONRAW_thumb_10.jpg,514886468295538d0bb3d576a31c9122,UNADJUSTEDNONRAW_thumb_10,False,
train,Tea algal leaf spot,UNADJUSTEDNONRAW_thumb_11.jpg,eb255ced0d04dddfed53d656fcc3b234,UNADJUSTEDNONRAW_thumb_11,False,
train,Tea algal leaf spot,UNADJUSTEDNONRAW_thumb_12.jpg,51b581ee94cd338fc3e79ee24deffbfd,UNADJUSTEDNONRAW_thumb_12,False,
train,Tea algal leaf spot,UNADJUSTEDNONRAW_thumb_12_aug_flip_vertical.jpg,eb8420a5ff6060d0e5b6c0282ba490b6,UNADJUSTEDNONRAW_thumb_12,True,flip
train,Tea algal leaf spot,UNADJUSTEDNONRAW_thumb_13.jpg,f657c1aac307953c8010d22a4133e5b8,UNADJUSTEDNONRAW_thumb_13,False,
train,Tea algal leaf spot,UNADJUSTEDNONRAW_thumb_14.jpg,7b7af30612039c445e1c6d261aa146bf,UNADJUSTEDNONRAW_thumb_14,False,
train,Tea algal leaf spot,UNADJUSTEDNONRAW_thumb_14_aug_flip_horizontal.jpg,6a3dc2409b144f0b3b1c09538c481ab7,UNADJUSTEDNONRAW_thumb_14,True,flip
train,Tea algal leaf spot,UNADJUSTEDNONRAW_thumb_15.jpg,0f00babb1fa33d474862deea69fbfbc5,UNADJUSTEDNONRAW_thumb_15,False,
train,Tea algal leaf spot,UNADJUSTEDNONRAW_thumb_15_aug_blur.jpg,af9508bbe367c9ae2446e88021db1374,UNADJUSTEDNONRAW_thumb_15,True,blur
train,Tea algal leaf spot,UNADJUSTEDNONRAW_thumb_17.jpg,453931ea9398ff662240542d432bcb52,UNADJUSTEDNONRAW_thumb_17,False,
train,Tea algal leaf spot,UNADJUSTEDNONRAW_thumb_17_aug_blur.jpg,dc9ae941a417b3ef27d8c59f413aa237,UNADJUSTEDNONRAW_thumb_17,True,blur
train,Tea algal leaf spot,UNADJUSTEDNONRAW_thumb_17_aug_rotation.jpg,847cf53da0f5f970d9a03d4af62a1d8d,UNADJUSTEDNONRAW_thumb_17,True,rotation
train,Tea algal leaf spot,UNADJUSTEDNONRAW_thumb_18.jpg,594dc3a510f3eed4262572baf497b72e,UNADJUSTEDNONRAW_thumb_18,False,
train,Tea algal leaf spot,UNADJUSTEDNONRAW_thumb_1_aug_flip_horizontal.jpg,279177a0dc766276a8249c8667d5e478,UNADJUSTEDNONRAW_thumb_1,True,flip
train,Tea algal leaf spot,UNADJUSTEDNONRAW_thumb_1_aug_rotation.jpg,cf82a032c921285b4260165a2ff95f8d,UNADJUSTEDNONRAW_thumb_1,True,rotation
train,Tea algal leaf spot,UNADJUSTEDNONRAW_thumb_1_aug_zoom.jpg,dbf39e38c0a518de9e7e05fec9bd7703,UNADJUSTEDNONRAW_thumb_1,True,zoom
train,Tea algal leaf spot,UNADJUSTEDNONRAW_thumb_1a.jpg,e4d277dec5261e0afc89824886212931,UNADJUSTEDNONRAW_thumb_1a,False,
train,Tea algal leaf spot,UNADJUSTEDNONRAW_thumb_1d.jpg,32f28912139e8a6c378c9e5d94911b88,UNADJUSTEDNONRAW_thumb_1d,False,
train,Tea algal leaf spot,UNADJUSTEDNONRAW_thumb_1e.jpg,3b904088f1536069e004e22982d69014,UNADJUSTEDNONRAW_thumb_1e,False,
train,Tea algal leaf spot,UNADJUSTEDNONRAW_thumb_1e_aug_zoom.jpg,12455dfbae1d07b1c221c08ac1253ade,UNADJUSTEDNONRAW_thumb_1e,True,zoom
train,Tea algal leaf spot,UNADJUSTEDNONRAW_thumb_20.jpg,1c45fde1a326b01a67e08cb2a8581dfc,UNADJUSTEDNONRAW_thumb_20,False,
train,Tea algal leaf spot,UNADJUSTEDNONRAW_thumb_20_aug_blur.jpg,d0b4b5d4a9ae1bc65333a25690e64268,UNADJUSTEDNONRAW_thumb_20,True,blur
train,Tea algal leaf spot,UNADJUSTEDNONRAW_thumb_21.jpg,a996e82cb66b63437ada8c5c07e1686d,UNADJUSTEDNONRAW_thumb_21,False,
train,Tea algal leaf spot,UNADJUSTEDNONRAW_thumb_21_aug_zoom.jpg,31940fbcffe5fc987773a7d67b3a6480,UNADJUSTEDNONRAW_thumb_21,True,zoom
train,Tea algal leaf spot,UNADJUSTEDNONRAW_thumb_22.jpg,21498e247039760f6656fe07ee23c857,UNADJUSTEDNONRAW_thumb_22,False,
train,Tea algal leaf spot,UNADJUSTEDNONRAW_thumb_22_aug_flip_vertical.jpg,9aa5476601292cf257b31e59e1080d86,UNADJUSTEDNONRAW_thumb_22,True,flip
train,Tea algal leaf spot,UNADJUSTEDNONRAW_thumb_23.jpg,7464d1ef948ce53d1a9a6001bec84fc5,UNADJUSTEDNONRAW_thumb_23,False,
train,Tea algal leaf spot,UNADJUSTEDNONRAW_thumb_23_aug_flip_vertical.jpg,f558cc46a383787017f3288079e6a4fa,UNADJUSTEDNONRAW_thumb_23,True,flip
train,Tea algal leaf spot,UNADJUSTEDNONRAW_thumb_24.jpg,0bd18c3d7366e78a3d9b236d3561d484,UNADJUSTEDNONRAW_thumb_24,False,
train,Tea algal leaf spot,UNADJUSTEDNONRAW_thumb_24_aug_contrast.jpg,6b91960fb2188d1a87308276fc334f14,UNADJUSTEDNONRAW_thumb_24,True,contrast
train,Tea algal leaf spot,UNADJUSTEDNONRAW_thumb_24_aug_flip_horizontal.jpg,32b9ad67991d40e94fdb1278273e9223,UNADJUSTEDNONRAW_thumb_24,True,flip
train,Tea algal leaf spot,UNADJUSTEDNONRAW_thumb_25.jpg,5f01260a7998d2a1d22b0427ecafa961,UNADJUSTEDNONRAW_thumb_25,False,
train,Tea algal leaf spot,UNADJUSTEDNONRAW_thumb_25_aug_zoom.jpg,cef0ec465a919b6f1ab37bd8ddb9723a,UNADJUSTEDNONRAW_thumb_25,True,zoom
train,Tea algal leaf spot,UNADJUSTEDNONRAW_thumb_26.jpg,07597bd891853c22e3aa911d5a6fb08a,UNADJUSTEDNONRAW_thumb_26,False,
train,Tea algal leaf spot,UNADJUSTEDNONRAW_thumb_27.jpg,34a2f3a9850671929710a276b54338c1,UNADJUSTEDNONRAW_thumb_27,False,
train,Tea algal leaf spot,UNADJUSTEDNONRAW_thumb_27_aug_contrast.jpg,ff666687ba7704d95cc249900c38fc3e,UNADJUSTEDNONRAW_thumb_27,True,contrast
train,Tea algal leaf spot,UNADJUSTEDNONRAW_thumb_29.jpg,43626f6b471d4fbfb2cac9f488483211,UNADJUSTEDNONRAW_thumb_29,False,
train,Tea algal leaf spot,UNADJUSTEDNONRAW_thumb_29_aug_flip_horizontal.jpg,9a4832a92c14d06a31f42201067378ed,UNADJUSTEDNONRAW_thumb_29,True,flip
train,Tea algal leaf spot,UNADJUSTEDNONRAW_thumb_29_aug_rotation.jpg,67369b78751b49fadcbd54df92b96588,UNADJUSTEDNONRAW_thumb_29,True,rotation
train,Tea algal leaf spot,UNADJUSTEDNONRAW_thumb_2a.jpg,4bf651c32c2967c3047103da9bea641e,UNADJUSTEDNONRAW_thumb_2a,False,
train,Tea algal leaf spot,UNADJUSTEDNONRAW_thumb_2a_aug_flip_vertical.jpg,0f4e0601a8eaebfe1cf13888c57e8c99,UNADJUSTEDNONRAW_thumb_2a,True,flip
train,Tea algal leaf spot,UNADJUSTEDNONRAW_thumb_2a_aug_zoom.jpg,cd4331b0e93d2862361dd39bd7fd6932,UNADJUSTEDNONRAW_thumb_2a,True,zoom
train,Tea algal leaf spot,UNADJUSTEDNONRAW_thumb_2d.jpg,db409202ef2d839d68ccf51fce9ea820,UNADJUSTEDNONRAW_thumb_2d,False,
train,Tea algal leaf spot,UNADJUSTEDNONRAW_thumb_2d_aug_blur.jpg,2a3c483bb4d2b545e180525787d12d9d,UNADJUSTEDNONRAW_thumb_2d,True,blur
train,Tea algal leaf spot,UNADJUSTEDNONRAW_thumb_2d_aug_rotation.jpg,a9b07b45a4515e92fa903b2a489a31d6,UNADJUSTEDNONRAW_thumb_2d,True,rotation
train,Tea algal leaf spot,UNADJUSTEDNONRAW_thumb_2e.jpg,8a2477153f772f12aad64c1170475eaa,UNADJUSTEDNONRAW_thumb_2e,False,
train,Tea algal leaf spot,UNADJUSTEDNONRAW_thumb_2e_aug_blur.jpg,cd274631110538a6485790b3dcec5b0a,UNADJUSTEDNONRAW_thumb_2e,True,blur
train,Tea algal leaf spot,UNADJUSTEDNONRAW_thumb_2f.jpg,ee238742aa0a26a38ed3a7e86a6d82df,UNADJUSTEDNONRAW_thumb_2f,False,
train,Tea algal leaf spot,UNADJUSTEDNONRAW_thumb_3.jpg,468572932cbe0f7c9d6e5a17b612047e,UNADJUSTEDNONRAW_thumb_3,False,
train,Tea algal leaf spot,UNADJUSTEDNONRAW_thumb_30.jpg,61842b13f59790f3f7f356fdf3c02fda,UNADJUSTEDNONRAW_thumb_30,False,
train,Tea algal leaf spot,UNADJUSTEDNONRAW_thumb_30_aug_contrast.jpg,9921aab311d1c7ff30a2ff914e76b6ed,UNADJUSTEDNONRAW_thumb_30,True,contrast
train,Tea algal leaf spot,UNADJUSTEDNONRAW_thumb_31.jpg,0b9fe5801745a05c9fd496b23d5ee7bb,UNADJUSTEDNONRAW_thumb_31,False,
train,Tea algal leaf spot,UNADJUSTEDNONRAW_thumb_31_aug_blur.jpg,3987355c9f34af83e398bd75ddf7aab6,UNADJUSTEDNONRAW_thumb_31,True,blur
train,Tea algal leaf spot,UNADJUSTEDNONRAW_thumb_31_aug_flip_vertical.jpg,8170a3ca1dead51bab009680b33bf065,UNADJUSTEDNONRAW_thumb_31,True,flip
train,Tea algal leaf spot,UNADJUSTEDNONRAW_thumb_31_aug_rotation.jpg,262da1d3e9b87550b210bacfa95275f6,UNADJUSTEDNONRAW_thumb_31,True,rotation
train,Tea algal leaf spot,UNADJUSTEDNONRAW_thumb_33.jpg,71609462f2f4f6af831e62a50901af42,UNADJUSTEDNONRAW_thumb_33,False,
train,Tea algal leaf spot,UNADJUSTEDNONRAW_thumb_34.jpg,d4339f579844b143c18a432d37c4bf6d,UNADJUSTEDNONRAW_thumb_34,False,
train,Tea algal leaf spot,UNADJUSTEDNONRAW_thumb_34_aug_brightness.jpg,ba7552c2070e1661d3ce003333c4b580,UNADJUSTEDNONRAW_thumb_34,True,brightness
train,Tea algal leaf spot,UNADJUSTEDNONRAW_thumb_34_aug_contrast.jpg,2eb2484a8bf5611ed1605d1adef4edb9,UNADJUSTEDNONRAW_thumb_34,True,contrast
train,Tea algal leaf spot,UNADJUSTEDNONRAW_thumb_34_aug_zoom.jpg,db168d51396cbb14de3dea6023355f92,UNADJUSTEDNONRAW_thumb_34,True,zoom
train,Tea algal leaf spot,UNADJUSTEDNONRAW_thumb_35.jpg,3e912dad7839b77ad1dfe80b858dafe1,UNADJUSTEDNONRAW_thumb_35,False,
train,Tea algal leaf spot,UNADJUSTEDNONRAW_thumb_35_aug_flip_vertical.jpg,d721faa35e62d4db23d2a6ad3b755232,UNADJUSTEDNONRAW_thumb_35,True,flip
train,Tea algal leaf spot,UNADJUSTEDNONRAW_thumb_35_aug_zoom.jpg,a7f35408cfff316f1ddffb3f4e70f3e0,UNADJUSTEDNONRAW_thumb_35,True,zoom
train,Tea algal leaf spot,UNADJUSTEDNONRAW_thumb_36.jpg,f167d1aeb2a2885ea9a83ee7c1be403f,UNADJUSTEDNONRAW_thumb_36,False,
train,Tea algal leaf spot,UNADJUSTEDNONRAW_thumb_36_aug_brightness.jpg,904a1dc9cfc09c8e3c36aa67a1fb73a8,UNADJUSTEDNONRAW_thumb_36,True,brightness
train,Tea algal leaf spot,UNADJUSTEDNONRAW_thumb_36_aug_flip_horizontal.jpg,4cec81d3cb170699447a7a74f9f722cf,UNADJUSTEDNONRAW_thumb_36,True,flip
train,Tea algal leaf spot,UNADJUSTEDNONRAW_thumb_37.jpg,582177acdf4a0d0f4ee06d30501ee2ca,UNADJUSTEDNONRAW_thumb_37,False,
train,Tea algal leaf spot,UNADJUSTEDNONRAW_thumb_37_aug_blur.jpg,5c4d097e3514f0cb2d9af1e7cf5ba779,UNADJUSTEDNONRAW_thumb_37,True,blur
train,Tea algal leaf spot,UNADJUSTEDNONRAW_thumb_37_aug_flip_vertical.jpg,56d587cde2795de58eea310a7ba2c0b1,UNADJUSTEDNONRAW_thumb_37,True,flip
train,Tea algal leaf spot,UNADJUSTEDNONRAW_thumb_39.jpg,ff33190da5203998b1ef1698dd47776f,UNADJUSTEDNONRAW_thumb_39,False,
train,Tea algal leaf spot,UNADJUSTEDNONRAW_thumb_39_aug_brightness.jpg,8d1e53186a6d47f29600cf8454aef821,UNADJUSTEDNONRAW_thumb_39,True,brightness
train,Tea algal leaf spot,UNADJUSTEDNONRAW_thumb_3_aug_flip_horizontal.jpg,a10e821fa25fa8bc8d044bd0155b3d61,UNADJUSTEDNONRAW_thumb_3,True,flip
train,Tea algal leaf spot,UNADJUSTEDNONRAW_thumb_3a.jpg,374d5e40a197bf6db296ed87c9840027,UNADJUSTEDNONRAW_thumb_3a,False,
train,Tea algal leaf spot,UNADJUSTEDNONRAW_thumb_3a_aug_blur.jpg,246e395ec0c3e122ab24f6773cfdc7f3,UNADJUSTEDNONRAW_thumb_3a,True,blur
train,Tea algal leaf spot,UNADJUSTEDNONRAW_thumb_3a_aug_flip_horizontal.jpg,78e8ac08f73365ab826264586fd652bb,UNADJUSTEDNONRAW_thumb_3a,True,flip
train,Tea algal leaf spot,UNADJUSTEDNONRAW_thumb_3d.jpg,bf44e8c6ffa1998d2b1e11c3ddab1ca5,UNADJUSTEDNONRAW_thumb_3d,False,
train,Tea algal leaf spot,UNADJUSTEDNONRAW_thumb_3d_aug_rotation.jpg,d904c1fc06ebeef077df600197d4cc45,UNADJUSTEDNONRAW_thumb_3d,True,rotation
train,Tea algal leaf spot,UNADJUSTEDNONRAW_thumb_3e.jpg,e4edec6eb52f04efaa5e722049b37c4f,UNADJUSTEDNONRAW_thumb_3e,False,
train,Tea algal leaf spot,UNADJUSTEDNONRAW_thumb_3f.jpg,2ba449b683491fae416981e6c9669e17,UNADJUSTEDNONRAW_thumb_3f,False,
train,Tea algal leaf spot,UNADJUSTEDNONRAW_thumb_3f_aug_blur.jpg,9c4d4f0d0d6621140a2bc11374a373a7,UNADJUSTEDNONRAW_thumb_3f,True,blur
train,Tea algal leaf spot,UNADJUSTEDNONRAW_thumb_4.jpg,3aa1c5d44507dd4dc5069b64780c3c3c,UNADJUSTEDNONRAW_thumb_4,False,
train,Tea algal leaf spot,UNADJUSTEDNONRAW_thumb_41.jpg,327d47e84a57f3d22f6e05264ed21bcd,UNADJUSTEDNONRAW_thumb_41,False,
train,Tea algal leaf spot,UNADJUSTEDNONRAW_thumb_42.jpg,6e91de5edccde4a3fec4d63cc2a4b75e,UNADJUSTEDNONRAW_thumb_42,False,
train,Tea algal leaf spot,UNADJUSTEDNONRAW_thumb_42_aug_brightness.jpg,dc19424c0053a7ccefa87301df09bfa1,UNADJUSTEDNONRAW_thumb_42,True,brightness
train,Tea algal leaf spot,UNADJUSTEDNONRAW_thumb_42_aug_rotation.jpg,42830e0ba2c3e15d20e59f4cf28420cd,UNADJUSTEDNONRAW_thumb_42,True,rotation
train,Tea algal leaf spot,UNADJUSTEDNONRAW_thumb_42_aug_zoom.jpg,44dce7b388ce2ddeab0c1f59d7448aba,UNADJUSTEDNONRAW_thumb_42,True,zoom
train,Tea algal leaf spot,UNADJUSTEDNONRAW_thumb_43.jpg,35f0446ba50b890dcad64f4af733f572,UNADJUSTEDNONRAW_thumb_43,False,
train,Tea algal leaf spot,UNADJUSTEDNONRAW_thumb_43_aug_rotation.jpg,1808e30fd78238f9b2c931bb10cb4111,UNADJUSTEDNONRAW_thumb_43,True,rotation
train,Tea algal leaf spot,UNADJUSTEDNONRAW_thumb_44.jpg,44c63b67bcc13a3e833b29ad8957f33c,UNADJUSTEDNONRAW_thumb_44,False,
train,Tea algal leaf spot,UNADJUSTEDNONRAW_thumb_45.jpg,cf14ed33a9c3db7667a8f356d33491da,UNADJUSTEDNONRAW_thumb_45,False,
train,Tea algal leaf spot,UNADJUSTEDNONRAW_thumb_47.jpg,a8bb0815da6468a980593fdb5bb3138f,UNADJUSTEDNONRAW_thumb_47,False,
train,Tea algal leaf spot,UNADJUSTEDNONRAW_thumb_47_aug_brightness.jpg,0ac3280f74501931d081273e55531b65,UNADJUSTEDNONRAW_thumb_47,True,brightness
train,Tea algal leaf spot,UNADJUSTEDNONRAW_thumb_47_aug_flip_vertical.jpg,f762fcbd76dc5a4bca867343e40d2466,UNADJUSTEDNONRAW_thumb_47,True,flip
train,Tea algal leaf spot,UNADJUSTEDNONRAW_thumb_47_aug_rotation.jpg,07a0b1800b2487cabf594154b0d79f21,UNADJUSTEDNONRAW_thumb_47,True,rotation
train,Tea algal leaf spot,UNADJUSTEDNONRAW_thumb_48.jpg,13bf88623816e78374d98062b5dfff07,UNADJUSTEDNONRAW_thumb_48,False,
train,Tea algal leaf spot,UNADJUSTEDNONRAW_thumb_48_aug_blur.jpg,97a0db4230895c3f4aa446b6b8255dc6,UNADJUSTEDNONRAW_thumb_48,True,blur
train,Tea algal leaf spot,UNADJUSTEDNONRAW_thumb_48_aug_brightness.jpg,172ac4dcc9651803089945fec9ccc7a4,UNADJUSTEDNONRAW_thumb_48,True,brightness
train,Tea algal leaf spot,UNADJUSTEDNONRAW_thumb_49.jpg,1c6e98fcee6b750fa02b74debb7db105,UNADJUSTEDNONRAW_thumb_49,False,
train,Tea algal leaf spot,UNADJUSTEDNONRAW_thumb_49_aug_zoom.jpg,928c586cb32cfdc71bd6830bfa35d363,UNADJUSTEDNONRAW_thumb_49,True,zoom
train,Tea algal leaf spot,UNADJUSTEDNONRAW_thumb_4_aug_contrast.jpg,81886b80edcb3f2050fab70c91fbadae,UNADJUSTEDNONRAW_thumb_4,True,contrast
train,Tea algal leaf spot,UNADJUSTEDNONRAW_thumb_4a.jpg,ac4c2c652f917b9c73f47156088b3093,UNADJUSTEDNONRAW_thumb_4a,False,
train,Tea algal leaf spot,UNADJUSTEDNONRAW_thumb_4a_aug_flip_horizontal.jpg,4379ca71d9cc7b3004e092ec14f12a00,UNADJUSTEDNONRAW_thumb_4a,True,flip
train,Tea algal leaf spot,UNADJUSTEDNONRAW_thumb_4a_aug_rotation.jpg,68790dac2d2cc5776e2365efad87d0c8,UNADJUSTEDNONRAW_thumb_4a,True,rotation
train,Tea algal leaf spot,UNADJUSTEDNONRAW_thumb_4b.jpg,1c679365d92913a2a0ed6ff9d2af121d,UNADJUSTEDNONRAW_thumb_4b,False,
train,Tea algal leaf spot,UNADJUSTEDNONRAW_thumb_4c.jpg,74935468ad531ac90ec951e296b314f8,UNADJUSTEDNONRAW_thumb_4c,False,
train,Tea algal leaf spot,UNADJUSTEDNONRAW_thumb_4d.jpg,1e8840f3c8c06f22c9c523b2903496b7,UNADJUSTEDNONRAW_thumb_4d,False,
train,Tea algal leaf spot,UNADJUSTEDNONRAW_thumb_4e.jpg,9e10cb9c24d29b78e71464ce3dbf5484,UNADJUSTEDNONRAW_thumb_4e,False,
train,Tea algal leaf spot,UNADJUSTEDNONRAW_thumb_4e_aug_blur.jpg,c63c262d0555107d1eb7703515a63f27,UNADJUSTEDNONRAW_thumb_4e,True,blur
train,Tea algal leaf spot,UNADJUSTEDNONRAW_thumb_4f.jpg,7cc2678e56f7172f8c0e8508ad2efe2c,UNADJUSTEDNONRAW_thumb_4f,False,
train,Tea algal leaf spot,UNADJUSTEDNONRAW_thumb_4f_aug_flip_vertical.jpg,8b4039d86d121ca31efb3a0a760f7363,UNADJUSTEDNONRAW_thumb_4f,True,flip
train,Tea algal leaf spot,UNADJUSTEDNONRAW_thumb_4f_aug_rotation.jpg,d8b40160e5886cd5d1160646067716ec,UNADJUSTEDNONRAW_thumb_4f,True,rotation
train,Tea algal leaf spot,UNADJUSTEDNONRAW_thumb_52.jpg,62a11ad756623ed9ddb6ec30390d8386,UNADJUSTEDNONRAW_thumb_52,False,
train,Tea algal leaf spot,UNADJUSTEDNONRAW_thumb_53.jpg,eb20b3c62c2497f58cab97ee73ceb3d0,UNADJUSTEDNONRAW_thumb_53,False,
train,Tea algal leaf spot,UNADJUSTEDNONRAW_thumb_53_aug_blur.jpg,fcda4a86ad346ef317fd666c0360598d,UNADJUSTEDNONRAW_thumb_53,True,blur
train,Tea algal leaf spot,UNADJUSTEDNONRAW_thumb_53_aug_zoom.jpg,2c8aadc757ff59b93f740432822f5fcd,UNADJUSTEDNONRAW_thumb_53,True,zoom
train,Tea algal leaf spot,UNADJUSTEDNONRAW_thumb_54.jpg,fb1ab4d1d6c3d3b1bb4dee5b97c800ba,UNADJUSTEDNONRAW_thumb_54,False,
train,Tea algal leaf spot,UNADJUSTEDNONRAW_thumb_54_aug_flip_horizontal.jpg,fce13eb1a95e420554096ddfd41cf02f,UNADJUSTEDNONRAW_thumb_54,True,flip
train,Tea algal leaf spot,UNADJUSTEDNONRAW_thumb_55.jpg,0253abbada22e7b8f7241aac1f193c0a,UNADJUSTEDNONRAW_thumb_55,False,
train,Tea algal leaf spot,UNADJUSTEDNONRAW_thumb_55_aug_blur.jpg,55e6eedfc8d1506855a6969b5efc5a01,UNADJUSTEDNONRAW_thumb_55,True,blur
train,Tea algal leaf spot,UNADJUSTEDNONRAW_thumb_58.jpg,9cefc6b4bb53bc325d449514aceca1c6,UNADJUSTEDNONRAW_thumb_58,False,
train,Tea algal leaf spot,UNADJUSTEDNONRAW_thumb_5a.jpg,599659ace2863a8283ec4ed9e11252f3,UNADJUSTEDNONRAW_thumb_5a,False,
train,Tea algal leaf spot,UNADJUSTEDNONRAW_thumb_5a_aug_blur.jpg,f8dab2ca6ad09e603786ed2d7a4b7811,UNADJUSTEDNONRAW_thumb_5a,True,blur
train,Tea algal leaf spot,UNADJUSTEDNONRAW_thumb_5b.jpg,210c3dcf9ae3501310db0f28950e3ea9,UNADJUSTEDNONRAW_thumb_5b,False,
train,Tea algal leaf spot,UNADJUSTEDNONRAW_thumb_5b_aug_contrast.jpg,9a0c07ae4d85b51e56383a81b1737f7a,UNADJUSTEDNONRAW_thumb_5b,True,contrast
train,Tea algal leaf spot,UNADJUSTEDNONRAW_thumb_5b_aug_flip_horizontal.jpg,670286bc6cfdf5e6f1af71c05007a869,UNADJUSTEDNONRAW_thumb_5b,True,flip
train,Tea algal leaf spot,UNADJUSTEDNONRAW_thumb_5b_aug_flip_vertical.jpg,057e6d8088668cdd413bc54100762d83,UNADJUSTEDNONRAW_thumb_5b,True,flip
train,Tea algal leaf spot,UNADJUSTEDNONRAW_thumb_5b_aug_zoom.jpg,b45185ab6f42432ca71838c125990863,UNADJUSTEDNONRAW_thumb_5b,True,zoom
train,Tea algal leaf spot,UNADJUSTEDNONRAW_thumb_5c.jpg,a5e9d943ccd7c02a8611d413447967ee,UNADJUSTEDNONRAW_thumb_5c,False,
train,Tea algal leaf spot,UNADJUSTEDNONRAW_thumb_5c_aug_brightness.jpg,f6f7ecd1fb5a7fb24dce764fd5907da2,UNADJUSTEDNONRAW_thumb_5c,True,brightness
train,Tea algal leaf spot,UNADJUSTEDNONRAW_thumb_5c_aug_rotation.jpg,3a679ab80ba95ca73090b7818c0914ca,UNADJUSTEDNONRAW_thumb_5c,True,rotation
train,Tea algal leaf spot,UNADJUSTEDNONRAW_thumb_5e.jpg,a5df021441e301608493e0f2d68016d2,UNADJUSTEDNONRAW_thumb_5e,False,
train,Tea algal leaf spot,UNADJUSTEDNONRAW_thumb_5e_aug_brightness.jpg,f484b228a810f8e34607aa996e525639,UNADJUSTEDNONRAW_thumb_5e,True,brightness
train,Tea algal leaf spot,UNADJUSTEDNONRAW_thumb_5f.jpg,b3a58c65cc6cc40d4ead1750c93c5675,UNADJUSTEDNONRAW_thumb_5f,False,
train,Tea algal leaf spot,UNADJUSTEDNONRAW_thumb_5f_aug_brightness.jpg,83e791ae7bacb3eb6cfcc08a032e161c,UNADJUSTEDNONRAW_thumb_5f,True,brightness
train,Tea algal leaf spot,UNADJUSTEDNONRAW_thumb_6.jpg,304cb39b54d4e1c536fbc8086978b6b6,UNADJUSTEDNONRAW_thumb_6,False,
train,Tea algal leaf spot,UNADJUSTEDNONRAW_thumb_60.jpg,293010dde446b9de39f13015794342fc,UNADJUSTEDNONRAW_thumb_60,False,
train,Tea algal leaf spot,UNADJUSTEDNONRAW_thumb_60_aug_rotation.jpg,9de88861966bd741a8efe73f943a739b,UNADJUSTEDNONRAW_thumb_60,True,rotation
train,Tea algal leaf spot,UNADJUSTEDNONRAW_thumb_61.jpg,b3694d4939b0f5e40b506a498d4e717a,UNADJUSTEDNONRAW_thumb_61,False,
train,Tea algal leaf spot,UNADJUSTEDNONRAW_thumb_65.jpg,da4ea8dc26a7083a42b33773020142cb,UNADJUSTEDNONRAW_thumb_65,False,
train,Tea algal leaf spot,UNADJUSTEDNONRAW_thumb_65_aug_flip_vertical.jpg,17ad432b201d635fec9550a1f0cc5a5d,UNADJUSTEDNONRAW_thumb_65,True,flip
train,Tea algal leaf spot,UNADJUSTEDNONRAW_thumb_65_aug_zoom.jpg,852425c5570af3ba1c5a879c2f8a4f7c,UNADJUSTEDNONRAW_thumb_65,True,zoom
train,Tea algal leaf spot,UNADJUSTEDNONRAW_thumb_66.jpg,3f0d37c0518bdd6d9b1255f25f68a1ff,UNADJUSTEDNONRAW_thumb_66,False,
train,Tea algal leaf spot,UNADJUSTEDNONRAW_thumb_66_aug_flip_vertical.jpg,83b7a5731c128b2cb021331337663226,UNADJUSTEDNONRAW_thumb_66,True,flip
train,Tea algal leaf spot,UNADJUSTEDNONRAW_thumb_6a.jpg,9923442afeaedcc8f2dd44e8d8592f70,UNADJUSTEDNONRAW_thumb_6a,False,
train,Tea algal leaf spot,UNADJUSTEDNONRAW_thumb_6a_aug_blur.jpg,79b133adc71c1cb880d6d3ed9b2ffaff,UNADJUSTEDNONRAW_thumb_6a,True,blur
train,Tea algal leaf spot,UNADJUSTEDNONRAW_thumb_6b.jpg,ff50e3467725bf221deed88a7d547335,UNADJUSTEDNONRAW_thumb_6b,False,
train,Tea algal leaf spot,UNADJUSTEDNONRAW_thumb_6b_aug_brightness.jpg,c8af263efb993c09d15e20fbeae6d98d,UNADJUSTEDNONRAW_thumb_6b,True,brightness
train,Tea algal leaf spot,UNADJUSTEDNONRAW_thumb_6e.jpg,24a70b5666616eb75f25fb1dbe8018e6,UNADJUSTEDNONRAW_thumb_6e,False,
train,Tea algal leaf spot,UNADJUSTEDNONRAW_thumb_6e_aug_brightness.jpg,d4c3d95edcd840b9df97fe0939714384,UNADJUSTEDNONRAW_thumb_6e,True,brightness
train,Tea algal leaf spot,UNADJUSTEDNONRAW_thumb_6e_aug_flip_horizontal.jpg,f7f4d2937bb66c7937264a1dcaec3315,UNADJUSTEDNONRAW_thumb_6e,True,flip
train,Tea algal leaf spot,UNADJUSTEDNONRAW_thumb_6f.jpg,c8d07fbd245800a385304a0a3e46437e,UNADJUSTEDNONRAW_thumb_6f,False,
train,Tea algal leaf spot,UNADJUSTEDNONRAW_thumb_6f_aug_brightness.jpg,60fd950a3982ca8f034c26829b97da4d,UNADJUSTEDNONRAW_thumb_6f,True,brightness
train,Tea algal leaf spot,UNADJUSTEDNONRAW_thumb_6f_aug_rotation.jpg,28da90a27942c875808191dc2efafc0e,UNADJUSTEDNONRAW_thumb_6f,True,rotation
train,Tea algal leaf spot,UNADJUSTEDNONRAW_thumb_7.jpg,d2b048128edeafa881b52479a1eb3726,UNADJUSTEDNONRAW_thumb_7,False,
train,Tea algal leaf spot,UNADJUSTEDNONRAW_thumb_70.jpg,7c55ed79365c2f801c32f3d73f2ab2b9,UNADJUSTEDNONRAW_thumb_70,False,
train,Tea algal leaf spot,UNADJUSTEDNONRAW_thumb_7_aug_flip_vertical.jpg,9e4ae4d0f2653e42084d15c4c6caae8f,UNADJUSTEDNONRAW_thumb_7,True,flip
train,Tea algal leaf spot,UNADJUSTEDNONRAW_thumb_8.jpg,8f48f778ba84f73a3d13a443789c60bf,UNADJUSTEDNONRAW_thumb_8,False,
train,Tea algal leaf spot,UNADJUSTEDNONRAW_thumb_8_aug_brightness.jpg,fe34881c38498ae0e209233c2039dfb1,UNADJUSTEDNONRAW_thumb_8,True,brightness
train,Tea algal leaf spot,UNADJUSTEDNONRAW_thumb_8_aug_flip_horizontal.jpg,5bab847dae2c4719e0c52818c76b80f5,UNADJUSTEDNONRAW_thumb_8,True,flip
train,Tea algal leaf spot,UNADJUSTEDNONRAW_thumb_8_aug_flip_vertical.jpg,ebc42440ef435dd6a723100787a6c918,UNADJUSTEDNONRAW_thumb_8,True,flip
train,Tea algal leaf spot,UNADJUSTEDNONRAW_thumb_c.jpg,3dadd16419d94198660122bc4f3169e2,UNADJUSTEDNONRAW_thumb_c,False,
train,Tea algal leaf spot,UNADJUSTEDNONRAW_thumb_c_aug_contrast.jpg,0e6a3e7281e8bf63a7e42869ab6908d2,UNADJUSTEDNONRAW_thumb_c,True,contrast
train,Tea algal leaf spot,UNADJUSTEDNONRAW_thumb_c_aug_flip_vertical.jpg,01a6c7947a98eb2a9d6c31730f243cdc,UNADJUSTEDNONRAW_thumb_c,True,flip
train,Tea algal leaf spot,UNADJUSTEDNONRAW_thumb_d.jpg,9cd6f7a8efc982a1b93d8dfd92ddb347,UNADJUSTEDNONRAW_thumb_d,False,
train,Tea algal leaf spot,UNADJUSTEDNONRAW_thumb_d_aug_contrast.jpg,131767ee097f2d0885e884db5c4322d8,UNADJUSTEDNONRAW_thumb_d,True,contrast
train,Tea algal leaf spot,UNADJUSTEDNONRAW_thumb_d_aug_flip_vertical.jpg,eb615245fb5b625cef12016197a5c1cc,UNADJUSTEDNONRAW_thumb_d,True,flip
train,Tea algal leaf spot,UNADJUSTEDNONRAW_thumb_d_aug_zoom.jpg,4178feada31cdd7d022cd21dc344482b,UNADJUSTEDNONRAW_thumb_d,True,zoom
train,Tea algal leaf spot,UNADJUSTEDNONRAW_thumb_e.jpg,99964e01cc7be9e130a26407c69b046e,UNADJUSTEDNONRAW_thumb_e,False,
train,Tea algal leaf spot,UNADJUSTEDNONRAW_thumb_e_aug_contrast.jpg,3b50bb2caa09afe891136e6847ef4667,UNADJUSTEDNONRAW_thumb_e,True,contrast
train,Tea algal leaf spot,UNADJUSTEDNONRAW_thumb_f.jpg,cb8239337c55bcd3e1b39dd65f049c82,UNADJUSTEDNONRAW_thumb_f,False,
train,Tea algal leaf spot,UNADJUSTEDNONRAW_thumb_f_aug_flip_vertical.jpg,b5d5a4c8c4cd1694906544bc0769f51e,UNADJUSTEDNONRAW_thumb_f,True,flip
train,Tea algal leaf spot,tea_algal_leaf_spot_00001.jpg,d91374425571fb5a9dddcec6c4cb0514,tea_algal_leaf_spot_00001,False,
train,Tea algal leaf spot,tea_algal_leaf_spot_00001_aug_flip_horizontal.jpg,d0856984b4ad528aaa3853ee3bbdbddb,tea_algal_leaf_spot_00001,True,flip
train,Tea algal leaf spot,tea_algal_leaf_spot_00002.jpg,b1762bf2b530d5b01e5f4639313188a3,tea_algal_leaf_spot_00002,False,
train,Tea algal leaf spot,tea_algal_leaf_spot_00002_aug_brightness.jpg,e488b95cc65ca91cc9391c4b0d2e0d11,tea_algal_leaf_spot_00002,True,brightness
train,Tea algal leaf spot,tea_algal_leaf_spot_00002_aug_flip_horizontal.jpg,f71bc82922f0784b7a8e59717f924cd5,tea_algal_leaf_spot_00002,True,flip
train,Tea algal leaf spot,tea_algal_leaf_spot_00002_aug_flip_vertical.jpg,f2b026d29f421b273877f021e6023f01,tea_algal_leaf_spot_00002,True,flip
train,Tea algal leaf spot,tea_algal_leaf_spot_00003.jpg,0d70504ec94b739e6bb25ec149ca6a17,tea_algal_leaf_spot_00003,False,
train,Tea algal leaf spot,tea_algal_leaf_spot_00003_aug_brightness.jpg,0160fddf4cfcbafca9b97a818adfd45f,tea_algal_leaf_spot_00003,True,brightness
train,Tea algal leaf spot,tea_algal_leaf_spot_00003_aug_flip_horizontal.jpg,4ee218b0dede0632670f02c247c27d56,tea_algal_leaf_spot_00003,True,flip
train,Tea algal leaf spot,tea_algal_leaf_spot_00003_aug_rotation.jpg,bf78acd438705a66e5d4c87bba13289d,tea_algal_leaf_spot_00003,True,rotation
train,Tea algal leaf spot,tea_algal_leaf_spot_00004.jpg,7ae59ca51977ff57b034588e3984d7ff,tea_algal_leaf_spot_00004,False,
train,Tea algal leaf spot,tea_algal_leaf_spot_00004_aug_contrast.jpg,cb9501d81b8c0943cec3cb7875b6360b,tea_algal_leaf_spot_00004,True,contrast
train,Tea algal leaf spot,tea_algal_leaf_spot_00006.jpg,e36929ea4f749d534b264b78bc87faae,tea_algal_leaf_spot_00006,False,
train,Tea algal leaf spot,tea_algal_leaf_spot_00006_aug_zoom.jpg,9943f606caa831e29bdd35f19ee4b133,tea_algal_leaf_spot_00006,True,zoom
train,Tea algal leaf spot,tea_algal_leaf_spot_00007.jpg,b4031dc7e2233689c9e0282733553277,tea_algal_leaf_spot_00007,False,
train,Tea algal leaf spot,tea_algal_leaf_spot_00007_aug_flip_vertical.jpg,2b3b9d0a1a5d4ab0071e00f3fb30db02,tea_algal_leaf_spot_00007,True,flip
train,Tea algal leaf spot,tea_algal_leaf_spot_00009.jpg,44469e9118379241e21abd3792532c63,tea_algal_leaf_spot_00009,False,
train,Tea algal leaf spot,tea_algal_leaf_spot_00009_aug_flip_vertical.jpg,c50ca2805a2671db2c93b1565026384d,tea_algal_leaf_spot_00009,True,flip
train,Tea algal leaf spot,tea_algal_leaf_spot_00009_aug_rotation.jpg,c7ad1f914c2fa44aed0f15ae8aa01967,tea_algal_leaf_spot_00009,True,rotation
train,Tea algal leaf spot,tea_algal_leaf_spot_00009_aug_zoom.jpg,a8e209041547c45df8e9ee37461ba873,tea_algal_leaf_spot_00009,True,zoom
train,Tea algal leaf spot,tea_algal_leaf_spot_00010.jpg,2bce263b6f2342810dec537689c0b7d9,tea_algal_leaf_spot_00010,False,
train,Tea algal leaf spot,tea_algal_leaf_spot_00010_aug_flip_vertical.jpg,b324649d5dbfe3b72084d6b0ed9b0b51,tea_algal_leaf_spot_00010,True,flip
train,Tea algal leaf spot,tea_algal_leaf_spot_00010_aug_rotation.jpg,c54710c3e9c402387ea248c75c5ae93b,tea_algal_leaf_spot_00010,True,rotation
train,Tea algal leaf spot,tea_algal_leaf_spot_00011.jpg,045038310b5dd491ac68ffddb1031ba1,tea_algal_leaf_spot_00011,False,
train,Tea algal leaf spot,tea_algal_leaf_spot_00011_aug_contrast.jpg,10ed2d08f972ee210994ef794627d8c5,tea_algal_leaf_spot_00011,True,contrast
train,Tea algal leaf spot,tea_algal_leaf_spot_00012.jpg,b01546b5427e531934027bc4f6d1897a,tea_algal_leaf_spot_00012,False,
train,Tea algal leaf spot,tea_algal_leaf_spot_00012_aug_rotation.jpg,d5dc19e038d49b19a3dab3fed929ae62,tea_algal_leaf_spot_00012,True,rotation
train,Tea algal leaf spot,tea_algal_leaf_spot_00012_aug_zoom.jpg,6c4cd0e7109ffb5ae8d286db54453b4c,tea_algal_leaf_spot_00012,True,zoom
train,Tea algal leaf spot,tea_algal_leaf_spot_00013.jpg,ce9cb41e0abd6a41205f46c233bfb04b,tea_algal_leaf_spot_00013,False,
train,Tea algal leaf spot,tea_algal_leaf_spot_00013_aug_flip_vertical.jpg,50c2adb00099198356f6a03c24f6cb0d,tea_algal_leaf_spot_00013,True,flip
train,Tea algal leaf spot,tea_algal_leaf_spot_00014.jpg,811edff451c352a24db2a5616b3c43fe,tea_algal_leaf_spot_00014,False,
train,Tea algal leaf spot,tea_algal_leaf_spot_00014_aug_flip_horizontal.jpg,52e1ec408733187347bcfab81bc3611a,tea_algal_leaf_spot_00014,True,flip
train,Tea algal leaf spot,tea_algal_leaf_spot_00014_aug_flip_vertical.jpg,9ed10b60183c2eb1683bf0632f9ccdcb,tea_algal_leaf_spot_00014,True,flip
train,Tea algal leaf spot,tea_algal_leaf_spot_00016.jpg,6e53ef3ebb121fa8e44e8b82c78f1722,tea_algal_leaf_spot_00016,False,
train,Tea algal leaf spot,tea_algal_leaf_spot_00017.jpg,2f25559ea48d8df0e222d8ba83eca9c1,tea_algal_leaf_spot_00017,False,
train,Tea algal leaf spot,tea_algal_leaf_spot_00017_aug_blur.jpg,1d8feb9e21ecc04daf23a1b858d24179,tea_algal_leaf_spot_00017,True,blur
train,Tea algal leaf spot,tea_algal_leaf_spot_00018.jpg,e4eb0585fad2e8f7e24fb2aff6791607,tea_algal_leaf_spot_00018,False,
train,Tea algal leaf spot,tea_algal_leaf_spot_00018_aug_contrast.jpg,805cacd7195f6ceb17efc145a11a09c7,tea_algal_leaf_spot_00018,True,contrast
train,Tea algal leaf spot,tea_algal_leaf_spot_00019.jpg,d072d2c14126731d6d0ba748d1948561,tea_algal_leaf_spot_00019,False,
train,Tea algal leaf spot,tea_algal_leaf_spot_00020.jpg,71f9b42cf07460e0475a466eddbb2881,tea_algal_leaf_spot_00020,False,
train,Tea algal leaf spot,tea_algal_leaf_spot_00021.jpg,37bbda5241a9aa256e07cdc07d63ffdb,tea_algal_leaf_spot_00021,False,
train,Tea algal leaf spot,tea_algal_leaf_spot_00021_aug_blur.jpg,78c860b8a03cb48eac8ddbf2ef08e2b4,tea_algal_leaf_spot_00021,True,blur
train,Tea algal leaf spot,tea_algal_leaf_spot_00021_aug_contrast.jpg,3f11bc8370e8d7dc5ffa0b77c9058824,tea_algal_leaf_spot_00021,True,contrast
train,Tea algal leaf spot,tea_algal_leaf_spot_00021_aug_flip_vertical.jpg,dd3a87c4caec6be309275f049a9fa561,tea_algal_leaf_spot_00021,True,flip
train,Tea algal leaf spot,tea_algal_leaf_spot_00022.jpg,72fc4dbafe5b8c3bac9572b9401e6aa3,tea_algal_leaf_spot_00022,False,
train,Tea algal leaf spot,tea_algal_leaf_spot_00022_aug_blur.jpg,555e5e6cddf6950d9e72089528ce63ba,tea_algal_leaf_spot_00022,True,blur
train,Tea algal leaf spot,tea_algal_leaf_spot_00022_aug_brightness.jpg,ef2a2f82068ee9d895dbad8533ac686e,tea_algal_leaf_spot_00022,True,brightness
train,Tea algal leaf spot,tea_algal_leaf_spot_00022_aug_zoom.jpg,58571b3788da939e54a84d56bb7ad2b2,tea_algal_leaf_spot_00022,True,zoom
train,Tea algal leaf spot,tea_algal_leaf_spot_00023.jpg,089209c75e0c985ba121b5431c5b5f51,tea_algal_leaf_spot_00023,False,
train,Tea algal leaf spot,tea_algal_leaf_spot_00026.jpg,20601429d89da59fa111f69a672c0385,tea_algal_leaf_spot_00026,False,
train,Tea algal leaf spot,tea_algal_leaf_spot_00026_aug_flip_horizontal.jpg,146e1a449358b5a964ba27a36b2a74c5,tea_algal_leaf_spot_00026,True,flip
train,Tea algal leaf spot,tea_algal_leaf_spot_00027.jpg,0dafd512a56881f94a26bc831a5d0156,tea_algal_leaf_spot_00027,False,
train,Tea algal leaf spot,tea_algal_leaf_spot_00027_aug_flip_horizontal.jpg,2438899db6b4fd8f45ce5babe1c33c2e,tea_algal_leaf_spot_00027,True,flip
train,Tea algal leaf spot,tea_algal_leaf_spot_00027_aug_flip_vertical.jpg,b474f8d0dea5341a164c6e526e7a3cb7,tea_algal_leaf_spot_00027,True,flip
train,Tea algal leaf spot,tea_algal_leaf_spot_00027_aug_zoom.jpg,d18cc729b8b027bf8cfe9d946bff9f0f,tea_algal_leaf_spot_00027,True,zoom
train,Tea algal leaf spot,tea_algal_leaf_spot_00029.jpg,c7ebba5f3315f0a83befa1caa515f06b,tea_algal_leaf_spot_00029,False,
train,Tea algal leaf spot,tea_algal_leaf_spot_00029_aug_blur.jpg,90df83201c9effe05f03f73f2d8708d6,tea_algal_leaf_spot_00029,True,blur
train,Tea algal leaf spot,tea_algal_leaf_spot_00029_aug_brightness.jpg,abae6f36c66be1df9c251042cf063aa9,tea_algal_leaf_spot_00029,True,brightness
train,Tea algal leaf spot,tea_algal_leaf_spot_00029_aug_contrast.jpg,0b55c736c02fc991d307e99de63f4bc7,tea_algal_leaf_spot_00029,True,contrast
train,Tea algal leaf spot,tea_algal_leaf_spot_00031.jpg,8dbfde22d7d8ccf2041fe5fe624e1c5a,tea_algal_leaf_spot_00031,False,
train,Tea algal leaf spot,tea_algal_leaf_spot_00031_aug_contrast.jpg,0d34ce9a66e57356e4297dbe1ba06edc,tea_algal_leaf_spot_00031,True,contrast
train,Tea algal leaf spot,tea_algal_leaf_spot_00032.jpg,3039b2b0aa6e91c66b65fa7c749e3586,tea_algal_leaf_spot_00032,False,
train,Tea algal leaf spot,tea_algal_leaf_spot_00032_aug_zoom.jpg,f1a7ee9ca23a7dabc463eeffd7b67510,tea_algal_leaf_spot_00032,True,zoom
train,Tea algal leaf spot,tea_algal_leaf_spot_00033.jpg,5d8a68d416c7e2cb687eead118f32992,tea_algal_leaf_spot_00033,False,
train,Tea algal leaf spot,tea_algal_leaf_spot_00033_aug_brightness.jpg,d7caa553d93c1ad70dae591fe951ccef,tea_algal_leaf_spot_00033,True,brightness
train,Tea algal leaf spot,tea_algal_leaf_spot_00034.jpg,7edf378b30c06d05300f2d56e4baaae4,tea_algal_leaf_spot_00034,False,
train,Tea algal leaf spot,tea_algal_leaf_spot_00034_aug_contrast.jpg,4276aad5a59ac0fdc608c1bd1d650c60,tea_algal_leaf_spot_00034,True,contrast
train,Tea algal leaf spot,tea_algal_leaf_spot_00034_aug_flip_horizontal.jpg,9470154cdd5471ad26c05ae764da8d99,tea_algal_leaf_spot_00034,True,flip
train,Tea algal leaf spot,tea_algal_leaf_spot_00035.jpg,214b27a9fb7f4a7b673c395263454746,tea_algal_leaf_spot_00035,False,
train,Tea algal leaf spot,tea_algal_leaf_spot_00035_aug_contrast.jpg,fcb78eeb2da90a79edfe27c7ed183c4a,tea_algal_leaf_spot_00035,True,contrast
train,Tea algal leaf spot,tea_algal_leaf_spot_00035_aug_flip_horizontal.jpg,53ff98ee62d195623322452889bc4547,tea_algal_leaf_spot_00035,True,flip
train,Tea algal leaf spot,tea_algal_leaf_spot_00035_aug_rotation.jpg,c6c04046d017c9fde5a3d546536a9c4c,tea_algal_leaf_spot_00035,True,rotation
train,Tea algal leaf spot,tea_algal_leaf_spot_00036.jpg,3e2be2a0b2110d2dd04992f745eff700,tea_algal_leaf_spot_00036,False,
train,Tea algal leaf spot,tea_algal_leaf_spot_00036_aug_flip_vertical.jpg,024235c7d3c26e47772c87de7bee615a,tea_algal_leaf_spot_00036,True,flip
train,Tea algal leaf spot,tea_algal_leaf_spot_00037.jpg,8d7e5b37a14f83efbb8195bd904e0862,tea_algal_leaf_spot_00037,False,
train,Tea algal leaf spot,tea_algal_leaf_spot_00037_aug_brightness.jpg,bc76e5113d923556507d8f21c8add660,tea_algal_leaf_spot_00037,True,brightness
train,Tea algal leaf spot,tea_algal_leaf_spot_00037_aug_flip_vertical.jpg,491f5c4186aa53db616eb462a53259b4,tea_algal_leaf_spot_00037,True,flip
train,Tea algal leaf spot,tea_algal_leaf_spot_00038.jpg,750b87ba84d120f394b40dc10d860475,tea_algal_leaf_spot_00038,False,
train,Tea algal leaf spot,tea_algal_leaf_spot_00038_aug_brightness.jpg,cfae791a56db462663de254854fb8212,tea_algal_leaf_spot_00038,True,brightness
train,Tea algal leaf spot,tea_algal_leaf_spot_00039.jpg,8ba8bdecde6c234656253894eab2140a,tea_algal_leaf_spot_00039,False,
train,Tea algal leaf spot,tea_algal_leaf_spot_00039_aug_contrast.jpg,1429d81eeaa219779fe12e98d6b9a031,tea_algal_leaf_spot_00039,True,contrast
train,Tea algal leaf spot,tea_algal_leaf_spot_00039_aug_rotation.jpg,2a835ee146c394abcb44a609dfd5e280,tea_algal_leaf_spot_00039,True,rotation
train,Tea algal leaf spot,tea_algal_leaf_spot_00043.jpg,076704f82f4a3b3293e1b9eb8534d029,tea_algal_leaf_spot_00043,False,
train,Tea algal leaf spot,tea_algal_leaf_spot_00043_aug_zoom.jpg,58a5fdc6da12f8819405d2a63d2db862,tea_algal_leaf_spot_00043,True,zoom
train,Tea algal leaf spot,tea_algal_leaf_spot_00044.jpg,6bbecae7873ed8a61db3a6f5077789bc,tea_algal_leaf_spot_00044,False,
train,Tea algal leaf spot,tea_algal_leaf_spot_00044_aug_brightness.jpg,c688340d52408c620151014ba86fecb1,tea_algal_leaf_spot_00044,True,brightness
train,Tea algal leaf spot,tea_algal_leaf_spot_00046.jpg,70f98cfb45264230565e88db806c64bb,tea_algal_leaf_spot_00046,False,
train,Tea algal leaf spot,tea_algal_leaf_spot_00051.jpg,a1481c0ead3cc1546498472d761c3e70,tea_algal_leaf_spot_00051,False,
train,Tea algal leaf spot,tea_algal_leaf_spot_00052.jpg,85c5c81ba82649d386c6a31cf72de57c,tea_algal_leaf_spot_00052,False,
train,Tea algal leaf spot,tea_algal_leaf_spot_00052_aug_flip_vertical.jpg,72eb096f841b0045fd4e382388522ae3,tea_algal_leaf_spot_00052,True,flip
train,Tea algal leaf spot,tea_algal_leaf_spot_00052_aug_zoom.jpg,c61b86ac52b4733e42d6a06993c607a1,tea_algal_leaf_spot_00052,True,zoom
train,Tea algal leaf spot,tea_algal_leaf_spot_00056.jpg,219f84aa0c0fe70961383290f7d2029b,tea_algal_leaf_spot_00056,False,
train,Tea algal leaf spot,tea_algal_leaf_spot_00056_aug_blur.jpg,9ed73595319f5f68cf456cc329c9c5a6,tea_algal_leaf_spot_00056,True,blur
train,Tea algal leaf spot,tea_algal_leaf_spot_00056_aug_contrast.jpg,2ab62cfec88fd42a36f2d3055bf3f3bb,tea_algal_leaf_spot_00056,True,contrast
train,Tea algal leaf spot,tea_algal_leaf_spot_00056_aug_rotation.jpg,ec2967906d742a429f2c8eb765242d64,tea_algal_leaf_spot_00056,True,rotation
train,Tea algal leaf spot,tea_algal_leaf_spot_00056_aug_zoom.jpg,e94e2678aa0a4c961dd1437b725dd536,tea_algal_leaf_spot_00056,True,zoom
train,Tea algal leaf spot,tea_algal_leaf_spot_00057.jpg,e8c9a79964fe56eeb3e2cea7198ff282,tea_algal_leaf_spot_00057,False,
train,Tea algal leaf spot,tea_algal_leaf_spot_00058.jpg,d7c7dde304fe480edd49b421c5719a1f,tea_algal_leaf_spot_00058,False,
train,Tea algal leaf spot,tea_algal_leaf_spot_00058_aug_brightness.jpg,4aa5914b8dec259e86e963174614a716,tea_algal_leaf_spot_00058,True,brightness
train,Tea algal leaf spot,tea_algal_leaf_spot_00058_aug_zoom.jpg,6a9be4a1c6ff54168828a3c62204eb14,tea_algal_leaf_spot_00058,True,zoom
train,Tea algal leaf spot,tea_algal_leaf_spot_00060.jpg,bd61af97024f3ae02b3ff6f217494aa0,tea_algal_leaf_spot_00060,False,
train,Tea algal leaf spot,tea_algal_leaf_spot_00061.jpg,f81969ae34d8b014b3449e55e5b5af40,tea_algal_leaf_spot_00061,False,
train,Tea algal leaf spot,tea_algal_leaf_spot_00061_aug_brightness.jpg,f268b30032eb1bcc7d11c97024436aae,tea_algal_leaf_spot_00061,True,brightness
train,Tea algal leaf spot,tea_algal_leaf_spot_00061_aug_rotation.jpg,e29b3c5fd1c7cdb39c7fde2f6f006911,tea_algal_leaf_spot_00061,True,rotation
train,Tea algal leaf spot,tea_algal_leaf_spot_00061_aug_zoom.jpg,4966568630d8e33f7735bc041a7fc960,tea_algal_leaf_spot_00061,True,zoom
train,Tea algal leaf spot,tea_algal_leaf_spot_00062.jpg,55dbe43813568bca549d91aab4cd624a,tea_algal_leaf_spot_00062,False,
train,Tea algal leaf spot,tea_algal_leaf_spot_00063.jpg,409e7ce34d405c368ac72024bf506d26,tea_algal_leaf_spot_00063,False,
train,Tea algal leaf spot,tea_algal_leaf_spot_00063_aug_brightness.jpg,ade0fe02844f295202e3189a2eb72d42,tea_algal_leaf_spot_00063,True,brightness
train,Tea algal leaf spot,tea_algal_leaf_spot_00063_aug_zoom.jpg,ef490e5c2b8edd10c45853481b676bd4,tea_algal_leaf_spot_00063,True,zoom
train,Tea algal leaf spot,tea_algal_leaf_spot_00066.jpg,df366ba2137b4ef837bda68c66c982cd,tea_algal_leaf_spot_00066,False,
train,Tea algal leaf spot,tea_algal_leaf_spot_00066_aug_blur.jpg,eb1af3e5e300b99087ed9b66b8c9644b,tea_algal_leaf_spot_00066,True,blur
train,Tea algal leaf spot,tea_algal_leaf_spot_00071.jpg,0c23f43a3cb99b5949376ad565d06fa5,tea_algal_leaf_spot_00071,False,
train,Tea algal leaf spot,tea_algal_leaf_spot_00071_aug_contrast.jpg,34a44ff17ddf5ddb5b201e2413d503f7,tea_algal_leaf_spot_00071,True,contrast
train,Tea algal leaf spot,tea_algal_leaf_spot_00071_aug_flip_vertical.jpg,b95db4b580067dcd1efd1267033723a4,tea_algal_leaf_spot_00071,True,flip
train,Tea algal leaf spot,tea_algal_leaf_spot_00072.jpg,9bd032f71612e3a022b78e660e7452e9,tea_algal_leaf_spot_00072,False,
train,Tea algal leaf spot,tea_algal_leaf_spot_00073.jpg,b0b2ef352e639b3d3d2673d2327ed5cb,tea_algal_leaf_spot_00073,False,
train,Tea algal leaf spot,tea_algal_leaf_spot_00073_aug_blur.jpg,6f188ef225fb9528708460aba77036ca,tea_algal_leaf_spot_00073,True,blur
train,Tea algal leaf spot,tea_algal_leaf_spot_00073_aug_brightness.jpg,7aac27ad43fe7cb9e639c94f2344d9e3,tea_algal_leaf_spot_00073,True,brightness
train,Tea algal leaf spot,tea_algal_leaf_spot_00074.jpg,190a3ab90e45c98ad41fe826842c3e50,tea_algal_leaf_spot_00074,False,
train,Tea algal leaf spot,tea_algal_leaf_spot_00076.jpg,c74996ea991a0a7ccc168fda30c7941d,tea_algal_leaf_spot_00076,False,
train,Tea algal leaf spot,tea_algal_leaf_spot_00076_aug_blur.jpg,ec9711474386ba34b025fcefbc9e3fad,tea_algal_leaf_spot_00076,True,blur
train,Tea algal leaf spot,tea_algal_leaf_spot_00079.jpg,b679cdb4c29b7d1bf1670e29d661cd34,tea_algal_leaf_spot_00079,False,
train,Tea algal leaf spot,tea_algal_leaf_spot_00081.jpg,993f5fcb3a44b68249ddf3a9d8a61c00,tea_algal_leaf_spot_00081,False,
train,Tea algal leaf spot,tea_algal_leaf_spot_00081_aug_contrast.jpg,071c9e34082dc80ddf0201cd61aa0c83,tea_algal_leaf_spot_00081,True,contrast
train,Tea algal leaf spot,tea_algal_leaf_spot_00082.jpg,17f5cf6775eb408853efb730d67b2ee8,tea_algal_leaf_spot_00082,False,
train,Tea algal leaf spot,tea_algal_leaf_spot_00082_aug_blur.jpg,517630bff47ed61468781f7f1e51729e,tea_algal_leaf_spot_00082,True,blur
train,Tea algal leaf spot,tea_algal_leaf_spot_00082_aug_flip_vertical.jpg,3b0b56d72a698fd15d46bad3ff93c5b8,tea_algal_leaf_spot_00082,True,flip
train,Tea algal leaf spot,tea_algal_leaf_spot_00082_aug_rotation.jpg,77c4c17530654607f76c37e1e9616e01,tea_algal_leaf_spot_00082,True,rotation
train,Tea algal leaf spot,tea_algal_leaf_spot_00082_aug_zoom.jpg,4c5bfff7134b7cd7eb83e12eecdaf613,tea_algal_leaf_spot_00082,True,zoom
train,Tea algal leaf spot,tea_algal_leaf_spot_00083.jpg,14950e36dca4c18fa60d5d08162225d3,tea_algal_leaf_spot_00083,False,
train,Tea algal leaf spot,tea_algal_leaf_spot_00083_aug_flip_horizontal.jpg,c3b459d8bba29feeb47991f32571bfad,tea_algal_leaf_spot_00083,True,flip
train,Tea algal leaf spot,tea_algal_leaf_spot_00084.jpg,1b735d946390ba9b19a28a0dc9ce73f6,tea_algal_leaf_spot_00084,False,
train,Tea algal leaf spot,tea_algal_leaf_spot_00084_aug_flip_horizontal.jpg,26fc9bf81083251662daa30eadc73837,tea_algal_leaf_spot_00084,True,flip
train,Tea algal leaf spot,tea_algal_leaf_spot_00085.jpg,63804d340b4c7790fd73652482a1a88b,tea_algal_leaf_spot_00085,False,
train,Tea algal leaf spot,tea_algal_leaf_spot_00086.jpg,935966bfec4fdd61347c2cd54cfaafe6,tea_algal_leaf_spot_00086,False,
train,Tea algal leaf spot,tea_algal_leaf_spot_00086_aug_brightness.jpg,4bbb4e1a6e9c71a24d6e3dec4d653f53,tea_algal_leaf_spot_00086,True,brightness
train,Tea algal leaf spot,tea_algal_leaf_spot_00086_aug_contrast.jpg,2fe8d42d44d798bba6f074b7c2cbbab6,tea_algal_leaf_spot_00086,True,contrast
train,Tea algal leaf spot,tea_algal_leaf_spot_00086_aug_flip_vertical.jpg,de29352e3340692db5edd44c147bac1c,tea_algal_leaf_spot_00086,True,flip
train,Tea algal leaf spot,tea_algal_leaf_spot_00088.jpg,6a72c468913bad0cdfcab1516d57da4d,tea_algal_leaf_spot_00088,False,
train,Tea algal leaf spot,tea_algal_leaf_spot_00088_aug_rotation.jpg,81cbf15dbdda6b15aadae293c00bed24,tea_algal_leaf_spot_00088,True,rotation
train,Tea algal leaf spot,tea_algal_leaf_spot_00088_aug_zoom.jpg,4965de1979ea219c15333ad4b9caaa16,tea_algal_leaf_spot_00088,True,zoom
train,Tea algal leaf spot,tea_algal_leaf_spot_00090.jpg,81c0054f9632ce05a1922bc6b103d812,tea_algal_leaf_spot_00090,False,
train,Tea algal leaf spot,tea_algal_leaf_spot_00093.jpg,fe510966ed9d4a7a295754e058151970,tea_algal_leaf_spot_00093,False,
train,Tea algal leaf spot,tea_algal_leaf_spot_00094.jpg,c1024c632331aa4acfe6c94fdf1bd4c8,tea_algal_leaf_spot_00094,False,
train,Tea algal leaf spot,tea_algal_leaf_spot_00094_aug_flip_horizontal.jpg,dcd44e94d3e3c866d291e38179273a76,tea_algal_leaf_spot_00094,True,flip
train,Tea algal leaf spot,tea_algal_leaf_spot_00095.jpg,7d7ddcead81cef87e2d7d82ab1e69066,tea_algal_leaf_spot_00095,False,
train,Tea algal leaf spot,tea_algal_leaf_spot_00095_aug_brightness.jpg,29c169e71e0b7f04329440cb1731dcf9,tea_algal_leaf_spot_00095,True,brightness
train,Tea algal leaf spot,tea_algal_leaf_spot_00095_aug_contrast.jpg,9a007188f9a809d916df504c16c9fb14,tea_algal_leaf_spot_00095,True,contrast
train,Tea algal leaf spot,tea_algal_leaf_spot_00095_aug_zoom.jpg,221f7a9dbd7f16378f34a9f43ffc0fda,tea_algal_leaf_spot_00095,True,zoom
train,Tea algal leaf spot,tea_algal_leaf_spot_00096.jpg,92e33bcaac0eeb2b99a810c6c3de1835,tea_algal_leaf_spot_00096,False,
train,Tea algal leaf spot,tea_algal_leaf_spot_00096_aug_rotation.jpg,f24e31d573396c0daa677cab4ec99fc5,tea_algal_leaf_spot_00096,True,rotation
train,Tea algal leaf spot,tea_algal_leaf_spot_00099.jpg,7965e846c04c164dc8c0b03968744a94,tea_algal_leaf_spot_00099,False,
train,Tea algal leaf spot,tea_algal_leaf_spot_00099_aug_blur.jpg,22e3ecf2caf5fb918104aa3573ccbf06,tea_algal_leaf_spot_00099,True,blur
train,Tea algal leaf spot,tea_algal_leaf_spot_00099_aug_flip_horizontal.jpg,92a5065655ef79dcbe2108a47df0dbed,tea_algal_leaf_spot_00099,True,flip
train,Tea algal leaf spot,tea_algal_leaf_spot_00100.jpg,0157f65786ed88eecdf0058555b0bb9a,tea_algal_leaf_spot_00100,False,
train,Tea algal leaf spot,tea_algal_leaf_spot_00101.jpg,c2341a64d7dfbd547d31f838b03e3a5a,tea_algal_leaf_spot_00101,False,
train,Tea algal leaf spot,tea_algal_leaf_spot_00102.jpg,07668ac5194306983ba3c446eb9e8b97,tea_algal_leaf_spot_00102,False,
train,Tea algal leaf spot,tea_algal_leaf_spot_00103.jpg,9b4154ba65a5d62ab2de18df5db97c31,tea_algal_leaf_spot_00103,False,
train,Tea algal leaf spot,tea_algal_leaf_spot_00103_aug_blur.jpg,1d2b40ad2e08727739bc50d3c877c47a,tea_algal_leaf_spot_00103,True,blur
train,Tea algal leaf spot,tea_algal_leaf_spot_00104.jpg,e0a6564c5a18dea8bc3f892bedd55fe7,tea_algal_leaf_spot_00104,False,
train,Tea algal leaf spot,tea_algal_leaf_spot_00104_aug_zoom.jpg,7c9cb9f23ef52780ee0d7db07e3d7e31,tea_algal_leaf_spot_00104,True,zoom
train,Tea algal leaf spot,tea_algal_leaf_spot_00105.jpg,7be5d70c015e012af2c8a0205e2a6e4b,tea_algal_leaf_spot_00105,False,
train,Tea algal leaf spot,tea_algal_leaf_spot_00105_aug_blur.jpg,179922f56c6b9699c365619cfa927bf9,tea_algal_leaf_spot_00105,True,blur
train,Tea algal leaf spot,tea_algal_leaf_spot_00105_aug_rotation.jpg,e54294474307faae788fca45b160c1b7,tea_algal_leaf_spot_00105,True,rotation
train,Tea algal leaf spot,tea_algal_leaf_spot_00105_aug_zoom.jpg,f020e6f4dd647aa63501f539d49973c3,tea_algal_leaf_spot_00105,True,zoom
train,Tea algal leaf spot,tea_algal_leaf_spot_00108.jpg,9669909374059a35240b94534e80c6bd,tea_algal_leaf_spot_00108,False,
train,Tea algal leaf spot,tea_algal_leaf_spot_00109.jpg,87df592142d8ed39015fb41b3d83d6ae,tea_algal_leaf_spot_00109,False,
train,Tea algal leaf spot,tea_algal_leaf_spot_00109_aug_flip_vertical.jpg,879cc4dffafa361169553039c7c4ed0c,tea_algal_leaf_spot_00109,True,flip
train,Tea algal leaf spot,tea_algal_leaf_spot_00109_aug_zoom.jpg,9926505381daed7ac54a0924736cb835,tea_algal_leaf_spot_00109,True,zoom
train,Tea algal leaf spot,tea_algal_leaf_spot_00112.jpg,c455ac9870d7c6494c977dfc5a97319c,tea_algal_leaf_spot_00112,False,
train,Tea algal leaf spot,tea_algal_leaf_spot_00112_aug_contrast.jpg,8fce96882c9b7a95b20392ab4c4ebcca,tea_algal_leaf_spot_00112,True,contrast
train,Tea algal leaf spot,tea_algal_leaf_spot_00112_aug_rotation.jpg,7cbfebd8de0b439baff13bd55228b81b,tea_algal_leaf_spot_00112,True,rotation
train,Tea algal leaf spot,tea_algal_leaf_spot_00113.jpg,7ae42402cd7a062e8e94db982a66ab74,tea_algal_leaf_spot_00113,False,
train,Tea algal leaf spot,tea_algal_leaf_spot_00113_aug_brightness.jpg,607eb25f5915178fe2ccaa9ddfb3b126,tea_algal_leaf_spot_00113,True,brightness
train,Tea algal leaf spot,tea_algal_leaf_spot_00114.jpg,6c023d502382fc11d708bcf470e8a2be,tea_algal_leaf_spot_00114,False,
train,Tea algal leaf spot,tea_algal_leaf_spot_00114_aug_brightness.jpg,c7c79bc0c689157487eea9af82347f96,tea_algal_leaf_spot_00114,True,brightness
train,Tea algal leaf spot,tea_algal_leaf_spot_00115.jpg,e83e666c59c6f1c8831ea9eb8eca84fd,tea_algal_leaf_spot_00115,False,
train,Tea algal leaf spot,tea_algal_leaf_spot_00115_aug_blur.jpg,6aeac2710f9aab093f2eafd3ade917f0,tea_algal_leaf_spot_00115,True,blur
train,Tea algal leaf spot,tea_algal_leaf_spot_00115_aug_flip_horizontal.jpg,5060f26858b0778c89382ae5be35cc4b,tea_algal_leaf_spot_00115,True,flip
train,Tea algal leaf spot,tea_algal_leaf_spot_00117.jpg,6351473c7b53d137da87ec2662743db4,tea_algal_leaf_spot_00117,False,
train,Tea algal leaf spot,tea_algal_leaf_spot_00117_aug_rotation.jpg,98a5b5f9016f9cef139b7cfb9af8883e,tea_algal_leaf_spot_00117,True,rotation
train,Tea algal leaf spot,tea_algal_leaf_spot_00118.jpg,ce3310abdee1356a51288660e6a388c7,tea_algal_leaf_spot_00118,False,
train,Tea algal leaf spot,tea_algal_leaf_spot_00118_aug_brightness.jpg,46f4d620f2b9599ae0d4dc4a0f3b3067,tea_algal_leaf_spot_00118,True,brightness
train,Tea algal leaf spot,tea_algal_leaf_spot_00118_aug_contrast.jpg,f16446d26d340e5921054efbd5b77f56,tea_algal_leaf_spot_00118,True,contrast
train,Tea algal leaf spot,tea_algal_leaf_spot_00118_aug_flip_horizontal.jpg,937add5d9f89d8fb0a51d5161b2cb48f,tea_algal_leaf_spot_00118,True,flip
train,Tea algal leaf spot,tea_algal_leaf_spot_00120.jpg,fd997095551aea314bca5577489c6909,tea_algal_leaf_spot_00120,False,
train,Tea algal leaf spot,tea_algal_leaf_spot_00120_aug_brightness.jpg,949ae50dd23a8d21cdd74d79aad244ca,tea_algal_leaf_spot_00120,True,brightness
train,Tea algal leaf spot,tea_algal_leaf_spot_00120_aug_contrast.jpg,6f00ab64674ba1a1c5aef5c51aeda45d,tea_algal_leaf_spot_00120,True,contrast
train,Tea algal leaf spot,tea_algal_leaf_spot_00120_aug_rotation.jpg,8e8e269da912c96f4528dadb0179d78c,tea_algal_leaf_spot_00120,True,rotation
train,Tea algal leaf spot,tea_algal_leaf_spot_00120_aug_zoom.jpg,4fd32c2ec8f82aa4422d8ace34414254,tea_algal_leaf_spot_00120,True,zoom
train,Tea algal leaf spot,tea_algal_leaf_spot_00121.jpg,1f8f52a2c2bdfff3f4faca7aa6c9beaf,tea_algal_leaf_spot_00121,False,
train,Tea algal leaf spot,tea_algal_leaf_spot_00121_aug_flip_vertical.jpg,5cf20a7c3d196477348400ebddbe2a63,tea_algal_leaf_spot_00121,True,flip
train,Tea algal leaf spot,tea_algal_leaf_spot_00122.jpg,63acc5ffaa5c51f61a13c5a3f8acc4e1,tea_algal_leaf_spot_00122,False,
train,Tea algal leaf spot,tea_algal_leaf_spot_00122_aug_flip_horizontal.jpg,58cd033f95b809d4627daa14cae08dd7,tea_algal_leaf_spot_00122,True,flip
train,Tea algal leaf spot,tea_algal_leaf_spot_00122_aug_rotation.jpg,04564161dbf091409eb479d2e81311f8,tea_algal_leaf_spot_00122,True,rotation
train,Tea algal leaf spot,tea_algal_leaf_spot_00124.jpg,79973fd3f65f8fdef45c51cf23f0bc94,tea_algal_leaf_spot_00124,False,
train,Tea algal leaf spot,tea_algal_leaf_spot_00124_aug_blur.jpg,4cc70e2bf9afa0170133844a7f891ff6,tea_algal_leaf_spot_00124,True,blur
train,Tea algal leaf spot,tea_algal_leaf_spot_00124_aug_contrast.jpg,2fe706ed5356338137e0a0772037f02b,tea_algal_leaf_spot_00124,True,contrast
train,Tea algal leaf spot,tea_algal_leaf_spot_00124_aug_rotation.jpg,83b9f5750fbd3fab0f0b96535c99042f,tea_algal_leaf_spot_00124,True,rotation
train,Tea algal leaf spot,tea_algal_leaf_spot_00125.jpg,895ccd4d82c420a931f99636d61ced89,tea_algal_leaf_spot_00125,False,
train,Tea algal leaf spot,tea_algal_leaf_spot_00126.jpg,913d992d9bc04f94d024306dac8014f4,tea_algal_leaf_spot_00126,False,
train,Tea algal leaf spot,tea_algal_leaf_spot_00128.jpg,3035e54a19a4ca32904368fe004b41c7,tea_algal_leaf_spot_00128,False,
train,Tea algal leaf spot,tea_algal_leaf_spot_00128_aug_flip_vertical.jpg,35d85f336b1067c84f3dde72e7a1c864,tea_algal_leaf_spot_00128,True,flip
train,Tea algal leaf spot,tea_algal_leaf_spot_00128_aug_rotation.jpg,5f2a25b5057bf931036bd052aef8abf3,tea_algal_leaf_spot_00128,True,rotation
train,Tea algal leaf spot,tea_algal_leaf_spot_00129.jpg,e0f90793081daa54787ea81f6c0fde6e,tea_algal_leaf_spot_00129,False,
train,Tea algal leaf spot,tea_algal_leaf_spot_00129_aug_rotation.jpg,f5813b5b7e3d27d3a32b558a7b20bb40,tea_algal_leaf_spot_00129,True,rotation
train,Tea algal leaf spot,tea_algal_leaf_spot_00129_aug_zoom.jpg,47577fbfeef6cc578e804cd643454ed4,tea_algal_leaf_spot_00129,True,zoom
train,Tea algal leaf spot,tea_algal_leaf_spot_00130.jpg,f48e96969cb1d738d8f8dbb3ea8461f5,tea_algal_leaf_spot_00130,False,
train,Tea algal leaf spot,tea_algal_leaf_spot_00130_aug_contrast.jpg,f618307a12230396c006776e57279cd0,tea_algal_leaf_spot_00130,True,contrast
train,Tea algal leaf spot,tea_algal_leaf_spot_00130_aug_flip_vertical.jpg,86ddc66b11303a5588a4e36264b96f9e,tea_algal_leaf_spot_00130,True,flip
train,Tea algal leaf spot,tea_algal_leaf_spot_00133.jpg,41be6189c2c6960b224a3564793f0946,tea_algal_leaf_spot_00133,False,
train,Tea algal leaf spot,tea_algal_leaf_spot_00133_aug_contrast.jpg,64ef03f30db92691830849e3637a05de,tea_algal_leaf_spot_00133,True,contrast
train,Tea algal leaf spot,tea_algal_leaf_spot_00134.jpg,8f9ab05a848c1c0ea1d59c98f48a4941,tea_algal_leaf_spot_00134,False,
train,Tea algal leaf spot,tea_algal_leaf_spot_00134_aug_blur.jpg,f711b3a67ab183ef0d523852912adf53,tea_algal_leaf_spot_00134,True,blur
train,Tea algal leaf spot,tea_algal_leaf_spot_00135.jpg,e98ba6f3cb06bdc6f8c91400bd1964f3,tea_algal_leaf_spot_00135,False,
train,Tea algal leaf spot,tea_algal_leaf_spot_00135_aug_contrast.jpg,ed97d2f117c91c5b4786fd00b5e26f86,tea_algal_leaf_spot_00135,True,contrast
train,Tea algal leaf spot,tea_algal_leaf_spot_00136.jpg,73cbc7cf4569e3deefaa534fcb4f2f5a,tea_algal_leaf_spot_00136,False,
train,Tea algal leaf spot,tea_algal_leaf_spot_00138.jpg,d10a987f8cc40c084d8f2e51f418ef69,tea_algal_leaf_spot_00138,False,
train,Tea algal leaf spot,tea_algal_leaf_spot_00139.jpg,2e9bcce61b79ec0bdf68f3ce805b0641,tea_algal_leaf_spot_00139,False,
train,Tea algal leaf spot,tea_algal_leaf_spot_00139_aug_blur.jpg,c91e6f430d09918633c682b6ab7041be,tea_algal_leaf_spot_00139,True,blur
train,Tea algal leaf spot,tea_algal_leaf_spot_00139_aug_zoom.jpg,491bd8671e533b3529c620142575a9d7,tea_algal_leaf_spot_00139,True,zoom
train,Tea algal leaf spot,tea_algal_leaf_spot_00140.jpg,3045bae814b6c975f960fb1e943adbf1,tea_algal_leaf_spot_00140,False,
train,Tea algal leaf spot,tea_algal_leaf_spot_00140_aug_zoom.jpg,6f879bb64ea1e360dd713252b9359ab9,tea_algal_leaf_spot_00140,True,zoom
train,Tea algal leaf spot,tea_algal_leaf_spot_00141.jpg,509905217174a985d5236a7265ab7339,tea_algal_leaf_spot_00141,False,
train,Tea algal leaf spot,tea_algal_leaf_spot_00141_aug_flip_vertical.jpg,2057df87519d01fc37ae731405668e23,tea_algal_leaf_spot_00141,True,flip
train,Tea algal leaf spot,tea_algal_leaf_spot_00142.jpg,8f6ba759bbbb0767e78fddd2629538fa,tea_algal_leaf_spot_00142,False,
train,Tea algal leaf spot,tea_algal_leaf_spot_00142_aug_contrast.jpg,6d018ce40c2dd219a5c761b46f3148bf,tea_algal_leaf_spot_00142,True,contrast
train,Tea algal leaf spot,tea_algal_leaf_spot_00142_aug_zoom.jpg,05b85e9afac3bd69b20613d196dd0d51,tea_algal_leaf_spot_00142,True,zoom
train,Tea algal leaf spot,tea_algal_leaf_spot_00145.jpg,ff3c030135d20bdf4cc5cd2774d919be,tea_algal_leaf_spot_00145,False,
train,Tea algal leaf spot,tea_algal_leaf_spot_00145_aug_flip_horizontal.jpg,57a51051e00e58ae464e377c2b390b83,tea_algal_leaf_spot_00145,True,flip
train,Tea algal leaf spot,tea_algal_leaf_spot_00146.jpg,e7c66cfb32d811d523b1cbb9da1c0a77,tea_algal_leaf_spot_00146,False,
train,Tea algal leaf spot,tea_algal_leaf_spot_00146_aug_rotation.jpg,bd269a11dd561683dd1ce6763c691137,tea_algal_leaf_spot_00146,True,rotation
train,Tea algal leaf spot,tea_algal_leaf_spot_00147.jpg,02905f40eeb375bdb37203e02213b205,tea_algal_leaf_spot_00147,False,
train,Tea algal leaf spot,tea_algal_leaf_spot_00147_aug_blur.jpg,ee8a397d5ea20a4d2b5be9617f94a943,tea_algal_leaf_spot_00147,True,blur
train,Tea algal leaf spot,tea_algal_leaf_spot_00148.jpg,c0d5d537b1c48be0b3863b637d166034,tea_algal_leaf_spot_00148,False,
train,Tea algal leaf spot,tea_algal_leaf_spot_00148_aug_flip_horizontal.jpg,eb2c10dae076de9b3f7067056b42aae7,tea_algal_leaf_spot_00148,True,flip
train,Tea algal leaf spot,tea_algal_leaf_spot_00148_aug_zoom.jpg,66f8ab58cb7c77c4d92c34b08df75868,tea_algal_leaf_spot_00148,True,zoom
train,Tea algal leaf spot,tea_algal_leaf_spot_00149.jpg,601c6c048a1461d3f470e2bc70675fae,tea_algal_leaf_spot_00149,False,
train,Tea algal leaf spot,tea_algal_leaf_spot_00149_aug_rotation.jpg,88a63198401f4e899767401a1d4221fe,tea_algal_leaf_spot_00149,True,rotation
train,Tea algal leaf spot,tea_algal_leaf_spot_00152.jpg,4382c93a8a87514818289878cb0ac14b,tea_algal_leaf_spot_00152,False,
train,Tea algal leaf spot,tea_algal_leaf_spot_00153.jpg,64ae90ff92171203ec85f659ff0e7062,tea_algal_leaf_spot_00153,False,
train,Tea algal leaf spot,tea_algal_leaf_spot_00153_aug_brightness.jpg,dc5d4ce35f88f2dc3ef0873c566cc634,tea_algal_leaf_spot_00153,True,brightness
train,Tea algal leaf spot,tea_algal_leaf_spot_00153_aug_zoom.jpg,7282395abf27edf851be5a88dbc022eb,tea_algal_leaf_spot_00153,True,zoom
train,Tea algal leaf spot,tea_algal_leaf_spot_00154.jpg,8cac37e2ddf26c8d4746c4ee9155c05c,tea_algal_leaf_spot_00154,False,
train,Tea algal leaf spot,tea_algal_leaf_spot_00154_aug_blur.jpg,ead877ac52cf92f461a1e9e93c58f6e2,tea_algal_leaf_spot_00154,True,blur
train,Tea algal leaf spot,tea_algal_leaf_spot_00155.jpg,6f4a3bb70350fa838f4b5e105a489abb,tea_algal_leaf_spot_00155,False,
train,Tea algal leaf spot,tea_algal_leaf_spot_00157.jpg,5d3496d58436c6f788863c8b19668ed7,tea_algal_leaf_spot_00157,False,
train,Tea algal leaf spot,tea_algal_leaf_spot_00158.jpg,f9c011dd841ce21646b9b95edb16cc0e,tea_algal_leaf_spot_00158,False,
train,Tea algal leaf spot,tea_algal_leaf_spot_00158_aug_brightness.jpg,0c52c51a3bb4979f5f6ec80c2f9cc084,tea_algal_leaf_spot_00158,True,brightness
train,Tea algal leaf spot,tea_algal_leaf_spot_00160.jpg,3f6eedff4f96b0eb9514c926c8cf151c,tea_algal_leaf_spot_00160,False,
train,Tea algal leaf spot,tea_algal_leaf_spot_00160_aug_flip_vertical.jpg,9a046844f238b0673c3b4752868de3d1,tea_algal_leaf_spot_00160,True,flip
train,Tea algal leaf spot,tea_algal_leaf_spot_00160_aug_zoom.jpg,51b7edfd0b2d7e4e23b671108d263e7c,tea_algal_leaf_spot_00160,True,zoom
train,Tea algal leaf spot,tea_algal_leaf_spot_00161.jpg,a5fc3bedef8e04aef664d68b2c1350da,tea_algal_leaf_spot_00161,False,
train,Tea algal leaf spot,tea_algal_leaf_spot_00161_aug_brightness.jpg,f26edc5d10175744ea2ea5c6417b1cc7,tea_algal_leaf_spot_00161,True,brightness
train,Tea algal leaf spot,tea_algal_leaf_spot_00161_aug_flip_horizontal.jpg,0cace19c917a2075451e0e74f71aa925,tea_algal_leaf_spot_00161,True,flip
train,Tea algal leaf spot,tea_algal_leaf_spot_00161_aug_flip_vertical.jpg,a85557956836ad988a0ed66f9417afcf,tea_algal_leaf_spot_00161,True,flip
train,Tea algal leaf spot,tea_algal_leaf_spot_00161_aug_zoom.jpg,df1ac58136c198b8cffb1ce676bd0cee,tea_algal_leaf_spot_00161,True,zoom
train,Tea algal leaf spot,tea_algal_leaf_spot_00162.jpg,2602d048350b8c3a2359e7f5cefa1985,tea_algal_leaf_spot_00162,False,
train,Tea algal leaf spot,tea_algal_leaf_spot_00162_aug_flip_horizontal.jpg,b31d1c3ae41f4dfbba1bbb050ebdbc75,tea_algal_leaf_spot_00162,True,flip
train,Tea algal leaf spot,tea_algal_leaf_spot_00162_aug_flip_vertical.jpg,138b6221875865f566aa520bbc02fed6,tea_algal_leaf_spot_00162,True,flip
train,Tea algal leaf spot,tea_algal_leaf_spot_00163.jpg,e3b7a2966b7309170c5f37e89ccb2bec,tea_algal_leaf_spot_00163,False,
train,Tea algal leaf spot,tea_algal_leaf_spot_00164.jpg,7860633d4eae60d4ce332456e12754e1,tea_algal_leaf_spot_00164,False,
train,Tea algal leaf spot,tea_algal_leaf_spot_00164_aug_blur.jpg,47dd7c3b7a0dd9e56f36727cf3509e31,tea_algal_leaf_spot_00164,True,blur
train,Tea algal leaf spot,tea_algal_leaf_spot_00165.jpg,cebeb16bf64f23fd494d53af9ef91651,tea_algal_leaf_spot_00165,False,
train,Tea algal leaf spot,tea_algal_leaf_spot_00165_aug_blur.jpg,fe4b4655fa462d5d7257b174471c8a90,tea_algal_leaf_spot_00165,True,blur
train,Tea algal leaf spot,tea_algal_leaf_spot_00165_aug_brightness.jpg,507d7681e449ef5a56b320f323e36906,tea_algal_leaf_spot_00165,True,brightness
train,Tea algal leaf spot,tea_algal_leaf_spot_00165_aug_zoom.jpg,d0c8f8aed0ab3a4f609a5f8a92b9ffed,tea_algal_leaf_spot_00165,True,zoom
train,Tea algal leaf spot,tea_algal_leaf_spot_00166.jpg,1873750c1d5f426a7143bf55cd889a50,tea_algal_leaf_spot_00166,False,
train,Tea algal leaf spot,tea_algal_leaf_spot_00166_aug_brightness.jpg,6c62e9032881784eab61c982ad5752ab,tea_algal_leaf_spot_00166,True,brightness
train,Tea algal leaf spot,tea_algal_leaf_spot_00166_aug_contrast.jpg,d20dda5c7c96e4472c40ed791c2c9e5e,tea_algal_leaf_spot_00166,True,contrast
train,Tea algal leaf spot,tea_algal_leaf_spot_00167.jpg,c240245ccd074824b0729e20805a3e5b,tea_algal_leaf_spot_00167,False,
train,Tea algal leaf spot,tea_algal_leaf_spot_00167_aug_blur.jpg,199cac64a1f1ee171786d0b63e3b682a,tea_algal_leaf_spot_00167,True,blur
train,Tea algal leaf spot,tea_algal_leaf_spot_00167_aug_contrast.jpg,bbfae8336369ab6ccae6f05b76049cb8,tea_algal_leaf_spot_00167,True,contrast
train,Tea algal leaf spot,tea_algal_leaf_spot_00168.jpg,43c57c0d063d467d5d03604784f95d70,tea_algal_leaf_spot_00168,False,
train,Tea algal leaf spot,tea_algal_leaf_spot_00168_aug_blur.jpg,59f872c0f80489ac5b6c166d34382374,tea_algal_leaf_spot_00168,True,blur
train,Tea algal leaf spot,tea_algal_leaf_spot_00168_aug_flip_horizontal.jpg,309ddd3d2604c65d9873c191bba0469e,tea_algal_leaf_spot_00168,True,flip
train,Tea algal leaf spot,tea_algal_leaf_spot_00168_aug_flip_vertical.jpg,d745ecb39895854c7c8db4517ebd0e61,tea_algal_leaf_spot_00168,True,flip
train,Tea algal leaf spot,tea_algal_leaf_spot_00170.jpg,4805e5bdc14f082deaf88b8ddb6fc216,tea_algal_leaf_spot_00170,False,
train,Tea algal leaf spot,tea_algal_leaf_spot_00171.jpg,9f1f47f6005d29a22ef74e4333ec2008,tea_algal_leaf_spot_00171,False,
train,Tea algal leaf spot,tea_algal_leaf_spot_00171_aug_contrast.jpg,79e96e9ddc5130c1247c92d8355d367a,tea_algal_leaf_spot_00171,True,contrast
train,Tea algal leaf spot,tea_algal_leaf_spot_00171_aug_flip_horizontal.jpg,517950386f3a064573f8f94b00f93823,tea_algal_leaf_spot_00171,True,flip
train,Tea algal leaf spot,tea_algal_leaf_spot_00171_aug_rotation.jpg,bb3544c0c90631edd383f9f9b1381ed7,tea_algal_leaf_spot_00171,True,rotation
train,Tea algal leaf spot,tea_algal_leaf_spot_00172.jpg,b8db00adcb0f198879b6ea630f0f6798,tea_algal_leaf_spot_00172,False,
train,Tea algal leaf spot,tea_algal_leaf_spot_00172_aug_flip_horizontal.jpg,7a7f52ec12bf0ca4dc2c5f8d9c07dff9,tea_algal_leaf_spot_00172,True,flip
train,Tea algal leaf spot,tea_algal_leaf_spot_00173.jpg,dc5b0d1e8486ad3acea0685096e9034c,tea_algal_leaf_spot_00173,False,
train,Tea algal leaf spot,tea_algal_leaf_spot_00174.jpg,9fc203cdbb30f0120f58641f0365e848,tea_algal_leaf_spot_00174,False,
train,Tea algal leaf spot,tea_algal_leaf_spot_00174_aug_rotation.jpg,41847db373962e6d1294e837d11b7b2f,tea_algal_leaf_spot_00174,True,rotation
train,Tea algal leaf spot,tea_algal_leaf_spot_00176.jpg,dc5045e9fc437827435fa7f4028f57ab,tea_algal_leaf_spot_00176,False,
train,Tea algal leaf spot,tea_algal_leaf_spot_00176_aug_brightness.jpg,50a3428b30777ae0456f1e630f695422,tea_algal_leaf_spot_00176,True,brightness
train,Tea algal leaf spot,tea_algal_leaf_spot_00176_aug_flip_horizontal.jpg,efa1fe02bd6614a6c52f85f9d69a6a93,tea_algal_leaf_spot_00176,True,flip
train,Tea algal leaf spot,tea_algal_leaf_spot_00177.jpg,39fd02a09e4d7c8acf59c54388c12d08,tea_algal_leaf_spot_00177,False,
train,Tea algal leaf spot,tea_algal_leaf_spot_00177_aug_brightness.jpg,3b22d0a790c85b59e94faf4708b8de5b,tea_algal_leaf_spot_00177,True,brightness
train,Tea algal leaf spot,tea_algal_leaf_spot_00178.jpg,d3d33746d7de908ced6d9de531dbcc34,tea_algal_leaf_spot_00178,False,
train,Tea algal leaf spot,tea_algal_leaf_spot_00179.jpg,73089cac32156ce9d43b126b8689b80a,tea_algal_leaf_spot_00179,False,
train,Tea algal leaf spot,tea_algal_leaf_spot_00179_aug_blur.jpg,57b09ef0575c38b058063fdff3eb3f60,tea_algal_leaf_spot_00179,True,blur
train,Tea algal leaf spot,tea_algal_leaf_spot_00179_aug_rotation.jpg,f6e3fb72f4229be52ebba47eafa70ef1,tea_algal_leaf_spot_00179,True,rotation
train,Tea algal leaf spot,tea_algal_leaf_spot_00180.jpg,e7b88c2af5180da9fff37a5fecb8c64c,tea_algal_leaf_spot_00180,False,
train,Tea algal leaf spot,tea_algal_leaf_spot_00180_aug_brightness.jpg,6525b134d02e471b295b41da89cfac49,tea_algal_leaf_spot_00180,True,brightness
train,Tea algal leaf spot,tea_algal_leaf_spot_00180_aug_rotation.jpg,53ce217925da4066e92f9ec1e41bf86e,tea_algal_leaf_spot_00180,True,rotation
train,Tea algal leaf spot,tea_algal_leaf_spot_00184.jpg,0ca8de6009bb4e1021d0306c2b2a0854,tea_algal_leaf_spot_00184,False,
train,Tea algal leaf spot,tea_algal_leaf_spot_00184_aug_contrast.jpg,a62ab62c1c66a876edf06010476aa683,tea_algal_leaf_spot_00184,True,contrast
train,Tea algal leaf spot,tea_algal_leaf_spot_00184_aug_flip_horizontal.jpg,d1d6c30868b24558ba1216ba8aeb304a,tea_algal_leaf_spot_00184,True,flip
train,Tea algal leaf spot,tea_algal_leaf_spot_00184_aug_flip_vertical.jpg,0ae112a1a92bfe982e5b713f431b345f,tea_algal_leaf_spot_00184,True,flip
train,Tea algal leaf spot,tea_algal_leaf_spot_00185.jpg,23060488a068fa6de0b9698e904d71c5,tea_algal_leaf_spot_00185,False,
train,Tea algal leaf spot,tea_algal_leaf_spot_00185_aug_flip_vertical.jpg,a2189eaa2a522b218a1a4066fa9cc2e3,tea_algal_leaf_spot_00185,True,flip
train,Tea algal leaf spot,tea_algal_leaf_spot_00186.jpg,c4812f6e94e36837b3adb8c5bf3576f9,tea_algal_leaf_spot_00186,False,
train,Tea algal leaf spot,tea_algal_leaf_spot_00186_aug_blur.jpg,42cbfab94db939fbccb5e49e9e91784c,tea_algal_leaf_spot_00186,True,blur
train,Tea algal leaf spot,tea_algal_leaf_spot_00186_aug_brightness.jpg,cb59e02ab639d7773443f769860fb802,tea_algal_leaf_spot_00186,True,brightness
train,Tea algal leaf spot,tea_algal_leaf_spot_00187.jpg,c8d5c09d42fd48408220062fb47a9474,tea_algal_leaf_spot_00187,False,
train,Tea algal leaf spot,tea_algal_leaf_spot_00187_aug_blur.jpg,e6ab5d2e346e3644ab3b9ac6a1400850,tea_algal_leaf_spot_00187,True,blur
train,Tea algal leaf spot,tea_algal_leaf_spot_00188.jpg,bdc3a1a79e091fbb8d250e7415e0aa6d,tea_algal_leaf_spot_00188,False,
train,Tea algal leaf spot,tea_algal_leaf_spot_00193.jpg,b7c09cf90ca9f054272b355d82e4fba1,tea_algal_leaf_spot_00193,False,
train,Tea algal leaf spot,tea_algal_leaf_spot_00193_aug_flip_vertical.jpg,0f3607e821f0ed20ed1b3dbc9e9303ba,tea_algal_leaf_spot_00193,True,flip
train,Tea algal leaf spot,tea_algal_leaf_spot_00194.jpg,97077d1007e6e2274ec723c3568f5565,tea_algal_leaf_spot_00194,False,
train,Tea algal leaf spot,tea_algal_leaf_spot_00194_aug_brightness.jpg,2f73b7f162278306b43657a66263d2a2,tea_algal_leaf_spot_00194,True,brightness
train,Tea algal leaf spot,tea_algal_leaf_spot_00194_aug_rotation.jpg,69f48efe307dbb41210174b70627d532,tea_algal_leaf_spot_00194,True,rotation
train,Tea algal leaf spot,tea_algal_leaf_spot_00196.jpg,238417e3eec1d16e7b908c53ee6cbfeb,tea_algal_leaf_spot_00196,False,
train,Tea algal leaf spot,tea_algal_leaf_spot_00196_aug_flip_horizontal.jpg,034db27a15f3f98e49a52354dde48085,tea_algal_leaf_spot_00196,True,flip
train,Tea algal leaf spot,tea_algal_leaf_spot_00197.jpg,64f445e518e6fb06181acd3480e7b533,tea_algal_leaf_spot_00197,False,
train,Tea algal leaf spot,tea_algal_leaf_spot_00199.jpg,768430c10c4aa10df2fa817a2bc2f8ba,tea_algal_leaf_spot_00199,False,
train,Tea algal leaf spot,tea_algal_leaf_spot_00199_aug_flip_horizontal.jpg,99018f1cef73cf98a875e30d24178bea,tea_algal_leaf_spot_00199,True,flip
train,Tea algal leaf spot,tea_algal_leaf_spot_00199_aug_rotation.jpg,e1344a1cbaf8718f2bb8a4e0d3c24ffc,tea_algal_leaf_spot_00199,True,rotation
train,Tea algal leaf spot,tea_algal_leaf_spot_00200.jpg,88b3671c0bf05aafc3803794dea2fe74,tea_algal_leaf_spot_00200,False,
train,Tea algal leaf spot,tea_algal_leaf_spot_00200_aug_flip_vertical.jpg,c29b05741b13768449f304d7184602cf,tea_algal_leaf_spot_00200,True,flip
train,Tea algal leaf spot,tea_algal_leaf_spot_00200_aug_zoom.jpg,bc0c345ce751963747018eda4ae248f0,tea_algal_leaf_spot_00200,True,zoom
train,Tea algal leaf spot,tea_algal_leaf_spot_00204.jpg,9faa427617bf5c31003dcd3a5f3faea1,tea_algal_leaf_spot_00204,False,
train,Tea algal leaf spot,tea_algal_leaf_spot_00204_aug_contrast.jpg,9adfc43f1d3836307dfb516ba720081b,tea_algal_leaf_spot_00204,True,contrast
train,Tea algal leaf spot,tea_algal_leaf_spot_00205.jpg,9527f23942c54b3b645afd34fa56f75c,tea_algal_leaf_spot_00205,False,
train,Tea algal leaf spot,tea_algal_leaf_spot_00205_aug_brightness.jpg,41a34610d6a70b7fa3dc39bc00aa4303,tea_algal_leaf_spot_00205,True,brightness
train,Tea algal leaf spot,tea_algal_leaf_spot_00205_aug_flip_horizontal.jpg,6675de95ae0cd187380105c658452da5,tea_algal_leaf_spot_00205,True,flip
train,Tea algal leaf spot,tea_algal_leaf_spot_00205_aug_rotation.jpg,e38d4e937608532f63e7798959c18958,tea_algal_leaf_spot_00205,True,rotation
train,Tea algal leaf spot,tea_algal_leaf_spot_00206.jpg,32853881af23615026a81e83c14f4fbc,tea_algal_leaf_spot_00206,False,
train,Tea algal leaf spot,tea_algal_leaf_spot_00206_aug_flip_horizontal.jpg,add6fac1745f550b957c868089af5b45,tea_algal_leaf_spot_00206,True,flip
train,Tea algal leaf spot,tea_algal_leaf_spot_00207.jpg,92575c5dbd3a875f7c0cf26eda559fdf,tea_algal_leaf_spot_00207,False,
train,Tea algal leaf spot,tea_algal_leaf_spot_00207_aug_brightness.jpg,fb8a26feff4211c3f704533187e14d9d,tea_algal_leaf_spot_00207,True,brightness
train,Tea algal leaf spot,tea_algal_leaf_spot_00207_aug_contrast.jpg,4c8846c8ee582d2f223720d37aba24c5,tea_algal_leaf_spot_00207,True,contrast
train,Tea algal leaf spot,tea_algal_leaf_spot_00208.jpg,ac4c0ea79e09bb6b7f61b090a00201e4,tea_algal_leaf_spot_00208,False,
train,Tea algal leaf spot,tea_algal_leaf_spot_00208_aug_brightness.jpg,d52fd43fedaa09a23a254fede0c6ddca,tea_algal_leaf_spot_00208,True,brightness
train,Tea algal leaf spot,tea_algal_leaf_spot_00208_aug_flip_horizontal.jpg,ecb04db9e98dbbe032432003b8cf1204,tea_algal_leaf_spot_00208,True,flip
train,Tea algal leaf spot,tea_algal_leaf_spot_00209.jpg,48a8efe504354f9b6dd40618f87d5e93,tea_algal_leaf_spot_00209,False,
train,Tea algal leaf spot,tea_algal_leaf_spot_00209_aug_brightness.jpg,bbb55b91c196453b32e2c0860a64ef8b,tea_algal_leaf_spot_00209,True,brightness
train,Tea algal leaf spot,tea_algal_leaf_spot_00209_aug_zoom.jpg,fd2b7420628e46e9edf5e3a78d1b5fae,tea_algal_leaf_spot_00209,True,zoom
train,Tea algal leaf spot,tea_algal_leaf_spot_00210.jpg,68dea6c8a1983e2998299bcd2c057318,tea_algal_leaf_spot_00210,False,
train,Tea algal leaf spot,tea_algal_leaf_spot_00210_aug_rotation.jpg,c451bf86f8c0938b7ba2363a44745381,tea_algal_leaf_spot_00210,True,rotation
train,Tea algal leaf spot,tea_algal_leaf_spot_00211.jpg,3283968d399d414eb7c6ed712c1ea6ee,tea_algal_leaf_spot_00211,False,
train,Tea algal leaf spot,tea_algal_leaf_spot_00211_aug_brightness.jpg,acec3f80207e80ab9dc17ae61d6837d5,tea_algal_leaf_spot_00211,True,brightness
train,Tea algal leaf spot,tea_algal_leaf_spot_00212.jpg,4e0cacc7ad3e49770fb9520066bb700d,tea_algal_leaf_spot_00212,False,
train,Tea algal leaf spot,tea_algal_leaf_spot_00212_aug_brightness.jpg,f28ce05f0bb367ae3e56ddfc85ae576e,tea_algal_leaf_spot_00212,True,brightness
train,Tea algal leaf spot,tea_algal_leaf_spot_00213.jpg,ecaeec277032a5e800c962c37182c771,tea_algal_leaf_spot_00213,False,
train,Tea algal leaf spot,tea_algal_leaf_spot_00214.jpg,6e31255d0fdd2ba15e6be677133c8022,tea_algal_leaf_spot_00214,False,
train,Tea algal leaf spot,tea_algal_leaf_spot_00214_aug_brightness.jpg,06727c96e78b7094fa3200bb632c3b04,tea_algal_leaf_spot_00214,True,brightness
train,Tea algal leaf spot,tea_algal_leaf_spot_00216.jpg,403473945b28bbc0c02ebf60a853c724,tea_algal_leaf_spot_00216,False,
train,Tea algal leaf spot,tea_algal_leaf_spot_00216_aug_rotation.jpg,77e6c83977b21c9518785288119bba2c,tea_algal_leaf_spot_00216,True,rotation
train,Tea algal leaf spot,tea_algal_leaf_spot_00218.jpg,483c7d36f57e4cebec8caf749496deda,tea_algal_leaf_spot_00218,False,
train,Tea algal leaf spot,tea_algal_leaf_spot_00218_aug_flip_vertical.jpg,8d2404f007cb9322506266ed8ade3cf6,tea_algal_leaf_spot_00218,True,flip
train,Tea algal leaf spot,tea_algal_leaf_spot_00218_aug_zoom.jpg,0a08fb4df4fda845eb195f56a93a97a8,tea_algal_leaf_spot_00218,True,zoom
train,Tea algal leaf spot,tea_algal_leaf_spot_00219.jpg,71c0e4424d805742e847bd689b19dff5,tea_algal_leaf_spot_00219,False,
train,Tea algal leaf spot,tea_algal_leaf_spot_00220.jpg,16db8e5b352619ca765657c56129be2c,tea_algal_leaf_spot_00220,False,
train,Tea algal leaf spot,tea_algal_leaf_spot_00220_aug_blur.jpg,a1c459a69af49b63fecc61644db56cf1,tea_algal_leaf_spot_00220,True,blur
train,Tea algal leaf spot,tea_algal_leaf_spot_00220_aug_brightness.jpg,b21949f874e9efd3aae09d7f2ad5a2a9,tea_algal_leaf_spot_00220,True,brightness
train,Tea algal leaf spot,tea_algal_leaf_spot_00220_aug_flip_vertical.jpg,cf51316d50489a10061016e883202db8,tea_algal_leaf_spot_00220,True,flip
train,Tea algal leaf spot,tea_algal_leaf_spot_00221.jpg,4372b630f4e22e6edb7dff28d485b43c,tea_algal_leaf_spot_00221,False,
train,Tea algal leaf spot,tea_algal_leaf_spot_00222.jpg,45d4f1f90c63f0d0cb6755310c637a38,tea_algal_leaf_spot_00222,False,
train,Tea algal leaf spot,tea_algal_leaf_spot_00223.jpg,01e9ef69569ccb2ed4b5773fd5d05e8e,tea_algal_leaf_spot_00223,False,
train,Tea algal leaf spot,tea_algal_leaf_spot_00223_aug_contrast.jpg,2d6bf9e13819ca164e3a16d2fb55159e,tea_algal_leaf_spot_00223,True,contrast
train,Tea algal leaf spot,tea_algal_leaf_spot_00223_aug_flip_horizontal.jpg,bd53dc6828ab73cc5c6fe4d13361540f,tea_algal_leaf_spot_00223,True,flip
train,Tea algal leaf spot,tea_algal_leaf_spot_00224.jpg,b227d444807b52fd0a4c18f807c8e99b,tea_algal_leaf_spot_00224,False,
train,Tea algal leaf spot,tea_algal_leaf_spot_00225.jpg,b815ccf6e50bfac7ac89bd3a06e725de,tea_algal_leaf_spot_00225,False,
train,Tea algal leaf spot,tea_algal_leaf_spot_00225_aug_flip_horizontal.jpg,6ff1c149b8f82ff9d24cd8d5ea899410,tea_algal_leaf_spot_00225,True,flip
train,Tea algal leaf spot,tea_algal_leaf_spot_00225_aug_flip_vertical.jpg,12067e3f105f8331ac20b1e7df5b6153,tea_algal_leaf_spot_00225,True,flip
train,Tea algal leaf spot,tea_algal_leaf_spot_00225_aug_rotation.jpg,33d9472f245c21ff9ab6c6417f4969b2,tea_algal_leaf_spot_00225,True,rotation
train,Tea algal leaf spot,tea_algal_leaf_spot_00226.jpg,c742329e925dd3b10986e75ad64c1a33,tea_algal_leaf_spot_00226,False,
train,Tea algal leaf spot,tea_algal_leaf_spot_00227.jpg,4a9447eff318a05eb465807d0c5c0417,tea_algal_leaf_spot_00227,False,
train,Tea algal leaf spot,tea_algal_leaf_spot_00227_aug_brightness.jpg,16c2aa7f4370770f7a3254b334e33663,tea_algal_leaf_spot_00227,True,brightness
train,Tea algal leaf spot,tea_algal_leaf_spot_00227_aug_flip_horizontal.jpg,1aeaa3bfb026c1cfb19138d150d5c659,tea_algal_leaf_spot_00227,True,flip
train,Tea algal leaf spot,tea_algal_leaf_spot_00227_aug_zoom.jpg,6afa00e342f9dfbc368be13450675fe6,tea_algal_leaf_spot_00227,True,zoom
train,Tea algal leaf spot,tea_algal_leaf_spot_00229.jpg,2fc0a718fe6a7e63fc972cb450913047,tea_algal_leaf_spot_00229,False,
train,Tea algal leaf spot,tea_algal_leaf_spot_00229_aug_contrast.jpg,9497b7ba9d1cf57d07dd3a3635dd2636,tea_algal_leaf_spot_00229,True,contrast
train,Tea algal leaf spot,tea_algal_leaf_spot_00230.jpg,f39c5b18a0623587f2af74596687c6dd,tea_algal_leaf_spot_00230,False,
train,Tea algal leaf spot,tea_algal_leaf_spot_00230_aug_flip_vertical.jpg,d1a377d6a8b62335be9396814f678732,tea_algal_leaf_spot_00230,True,flip
train,Tea algal leaf spot,tea_algal_leaf_spot_00231.jpg,ab4d2070c55a276a6149bdbe78850555,tea_algal_leaf_spot_00231,False,
train,Tea algal leaf spot,tea_algal_leaf_spot_00232.jpg,24e7859d81416e934febfdc2471b8288,tea_algal_leaf_spot_00232,False,
train,Tea algal leaf spot,tea_algal_leaf_spot_00233.jpg,b70239a39dec4be2c2735cc2e6e768be,tea_algal_leaf_spot_00233,False,
train,Tea algal leaf spot,tea_algal_leaf_spot_00233_aug_brightness.jpg,a0ce2ae35b803defb78ab67be79ac98b,tea_algal_leaf_spot_00233,True,brightness
train,Tea algal leaf spot,tea_algal_leaf_spot_00233_aug_flip_horizontal.jpg,e5867108f50bd38a9cbd7a2e31bd0235,tea_algal_leaf_spot_00233,True,flip
train,Tea algal leaf spot,tea_algal_leaf_spot_00233_aug_flip_vertical.jpg,4ae86e0c9aa2b13a09f20808d6c318da,tea_algal_leaf_spot_00233,True,flip
train,Tea algal leaf spot,tea_algal_leaf_spot_00233_aug_rotation.jpg,f0b6f69b964b43906219feffc10b08a9,tea_algal_leaf_spot_00233,True,rotation
train,Tea algal leaf spot,tea_algal_leaf_spot_00234.jpg,748655f75730801a9556b038b553e1a4,tea_algal_leaf_spot_00234,False,
train,Tea algal leaf spot,tea_algal_leaf_spot_00234_aug_contrast.jpg,f0e32a6c2cce6091e0f924a7edbaac0b,tea_algal_leaf_spot_00234,True,contrast
train,Tea algal leaf spot,tea_algal_leaf_spot_00234_aug_flip_horizontal.jpg,3a05fbd92f166c5d1bf6bf508d58b503,tea_algal_leaf_spot_00234,True,flip
train,Tea algal leaf spot,tea_algal_leaf_spot_00236.jpg,ec2837e87b10d1c25ae98603382b4223,tea_algal_leaf_spot_00236,False,
train,Tea algal leaf spot,tea_algal_leaf_spot_00236_aug_contrast.jpg,18c2aedad9fa8a01bebcedbd1bfb9f06,tea_algal_leaf_spot_00236,True,contrast
train,Tea algal leaf spot,tea_algal_leaf_spot_00237.jpg,698b232652bd7f0db4afae2063655e1c,tea_algal_leaf_spot_00237,False,
train,Tea algal leaf spot,tea_algal_leaf_spot_00237_aug_brightness.jpg,5cab8a847b526b46cbc11c4a01fbd6c2,tea_algal_leaf_spot_00237,True,brightness
train,Tea algal leaf spot,tea_algal_leaf_spot_00237_aug_contrast.jpg,832024f62f306635d0b0baff066c3882,tea_algal_leaf_spot_00237,True,contrast
train,Tea algal leaf spot,tea_algal_leaf_spot_00237_aug_zoom.jpg,c906865ed9521691b8f39d9967f3ebbf,tea_algal_leaf_spot_00237,True,zoom
train,Tea algal leaf spot,tea_algal_leaf_spot_00238.jpg,cb37e5f334a41aa14421c652edd0ff88,tea_algal_leaf_spot_00238,False,
train,Tea algal leaf spot,tea_algal_leaf_spot_00238_aug_brightness.jpg,751a0f1b25ca87fcbe18357942e75883,tea_algal_leaf_spot_00238,True,brightness
train,Tea algal leaf spot,tea_algal_leaf_spot_00238_aug_rotation.jpg,6d1640c9c96d2fa76a66169fbe12ceb3,tea_algal_leaf_spot_00238,True,rotation
train,Tea algal leaf spot,tea_algal_leaf_spot_00239.jpg,37eb912c881a054eeba32c4033a21d03,tea_algal_leaf_spot_00239,False,
train,Tea algal leaf spot,tea_algal_leaf_spot_00239_aug_rotation.jpg,35d41df3050f55a4de3e02d074ad99aa,tea_algal_leaf_spot_00239,True,rotation
train,Tea algal leaf spot,tea_algal_leaf_spot_00242.jpg,18b329020512fffa847c4324bcee7da3,tea_algal_leaf_spot_00242,False,
train,Tea algal leaf spot,tea_algal_leaf_spot_00242_aug_flip_vertical.jpg,00ef7c8324a7f1a856b8f50c877dba97,tea_algal_leaf_spot_00242,True,flip
train,Tea algal leaf spot,tea_algal_leaf_spot_00245.jpg,a94697d2ea4989441f6d64eac85a0794,tea_algal_leaf_spot_00245,False,
train,Tea algal leaf spot,tea_algal_leaf_spot_00246.jpg,f19ce57f1b504130933a1a46d07f0110,tea_algal_leaf_spot_00246,False,
train,Tea algal leaf spot,tea_algal_leaf_spot_00247.jpg,4b7e175301220f5d95ffb1f6ae2e225e,tea_algal_leaf_spot_00247,False,
train,Tea algal leaf spot,tea_algal_leaf_spot_00248.jpg,2d9d49233cc82466e14266a98055317c,tea_algal_leaf_spot_00248,False,
train,Tea algal leaf spot,tea_algal_leaf_spot_00248_aug_blur.jpg,f3d9283625a34072fad9fd3f4bd29628,tea_algal_leaf_spot_00248,True,blur
train,Tea algal leaf spot,tea_algal_leaf_spot_00249.jpg,9d26444b4b36ee964d3c03d84ce190d0,tea_algal_leaf_spot_00249,False,
train,Tea algal leaf spot,tea_algal_leaf_spot_00249_aug_contrast.jpg,2d4c19fb21c532bc812c2fde463208e4,tea_algal_leaf_spot_00249,True,contrast
train,Tea algal leaf spot,tea_algal_leaf_spot_00249_aug_flip_vertical.jpg,5a33d75d1640c3bd454025740d18f6e3,tea_algal_leaf_spot_00249,True,flip
train,Tea algal leaf spot,tea_algal_leaf_spot_00249_aug_zoom.jpg,b92046286c81e5ca3e9a4c1524db8f83,tea_algal_leaf_spot_00249,True,zoom
train,Tea algal leaf spot,tea_algal_leaf_spot_00250.jpg,5b2990a2431d84532cec98a44c21a02c,tea_algal_leaf_spot_00250,False,
train,Tea algal leaf spot,tea_algal_leaf_spot_00251.jpg,096b1391d18803cb6575561fae05d5d8,tea_algal_leaf_spot_00251,False,
train,Tea algal leaf spot,tea_algal_leaf_spot_00251_aug_flip_vertical.jpg,21ad1850e3f3abe80d8a1b03ea27df40,tea_algal_leaf_spot_00251,True,flip
train,Tea algal leaf spot,tea_algal_leaf_spot_00251_aug_rotation.jpg,b15c07094ef1d852ca23b5c8fb043bcb,tea_algal_leaf_spot_00251,True,rotation
train,Tea algal leaf spot,tea_algal_leaf_spot_00252.jpg,ea50cde55cc592b36050e232dffc0d8a,tea_algal_leaf_spot_00252,False,
train,Tea algal leaf spot,tea_algal_leaf_spot_00254.jpg,bd05a6bd0e9f1dad554c028bbe05ef0a,tea_algal_leaf_spot_00254,False,
train,Tea algal leaf spot,tea_algal_leaf_spot_00254_aug_flip_horizontal.jpg,80acf30f97696dfaa6ab09c491760833,tea_algal_leaf_spot_00254,True,flip
train,Tea algal leaf spot,tea_algal_leaf_spot_00256.jpg,76728e2fdbaf1a1e19c0ee2c4404d7ff,tea_algal_leaf_spot_00256,False,
train,Tea algal leaf spot,tea_algal_leaf_spot_00256_aug_blur.jpg,b608efdf76830a2dc3b5bf62d6402261,tea_algal_leaf_spot_00256,True,blur
train,Tea algal leaf spot,tea_algal_leaf_spot_00256_aug_flip_horizontal.jpg,4ea9fe1257685391194dff70cf58f7f3,tea_algal_leaf_spot_00256,True,flip
train,Tea algal leaf spot,tea_algal_leaf_spot_00257.jpg,9f03839100d08954900c89d076ebb351,tea_algal_leaf_spot_00257,False,
train,Tea algal leaf spot,tea_algal_leaf_spot_00257_aug_rotation.jpg,0e86b1b02cbcd886e108448de0125ae4,tea_algal_leaf_spot_00257,True,rotation
train,Tea algal leaf spot,tea_algal_leaf_spot_00257_aug_zoom.jpg,7062df6fe18e5726b2520abeaabb9850,tea_algal_leaf_spot_00257,True,zoom
train,Tea algal leaf spot,tea_algal_leaf_spot_00258.jpg,b8807f90cf8c3e29a680682dd0da83c3,tea_algal_leaf_spot_00258,False,
train,Tea algal leaf spot,tea_algal_leaf_spot_00258_aug_rotation.jpg,55793f6b8423e76314ff3dcb7ff64595,tea_algal_leaf_spot_00258,True,rotation
train,Tea algal leaf spot,tea_algal_leaf_spot_00260.jpg,d23c76228b13fa5c0e334151318fd815,tea_algal_leaf_spot_00260,False,
train,Tea algal leaf spot,tea_algal_leaf_spot_00260_aug_blur.jpg,986bdf0d786f16dfc6780365dfee1ae8,tea_algal_leaf_spot_00260,True,blur
train,Tea algal leaf spot,tea_algal_leaf_spot_00260_aug_contrast.jpg,6adf17c02e96abf9966d734d5c7cbe8a,tea_algal_leaf_spot_00260,True,contrast
train,Tea algal leaf spot,tea_algal_leaf_spot_00260_aug_flip_vertical.jpg,f918c93b9d4d2d692bedbebdb1e4e7ee,tea_algal_leaf_spot_00260,True,flip
train,Tea algal leaf spot,tea_algal_leaf_spot_00262.jpg,ada496e64c855d26798bc5d3a6500f46,tea_algal_leaf_spot_00262,False,
train,Tea algal leaf spot,tea_algal_leaf_spot_00263.jpg,43cbda53191844cc9828d4d9aa4f6145,tea_algal_leaf_spot_00263,False,
train,Tea algal leaf spot,tea_algal_leaf_spot_00263_aug_blur.jpg,b0e008dfebc649120c8c83130d4fac6e,tea_algal_leaf_spot_00263,True,blur
train,Tea algal leaf spot,tea_algal_leaf_spot_00263_aug_brightness.jpg,fd16a74284e03b2169fbef32555f3463,tea_algal_leaf_spot_00263,True,brightness
train,Tea algal leaf spot,tea_algal_leaf_spot_00263_aug_flip_vertical.jpg,7d5a6caab617996813cfff9ae3c9460d,tea_algal_leaf_spot_00263,True,flip
train,Tea algal leaf spot,tea_algal_leaf_spot_00264.jpg,43779cd4c17430edc73b6c814f3e4822,tea_algal_leaf_spot_00264,False,
train,Tea algal leaf spot,tea_algal_leaf_spot_00266.jpg,79314fd03674fbf1ca12157416857bbc,tea_algal_leaf_spot_00266,False,
train,Tea algal leaf spot,tea_algal_leaf_spot_00266_aug_contrast.jpg,60372a0c2a850dbec12cd1d6a89f8e05,tea_algal_leaf_spot_00266,True,contrast
train,Tea algal leaf spot,tea_algal_leaf_spot_00266_aug_rotation.jpg,67b2fa8935fb6ca2d6376a8dc469e25d,tea_algal_leaf_spot_00266,True,rotation
train,Tea algal leaf spot,tea_algal_leaf_spot_00267.jpg,70537971c1f7eb55dc8a5e380ed5d95c,tea_algal_leaf_spot_00267,False,
train,Tea algal leaf spot,tea_algal_leaf_spot_00267_aug_contrast.jpg,af97ddbc9ff3fa8057f00530c44d2b95,tea_algal_leaf_spot_00267,True,contrast
train,Tea algal leaf spot,tea_algal_leaf_spot_00267_aug_rotation.jpg,7c4522a05c50771fa3513eb448eea0a8,tea_algal_leaf_spot_00267,True,rotation
train,Tea algal leaf spot,tea_algal_leaf_spot_00268.jpg,f10bc264885272b3731290d605c627b1,tea_algal_leaf_spot_00268,False,
train,Tea algal leaf spot,tea_algal_leaf_spot_00268_aug_brightness.jpg,f73dbade92decc016e5ac8ec92371791,tea_algal_leaf_spot_00268,True,brightness
train,Tea algal leaf spot,tea_algal_leaf_spot_00268_aug_contrast.jpg,b4f44e614352cab909d880a8fdc5c2ed,tea_algal_leaf_spot_00268,True,contrast
train,Tea algal leaf spot,tea_algal_leaf_spot_00268_aug_zoom.jpg,53612667d69776d31262a1e3e3fd3a46,tea_algal_leaf_spot_00268,True,zoom
train,Tea algal leaf spot,tea_algal_leaf_spot_00269.jpg,6a2740c761e6efdb15b5c3e60a41778f,tea_algal_leaf_spot_00269,False,
train,Tea algal leaf spot,tea_algal_leaf_spot_00270.jpg,2751da6fab933280fd03ff62276b4669,tea_algal_leaf_spot_00270,False,
train,Tea algal leaf spot,tea_algal_leaf_spot_00270_aug_brightness.jpg,7aee5b01a1d07ac8881b786b54d0c5d7,tea_algal_leaf_spot_00270,True,brightness
train,Tea algal leaf spot,tea_algal_leaf_spot_00270_aug_flip_horizontal.jpg,02d0117131bb7f44a4c726cb3a20505b,tea_algal_leaf_spot_00270,True,flip
train,Tea algal leaf spot,tea_algal_leaf_spot_00271.jpg,82d49d594dd8f453fc00d4cd193fe5b9,tea_algal_leaf_spot_00271,False,
train,Tea algal leaf spot,tea_algal_leaf_spot_00271_aug_contrast.jpg,120f04c6239f7123bc271ac6c27a1e8b,tea_algal_leaf_spot_00271,True,contrast
train,Tea algal leaf spot,tea_algal_leaf_spot_00272.jpg,b6f33c5597c323b3abbabb6ab5c7dbc7,tea_algal_leaf_spot_00272,False,
train,Tea algal leaf spot,tea_algal_leaf_spot_00272_aug_blur.jpg,b3a09f5bcbb4bae2fa31b4ff8817d8e8,tea_algal_leaf_spot_00272,True,blur
train,Tea algal leaf spot,tea_algal_leaf_spot_00272_aug_brightness.jpg,aed65a4bb524f6e65d48da721c746886,tea_algal_leaf_spot_00272,True,brightness
train,Tea algal leaf spot,tea_algal_leaf_spot_00272_aug_contrast.jpg,492b779c0ca17f5278cdb608cd2dba41,tea_algal_leaf_spot_00272,True,contrast
train,Tea algal leaf spot,tea_algal_leaf_spot_00272_aug_rotation.jpg,afdc3ffda5bd59cd5cdd32565cbe55a9,tea_algal_leaf_spot_00272,True,rotation
train,Tea algal leaf spot,tea_algal_leaf_spot_00274.jpg,8eafeee6c9b64100a6176c081212d63b,tea_algal_leaf_spot_00274,False,
train,Tea algal leaf spot,tea_algal_leaf_spot_00274_aug_rotation.jpg,5effab7075f01269ce2931ca5f42555d,tea_algal_leaf_spot_00274,True,rotation
train,Tea algal leaf spot,tea_algal_leaf_spot_00275.jpg,727d05290ec1ae053120f76e7b61ba2d,tea_algal_leaf_spot_00275,False,
train,Tea algal leaf spot,tea_algal_leaf_spot_00275_aug_blur.jpg,74f73d4b02e0d30124b8fa7eeab05223,tea_algal_leaf_spot_00275,True,blur
train,Tea algal leaf spot,tea_algal_leaf_spot_00275_aug_flip_horizontal.jpg,c44b58ec9b477eabae0c9be7431b84e2,tea_algal_leaf_spot_00275,True,flip
train,Tea algal leaf spot,tea_algal_leaf_spot_00276.jpg,14adbfa884bd915ed625399e69f736f0,tea_algal_leaf_spot_00276,False,
train,Tea algal leaf spot,tea_algal_leaf_spot_00276_aug_flip_horizontal.jpg,d0c56670c4c2bc00916b08af708735fc,tea_algal_leaf_spot_00276,True,flip
train,Tea algal leaf spot,tea_algal_leaf_spot_00277.jpg,5cffa4b3f2cb63375d28badfe8875797,tea_algal_leaf_spot_00277,False,
train,Tea algal leaf spot,tea_algal_leaf_spot_00278.jpg,39ade0da6ab3d418ad5289c723e9151b,tea_algal_leaf_spot_00278,False,
train,Tea algal leaf spot,tea_algal_leaf_spot_00279.jpg,2e29b22e154c517d243a4b569f689ed1,tea_algal_leaf_spot_00279,False,
train,Tea algal leaf spot,tea_algal_leaf_spot_00279_aug_blur.jpg,4b548f8ef1687a14c1344f8971303495,tea_algal_leaf_spot_00279,True,blur
train,Tea algal leaf spot,tea_algal_leaf_spot_00279_aug_brightness.jpg,da6d4599b3aadb8a12fda10e67a0c9a1,tea_algal_leaf_spot_00279,True,brightness
train,Tea algal leaf spot,tea_algal_leaf_spot_00281.jpg,6cadf50f45bc29344c428d7c05aea5d5,tea_algal_leaf_spot_00281,False,
train,Tea algal leaf spot,tea_algal_leaf_spot_00281_aug_brightness.jpg,10a5bdf83eef8786c3239bbb9d0bccca,tea_algal_leaf_spot_00281,True,brightness
train,Tea algal leaf spot,tea_algal_leaf_spot_00282.jpg,d951fa3bd30740803a4c4c21659f8b15,tea_algal_leaf_spot_00282,False,
train,Tea algal leaf spot,tea_algal_leaf_spot_00284.jpg,2d8c4b770d9e110841fe4108b337aa2b,tea_algal_leaf_spot_00284,False,
train,Tea algal leaf spot,tea_algal_leaf_spot_00284_aug_flip_horizontal.jpg,9992eb4e00e53d82b6508f34dd4e68ed,tea_algal_leaf_spot_00284,True,flip
train,Tea algal leaf spot,tea_algal_leaf_spot_00284_aug_zoom.jpg,71ae0532717a5bd4a70f1627c04b4850,tea_algal_leaf_spot_00284,True,zoom
train,Tea algal leaf spot,tea_algal_leaf_spot_00285.jpg,f52169e9d6b318c9b91f8ce6469e22e1,tea_algal_leaf_spot_00285,False,
train,Tea algal leaf spot,tea_algal_leaf_spot_00285_aug_contrast.jpg,b8569b1da4e5a6ea12e60266f039a276,tea_algal_leaf_spot_00285,True,contrast
train,Tea algal leaf spot,tea_algal_leaf_spot_00286.jpg,f4a043098a5537f2573172e182d8ade2,tea_algal_leaf_spot_00286,False,
train,Tea algal leaf spot,tea_algal_leaf_spot_00286_aug_blur.jpg,b6a600b5f9b5da742f3be3c794a7e38a,tea_algal_leaf_spot_00286,True,blur
train,Tea algal leaf spot,tea_algal_leaf_spot_00286_aug_flip_vertical.jpg,5e98984e75a351cf306e0ff84e072d06,tea_algal_leaf_spot_00286,True,flip
train,Tea algal leaf spot,tea_algal_leaf_spot_00286_aug_zoom.jpg,d84b079d81671665fbfdc420d43e2159,tea_algal_leaf_spot_00286,True,zoom
train,Tea algal leaf spot,tea_algal_leaf_spot_00288.jpg,d2b1d98f3aebac107f9c48f7dfa6107f,tea_algal_leaf_spot_00288,False,
train,Tea algal leaf spot,tea_algal_leaf_spot_00289.jpg,a98ca495ca0f2ab2b1e4c3ab3309246b,tea_algal_leaf_spot_00289,False,
train,Tea algal leaf spot,tea_algal_leaf_spot_00289_aug_brightness.jpg,ae8f76125c8734ea76b73b95c2b3072a,tea_algal_leaf_spot_00289,True,brightness
train,Tea algal leaf spot,tea_algal_leaf_spot_00289_aug_flip_horizontal.jpg,6864acdcb902332b4ec7474a25e57cfb,tea_algal_leaf_spot_00289,True,flip
train,Tea algal leaf spot,tea_algal_leaf_spot_00291.jpg,66870beeacd2b2177185fca91b27b2c7,tea_algal_leaf_spot_00291,False,
train,Tea algal leaf spot,tea_algal_leaf_spot_00291_aug_contrast.jpg,98b51d620dcd9fd71dc77a9efa471bb1,tea_algal_leaf_spot_00291,True,contrast
train,Tea algal leaf spot,tea_algal_leaf_spot_00292.jpg,268c4b38da9016fd1a87f2ef63f431b7,tea_algal_leaf_spot_00292,False,
train,Tea algal leaf spot,tea_algal_leaf_spot_00292_aug_blur.jpg,4cef2a319b68325bec90fddcc7a78590,tea_algal_leaf_spot_00292,True,blur
train,Tea algal leaf spot,tea_algal_leaf_spot_00292_aug_contrast.jpg,2e4a9590c3db17da1843fa664e2f0a6d,tea_algal_leaf_spot_00292,True,contrast
train,Tea algal leaf spot,tea_algal_leaf_spot_00292_aug_flip_vertical.jpg,a72576e85e18939e0f3c582f129d6894,tea_algal_leaf_spot_00292,True,flip
train,Tea algal leaf spot,tea_algal_leaf_spot_00293.jpg,4fbb035946f1d5a78d614de32a12948e,tea_algal_leaf_spot_00293,False,
train,Tea algal leaf spot,tea_algal_leaf_spot_00293_aug_contrast.jpg,8973a225430fdeef7a8a592265c89a95,tea_algal_leaf_spot_00293,True,contrast
train,Tea algal leaf spot,tea_algal_leaf_spot_00294.jpg,411eb7f29afdeecd3f1cff7860ff43cc,tea_algal_leaf_spot_00294,False,
train,Tea algal leaf spot,tea_algal_leaf_spot_00295.jpg,e5b91553be68efae0fdfdc186fa11dad,tea_algal_leaf_spot_00295,False,
train,Tea algal leaf spot,tea_algal_leaf_spot_00296.jpg,a451367ecca2ef860521b12ff93148f2,tea_algal_leaf_spot_00296,False,
train,Tea algal leaf spot,tea_algal_leaf_spot_00296_aug_flip_vertical.jpg,50450de2b13c3050904a7300fd472bcb,tea_algal_leaf_spot_00296,True,flip
train,Tea algal leaf spot,tea_algal_leaf_spot_00297.jpg,e4a9b78bbedbabe4b3f1b1fb6099aa7a,tea_algal_leaf_spot_00297,False,
train,Tea algal leaf spot,tea_algal_leaf_spot_00297_aug_flip_vertical.jpg,81fba10e5abb6d9480ae0ebba0d99a51,tea_algal_leaf_spot_00297,True,flip
train,Tea algal leaf spot,tea_algal_leaf_spot_00297_aug_zoom.jpg,dde5840d5a34321967313408c507f076,tea_algal_leaf_spot_00297,True,zoom
train,Tea algal leaf spot,tea_algal_leaf_spot_00298.jpg,d8594e93e3a51a191d17d8532f39ab06,tea_algal_leaf_spot_00298,False,
train,Tea algal leaf spot,tea_algal_leaf_spot_00298_aug_zoom.jpg,75c7e846eba4484c3d0aa9a23ebd13e1,tea_algal_leaf_spot_00298,True,zoom
train,Tea algal leaf spot,tea_algal_leaf_spot_00299.jpg,c1bc6d69c71adcc89858282d5a88cb98,tea_algal_leaf_spot_00299,False,
train,Tea algal leaf spot,tea_algal_leaf_spot_00300.jpg,9a5b6aea31de97009fbe7a4bf95ebfae,tea_algal_leaf_spot_00300,False,
train,Tea algal leaf spot,tea_algal_leaf_spot_00300_aug_contrast.jpg,8385ed2e44fb7a01b06133394f5d94e2,tea_algal_leaf_spot_00300,True,contrast
train,Tea algal leaf spot,tea_algal_leaf_spot_00300_aug_flip_horizontal.jpg,e1bb568289fb7883fc34058ea2d4cbad,tea_algal_leaf_spot_00300,True,flip
train,Tea algal leaf spot,tea_algal_leaf_spot_00303.jpg,400a8ecbf68099e8a617e62c03999009,tea_algal_leaf_spot_00303,False,
train,Tea algal leaf spot,tea_algal_leaf_spot_00303_aug_flip_vertical.jpg,c52e88b9a5b578ef62af855589fac111,tea_algal_leaf_spot_00303,True,flip
train,Tea algal leaf spot,tea_algal_leaf_spot_00304.jpg,2cf8ca651b8a6288a69432ca8148cc8c,tea_algal_leaf_spot_00304,False,
train,Tea algal leaf spot,tea_algal_leaf_spot_00304_aug_brightness.jpg,6dddf0d21c8a75e449a483468d6eba4a,tea_algal_leaf_spot_00304,True,brightness
train,Tea algal leaf spot,tea_algal_leaf_spot_00304_aug_contrast.jpg,4349affb8c3ef95f9035b81974fe1e14,tea_algal_leaf_spot_00304,True,contrast
train,Tea algal leaf spot,tea_algal_leaf_spot_00305.jpg,b461b62f30d10c5905f4cefda3a0ca63,tea_algal_leaf_spot_00305,False,
train,Tea algal leaf spot,tea_algal_leaf_spot_00305_aug_brightness.jpg,f9363592e1aa674b8d67db4f8e8a9f3c,tea_algal_leaf_spot_00305,True,brightness
train,Tea algal leaf spot,tea_algal_leaf_spot_00307.jpg,77adc3593c05d78f2a6f05f3ba6ad4b8,tea_algal_leaf_spot_00307,False,
train,Tea algal leaf spot,tea_algal_leaf_spot_00309.jpg,b2f9b4e3e385ed2d2fd7898376f35f35,tea_algal_leaf_spot_00309,False,
train,Tea algal leaf spot,tea_algal_leaf_spot_00310.jpg,b9157e32ca18cec7bacc3b8527a50ae1,tea_algal_leaf_spot_00310,False,
train,Tea algal leaf spot,tea_algal_leaf_spot_00310_aug_contrast.jpg,5edd8d37d482f0e8e942f5cc45054d3a,tea_algal_leaf_spot_00310,True,contrast
train,Tea algal leaf spot,tea_algal_leaf_spot_00312.jpg,17c4c9fd2e18d86800234fc2889eca43,tea_algal_leaf_spot_00312,False,
train,Tea algal leaf spot,tea_algal_leaf_spot_00312_aug_flip_horizontal.jpg,6de47fabf0e47be15a9d3e9a7cbd2b66,tea_algal_leaf_spot_00312,True,flip
train,Tea algal leaf spot,tea_algal_leaf_spot_00312_aug_rotation.jpg,3f602f681d7fba57c8e2ce6e54ca3317,tea_algal_leaf_spot_00312,True,rotation
train,Tea algal leaf spot,tea_algal_leaf_spot_00314.jpg,d3ddbb38b716a1ca3ac4f2046e9fe8ac,tea_algal_leaf_spot_00314,False,
train,Tea algal leaf spot,tea_algal_leaf_spot_00316.jpg,64e4beed96ca123a6f7ee5325611b1c9,tea_algal_leaf_spot_00316,False,
train,Tea algal leaf spot,tea_algal_leaf_spot_00316_aug_flip_vertical.jpg,7515a39552a61368d93dd8e237c6975b,tea_algal_leaf_spot_00316,True,flip
train,Tea algal leaf spot,tea_algal_leaf_spot_00316_aug_rotation.jpg,8a540354215ad572e0a4dbf67d7ba533,tea_algal_leaf_spot_00316,True,rotation
train,Tea algal leaf spot,tea_algal_leaf_spot_00319.jpg,60ac95be1557cedb9e3db3aa62a49aec,tea_algal_leaf_spot_00319,False,
train,Tea algal leaf spot,tea_algal_leaf_spot_00319_aug_contrast.jpg,c9a21148617c615ecc663fbf4a462674,tea_algal_leaf_spot_00319,True,contrast
train,Tea algal leaf spot,tea_algal_leaf_spot_00320.jpg,850b29c0eb4efe58c3234594c4dbbec9,tea_algal_leaf_spot_00320,False,
train,Tea algal leaf spot,tea_algal_leaf_spot_00320_aug_contrast.jpg,15b16066e49dcbeddf0d603fb5189a48,tea_algal_leaf_spot_00320,True,contrast
train,Tea algal leaf spot,tea_algal_leaf_spot_00321.jpg,ba7c0e1b292e646efb076d8e405566c0,tea_algal_leaf_spot_00321,False,
train,Tea algal leaf spot,tea_algal_leaf_spot_00323.jpg,1a4572c0de1512c6610fe9f4baeadbf6,tea_algal_leaf_spot_00323,False,
train,Tea algal leaf spot,tea_algal_leaf_spot_00323_aug_contrast.jpg,519aaf0f0e313c0c1f27718e5ccaf750,tea_algal_leaf_spot_00323,True,contrast
train,Tea algal leaf spot,tea_algal_leaf_spot_00323_aug_rotation.jpg,eef4122b5532cd630a9b04639e627928,tea_algal_leaf_spot_00323,True,rotation
train,Tea algal leaf spot,tea_algal_leaf_spot_00324.jpg,e912374aed9dd320d615944fb958d0e3,tea_algal_leaf_spot_00324,False,
train,Tea algal leaf spot,tea_algal_leaf_spot_00324_aug_brightness.jpg,455344029542c82dd05ae9114a0ebefa,tea_algal_leaf_spot_00324,True,brightness
train,Tea algal leaf spot,tea_algal_leaf_spot_00324_aug_rotation.jpg,c5c94ceaa6489401530bbc62db87ff05,tea_algal_leaf_spot_00324,True,rotation
train,Tea algal leaf spot,tea_algal_leaf_spot_00328.jpg,c5ad7af76f82264df8315db9e1228a46,tea_algal_leaf_spot_00328,False,
train,Tea algal leaf spot,tea_algal_leaf_spot_00328_aug_contrast.jpg,9c2484ad8c48a02ce2caab425714c846,tea_algal_leaf_spot_00328,True,contrast
train,Tea algal leaf spot,tea_algal_leaf_spot_00328_aug_flip_horizontal.jpg,5c3d01af3e4fb859962cde5f47dff1f0,tea_algal_leaf_spot_00328,True,flip
train,Tea algal leaf spot,tea_algal_leaf_spot_00329.jpg,00de32d0a2d70e8066e92e98bbd3d43d,tea_algal_leaf_spot_00329,False,
train,Tea algal leaf spot,tea_algal_leaf_spot_00329_aug_brightness.jpg,2d176d8de3f734e25d2d2956323e2655,tea_algal_leaf_spot_00329,True,brightness
train,Tea algal leaf spot,tea_algal_leaf_spot_00331.jpg,7de2cf38ee548d8585c63ad925eac2a4,tea_algal_leaf_spot_00331,False,
train,Tea algal leaf spot,tea_algal_leaf_spot_00331_aug_brightness.jpg,02cca26d813cdf39029f9bcfe063ee63,tea_algal_leaf_spot_00331,True,brightness
train,Tea algal leaf spot,tea_algal_leaf_spot_00332.jpg,8c5dee28d852969a37b531705f430d72,tea_algal_leaf_spot_00332,False,
train,Tea algal leaf spot,tea_algal_leaf_spot_00332_aug_brightness.jpg,cf7e59ac2f97e39f305ab2d4fa751995,tea_algal_leaf_spot_00332,True,brightness
train,Tea algal leaf spot,tea_algal_leaf_spot_00333.jpg,dd7a4c5c8762f65d7effbb76d933d282,tea_algal_leaf_spot_00333,False,
train,Tea algal leaf spot,tea_algal_leaf_spot_00333_aug_zoom.jpg,c4a234787f5a73afb481268f11d695da,tea_algal_leaf_spot_00333,True,zoom
train,Tea algal leaf spot,tea_algal_leaf_spot_00335.jpg,986c0831ffc0d9b08a97ad4a17b21e1a,tea_algal_leaf_spot_00335,False,
train,Tea algal leaf spot,tea_algal_leaf_spot_00335_aug_zoom.jpg,21c996ed47724d4c04e106d8c26c7f04,tea_algal_leaf_spot_00335,True,zoom
train,Tea algal leaf spot,tea_algal_leaf_spot_00337.jpg,fcd4c216a5092d61b66de3854435aa1a,tea_algal_leaf_spot_00337,False,
train,Tea algal leaf spot,tea_algal_leaf_spot_00337_aug_blur.jpg,dc5dbefafd271fba93e5f58572003262,tea_algal_leaf_spot_00337,True,blur
train,Tea algal leaf spot,tea_algal_leaf_spot_00339.jpg,66013af6205d8806e822be71700bf389,tea_algal_leaf_spot_00339,False,
train,Tea algal leaf spot,tea_algal_leaf_spot_00339_aug_flip_vertical.jpg,72bc0afa03c7add9b9cecfef097e780e,tea_algal_leaf_spot_00339,True,flip
train,Tea algal leaf spot,tea_algal_leaf_spot_00340.jpg,14d512342e0291c6d75f0a580a44d4fc,tea_algal_leaf_spot_00340,False,
train,Tea algal leaf spot,tea_algal_leaf_spot_00340_aug_blur.jpg,7987a107690385b999b656d161b53cf2,tea_algal_leaf_spot_00340,True,blur
train,Tea algal leaf spot,tea_algal_leaf_spot_00341.jpg,b028213c22627002b4f1ba35f2d1f435,tea_algal_leaf_spot_00341,False,
train,Tea algal leaf spot,tea_algal_leaf_spot_00341_aug_blur.jpg,cd5b7d0a9d9585abce7628ad24b7ad69,tea_algal_leaf_spot_00341,True,blur
train,Tea algal leaf spot,tea_algal_leaf_spot_00342.jpg,2c2aa36faac8becb60d1f6840cdb5ffb,tea_algal_leaf_spot_00342,False,
train,Tea algal leaf spot,tea_algal_leaf_spot_00342_aug_rotation.jpg,55112037329736077b94a7b4c7239cfc,tea_algal_leaf_spot_00342,True,rotation
train,Tea algal leaf spot,tea_algal_leaf_spot_00343.jpg,9edb6f5235192dd36419646dc2d82ff7,tea_algal_leaf_spot_00343,False,
train,Tea algal leaf spot,tea_algal_leaf_spot_00343_aug_contrast.jpg,fa93a98009e9b30980e9c93907fc0a77,tea_algal_leaf_spot_00343,True,contrast
train,Tea algal leaf spot,tea_algal_leaf_spot_00343_aug_zoom.jpg,40849610b1026aff65bc530ef1edfe5b,tea_algal_leaf_spot_00343,True,zoom
train,Tea algal leaf spot,tea_algal_leaf_spot_00344.jpg,8d34bb89b7da5d2d0dfd395d9cd6255a,tea_algal_leaf_spot_00344,False,
train,Tea algal leaf spot,tea_algal_leaf_spot_00344_aug_blur.jpg,16488541b97de96f21df0219fed909ea,tea_algal_leaf_spot_00344,True,blur
train,Tea algal leaf spot,tea_algal_leaf_spot_00345.jpg,880fb0d3dfd5aa45ace44c18ca6644c4,tea_algal_leaf_spot_00345,False,
train,Tea algal leaf spot,tea_algal_leaf_spot_00345_aug_flip_horizontal.jpg,ecaf15104d47a99d715b13c5356bacf8,tea_algal_leaf_spot_00345,True,flip
train,Tea algal leaf spot,tea_algal_leaf_spot_00346.jpg,21a4ef7a823e156ee4d9ad17429c5d27,tea_algal_leaf_spot_00346,False,
train,Tea algal leaf spot,tea_algal_leaf_spot_00346_aug_blur.jpg,2dd3e98d3d30d6030402dfef11d72d54,tea_algal_leaf_spot_00346,True,blur
train,Tea algal leaf spot,tea_algal_leaf_spot_00346_aug_contrast.jpg,acdc74cdef00b33846da805cc682671f,tea_algal_leaf_spot_00346,True,contrast
train,Tea algal leaf spot,tea_algal_leaf_spot_00347.jpg,923c95f244c9628cb05f819e652fde38,tea_algal_leaf_spot_00347,False,
train,Tea algal leaf spot,tea_algal_leaf_spot_00348.jpg,26b25402904f0a2cf9e8cd46a3a6d299,tea_algal_leaf_spot_00348,False,
train,Tea algal leaf spot,tea_algal_leaf_spot_00348_aug_brightness.jpg,0083c3e95e9e48db512e3bee833c64bd,tea_algal_leaf_spot_00348,True,brightness
train,Tea algal leaf spot,tea_algal_leaf_spot_00349.jpg,c2cf55161cf01bfdbda1c3d97925776f,tea_algal_leaf_spot_00349,False,
train,Tea algal leaf spot,tea_algal_leaf_spot_00350.jpg,78411c6d9f844852cf2e2a1497e0696f,tea_algal_leaf_spot_00350,False,
train,Tea algal leaf spot,tea_algal_leaf_spot_00350_aug_rotation.jpg,82be5d6bcf1e67f0e6fac07e41b257df,tea_algal_leaf_spot_00350,True,rotation
train,Tea algal leaf spot,tea_algal_leaf_spot_00351.jpg,132608565c31620d0e5f98a5419c41dc,tea_algal_leaf_spot_00351,False,
train,Tea algal leaf spot,tea_algal_leaf_spot_00351_aug_brightness.jpg,364e8a8d9c209cb891da35b8d3b2a348,tea_algal_leaf_spot_00351,True,brightness
train,Tea algal leaf spot,tea_algal_leaf_spot_00351_aug_flip_horizontal.jpg,9920beee90d50940820971598f62c441,tea_algal_leaf_spot_00351,True,flip
train,Tea algal leaf spot,tea_algal_leaf_spot_00352.jpg,26757704a48e3439f4189b0f78841fff,tea_algal_leaf_spot_00352,False,
train,Tea algal leaf spot,tea_algal_leaf_spot_00352_aug_flip_vertical.jpg,6ea717dbfc7a6a3b20e69857cd6eb76d,tea_algal_leaf_spot_00352,True,flip
train,Tea algal leaf spot,tea_algal_leaf_spot_00353.jpg,377d9b620b409edef5ed8224f419f2ca,tea_algal_leaf_spot_00353,False,
train,Tea algal leaf spot,tea_algal_leaf_spot_00353_aug_rotation.jpg,c450739e54d167a1a527378d07cac232,tea_algal_leaf_spot_00353,True,rotation
train,Tea algal leaf spot,tea_algal_leaf_spot_00354.jpg,6b13871711e0a67c83175b43d6d159f1,tea_algal_leaf_spot_00354,False,
train,Tea algal leaf spot,tea_algal_leaf_spot_00354_aug_rotation.jpg,ceebe68f1ccd8fcae6d16784b498b93e,tea_algal_leaf_spot_00354,True,rotation
train,Tea algal leaf spot,tea_algal_leaf_spot_00354_aug_zoom.jpg,0effd3239624d31fd20a8afa1ec2a857,tea_algal_leaf_spot_00354,True,zoom
train,Tea algal leaf spot,tea_algal_leaf_spot_00355.jpg,d32c0a24549fe876ab5ea88041d92915,tea_algal_leaf_spot_00355,False,
train,Tea algal leaf spot,tea_algal_leaf_spot_00355_aug_contrast.jpg,7f0727d72e957d2fa4b9a4686782f3ae,tea_algal_leaf_spot_00355,True,contrast
train,Tea algal leaf spot,tea_algal_leaf_spot_00355_aug_zoom.jpg,f6af303bc3c3a50548eecabcdba1cd98,tea_algal_leaf_spot_00355,True,zoom
train,Tea algal leaf spot,tea_algal_leaf_spot_00357.jpg,d9da287948a77497145127452cd64b11,tea_algal_leaf_spot_00357,False,
train,Tea algal leaf spot,tea_algal_leaf_spot_00358.jpg,52636b485de7d5b3e624dc6876df4441,tea_algal_leaf_spot_00358,False,
train,Tea algal leaf spot,tea_algal_leaf_spot_00358_aug_brightness.jpg,bdf2272095669f8c6fff09e455635b0b,tea_algal_leaf_spot_00358,True,brightness
train,Tea algal leaf spot,tea_algal_leaf_spot_00358_aug_contrast.jpg,4c01af8a2c912445bc0e175a13bd15dc,tea_algal_leaf_spot_00358,True,contrast
train,Tea algal leaf spot,tea_algal_leaf_spot_00358_aug_flip_vertical.jpg,98a003dc3dfbc435065126c73845afaa,tea_algal_leaf_spot_00358,True,flip
train,Tea algal leaf spot,tea_algal_leaf_spot_00359.jpg,24c5c0525c92f2a91c57daffc1255c44,tea_algal_leaf_spot_00359,False,
train,Tea algal leaf spot,tea_algal_leaf_spot_00359_aug_brightness.jpg,efea6345060543d4c464aecd4235765f,tea_algal_leaf_spot_00359,True,brightness
train,Tea algal leaf spot,tea_algal_leaf_spot_00361.jpg,b05dc2690c40f115cae7b6d66c47522d,tea_algal_leaf_spot_00361,False,
train,Tea algal leaf spot,tea_algal_leaf_spot_00361_aug_brightness.jpg,909f25a02c144f12ef149fadc34e99b1,tea_algal_leaf_spot_00361,True,brightness
train,Tea algal leaf spot,tea_algal_leaf_spot_00363.jpg,7174d5746b9572171dc675975dae135c,tea_algal_leaf_spot_00363,False,
train,Tea algal leaf spot,tea_algal_leaf_spot_00363_aug_brightness.jpg,e229800f4f6f742554f1d8d898d96344,tea_algal_leaf_spot_00363,True,brightness
train,Tea algal leaf spot,tea_algal_leaf_spot_00363_aug_flip_vertical.jpg,5f8d914978079537fa5c9607df7f71ee,tea_algal_leaf_spot_00363,True,flip
train,Tea algal leaf spot,tea_algal_leaf_spot_00364.jpg,7b2041e020c205cc6712b968ec2c4bac,tea_algal_leaf_spot_00364,False,
train,Tea algal leaf spot,tea_algal_leaf_spot_00365.jpg,944e0bc92a2a291cae1b9bbe2301455c,tea_algal_leaf_spot_00365,False,
train,Tea algal leaf spot,tea_algal_leaf_spot_00365_aug_flip_horizontal.jpg,196c38c332207919d1a70bf05717f58c,tea_algal_leaf_spot_00365,True,flip
train,Tea algal leaf spot,tea_algal_leaf_spot_00365_aug_flip_vertical.jpg,a1731d65a3a13d5a4f5baed8e5d9cf86,tea_algal_leaf_spot_00365,True,flip
train,Tea algal leaf spot,tea_algal_leaf_spot_00367.jpg,6d135acb6e96623ffbfdefb171852c55,tea_algal_leaf_spot_00367,False,
train,Tea algal leaf spot,tea_algal_leaf_spot_00367_aug_blur.jpg,660032044ab5f651672b1921975dc013,tea_algal_leaf_spot_00367,True,blur
train,Tea algal leaf spot,tea_algal_leaf_spot_00367_aug_contrast.jpg,90891705dfe7a395ddb99eb7e15e8027,tea_algal_leaf_spot_00367,True,contrast
train,Tea algal leaf spot,tea_algal_leaf_spot_00368.jpg,799e93fa14edb90d0404ccd162f32379,tea_algal_leaf_spot_00368,False,
train,Tea algal leaf spot,tea_algal_leaf_spot_00369.jpg,aa449fa4c62484fb717126faa1554caf,tea_algal_leaf_spot_00369,False,
train,Tea algal leaf spot,tea_algal_leaf_spot_00372.jpg,245f627af7d240b7231f9da7f8f96486,tea_algal_leaf_spot_00372,False,
train,Tea algal leaf spot,tea_algal_leaf_spot_00372_aug_contrast.jpg,7c8de5e53cf3327996ecc206ffae9804,tea_algal_leaf_spot_00372,True,contrast
train,Tea algal leaf spot,tea_algal_leaf_spot_00372_aug_zoom.jpg,bfcae8e606c2ded1df79c30e3b826762,tea_algal_leaf_spot_00372,True,zoom
train,Tea algal leaf spot,tea_algal_leaf_spot_00373.jpg,071fbd886a545b7c00964edf224bc78f,tea_algal_leaf_spot_00373,False,
train,Tea algal leaf spot,tea_algal_leaf_spot_00373_aug_zoom.jpg,1d30a77269507c59dbef0385101f09d7,tea_algal_leaf_spot_00373,True,zoom
train,Tea algal leaf spot,tea_algal_leaf_spot_00374.jpg,4da8c949c846e83fe0b92da116178a6f,tea_algal_leaf_spot_00374,False,
train,Tea algal leaf spot,tea_algal_leaf_spot_00374_aug_brightness.jpg,9ad8e7dc42dc7ff8b11bc197cd4b793e,tea_algal_leaf_spot_00374,True,brightness
train,Tea algal leaf spot,tea_algal_leaf_spot_00375.jpg,b782d26d7275053a77bfb8761dd993ec,tea_algal_leaf_spot_00375,False,
train,Tea algal leaf spot,tea_algal_leaf_spot_00375_aug_flip_vertical.jpg,5ea0d68d86c45e437a5cb82cbd81a60c,tea_algal_leaf_spot_00375,True,flip
train,Tea algal leaf spot,tea_algal_leaf_spot_00377.jpg,28f1afb4048071c3361427dd6cf24225,tea_algal_leaf_spot_00377,False,
train,Tea algal leaf spot,tea_algal_leaf_spot_00378.jpg,6fd8059f387d8bb43865acc6334661c1,tea_algal_leaf_spot_00378,False,
train,Tea algal leaf spot,tea_algal_leaf_spot_00378_aug_flip_horizontal.jpg,61b5be9b622c2dec7fc04e3a509ccdb9,tea_algal_leaf_spot_00378,True,flip
train,Tea algal leaf spot,tea_algal_leaf_spot_00382.jpg,14165eb5ec032b452ed6c83b5de1deda,tea_algal_leaf_spot_00382,False,
train,Tea algal leaf spot,tea_algal_leaf_spot_00382_aug_contrast.jpg,f2cb7f362871fd8767d109d31e08dcf7,tea_algal_leaf_spot_00382,True,contrast
train,Tea algal leaf spot,tea_algal_leaf_spot_00383.jpg,fb90f7b1f1f4d6bdce77fc632ec7af4e,tea_algal_leaf_spot_00383,False,
train,Tea algal leaf spot,tea_algal_leaf_spot_00383_aug_contrast.jpg,d521d73773cb2f0a19d67432074e52cc,tea_algal_leaf_spot_00383,True,contrast
train,Tea algal leaf spot,tea_algal_leaf_spot_00387.jpg,c5b9c4a93db6204ae797989189d4146f,tea_algal_leaf_spot_00387,False,
train,Tea algal leaf spot,tea_algal_leaf_spot_00387_aug_flip_vertical.jpg,8ce9fcc62616a0e1f55e684825e96d03,tea_algal_leaf_spot_00387,True,flip
train,Tea algal leaf spot,tea_algal_leaf_spot_00388.jpg,939bb4aca112b41cc3631a2651a35a48,tea_algal_leaf_spot_00388,False,
train,Tea algal leaf spot,tea_algal_leaf_spot_00388_aug_blur.jpg,78fb6d6fbcbc6e2bd93895ba5a9d59f2,tea_algal_leaf_spot_00388,True,blur
train,Tea algal leaf spot,tea_algal_leaf_spot_00389.jpg,a718fcaaff2dce39149278f37ba4663e,tea_algal_leaf_spot_00389,False,
train,Tea algal leaf spot,tea_algal_leaf_spot_00389_aug_flip_horizontal.jpg,bda83348466892e05667ad8cc0e2caf1,tea_algal_leaf_spot_00389,True,flip
train,Tea algal leaf spot,tea_algal_leaf_spot_00389_aug_zoom.jpg,dd3f92f0a2f2b14f76d9f4482db51c11,tea_algal_leaf_spot_00389,True,zoom
train,Tea algal leaf spot,tea_algal_leaf_spot_00390.jpg,8de76ecf6328b7d9f1fb7ab08cb97720,tea_algal_leaf_spot_00390,False,
train,Tea algal leaf spot,tea_algal_leaf_spot_00392.jpg,bd8c5c21752ec114c875e615b23ca6f1,tea_algal_leaf_spot_00392,False,
train,Tea algal leaf spot,tea_algal_leaf_spot_00392_aug_flip_vertical.jpg,34a670c1732b6fc5cd1effa2715c32db,tea_algal_leaf_spot_00392,True,flip
train,Tea algal leaf spot,tea_algal_leaf_spot_00392_aug_rotation.jpg,7b6f3f8d2b499dbd75429f61f1b36a2a,tea_algal_leaf_spot_00392,True,rotation
train,Tea algal leaf spot,tea_algal_leaf_spot_00396.jpg,e8a2eaeb8d8db9b0123c431e30093c4d,tea_algal_leaf_spot_00396,False,
train,Tea algal leaf spot,tea_algal_leaf_spot_00396_aug_blur.jpg,9722ef0cf7edaa2765fc7f0d4b799272,tea_algal_leaf_spot_00396,True,blur
train,Tea algal leaf spot,tea_algal_leaf_spot_00396_aug_brightness.jpg,3b7f79ac01e06f0824f03b7e23bcb48f,tea_algal_leaf_spot_00396,True,brightness
train,Tea algal leaf spot,tea_algal_leaf_spot_00396_aug_contrast.jpg,af2cbfb0f39dd052c87ed052cdf97afd,tea_algal_leaf_spot_00396,True,contrast
train,Tea algal leaf spot,tea_algal_leaf_spot_00396_aug_rotation.jpg,c54563b14dc3a94bd3afe1374ab804aa,tea_algal_leaf_spot_00396,True,rotation
train,Tea algal leaf spot,tea_algal_leaf_spot_00397.jpg,aeeb97446c3bcf6a4a8aa320a7d653a4,tea_algal_leaf_spot_00397,False,
train,Tea algal leaf spot,tea_algal_leaf_spot_00398.jpg,ff3568595f2fc87b476ea5bb33a24eee,tea_algal_leaf_spot_00398,False,
train,Tea algal leaf spot,tea_algal_leaf_spot_00398_aug_contrast.jpg,5bc240f88fbc0c53c51b897fb8060a1f,tea_algal_leaf_spot_00398,True,contrast
train,Tea algal leaf spot,tea_algal_leaf_spot_00398_aug_flip_horizontal.jpg,6a82936112825f9de8deb6d88ae4d661,tea_algal_leaf_spot_00398,True,flip
train,Tea algal leaf spot,tea_algal_leaf_spot_00400.jpg,dc4ccd07ae1e104ef50354b51e43a9fb,tea_algal_leaf_spot_00400,False,
train,Tea algal leaf spot,tea_algal_leaf_spot_00400_aug_contrast.jpg,85ba389d2ab8c66b1033d137ca2f6602,tea_algal_leaf_spot_00400,True,contrast
train,Tea algal leaf spot,tea_algal_leaf_spot_00401.jpg,7494e9d72ca3c8986159035f90cf6f8c,tea_algal_leaf_spot_00401,False,
train,Tea algal leaf spot,tea_algal_leaf_spot_00401_aug_flip_vertical.jpg,3703f83e6bb666c3e7cb4ec5be523e7f,tea_algal_leaf_spot_00401,True,flip
train,Tea algal leaf spot,tea_algal_leaf_spot_00402.jpg,6baa5df029a7a7ab91d0188648ab5e08,tea_algal_leaf_spot_00402,False,
train,Tea algal leaf spot,tea_algal_leaf_spot_00402_aug_zoom.jpg,f7a17d35d9bcb88488e29ce5c670eb47,tea_algal_leaf_spot_00402,True,zoom
train,Tea algal leaf spot,tea_algal_leaf_spot_00403.jpg,18a1460263dc9ebb058ff83fa4e3af2d,tea_algal_leaf_spot_00403,False,
train,Tea algal leaf spot,tea_algal_leaf_spot_00406.jpg,2d53da86f14f1d9e5b781426c1017b73,tea_algal_leaf_spot_00406,False,
train,Tea algal leaf spot,tea_algal_leaf_spot_00406_aug_contrast.jpg,bfe887bf722b6aed8b4c1f7a1a780111,tea_algal_leaf_spot_00406,True,contrast
train,Tea algal leaf spot,tea_algal_leaf_spot_00406_aug_rotation.jpg,a1be559a1236989ace8fa581b176ee36,tea_algal_leaf_spot_00406,True,rotation
train,Tea algal leaf spot,tea_algal_leaf_spot_00408.jpg,5d012727bafcec0ba02436b08f0f3216,tea_algal_leaf_spot_00408,False,
train,Tea algal leaf spot,tea_algal_leaf_spot_00408_aug_flip_horizontal.jpg,721a38deb00d026d41d2e9c8db523146,tea_algal_leaf_spot_00408,True,flip
train,Tea algal leaf spot,tea_algal_leaf_spot_00408_aug_zoom.jpg,2532125b13a7dba436d3c0c9e984a93e,tea_algal_leaf_spot_00408,True,zoom
train,Tea algal leaf spot,tea_algal_leaf_spot_00409.jpg,66c3e29d9ef6b09b19e58f7c36b0d893,tea_algal_leaf_spot_00409,False,
train,Tea algal leaf spot,tea_algal_leaf_spot_00409_aug_blur.jpg,e9ef13b62b63dc6613b0602b0d49a389,tea_algal_leaf_spot_00409,True,blur
train,Tea algal leaf spot,tea_algal_leaf_spot_00409_aug_brightness.jpg,81ec70a1299bd652a953c5986e2ec21f,tea_algal_leaf_spot_00409,True,brightness
train,Tea algal leaf spot,tea_algal_leaf_spot_00409_aug_zoom.jpg,2d981855942213119af979841a6b6271,tea_algal_leaf_spot_00409,True,zoom
train,Tea algal leaf spot,tea_algal_leaf_spot_00410.jpg,6cfd6af59f5d191f9471f2c21f508bf0,tea_algal_leaf_spot_00410,False,
train,Tea algal leaf spot,tea_algal_leaf_spot_00410_aug_flip_vertical.jpg,8e577710db6a8de0dcb41d99ff3d0639,tea_algal_leaf_spot_00410,True,flip
train,Tea algal leaf spot,tea_algal_leaf_spot_00413.jpg,72c8d699f9c667cd48b0c2537372d784,tea_algal_leaf_spot_00413,False,
train,Tea algal leaf spot,tea_algal_leaf_spot_00413_aug_zoom.jpg,4fa7eee8aee9b2efcd63ef74812ed9c0,tea_algal_leaf_spot_00413,True,zoom
train,Tea algal leaf spot,tea_algal_leaf_spot_00414.jpg,dab758642ba8e6d769c815626174f331,tea_algal_leaf_spot_00414,False,
train,Tea algal leaf spot,tea_algal_leaf_spot_00414_aug_contrast.jpg,c4a130574a9520ec51a1cbd13065020b,tea_algal_leaf_spot_00414,True,contrast
train,Tea algal leaf spot,tea_algal_leaf_spot_00414_aug_flip_horizontal.jpg,708aebce62793e67aadbee73f39ac0f0,tea_algal_leaf_spot_00414,True,flip
train,Tea algal leaf spot,tea_algal_leaf_spot_00414_aug_rotation.jpg,4b432de655b6ede3d523f1ecc24d837b,tea_algal_leaf_spot_00414,True,rotation
train,Tea algal leaf spot,tea_algal_leaf_spot_00414_aug_zoom.jpg,a61ec64f08626e8ee5a27b07ddf36e2f,tea_algal_leaf_spot_00414,True,zoom
train,Tea algal leaf spot,tea_algal_leaf_spot_00415.jpg,6799c0ded0751c072c987a324fbaf130,tea_algal_leaf_spot_00415,False,
train,Tea algal leaf spot,tea_algal_leaf_spot_00415_aug_contrast.jpg,aaf8ef015ec44b6999a2253afe69855c,tea_algal_leaf_spot_00415,True,contrast
train,Tea algal leaf spot,tea_algal_leaf_spot_00416.jpg,e53c867a248a50a8c9895aec7c145ab5,tea_algal_leaf_spot_00416,False,
train,Tea algal leaf spot,tea_algal_leaf_spot_00416_aug_brightness.jpg,7104095c09ff4540ad95da4e9c7a58ff,tea_algal_leaf_spot_00416,True,brightness
train,Tea algal leaf spot,tea_algal_leaf_spot_00418.jpg,316a1cdc65a9ce2a74311c09d04203d2,tea_algal_leaf_spot_00418,False,
val,Brown Blight,UNADJUSTEDNONRAW_thumb_102.jpg,9687aaf0c3709e11908783dd72b3460d,UNADJUSTEDNONRAW_thumb_102,False,
val,Brown Blight,UNADJUSTEDNONRAW_thumb_121.jpg,8723988b89d58548878801ed7a028e4b,UNADJUSTEDNONRAW_thumb_121,False,
val,Brown Blight,UNADJUSTEDNONRAW_thumb_122.jpg,66fc2f3f8390d84bb3e38035cf9e8b72,UNADJUSTEDNONRAW_thumb_122,False,
val,Brown Blight,UNADJUSTEDNONRAW_thumb_123.jpg,fe6e07064cedb975f730711f9a7e342f,UNADJUSTEDNONRAW_thumb_123,False,
val,Brown Blight,UNADJUSTEDNONRAW_thumb_132.jpg,8a7a67adc3a6fbb569cf1a6d16661519,UNADJUSTEDNONRAW_thumb_132,False,
val,Brown Blight,UNADJUSTEDNONRAW_thumb_134.jpg,0ca9947ab3d338e2a1c27c62cff9f614,UNADJUSTEDNONRAW_thumb_134,False,
val,Brown Blight,UNADJUSTEDNONRAW_thumb_13a.jpg,c022ffc4ee07975c6ad6c000f9548287,UNADJUSTEDNONRAW_thumb_13a,False,
val,Brown Blight,UNADJUSTEDNONRAW_thumb_13c.jpg,7ac5881dc2dfe67af175543c8715f9a1,UNADJUSTEDNONRAW_thumb_13c,False,
val,Brown Blight,UNADJUSTEDNONRAW_thumb_13f.jpg,34e6af86f3318a5e594d5913dd09088f,UNADJUSTEDNONRAW_thumb_13f,False,
val,Brown Blight,UNADJUSTEDNONRAW_thumb_144.jpg,7fa9824be4724928b3fd39d4aa600a31,UNADJUSTEDNONRAW_thumb_144,False,
val,Brown Blight,UNADJUSTEDNONRAW_thumb_149.jpg,18b84b0716f6421fe65406a5269f7005,UNADJUSTEDNONRAW_thumb_149,False,
val,Brown Blight,UNADJUSTEDNONRAW_thumb_151.jpg,b01d715742fb6aa9249df340845d47c8,UNADJUSTEDNONRAW_thumb_151,False,
val,Brown Blight,UNADJUSTEDNONRAW_thumb_158.jpg,0b7e86ca2643ac63e3586c0727bd7812,UNADJUSTEDNONRAW_thumb_158,False,
val,Brown Blight,UNADJUSTEDNONRAW_thumb_15e.jpg,4bd59e438263c9343cd21f323fe142b3,UNADJUSTEDNONRAW_thumb_15e,False,
val,Brown Blight,UNADJUSTEDNONRAW_thumb_161.jpg,345f38c84db33f985e4afa2a03daf064,UNADJUSTEDNONRAW_thumb_161,False,
val,Brown Blight,UNADJUSTEDNONRAW_thumb_167.jpg,c73c05af8d462bbade6414e77a3834a2,UNADJUSTEDNONRAW_thumb_167,False,
val,Brown Blight,UNADJUSTEDNONRAW_thumb_172.jpg,14a6a8639ce818541aa62a189b114142,UNADJUSTEDNONRAW_thumb_172,False,
val,Brown Blight,brown_blight_00003.jpg,03d2450aae092830f2cb6340d5d62ef4,brown_blight_00003,False,
val,Brown Blight,brown_blight_00005.jpg,3ddf23342dc91a6961fc6db2d3be8938,brown_blight_00005,False,
val,Brown Blight,brown_blight_00009.jpg,ce3a63593f9bca31ab0e8f1c3ae7f572,brown_blight_00009,False,
val,Brown Blight,brown_blight_00011.jpg,c403d601644303e56263a393e1989aeb,brown_blight_00011,False,
val,Brown Blight,brown_blight_00025.jpg,712042146946927119d0a3505d3f4901,brown_blight_00025,False,
val,Brown Blight,brown_blight_00028.jpg,348e1e4b68cef32f7ee369d3a36d1569,brown_blight_00028,False,
val,Brown Blight,brown_blight_00031.jpg,232380e8e7dc430ceaf2bde04e1f1e38,brown_blight_00031,False,
val,Brown Blight,brown_blight_00034.jpg,a79d0489b008c147a2138c1e705c83fb,brown_blight_00034,False,
val,Brown Blight,brown_blight_00060.jpg,bdf6b83abef44f2197b2b61b351bac25,brown_blight_00060,False,
val,Brown Blight,brown_blight_00062.jpg,dead119987e3679f66e4a673e16aaa7f,brown_blight_00062,False,
val,Brown Blight,brown_blight_00080.jpg,92ff301612dcb24299604421014b6807,brown_blight_00080,False,
val,Brown Blight,brown_blight_00087.jpg,223b8cb6c39142e914655ced2be99261,brown_blight_00087,False,
val,Brown Blight,brown_blight_00110.jpg,4d4e039fec28f29ecc023ecf1bfccaab,brown_blight_00110,False,
val,Brown Blight,brown_blight_00115.jpg,4d8724a2f03ab5fc8e690ff41f468b1f,brown_blight_00115,False,
val,Brown Blight,brown_blight_00127.jpg,6ba434397ab7af4b18abb420d10b4f57,brown_blight_00127,False,
val,Brown Blight,brown_blight_00135.jpg,c1d4aa19ad11564af208e4cb72cd5252,brown_blight_00135,False,
val,Brown Blight,brown_blight_00139.jpg,407eca6521fa5eff37db13aebe30ad03,brown_blight_00139,False,
val,Brown Blight,brown_blight_00146.jpg,ff006a9745b97ce7028ee271a9ead191,brown_blight_00146,False,
val,Brown Blight,brown_blight_00147.jpg,a4bd20c72c148088132801b28e013371,brown_blight_00147,False,
val,Brown Blight,brown_blight_00155.jpg,2bcebeeac99bb3de0438322b5dc53bf1,brown_blight_00155,False,
val,Brown Blight,brown_blight_00156.jpg,e1fac916d313e8be0e27d4a988c0fe15,brown_blight_00156,False,
val,Brown Blight,brown_blight_00157.jpg,f8cdf1b42a67140d58dad1824bd10807,brown_blight_00157,False,
val,Brown Blight,brown_blight_00163.jpg,d4adf7818bd2feeaec417dcdd314f5a5,brown_blight_00163,False,
val,Brown Blight,brown_blight_00171.jpg,5a4aaf5ad47a29a1858dbb79f2363446,brown_blight_00171,False,
val,Brown Blight,brown_blight_00172.jpg,f70ebe111008e970eec37627b967ddcb,brown_blight_00172,False,
val,Brown Blight,brown_blight_00178.jpg,df2e9285284041dc02117d68877d84df,brown_blight_00178,False,
val,Brown Blight,brown_blight_00185.jpg,a03bc7ae1807fea82cbcd574de550e6b,brown_blight_00185,False,
val,Brown Blight,brown_blight_00200.jpg,4bafdf0239767c391dc21af0fa834217,brown_blight_00200,False,
val,Brown Blight,brown_blight_00203.jpg,329b6245178b2be36a911fee435c6bf2,brown_blight_00203,False,
val,Brown Blight,brown_blight_00211.jpg,7300046088875165c2355669b619914b,brown_blight_00211,False,
val,Brown Blight,brown_blight_00216.jpg,35e5f134ec87a5fa8e5fff8c4e7ea82a,brown_blight_00216,False,
val,Brown Blight,brown_blight_00227.jpg,2398b6236fc25fb22d9c0ef0856db334,brown_blight_00227,False,
val,Brown Blight,brown_blight_00238.jpg,e3eba802959c2b3c5fa716483a250242,brown_blight_00238,False,
val,Brown Blight,brown_blight_00255.jpg,e60ee43a437fa4e46b2569a2f7420d34,brown_blight_00255,False,
val,Brown Blight,brown_blight_00258.jpg,bd85923f9998f4fe314d2ef796d8ceda,brown_blight_00258,False,
val,Brown Blight,brown_blight_00259.jpg,747a5a38e15d8c447b1e7aa3e7abdb43,brown_blight_00259,False,
val,Brown Blight,brown_blight_00266.jpg,bd0c1c3dc5064a83b12dc2ea7b174943,brown_blight_00266,False,
val,Brown Blight,brown_blight_00279.jpg,d1a2b4e3f053c99ea52ffa0cc772f849,brown_blight_00279,False,
val,Brown Blight,brown_blight_00323.jpg,4b2cd3dc73b9a46a1a4099c78389ff36,brown_blight_00323,False,
val,Brown Blight,brown_blight_00336.jpg,f34de0faf87447c0a241652ebde44ba1,brown_blight_00336,False,
val,Brown Blight,brown_blight_00338.jpg,cdddb48c146a1c2dd57388e20ae59e2a,brown_blight_00338,False,
val,Brown Blight,brown_blight_00342.jpg,68828e72ff0d1fe6cd3f15c26e95069e,brown_blight_00342,False,
val,Brown Blight,brown_blight_00360.jpg,cf193006afcb6268182139eb4a8d60c9,brown_blight_00360,False,
val,Brown Blight,brown_blight_00362.jpg,48daa7ffb5d6259d5ca4386531643a20,brown_blight_00362,False,
val,Brown Blight,brown_blight_00392.jpg,b927d55b06bba31980174d74566ba3b8,brown_blight_00392,False,
val,Brown Blight,brown_blight_00396.jpg,0d0cecefda25e034381cbce9ef1265eb,brown_blight_00396,False,
val,Brown Blight,brown_blight_00409.jpg,c49be407e3af94f22488618371a8432f,brown_blight_00409,False,
val,Brown Blight,brown_blight_00412.jpg,5f141cc18b717cf5ffd5fe98295b2a2a,brown_blight_00412,False,
val,Brown Blight,brown_blight_00421.jpg,987cb2bba4893ab446cdda9c3531ba61,brown_blight_00421,False,
val,Brown Blight,brown_blight_00427.jpg,4e1cb2e5b754da4579fc0442a24116e2,brown_blight_00427,False,
val,Brown Blight,brown_blight_00429.jpg,02131558372bac09d0703cd1a93923d7,brown_blight_00429,False,
val,Brown Blight,brown_blight_00441.jpg,db62a8c073483aa3ebf9e7bf518e9a5a,brown_blight_00441,False,
val,Brown Blight,brown_blight_00443.jpg,769b24a6a71f273614b226f2e6750eeb,brown_blight_00443,False,
val,Brown Blight,brown_blight_00444.jpg,4702207f92d20c28889139ed151932e8,brown_blight_00444,False,
val,Brown Blight,brown_blight_00447.jpg,0ab30de85af81742d13759063b5d997a,brown_blight_00447,False,
val,Brown Blight,brown_blight_00455.jpg,9ad873e39a25e18dc8f03bb7d705a939,brown_blight_00455,False,
val,Brown Blight,brown_blight_00457.jpg,00a6fcc5d7227c9b4f31b9c95a89dc85,brown_blight_00457,False,
val,Brown Blight,brown_blight_00458.jpg,8487769e46f4a49bb5e9a3ce35378c2a,brown_blight_00458,False,
val,Brown Blight,brown_blight_00461.jpg,5d38525932c38a5e9d382713ad5d3de0,brown_blight_00461,False,
val,Brown Blight,brown_blight_00462.jpg,b4dd8b5ad95376808ed044822faa2dad,brown_blight_00462,False,
val,Brown Blight,brown_blight_00476.jpg,a1e5ffc559074655ca5d93e20985a01f,brown_blight_00476,False,
val,Brown Blight,brown_blight_00483.jpg,886fc99901873aa782a1359dd67093ba,brown_blight_00483,False,
val,Brown Blight,brown_blight_00493.jpg,29c9a59b45c17bbf4a1b3abcfffe0a59,brown_blight_00493,False,
val,Brown Blight,brown_blight_00496.jpg,85347f3bdfddd89acdbf2a97c17908eb,brown_blight_00496,False,
val,Brown Blight,brown_blight_00499.jpg,e848777a7806464c6622b146417b5eea,brown_blight_00499,False,
val,Brown Blight,brown_blight_00503.jpg,0cb2d6f97d565cdc146ea3ec10cd92e0,brown_blight_00503,False,
val,Gray Blight,IMG_20220503_135431.jpg,b5ab01cf163bb141c261fe3238425ad4,IMG_20220503_135431,False,
val,Gray Blight,IMG_20220503_135931.jpg,83ea7f2f7f511c2f07c6c419b1a31991,IMG_20220503_135931,False,
val,Gray Blight,IMG_20220503_140433.jpg,9cbbaed0f622b9bdbc7942fc802296ae,IMG_20220503_140433,False,
val,Gray Blight,IMG_20220503_140543.jpg,fe7ae45cb7ece4b6425019932e82df7a,IMG_20220503_140543,False,
val,Gray Blight,IMG_20220503_140554.jpg,da824a9466326198d9a32b47b18f17be,IMG_20220503_140554,False,
val,Gray Blight,IMG_20220503_140613.jpg,6fb7ec5be16186947640f0f65b414471,IMG_20220503_140613,False,
val,Gray Blight,IMG_20220503_140644.jpg,be1db49e09169b65200a075a68da543f,IMG_20220503_140644,False,
val,Gray Blight,IMG_20220503_140708.jpg,1f1babfbeea2df953fac8e36666afb18,IMG_20220503_140708,False,
val,Gray Blight,IMG_20220503_141057.jpg,2dc35fcbf5d62d6a3709b2dfcd6cb0cf,IMG_20220503_141057,False,
val,Gray Blight,IMG_20220503_141332.jpg,1ac7731d5603a2d2e3dee7d2a1337314,IMG_20220503_141332,False,
val,Gray Blight,IMG_20220503_141741.jpg,ec404345074db9a670f741381e911775,IMG_20220503_141741,False,
val,Gray Blight,IMG_20220503_141757.jpg,827bdbdcf4ec0e27b7e35fa063d6b054,IMG_20220503_141757,False,
val,Gray Blight,IMG_20220503_141945.jpg,ba23601a5cfd676e8fd46b6dd0afd0f7,IMG_20220503_141945,False,
val,Gray Blight,IMG_20220503_142832.jpg,8afdee458debb2e09228b58d7eac92ee,IMG_20220503_142832,False,
val,Gray Blight,IMG_20220503_142842.jpg,43e9dded457d5b8c4269dff6877307eb,IMG_20220503_142842,False,
val,Gray Blight,gray_blight_00011.jpg,5c204de51e3cd8db3fca7a0ad847af84,gray_blight_00011,False,
val,Gray Blight,gray_blight_00018.jpg,8b05ebe10a2f0ce5489a47a87fe0b938,gray_blight_00018,False,
val,Gray Blight,gray_blight_00022.jpg,d104eff3d59e2422f81cef71679a1f03,gray_blight_00022,False,
val,Gray Blight,gray_blight_00029.jpg,98863b1f71b3307ba1e5b8644f8a58cd,gray_blight_00029,False,
val,Gray Blight,gray_blight_00031.jpg,bb723e0280ba08011cb066e5ca6da3f1,gray_blight_00031,False,
val,Gray Blight,gray_blight_00033.jpg,25871834746242b2ca7e82f06cda7af1,gray_blight_00033,False,
val,Gray Blight,gray_blight_00034.jpg,39d4143bd4fbd24a0b643f5e44591edb,gray_blight_00034,False,
val,Gray Blight,gray_blight_00036.jpg,eb545146aa1c5a41279924573780662e,gray_blight_00036,False,
val,Gray Blight,gray_blight_00042.jpg,6b7d320f7fed99934d56090defd9cd17,gray_blight_00042,False,
val,Gray Blight,gray_blight_00045.jpg,e461d4af96b3d22c660fdead1d135b58,gray_blight_00045,False,
val,Gray Blight,gray_blight_00050.jpg,f3f281f26a5e89d29b36178949ffcbfa,gray_blight_00050,False,
val,Gray Blight,gray_blight_00051.jpg,f624f56d5a759de9a16fc8da7b096d13,gray_blight_00051,False,
val,Gray Blight,gray_blight_00053.jpg,6a32eee8cf0fdf6859ad98e6cf5c055c,gray_blight_00053,False,
val,Gray Blight,gray_blight_00058.jpg,136c5131fa1f33895cc7ad2e5fe56053,gray_blight_00058,False,
val,Gray Blight,gray_blight_00070.jpg,4dd467c242c7c434fc9f433c63e4ec36,gray_blight_00070,False,
val,Gray Blight,gray_blight_00076.jpg,29361637279636dac7ffcf08f833505e,gray_blight_00076,False,
val,Gray Blight,gray_blight_00078.jpg,4eafc21be7d00bb2e04f313158a4a4b1,gray_blight_00078,False,
val,Gray Blight,gray_blight_00081.jpg,ecbaa9087dd0ba8580f390009d2e78b3,gray_blight_00081,False,
val,Gray Blight,gray_blight_00088.jpg,6302e7dbd11a8c6a5623cef0e7707831,gray_blight_00088,False,
val,Gray Blight,gray_blight_00109.jpg,0937425ea15f2d8eafeb2835cd9a26cc,gray_blight_00109,False,
val,Gray Blight,gray_blight_00117.jpg,dc3ba1feaec4beeaa8da224d89839698,gray_blight_00117,False,
val,Gray Blight,gray_blight_00130.jpg,a49cf6ef6b5f2062b4a0921fc131ec69,gray_blight_00130,False,
val,Gray Blight,gray_blight_00132.jpg,218525e6ae1c6645d9dab32675bd3833,gray_blight_00132,False,
val,Gray Blight,gray_blight_00135.jpg,b5c3bd905350ad52fa07ccbde1febeb7,gray_blight_00135,False,
val,Gray Blight,gray_blight_00144.jpg,7ac17f442bfdd06384c8993773c6f7eb,gray_blight_00144,False,
val,Gray Blight,gray_blight_00150.jpg,134eed55632e59723327afefb1afa935,gray_blight_00150,False,
val,Gray Blight,gray_blight_00154.jpg,dd204be632cc58dff33ba6fe95ef1e66,gray_blight_00154,False,
val,Gray Blight,gray_blight_00156.jpg,ba7715e2de79f18ccbb5f6257c0f47dc,gray_blight_00156,False,
val,Gray Blight,gray_blight_00185.jpg,3ae2e227bd01b00ed6000dfb267dc1b0,gray_blight_00185,False,
val,Gray Blight,gray_blight_00189.jpg,b52a28373548b8f292340c7356e35dcf,gray_blight_00189,False,
val,Gray Blight,gray_blight_00195.jpg,062694cc7f2320da3e0bb679d9d04d46,gray_blight_00195,False,
val,Gray Blight,gray_blight_00214.jpg,c8e88af521e153a0a24f163eef6ecd69,gray_blight_00214,False,
val,Gray Blight,gray_blight_00215.jpg,19860a0504baad9a5247549900b53bdb,gray_blight_00215,False,
val,Gray Blight,gray_blight_00230.jpg,9823b2fdc5c1c31a6998bf045823ebdd,gray_blight_00230,False,
val,Gray Blight,gray_blight_00233.jpg,f380e22d8f6ea3c8ede99c852df2dc07,gray_blight_00233,False,
val,Gray Blight,gray_blight_00254.jpg,84c00e064433fbd2b185c9bb25a40d6f,gray_blight_00254,False,
val,Gray Blight,gray_blight_00264.jpg,76beba2e2c02a8d26b5faa5af4d6ab8d,gray_blight_00264,False,
val,Gray Blight,gray_blight_00266.jpg,aeaadfd8f4fbcfa60708b95b01869f19,gray_blight_00266,False,
val,Gray Blight,gray_blight_00283.jpg,6c2a262853a2bd764bf6a65b08474b14,gray_blight_00283,False,
val,Gray Blight,gray_blight_00300.jpg,b0b46bb5ec3a04961efe56200c69312d,gray_blight_00300,False,
val,Gray Blight,gray_blight_00306.jpg,875e15b0c524e8f6a91161151da78e0d,gray_blight_00306,False,
val,Gray Blight,gray_blight_00310.jpg,a1d54090acd972381b3a24598d5f71fd,gray_blight_00310,False,
val,Gray Blight,gray_blight_00312.jpg,db3d4635375195cbb9b39354525557d9,gray_blight_00312,False,
val,Gray Blight,gray_blight_00318.jpg,bf422c21f69b0cde7257a31adc2660c0,gray_blight_00318,False,
val,Gray Blight,gray_blight_00319.jpg,4189981ad4f0510c3e227bf8f3546d23,gray_blight_00319,False,
val,Gray Blight,gray_blight_00328.jpg,4a5ae83c734928a97ac520f225a6a5e8,gray_blight_00328,False,
val,Gray Blight,gray_blight_00336.jpg,0519c349cb94178d3861fdd168d610b7,gray_blight_00336,False,
val,Gray Blight,gray_blight_00340.jpg,883e7212c96779ff3a310bb33418a1ff,gray_blight_00340,False,
val,Gray Blight,gray_blight_00341.jpg,f94637dbfeb6e2aebfbfa1fc1f6dbc08,gray_blight_00341,False,
val,Gray Blight,gray_blight_00350.jpg,3431a4304e5ba033ad26969748a966f2,gray_blight_00350,False,
val,Gray Blight,gray_blight_00355.jpg,0c8af67822b69d68909b2f687ac44bd4,gray_blight_00355,False,
val,Gray Blight,gray_blight_00358.jpg,c87314c1f70a3ab47691b5d1092b008e,gray_blight_00358,False,
val,Gray Blight,gray_blight_00362.jpg,57a417e402abada1a42f4058b72a4caf,gray_blight_00362,False,
val,Gray Blight,gray_blight_00365.jpg,b69521c9b514e6608f95b7d2222c326f,gray_blight_00365,False,
val,Gray Blight,gray_blight_00379.jpg,c1e97602830f937a71f1a16458e0914b,gray_blight_00379,False,
val,Gray Blight,gray_blight_00380.jpg,c9bb1c341194004974279993bf600b27,gray_blight_00380,False,
val,Gray Blight,gray_blight_00381.jpg,34c79ab2a25268e6079cdacb95f6f6ef,gray_blight_00381,False,
val,Gray Blight,gray_blight_00399.jpg,fe9575f7ade3e6506efe8606b6d08a5c,gray_blight_00399,False,
val,Gray Blight,gray_blight_00400.jpg,df09492506500788e8596c92dfcb2bb3,gray_blight_00400,False,
val,Gray Blight,gray_blight_00402.jpg,4ca98c1b92dba85e842bbfd9910ef7d0,gray_blight_00402,False,
val,Gray Blight,gray_blight_00420.jpg,75114b9a3393355877a809654d242f27,gray_blight_00420,False,
val,Gray Blight,gray_blight_00424.jpg,87c671a95de5b296c7a9352903b3eace,gray_blight_00424,False,
val,Gray Blight,gray_blight_00427.jpg,96e9d7ee06a85c839213718d120b4df4,gray_blight_00427,False,
val,Gray Blight,gray_blight_00439.jpg,94ea5fe00bbbc768229d1b6fbdc36846,gray_blight_00439,False,
val,Gray Blight,gray_blight_00476.jpg,873d21288356759ae62853ae475c977f,gray_blight_00476,False,
val,Gray Blight,gray_blight_00482.jpg,7690b60279f8bd70f7c6bce9e0e325e4,gray_blight_00482,False,
val,Gray Blight,gray_blight_00490.jpg,b6ce4a85c77fbe3224b4a51898a280ed,gray_blight_00490,False,
val,Gray Blight,gray_blight_00495.jpg,5d6faf20c1a87d8b9c3cf1d7d7aeddb3,gray_blight_00495,False,
val,Gray Blight,gray_blight_00513.jpg,8492ba6772810a70c12d0251abbeaf61,gray_blight_00513,False,
val,Gray Blight,gray_blight_00515.jpg,9068cff8939303a5e227a968875ddfc4,gray_blight_00515,False,
val,Gray Blight,gray_blight_00524.jpg,e2645d57ce7650fe7eef78dac319beae,gray_blight_00524,False,
val,Gray Blight,gray_blight_00525.jpg,ace4938f301c538141f28c2c0828a5e4,gray_blight_00525,False,
val,Gray Blight,gray_blight_00526.jpg,153b6d9209cc86ad9923d3190b135c81,gray_blight_00526,False,
val,Gray Blight,gray_blight_00533.jpg,9ebcebdde7467f960de2558130e8cae0,gray_blight_00533,False,
val,Gray Blight,gray_blight_00553.jpg,0850b94db8a4ce318e3c712d1b433dd1,gray_blight_00553,False,
val,Gray Blight,gray_blight_00561.jpg,aa337858b3bd84af6491edcfe790fa1f,gray_blight_00561,False,
val,Gray Blight,gray_blight_00570.jpg,9b9c7bb24d6054f8115f9494aced1f20,gray_blight_00570,False,
val,Gray Blight,gray_blight_00575.jpg,866e09935e1a12eb30c08f84f9ecba31,gray_blight_00575,False,
val,Gray Blight,gray_blight_00604.jpg,26d458a353d217c4d53b24a3ade9946f,gray_blight_00604,False,
val,Gray Blight,gray_blight_00616.jpg,5eed152eacc8f29c7274206112a502cc,gray_blight_00616,False,
val,Gray Blight,gray_blight_00617.jpg,587201d1b4fe4053f6e18feed38a3222,gray_blight_00617,False,
val,Gray Blight,gray_blight_00625.jpg,cd6cb47d1cd2aeaa8ea9d927764da7f1,gray_blight_00625,False,
val,Gray Blight,gray_blight_00638.jpg,7845649dcd114a652b0c1c5ec94d55cb,gray_blight_00638,False,
val,Gray Blight,gray_blight_00641.jpg,8ac241532b92000f4b9ac19f66343837,gray_blight_00641,False,
val,Gray Blight,gray_blight_00650.jpg,b6a9ce953e69a20efd3bfcd7a2d2b556,gray_blight_00650,False,
val,Gray Blight,gray_blight_00652.jpg,a7805b39b8686435ad27a5a38b6003e4,gray_blight_00652,False,
val,Gray Blight,gray_blight_00656.jpg,e386866d747aae884860c56e7ed71ff5,gray_blight_00656,False,
val,Gray Blight,gray_blight_00659.jpg,0c12a6362acacff3241fee2116c9654e,gray_blight_00659,False,
val,Gray Blight,gray_blight_00661.jpg,5c231ee981b786a953702275b003c901,gray_blight_00661,False,
val,Gray Blight,gray_blight_00664.jpg,85205092032f86769ec24ffb9bac1cfe,gray_blight_00664,False,
val,Gray Blight,gray_blight_00667.jpg,9d1ce46b0227c87c607477e79644acdf,gray_blight_00667,False,
val,Gray Blight,gray_blight_00668.jpg,0390f4282020431a3fd42be6f3946683,gray_blight_00668,False,
val,Gray Blight,gray_blight_00673.jpg,9c0b0cc871fbeeb870c59752a7ca9e3e,gray_blight_00673,False,
val,Gray Blight,gray_blight_00675.jpg,e03a7a40cceaf031d763576475a3a936,gray_blight_00675,False,
val,Gray Blight,gray_blight_00679.jpg,e60bd143d0bcec6b572aabc7ac8fb5a0,gray_blight_00679,False,
val,Gray Blight,gray_blight_00700.jpg,2c113d426ee0bfeb72a9844e2d71c61b,gray_blight_00700,False,
val,Gray Blight,gray_blight_00707.jpg,3f93d2fedfdfa5aa568715bff4e756f6,gray_blight_00707,False,
val,Gray Blight,gray_blight_00708.jpg,913f4ba77677c0320671af4c01314cef,gray_blight_00708,False,
val,Gray Blight,gray_blight_00713.jpg,7d4b98b049302326c3f9083cd3db7cb3,gray_blight_00713,False,
val,Gray Blight,gray_blight_00717.jpg,3f2a46fd3cc807852270f47a62ab4eef,gray_blight_00717,False,
val,Gray Blight,gray_blight_00718.jpg,1ac763d9ae3ca66367dd74d4fafb509b,gray_blight_00718,False,
val,Gray Blight,gray_blight_00721.jpg,32935b28359827407ebc4a05c598addb,gray_blight_00721,False,
val,Gray Blight,gray_blight_00722.jpg,67038cb468cf4878a3e3fe4586f8f99a,gray_blight_00722,False,
val,Gray Blight,gray_blight_00734.jpg,5ead1ee57f124e273d72774139498395,gray_blight_00734,False,
val,Gray Blight,gray_blight_00735.jpg,80e25018ccd79cbdcddab1a70ef6a8d7,gray_blight_00735,False,
val,Gray Blight,gray_blight_00740.jpg,24b800540a2ee87c52d75a6e4fb375f3,gray_blight_00740,False,
val,Gray Blight,gray_blight_00746.jpg,19c1adb7ea45cff73d95f3e26618e1cb,gray_blight_00746,False,
val,Gray Blight,gray_blight_00748.jpg,c5af4ccaae23533787c8b208035d8b43,gray_blight_00748,False,
val,Gray Blight,gray_blight_00762.jpg,946878acbbc2db8b7bc7a00ed30160b5,gray_blight_00762,False,
val,Gray Blight,gray_blight_00767.jpg,8b096aa0be2651f7e9e431a480a021fa,gray_blight_00767,False,
val,Gray Blight,gray_blight_00768.jpg,c3ea41208ed705bc232fd9c259ce769d,gray_blight_00768,False,
val,Gray Blight,gray_blight_00769.jpg,f5b81c429892b7d6c78dd5158e393715,gray_blight_00769,False,
val,Gray Blight,gray_blight_00772.jpg,180e0676ec78c93643142318801c0d83,gray_blight_00772,False,
val,Gray Blight,gray_blight_00791.jpg,02d0f89770a62000be32133de849e319,gray_blight_00791,False,
val,Gray Blight,gray_blight_00822.jpg,89e3260168c9b77e913ec94dac79158e,gray_blight_00822,False,
val,Gray Blight,gray_blight_00825.jpg,3e4407772e15a96ffdddaa6c1f07faec,gray_blight_00825,False,
val,Gray Blight,gray_blight_00833.jpg,2c32b48dd0418d6a00cc8478eb199e39,gray_blight_00833,False,
val,Gray Blight,gray_blight_00837.jpg,9942ef0114017b240899337fb8acb53c,gray_blight_00837,False,
val,Gray Blight,gray_blight_00850.jpg,d6a177df99f6cb82c4226591fa56b735,gray_blight_00850,False,
val,Gray Blight,gray_blight_00851.jpg,8a4dcd6f5a72b6de5b348f050a63d595,gray_blight_00851,False,
val,Gray Blight,gray_blight_00856.jpg,fd8bdeccb12b14809fbb9e6518d183a7,gray_blight_00856,False,
val,Gray Blight,gray_blight_00868.jpg,97c88f6da70b4fd631919c5affd9b476,gray_blight_00868,False,
val,Gray Blight,gray_blight_00880.jpg,23b9e1cb95c37c7ccc049e3bd4bf129f,gray_blight_00880,False,
val,Gray Blight,gray_blight_00886.jpg,fc1b22362dba035a991531af0775352f,gray_blight_00886,False,
val,Gray Blight,gray_blight_00891.jpg,d43696fa1d4b7a62d20dd426fce9ffd1,gray_blight_00891,False,
val,Gray Blight,gray_blight_00907.jpg,387ca824739edb5535fa4803709f1cce,gray_blight_00907,False,
val,Gray Blight,gray_blight_00909.jpg,23692043ee699bb934807667e4373c8f,gray_blight_00909,False,
val,Gray Blight,gray_blight_00916.jpg,b688294671d2f05be56e30e946f9a083,gray_blight_00916,False,
val,Gray Blight,gray_blight_00919.jpg,a9908cbcd4c1289e41d0b8de4c878c3d,gray_blight_00919,False,
val,Gray Blight,gray_blight_00922.jpg,665a4b849c213084d9b70b4148c2e912,gray_blight_00922,False,
val,Gray Blight,gray_blight_00923.jpg,83f5b166ac90395c6fef70baecc878fa,gray_blight_00923,False,
val,Gray Blight,gray_blight_00934.jpg,cdb006efb523bbbef47765d2d9e43fe6,gray_blight_00934,False,
val,Gray Blight,gray_blight_00937.jpg,ff4856c94207d36ea717cd41488128cc,gray_blight_00937,False,
val,Gray Blight,gray_blight_00951.jpg,4d6ef44421d38b435027c1db96adb236,gray_blight_00951,False,
val,Gray Blight,gray_blight_00954.jpg,1524e0fc1e9e1dd1e192fe76d34e4d49,gray_blight_00954,False,
val,Gray Blight,gray_blight_00959.jpg,1dd21b0c66e9f31044e8d451f81babe5,gray_blight_00959,False,
val,Gray Blight,gray_blight_00964.jpg,a5e37f4fd8e91225e110b122a9afbfb2,gray_blight_00964,False,
val,Gray Blight,gray_blight_00977.jpg,147b4badd03dfac5baeb8e23e75da9bb,gray_blight_00977,False,
val,Gray Blight,gray_blight_00985.jpg,0006dca56265d8a3d1ced0f5808bb2ba,gray_blight_00985,False,
val,Gray Blight,gray_blight_00989.jpg,8a5d3dd20bb2ec46fe99dccc0d6783cb,gray_blight_00989,False,
val,Gray Blight,gray_blight_00991.jpg,b1f1460ebf0fcf11265e79a149c47fea,gray_blight_00991,False,
val,Gray Blight,gray_blight_00992.jpg,93e3748902bc139a67e37de0cdb14155,gray_blight_00992,False,
val,Gray Blight,gray_blight_00997.jpg,cec5603fe7875698175777cec80a349a,gray_blight_00997,False,
val,Gray Blight,gray_blight_01001.jpg,c7468dbfbcb461c476c1fa156efa6222,gray_blight_01001,False,
val,Gray Blight,gray_blight_01004.jpg,3eeca44c42b83c1d22d3a2f1c49f5a00,gray_blight_01004,False,
val,Gray Blight,gray_blight_01007.jpg,d11123c2a66161d8f86f98f4d6981c54,gray_blight_01007,False,
val,Gray Blight,gray_blight_01008.jpg,be6d5162f9ba9659eb9bf8294fc289d4,gray_blight_01008,False,
val,Gray Blight,gray_blight_01010.jpg,a1a90a953d6fdf2f9ed8d84d3b0fcdb9,gray_blight_01010,False,
val,Green mirid bug,green_mirid_bug_00028.jpg,9d79009a761dec57542d7001876ef465,green_mirid_bug_00028,False,
val,Green mirid bug,green_mirid_bug_00031.jpg,10cf1820dbe92cdc4f30f01ab95e39fa,green_mirid_bug_00031,False,
val,Green mirid bug,green_mirid_bug_00037.jpg,bcae953b7c08327d76b5e1984de1180a,green_mirid_bug_00037,False,
val,Green mirid bug,green_mirid_bug_00038.jpg,ebd7c5bbe5a6e7d9dfc4b690bd55f7ce,green_mirid_bug_00038,False,
val,Green mirid bug,green_mirid_bug_00042.jpg,7faa908290ed98bad25fa0eea3e483ab,green_mirid_bug_00042,False,
val,Green mirid bug,green_mirid_bug_00045.jpg,3c0adf3116e088e446297ec0db81a2c9,green_mirid_bug_00045,False,
val,Green mirid bug,green_mirid_bug_00051.jpg,bc534291fc5700bd21d1819ace316de3,green_mirid_bug_00051,False,
val,Green mirid bug,green_mirid_bug_00053.jpg,bd8eb0bb6bc7cf2db5117cd0ca76dc8f,green_mirid_bug_00053,False,
val,Green mirid bug,green_mirid_bug_00063.jpg,d607521161b6f661d1262b738bae90cc,green_mirid_bug_00063,False,
val,Green mirid bug,green_mirid_bug_00065.jpg,aa3e8564540b03a4d3d507d8bb8df2eb,green_mirid_bug_00065,False,
val,Green mirid bug,green_mirid_bug_00067.jpg,eae9684bd816245e0160921370b0cdcb,green_mirid_bug_00067,False,
val,Green mirid bug,green_mirid_bug_00078.jpg,596fdbfbd98bdd8eb8a954191694dde9,green_mirid_bug_00078,False,
val,Green mirid bug,green_mirid_bug_00079.jpg,8381eb68ab72265795067745d50d8c53,green_mirid_bug_00079,False,
val,Green mirid bug,green_mirid_bug_00090.jpg,65a8164547405d767cc000cfd13af3c7,green_mirid_bug_00090,False,
val,Green mirid bug,green_mirid_bug_00123.jpg,80a53dab26c2a2a2c3165bab313b9cb6,green_mirid_bug_00123,False,
val,Green mirid bug,green_mirid_bug_00130.jpg,c2079a68bb358c37429824cb26d9680c,green_mirid_bug_00130,False,
val,Green mirid bug,green_mirid_bug_00137.jpg,dd4b77f6fc25686a7d18c51fe1873c5d,green_mirid_bug_00137,False,
val,Green mirid bug,green_mirid_bug_00156.jpg,1eeb0a8b636db4580f2226ef20d950d6,green_mirid_bug_00156,False,
val,Green mirid bug,green_mirid_bug_00170.jpg,1b4ca7e041d876b55733ec2f610bf698,green_mirid_bug_00170,False,
val,Green mirid bug,green_mirid_bug_00206.jpg,a74bb94f4a0bc562883266b1e9359b19,green_mirid_bug_00206,False,
val,Green mirid bug,green_mirid_bug_00209.jpg,5d1e5664c3444e6e99011699690307fa,green_mirid_bug_00209,False,
val,Green mirid bug,green_mirid_bug_00216.jpg,2a80e999b17e17b3688cbe787b3b6053,green_mirid_bug_00216,False,
val,Green mirid bug,green_mirid_bug_00227.jpg,a74d064491e3bebd0eb6df36f0b9d459,green_mirid_bug_00227,False,
val,Green mirid bug,green_mirid_bug_00229.jpg,3f529ff6e46abade86460e01c834ee0a,green_mirid_bug_00229,False,
val,Green mirid bug,green_mirid_bug_00238.jpg,0dad0ed898a342178869256322cf4207,green_mirid_bug_00238,False,
val,Green mirid bug,green_mirid_bug_00245.jpg,37d404e95f6a9cccf6bff405dd02a617,green_mirid_bug_00245,False,
val,Green mirid bug,green_mirid_bug_00255.jpg,9aba06cc9e0b7cf53540bd627b5b8599,green_mirid_bug_00255,False,
val,Green mirid bug,green_mirid_bug_00258.jpg,c55aafa124ba9a8bff0b44844b1b819b,green_mirid_bug_00258,False,
val,Green mirid bug,green_mirid_bug_00260.jpg,4a05a5aeccaaee03f91c464978c40af9,green_mirid_bug_00260,False,
val,Green mirid bug,green_mirid_bug_00265.jpg,f4294c4898a0fab79853951a31e732ea,green_mirid_bug_00265,False,
val,Green mirid bug,green_mirid_bug_00272.jpg,06f3f9028de79b807c7fa995c99ed7f4,green_mirid_bug_00272,False,
val,Green mirid bug,green_mirid_bug_00275.jpg,1ca748133133b3bf32ff22169f009193,green_mirid_bug_00275,False,
val,Green mirid bug,green_mirid_bug_00282.jpg,880040cc40ef97565ee80022a7d2f1b2,green_mirid_bug_00282,False,
val,Green mirid bug,green_mirid_bug_00291.jpg,658a28facb5bc34ba303cfd5c638952a,green_mirid_bug_00291,False,
val,Green mirid bug,green_mirid_bug_00292.jpg,2f1ef6f6b6a271f20f582038d8c69d52,green_mirid_bug_00292,False,
val,Green mirid bug,green_mirid_bug_00293.jpg,3fb4f8e09345ac6b502c9ab397def739,green_mirid_bug_00293,False,
val,Green mirid bug,green_mirid_bug_00294.jpg,fdf015aa2e2000803ea0a155f2f8bb95,green_mirid_bug_00294,False,
val,Green mirid bug,green_mirid_bug_00325.jpg,822096aa52ba1b846e739ad20ab99a3a,green_mirid_bug_00325,False,
val,Green mirid bug,green_mirid_bug_00328.jpg,4bd6ff9499e25f13e4741137cfea202b,green_mirid_bug_00328,False,
val,Green mirid bug,green_mirid_bug_00334.jpg,98555cb498a5fac1b119a9ba2e567f0b,green_mirid_bug_00334,False,
val,Green mirid bug,green_mirid_bug_00340.jpg,ecdcf284f05841540e337569f1608d68,green_mirid_bug_00340,False,
val,Green mirid bug,green_mirid_bug_00357.jpg,96104fd4edcdf12b42a17059de5bc532,green_mirid_bug_00357,False,
val,Green mirid bug,green_mirid_bug_00359.jpg,53d00eb5733208737ce427a36760b92d,green_mirid_bug_00359,False,
val,Green mirid bug,green_mirid_bug_00360.jpg,daca944def96fb0798cb12f5aa5348a0,green_mirid_bug_00360,False,
val,Green mirid bug,green_mirid_bug_00362.jpg,05c2fb40322895adf43cf0f7596b68dc,green_mirid_bug_00362,False,
val,Green mirid bug,green_mirid_bug_00363.jpg,1015603b5202510052c6701bba7ffe01,green_mirid_bug_00363,False,
val,Green mirid bug,green_mirid_bug_00376.jpg,12bb1d9843fde7cf53b2e9c2c9a18748,green_mirid_bug_00376,False,
val,Green mirid bug,green_mirid_bug_00384.jpg,aa3550f517c56ede78665e71568c8c38,green_mirid_bug_00384,False,
val,Green mirid bug,green_mirid_bug_00400.jpg,b3056f9dca5167e72a75d9b0c8e44717,green_mirid_bug_00400,False,
val,Green mirid bug,green_mirid_bug_00406.jpg,866414f3cd514d5bae332ea739768acd,green_mirid_bug_00406,False,
val,Green mirid bug,green_mirid_bug_00407.jpg,59d4c2090b5741987b12d23d0d43d244,green_mirid_bug_00407,False,
val,Green mirid bug,green_mirid_bug_00408.jpg,d424506b9751e7eb71ad05287ac80a92,green_mirid_bug_00408,False,
val,Green mirid bug,green_mirid_bug_00409.jpg,3ed0c0fbbd6b81531c5e9fe41f476fe8,green_mirid_bug_00409,False,
val,Green mirid bug,green_mirid_bug_00410.jpg,65f4b52b658e0b29541c1bb6dcc718d7,green_mirid_bug_00410,False,
val,Green mirid bug,green_mirid_bug_00413.jpg,59d3ffc55c0567a3c0c03db5b699d99f,green_mirid_bug_00413,False,
val,Green mirid bug,green_mirid_bug_00415.jpg,a127670d6094067737b00708bd4113e5,green_mirid_bug_00415,False,
val,Green mirid bug,green_mirid_bug_00426.jpg,eec911802963edb0361237bf353b063f,green_mirid_bug_00426,False,
val,Green mirid bug,green_mirid_bug_00427.jpg,1e70f596552ba5bc47acefb0a36fe6d5,green_mirid_bug_00427,False,
val,Green mirid bug,green_mirid_bug_00433.jpg,1eee85287fb860d447a14634507d1643,green_mirid_bug_00433,False,
val,Green mirid bug,green_mirid_bug_00434.jpg,6145de820257582f87126b9e5aa3e694,green_mirid_bug_00434,False,
val,Green mirid bug,green_mirid_bug_00436.jpg,2a4454d10ba4cae22b2fe2d6a7c6700b,green_mirid_bug_00436,False,
val,Green mirid bug,green_mirid_bug_00438.jpg,64611f16865ad0676669edfd6a1e7794,green_mirid_bug_00438,False,
val,Green mirid bug,green_mirid_bug_00445.jpg,8bbdb9d1416e6c881370a9fc6f1a04c7,green_mirid_bug_00445,False,
val,Green mirid bug,green_mirid_bug_00455.jpg,76eb8350ea65b89d8a5f8b088565ae00,green_mirid_bug_00455,False,
val,Green mirid bug,green_mirid_bug_00460.jpg,f839959479f87fcb1fd0bc47830755c9,green_mirid_bug_00460,False,
val,Green mirid bug,green_mirid_bug_00480.jpg,4e35dd54a321f32666a2bd848ae615e8,green_mirid_bug_00480,False,
val,Green mirid bug,green_mirid_bug_00483.jpg,f86aa811159baed2c325871318ec1fcc,green_mirid_bug_00483,False,
val,Green mirid bug,green_mirid_bug_00489.jpg,a031cc03cd2f71d4e9b0ff1878784de1,green_mirid_bug_00489,False,
val,Green mirid bug,green_mirid_bug_00490.jpg,671a637b4f523a75cfa27eeabd02c02a,green_mirid_bug_00490,False,
val,Green mirid bug,green_mirid_bug_00497.jpg,01fce6344b6bfdb848c84cc6a3fda2d2,green_mirid_bug_00497,False,
val,Green mirid bug,green_mirid_bug_00510.jpg,c3ce78f8ace18e2aa8a9ef44d65579d8,green_mirid_bug_00510,False,
val,Green mirid bug,green_mirid_bug_00520.jpg,dc005a04a28e56d077d852ab793ff255,green_mirid_bug_00520,False,
val,Green mirid bug,green_mirid_bug_00526.jpg,cad41dc56433fe0e7d8abdf0830e17bc,green_mirid_bug_00526,False,
val,Green mirid bug,green_mirid_bug_00528.jpg,d96341ccc247f0c2f306017546d30998,green_mirid_bug_00528,False,
val,Green mirid bug,green_mirid_bug_00549.jpg,27837be9e7f9dc9097a7898bd6deeb39,green_mirid_bug_00549,False,
val,Green mirid bug,green_mirid_bug_00552.jpg,6bfd84770be1566e2d3f9a06ed292cb3,green_mirid_bug_00552,False,
val,Green mirid bug,green_mirid_bug_00561.jpg,0704a615e9b7ace8d47f0790d7713c2d,green_mirid_bug_00561,False,
val,Green mirid bug,green_mirid_bug_00566.jpg,e3212fc92d1bf3479c1324b680015f3c,green_mirid_bug_00566,False,
val,Green mirid bug,green_mirid_bug_00567.jpg,452ff25475959dff6511f2c27a7e3875,green_mirid_bug_00567,False,
val,Green mirid bug,green_mirid_bug_00587.jpg,6a0f8a3fcfd70b3ddd5d4d07ea55a216,green_mirid_bug_00587,False,
val,Green mirid bug,green_mirid_bug_00597.jpg,38065e9c9c87ed40ec9aa01ac2443ea1,green_mirid_bug_00597,False,
val,Green mirid bug,green_mirid_bug_00607.jpg,6c6c07a074834a13490aa88133fce1e8,green_mirid_bug_00607,False,
val,Green mirid bug,green_mirid_bug_00609.jpg,c3060a25ec58bba698cb37ab0f96c875,green_mirid_bug_00609,False,
val,Green mirid bug,green_mirid_bug_00611.jpg,a207d2a8a8d308f730019dba6d595dc6,green_mirid_bug_00611,False,
val,Green mirid bug,green_mirid_bug_00612.jpg,12d50bbe4c09e2ce09d3adc6aae1aa0b,green_mirid_bug_00612,False,
val,Green mirid bug,green_mirid_bug_00624.jpg,fd6b2b1dfe1b0f35cf76235c5e6e0de9,green_mirid_bug_00624,False,
val,Green mirid bug,green_mirid_bug_00636.jpg,35a1f746565d0c5d01f556c3c7a7299e,green_mirid_bug_00636,False,
val,Green mirid bug,green_mirid_bug_00640.jpg,dfea98aaef6cf53d2bf0528bd0833eb2,green_mirid_bug_00640,False,
val,Green mirid bug,green_mirid_bug_00644.jpg,30a43ee37f96defa426488c3fa72b455,green_mirid_bug_00644,False,
val,Green mirid bug,green_mirid_bug_00657.jpg,4e9e64d1828c627e70456ead3f545323,green_mirid_bug_00657,False,
val,Green mirid bug,green_mirid_bug_00664.jpg,85e8c951bc83a74ad107f8a10c255982,green_mirid_bug_00664,False,
val,Green mirid bug,green_mirid_bug_00669.jpg,6f573bfaecc6a624fc4ce64643b1ae1c,green_mirid_bug_00669,False,
val,Green mirid bug,green_mirid_bug_00682.jpg,db4e9c0ebb18309904415846484e17cf,green_mirid_bug_00682,False,
val,Green mirid bug,green_mirid_bug_00684.jpg,20119709bc68d07822df2325bec4a88f,green_mirid_bug_00684,False,
val,Green mirid bug,green_mirid_bug_00687.jpg,99557c6e4bf90c4a8ef6b6afd8d5e499,green_mirid_bug_00687,False,
val,Green mirid bug,green_mirid_bug_00706.jpg,2bdd5f7fdf8486d57a42b91963883c30,green_mirid_bug_00706,False,
val,Green mirid bug,green_mirid_bug_00709.jpg,c57125085f62352be26a3f9f430c2e45,green_mirid_bug_00709,False,
val,Green mirid bug,green_mirid_bug_00714.jpg,ab959f405fdbb05021103be90fe14110,green_mirid_bug_00714,False,
val,Green mirid bug,green_mirid_bug_00728.jpg,8c433d32be5225f795610a028f1aebbc,green_mirid_bug_00728,False,
val,Green mirid bug,green_mirid_bug_00729.jpg,04c6eb8b13fb16081f1b4799b843dc64,green_mirid_bug_00729,False,
val,Green mirid bug,green_mirid_bug_00735.jpg,f862c192492ab8dd35a1332aec09515c,green_mirid_bug_00735,False,
val,Green mirid bug,green_mirid_bug_00737.jpg,a018db943a0d7880112fa69d92bc53ae,green_mirid_bug_00737,False,
val,Green mirid bug,green_mirid_bug_00738.jpg,19b1cc7e6ee410c0ac37b5412e1c86af,green_mirid_bug_00738,False,
val,Green mirid bug,green_mirid_bug_00743.jpg,6599fc67350003fedae7677eeb532419,green_mirid_bug_00743,False,
val,Green mirid bug,green_mirid_bug_00750.jpg,7b1df1c8d6e585c0491a094ffbf1b9c6,green_mirid_bug_00750,False,
val,Green mirid bug,green_mirid_bug_00755.jpg,78352c666e09aea28906d92f46b074fc,green_mirid_bug_00755,False,
val,Green mirid bug,green_mirid_bug_00756.jpg,381221dcb251aad69589a57ecfe4ec95,green_mirid_bug_00756,False,
val,Green mirid bug,green_mirid_bug_00781.jpg,0fe096e839e008cc86a0e5eca6843169,green_mirid_bug_00781,False,
val,Green mirid bug,green_mirid_bug_00786.jpg,89665cd555b9a2655e002c9441336dd6,green_mirid_bug_00786,False,
val,Green mirid bug,green_mirid_bug_00796.jpg,b9bcf708b92b6f92f52e54942335d2bb,green_mirid_bug_00796,False,
val,Green mirid bug,green_mirid_bug_00798.jpg,dca9f1da0016b930298016604d0a87b3,green_mirid_bug_00798,False,
val,Green mirid bug,green_mirid_bug_00799.jpg,41c91ffb4dc4d4d71e01f5bcd9cabf85,green_mirid_bug_00799,False,
val,Green mirid bug,green_mirid_bug_00801.jpg,d9c5aafdc9a7effa184fa3b08967fba9,green_mirid_bug_00801,False,
val,Green mirid bug,green_mirid_bug_00802.jpg,5e722dee0961bdea077ece4ed883410b,green_mirid_bug_00802,False,
val,Green mirid bug,green_mirid_bug_00803.jpg,61c5eb803a763a927182ea87bc3422ac,green_mirid_bug_00803,False,
val,Green mirid bug,green_mirid_bug_00805.jpg,6b7f8796693a30047e1fefbb68c7cea3,green_mirid_bug_00805,False,
val,Green mirid bug,green_mirid_bug_00812.jpg,67767be38578f9d663d89c430a72ed74,green_mirid_bug_00812,False,
val,Green mirid bug,green_mirid_bug_00823.jpg,f8e32d3032022a0876b761ab180e99c6,green_mirid_bug_00823,False,
val,Green mirid bug,green_mirid_bug_00826.jpg,15d0d824eb9c132a520d2522311917ef,green_mirid_bug_00826,False,
val,Green mirid bug,green_mirid_bug_00829.jpg,7591d894b207330b35eea9074457c382,green_mirid_bug_00829,False,
val,Green mirid bug,green_mirid_bug_00837.jpg,0bb20b5f91accdb02323334b9d0d82d2,green_mirid_bug_00837,False,
val,Green mirid bug,green_mirid_bug_00848.jpg,cc3100d68909ef3a9c7fe612addaeaac,green_mirid_bug_00848,False,
val,Green mirid bug,green_mirid_bug_00871.jpg,6572b4140a4dfbded2ef514095677a3c,green_mirid_bug_00871,False,
val,Green mirid bug,green_mirid_bug_00878.jpg,e4af60f404b0da1efef628b259292012,green_mirid_bug_00878,False,
val,Green mirid bug,green_mirid_bug_00891.jpg,60617396a2cd662fb75068cae45fba18,green_mirid_bug_00891,False,
val,Green mirid bug,green_mirid_bug_00892.jpg,e0652b695cf63d29566aebcef4dc1299,green_mirid_bug_00892,False,
val,Green mirid bug,green_mirid_bug_00893.jpg,695503ba6f1ee84f0975bf5c621a88ad,green_mirid_bug_00893,False,
val,Green mirid bug,green_mirid_bug_00906.jpg,25f5224c03b4f5801f810387bffcff86,green_mirid_bug_00906,False,
val,Green mirid bug,green_mirid_bug_00908.jpg,8b1936f7dd110cca4f85fa843a400d3d,green_mirid_bug_00908,False,
val,Green mirid bug,green_mirid_bug_00909.jpg,80e05a890e1d1f8036fa5e4e2569f8c7,green_mirid_bug_00909,False,
val,Green mirid bug,green_mirid_bug_00913.jpg,cc2859f9294e05f0b946edfcce5f0286,green_mirid_bug_00913,False,
val,Green mirid bug,green_mirid_bug_00916.jpg,918d1ad0d78c806cfd483a867311d337,green_mirid_bug_00916,False,
val,Green mirid bug,green_mirid_bug_00920.jpg,01651c47e5a5a5d4d50f5162a5b51d7b,green_mirid_bug_00920,False,
val,Green mirid bug,green_mirid_bug_00928.jpg,30c2a91184bff129a5001d37e31883d5,green_mirid_bug_00928,False,
val,Green mirid bug,green_mirid_bug_00937.jpg,735f27168cb6f495597bd1c7af0aeaa9,green_mirid_bug_00937,False,
val,Green mirid bug,green_mirid_bug_00954.jpg,1cf5c311cd1177ff976e2cc45a229da9,green_mirid_bug_00954,False,
val,Green mirid bug,green_mirid_bug_00956.jpg,4337a747181e05925c53b2d313fab106,green_mirid_bug_00956,False,
val,Green mirid bug,green_mirid_bug_00957.jpg,ff7cb8a8b6c0031b42532b8aa44fbb96,green_mirid_bug_00957,False,
val,Green mirid bug,green_mirid_bug_00982.jpg,370b4466851bc9c80d70d44d3ffe633e,green_mirid_bug_00982,False,
val,Green mirid bug,green_mirid_bug_00983.jpg,fea22f46f595b4bdad221adb505dbdc2,green_mirid_bug_00983,False,
val,Green mirid bug,green_mirid_bug_00990.jpg,0b56811800f57fe0f42dbac6b2da22e4,green_mirid_bug_00990,False,
val,Green mirid bug,green_mirid_bug_00992.jpg,aef061584ee5ed4b600d16834a1b33ba,green_mirid_bug_00992,False,
val,Green mirid bug,green_mirid_bug_01023.jpg,d1dc5c5b9e55d8417e2da90bcaf7ac4c,green_mirid_bug_01023,False,
val,Green mirid bug,green_mirid_bug_01031.jpg,5a1c7d3d6a9b09795ee7414fedc86fa5,green_mirid_bug_01031,False,
val,Green mirid bug,green_mirid_bug_01032.jpg,8963f4b3edda7c492f5a464c2853cba6,green_mirid_bug_01032,False,
val,Green mirid bug,green_mirid_bug_01033.jpg,d9c8728e825f63cd856021add8f0d8e7,green_mirid_bug_01033,False,
val,Green mirid bug,green_mirid_bug_01044.jpg,0c06cb6945c3cea4d9e328fc1726c325,green_mirid_bug_01044,False,
val,Green mirid bug,green_mirid_bug_01051.jpg,29291488583205f1d1d1fdc9456d6d27,green_mirid_bug_01051,False,
val,Green mirid bug,green_mirid_bug_01058.jpg,a7c45fa8dc3fd47f4ea3f452d69d80a4,green_mirid_bug_01058,False,
val,Green mirid bug,green_mirid_bug_01059.jpg,f497f684564e02a7eb06b281630d04e1,green_mirid_bug_01059,False,
val,Green mirid bug,green_mirid_bug_01061.jpg,55859116a7e0cf9176d8e0ff9e4dd943,green_mirid_bug_01061,False,
val,Green mirid bug,green_mirid_bug_01063.jpg,4f2bf700edb371a8313e8817729f576d,green_mirid_bug_01063,False,
val,Green mirid bug,green_mirid_bug_01075.jpg,7eadb0bffd333097a59d463d4c43215a,green_mirid_bug_01075,False,
val,Green mirid bug,green_mirid_bug_01078.jpg,3bda86dbfac18b16bae6ca11a0e2f7e0,green_mirid_bug_01078,False,
val,Green mirid bug,green_mirid_bug_01079.jpg,6b560c1061955b7bc3e4f377ad30197b,green_mirid_bug_01079,False,
val,Green mirid bug,green_mirid_bug_01091.jpg,80ae2c6bb56de7e25d67a75f0ff2f613,green_mirid_bug_01091,False,
val,Green mirid bug,green_mirid_bug_01107.jpg,d86ace1174020ff0f95a3dac88b0c2a3,green_mirid_bug_01107,False,
val,Green mirid bug,green_mirid_bug_01110.jpg,bc96491b635f7c1806e2195176efb664,green_mirid_bug_01110,False,
val,Green mirid bug,green_mirid_bug_01112.jpg,66c13f2660ba02e1b75d9a9d63f7ac83,green_mirid_bug_01112,False,
val,Green mirid bug,green_mirid_bug_01114.jpg,d16e6611a1e3d34ddb0fff98e8991d99,green_mirid_bug_01114,False,
val,Green mirid bug,green_mirid_bug_01116.jpg,9f171dc2ef26a548c51253919cc6b17c,green_mirid_bug_01116,False,
val,Green mirid bug,green_mirid_bug_01129.jpg,0e28078ceafea4850c374784c4ba6561,green_mirid_bug_01129,False,
val,Green mirid bug,green_mirid_bug_01132.jpg,10b2f622916a720c1aa5a29c6590556a,green_mirid_bug_01132,False,
val,Green mirid bug,green_mirid_bug_01162.jpg,308a1729641f271a6484eb4ad4dddae2,green_mirid_bug_01162,False,
val,Green mirid bug,green_mirid_bug_01166.jpg,32fb5b2b61e32c4097253559496043b5,green_mirid_bug_01166,False,
val,Green mirid bug,green_mirid_bug_01168.jpg,4a6066fd7b82cb209bfb69ae0efb5403,green_mirid_bug_01168,False,
val,Green mirid bug,green_mirid_bug_01189.jpg,0d9f776e4c13b54552803ba9e7e72f25,green_mirid_bug_01189,False,
val,Green mirid bug,green_mirid_bug_01193.jpg,b04d8a66db7509a3cd449452a220ee50,green_mirid_bug_01193,False,
val,Green mirid bug,green_mirid_bug_01201.jpg,83785ea63c9274cccad0191401d69b96,green_mirid_bug_01201,False,
val,Green mirid bug,green_mirid_bug_01205.jpg,17b7f975f1c85ed5b74b1a458d7ef848,green_mirid_bug_01205,False,
val,Green mirid bug,green_mirid_bug_01207.jpg,6de5adb6ec6d986f927e272681255cff,green_mirid_bug_01207,False,
val,Green mirid bug,green_mirid_bug_01209.jpg,718a9b0c6b2b5b940412cb88ea546ad0,green_mirid_bug_01209,False,
val,Green mirid bug,green_mirid_bug_01213.jpg,fdb7ec3d86c7fe45ddb3f4edd20a3c97,green_mirid_bug_01213,False,
val,Green mirid bug,green_mirid_bug_01214.jpg,bbe237e1b0b8c8bf55241cc166f6c7a8,green_mirid_bug_01214,False,
val,Green mirid bug,green_mirid_bug_01219.jpg,c37c0ca7a38e6814fefd34eeb473a0a7,green_mirid_bug_01219,False,
val,Green mirid bug,green_mirid_bug_01222.jpg,e50ea5d60c507b2af15c2c9313386ffe,green_mirid_bug_01222,False,
val,Green mirid bug,green_mirid_bug_01234.jpg,4f4ebf96d0ddcba554b1229181bbe270,green_mirid_bug_01234,False,
val,Green mirid bug,green_mirid_bug_01236.jpg,fae06d3107565667d51192687bda2a17,green_mirid_bug_01236,False,
val,Green mirid bug,green_mirid_bug_01258.jpg,052579f6725257f2d694581d4f08633f,green_mirid_bug_01258,False,
val,Green mirid bug,green_mirid_bug_01261.jpg,6303249fa36feb82d9b1e643b9a919d4,green_mirid_bug_01261,False,
val,Green mirid bug,green_mirid_bug_01262.jpg,cf4dc5079f7e023be3ca4c43678ac1a8,green_mirid_bug_01262,False,
val,Green mirid bug,green_mirid_bug_01266.jpg,5ae7a9679e7b520153e2fb76d4114e34,green_mirid_bug_01266,False,
val,Green mirid bug,green_mirid_bug_01269.jpg,6f5cd0b48055e70e26e7bfaa358b849c,green_mirid_bug_01269,False,
val,Green mirid bug,green_mirid_bug_01271.jpg,a4848ce180737cb6c61ca19b3608a612,green_mirid_bug_01271,False,
val,Green mirid bug,green_mirid_bug_01282.jpg,f446d3ce18dea22f7fcaf6dd8835b360,green_mirid_bug_01282,False,
val,Healthy leaf,UNADJUSTEDNONRAW_thumb_20b.jpg,154396e385f0a705121c11fb432311b0,UNADJUSTEDNONRAW_thumb_20b,False,
val,Healthy leaf,UNADJUSTEDNONRAW_thumb_222.jpg,29a9894b0db0790d99da59bca945b112,UNADJUSTEDNONRAW_thumb_222,False,
val,Healthy leaf,UNADJUSTEDNONRAW_thumb_240.jpg,e0a72f1716f2cf1bf6dfc3b36516fe41,UNADJUSTEDNONRAW_thumb_240,False,
val,Healthy leaf,UNADJUSTEDNONRAW_thumb_246.jpg,906c993ceb337f3083a89da6ff47f04a,UNADJUSTEDNONRAW_thumb_246,False,
val,Healthy leaf,UNADJUSTEDNONRAW_thumb_24f.jpg,35fd8d935b61385d7ce88e145e178baf,UNADJUSTEDNONRAW_thumb_24f,False,
val,Healthy leaf,healthy_00003.jpg,2f91e64116ac1c043520bf143dc5299a,healthy_00003,False,
val,Healthy leaf,healthy_00034.jpg,02c5ca0f3d77671f8cfd99366e7380a5,healthy_00034,False,
val,Healthy leaf,healthy_00049.jpg,4b54bbc229008e3757069cd4f8dc07ce,healthy_00049,False,
val,Healthy leaf,healthy_00055.jpg,0cbaa1518c9a2eb0951b2c35071cfb5d,healthy_00055,False,
val,Healthy leaf,healthy_00073.jpg,5be9afa1c871db17cb2bff6e1ee614b8,healthy_00073,False,
val,Healthy leaf,healthy_00078.jpg,36fbc7bd0378c11385c01ba65e8768f8,healthy_00078,False,
val,Healthy leaf,healthy_00085.jpg,3d50aba558dc63a3dd9876ccc77b55c3,healthy_00085,False,
val,Healthy leaf,healthy_00091.jpg,22469a664353955d3db1ccd73c681344,healthy_00091,False,
val,Healthy leaf,healthy_00092.jpg,eb785ec59e2219499d4100ada53d805b,healthy_00092,False,
val,Healthy leaf,healthy_00116.jpg,5f6d3f17aadee96c0abbf1d8251fc5af,healthy_00116,False,
val,Healthy leaf,healthy_00118.jpg,19459dc618fc20a25d8be97957870217,healthy_00118,False,
val,Healthy leaf,healthy_00119.jpg,ca652b694cfbbb87f0e6ef49723ed6d4,healthy_00119,False,
val,Healthy leaf,healthy_00132.jpg,bbc603cf3a295f594e1d380a38357418,healthy_00132,False,
val,Healthy leaf,healthy_00136.jpg,dd736acec4721669cd7779c12d0e5efb,healthy_00136,False,
val,Healthy leaf,healthy_00139.jpg,ddf69ae6edc957192af57e36d254996f,healthy_00139,False,
val,Healthy leaf,healthy_00146.jpg,35b177fbe9e0c7bd67347fb0ec76cadd,healthy_00146,False,
val,Healthy leaf,healthy_00148.jpg,5175758f0c177a4001be6f48672de6f6,healthy_00148,False,
val,Healthy leaf,healthy_00150.jpg,4ad9d015dd627240ccd1598e10851029,healthy_00150,False,
val,Healthy leaf,healthy_00155.jpg,a6b886b3ba5887675dbe16fb66ee4c97,healthy_00155,False,
val,Healthy leaf,healthy_00163.jpg,21ad32ac195a0575f3adcce697d7d369,healthy_00163,False,
val,Healthy leaf,healthy_00164.jpg,f9ddda2b7ba61d7dedc22241e37986ff,healthy_00164,False,
val,Healthy leaf,healthy_00172.jpg,ac93a5c14163384a3f4859bd92ccdd10,healthy_00172,False,
val,Healthy leaf,healthy_00177.jpg,c5aeecaa3398347c783647c24c8b3bc8,healthy_00177,False,
val,Healthy leaf,healthy_00182.jpg,5d0b8e18dfff5fec985952d1e08c01a3,healthy_00182,False,
val,Healthy leaf,healthy_00187.jpg,a36bf83e897ab47a4ba259e2b95d6a6f,healthy_00187,False,
val,Healthy leaf,healthy_00188.jpg,0cc391b308414bccf80d7e48b7bb618a,healthy_00188,False,
val,Healthy leaf,healthy_00191.jpg,d6650a8d0c55476716cfb96b34ffc423,healthy_00191,False,
val,Healthy leaf,healthy_00196.jpg,d00f6ec363d323e1c4cb5fccd5db21e6,healthy_00196,False,
val,Healthy leaf,healthy_00206.jpg,9db06bc8bf327cbcd871d9b1c25a0aaf,healthy_00206,False,
val,Healthy leaf,healthy_00209.jpg,065eb7b374e7cb85e2eadbd709ea1521,healthy_00209,False,
val,Healthy leaf,healthy_00210.jpg,1a8e56520c934cfa3079935b66587cc4,healthy_00210,False,
val,Healthy leaf,healthy_00220.jpg,5819649a4e56b153816feea254c44ed9,healthy_00220,False,
val,Healthy leaf,healthy_00226.jpg,7e264808f54cc16869cdf39cbc196c11,healthy_00226,False,
val,Healthy leaf,healthy_00228.jpg,a3ef9671583cd42694eadac8ad124a3f,healthy_00228,False,
val,Healthy leaf,healthy_00232.jpg,9a9bd0b33ed2c62b01d1e6cdcdccd482,healthy_00232,False,
val,Healthy leaf,healthy_00233.jpg,15bb23da15ea9cfa02614e7c143fad6a,healthy_00233,False,
val,Healthy leaf,healthy_00240.jpg,520fbad0c8078ab86aef731120fb8247,healthy_00240,False,
val,Healthy leaf,healthy_00246.jpg,cb957bbb491f95827d9654020bf2a9e5,healthy_00246,False,
val,Healthy leaf,healthy_00267.jpg,9aeb1f0d839132616eac5c5784328462,healthy_00267,False,
val,Healthy leaf,healthy_00274.jpg,127834b53ce5509f793e68af6419004c,healthy_00274,False,
val,Healthy leaf,healthy_00275.jpg,9d3017161d5d3c1ab0845a2814c23cfa,healthy_00275,False,
val,Healthy leaf,healthy_00276.jpg,ae98218a73e851733dd79880767e00c6,healthy_00276,False,
val,Healthy leaf,healthy_00281.jpg,3bb9b28fb426389c33421aa3308d0ac5,healthy_00281,False,
val,Healthy leaf,healthy_00289.jpg,ba0689b2cda3368eb9ddbdc48cb91721,healthy_00289,False,
val,Healthy leaf,healthy_00306.jpg,90bbbc937f4536b5351e4eb51f6f8042,healthy_00306,False,
val,Healthy leaf,healthy_00310.jpg,7149195ee3edac3367de666b9a024981,healthy_00310,False,
val,Healthy leaf,healthy_00313.jpg,1ca73f05a8534b10f321df8da22ec3a7,healthy_00313,False,
val,Healthy leaf,healthy_00314.jpg,8530f69ce541b98996a97df7367c4168,healthy_00314,False,
val,Healthy leaf,healthy_00316.jpg,a77ca54e2a760de940a2db57a2e10d47,healthy_00316,False,
val,Healthy leaf,healthy_00329.jpg,1517bd1b7125bc94f670c0dde212e47c,healthy_00329,False,
val,Healthy leaf,healthy_00334.jpg,cbbfb6fc5bbb18edaf7259d8042db0b5,healthy_00334,False,
val,Healthy leaf,healthy_00366.jpg,4f98a6a6dc94b289ebc8a3551e2b4a35,healthy_00366,False,
val,Healthy leaf,healthy_00375.jpg,9dad262009da08761a541d7fbfcb8fae,healthy_00375,False,
val,Healthy leaf,healthy_00390.jpg,aec210d51554644d8d1f3d729c6c3756,healthy_00390,False,
val,Healthy leaf,healthy_00395.jpg,3d7d7385bef60b835a7ee4c5f316c149,healthy_00395,False,
val,Healthy leaf,healthy_00398.jpg,5a75942d660b0140c02f9d024ccae1a1,healthy_00398,False,
val,Healthy leaf,healthy_00407.jpg,1ba6d376570b037084824a4d38dd0682,healthy_00407,False,
val,Healthy leaf,healthy_00415.jpg,5474d81ff17f6886375f102fcc0342f3,healthy_00415,False,
val,Healthy leaf,healthy_00418.jpg,4a848e38d37099b9087795a1fe355898,healthy_00418,False,
val,Healthy leaf,healthy_00422.jpg,8e3c4d2f56a5e1ae71622743e0bbe6c5,healthy_00422,False,
val,Healthy leaf,healthy_00423.jpg,b264f45f4a97b6c53435f6216d5409ec,healthy_00423,False,
val,Healthy leaf,healthy_00427.jpg,0708028347c06d4fd31f4af02b2b4812,healthy_00427,False,
val,Healthy leaf,healthy_00435.jpg,114f06d97ecd2b71aa0878c476f43cc7,healthy_00435,False,
val,Healthy leaf,healthy_00438.jpg,5c8052e64b0a11310824a9ef45ce03c9,healthy_00438,False,
val,Healthy leaf,healthy_00446.jpg,ecb7599005b18d6d2e1ecc2fc7383083,healthy_00446,False,
val,Healthy leaf,healthy_00450.jpg,b31e0f32268328f7090d9c15d4e9e821,healthy_00450,False,
val,Healthy leaf,healthy_00453.jpg,1efddd99fa44acb9bbcb808ba370ef0b,healthy_00453,False,
val,Healthy leaf,healthy_00457.jpg,09b7635438aab0a551fb86e9218381ed,healthy_00457,False,
val,Healthy leaf,healthy_00458.jpg,9e49b241f5997001d1a203add79ecf8f,healthy_00458,False,
val,Healthy leaf,healthy_00460.jpg,282ec1dfe855df500cc51ed4337e51ba,healthy_00460,False,
val,Healthy leaf,healthy_00463.jpg,15cb296843efcd5e05bffa070841b7ec,healthy_00463,False,
val,Healthy leaf,healthy_00466.jpg,13270c127620cbb92ef3d708d68e8fcc,healthy_00466,False,
val,Healthy leaf,healthy_00472.jpg,6fb43b307a374d519b6b9a0517097754,healthy_00472,False,
val,Healthy leaf,healthy_00476.jpg,887f38b83b5bf52470cdfe6d7b82872d,healthy_00476,False,
val,Healthy leaf,healthy_00491.jpg,e8edc901d5783f0ad39631850697b97a,healthy_00491,False,
val,Healthy leaf,healthy_00515.jpg,24daba4f86d21a315c3cd09063f7bad1,healthy_00515,False,
val,Healthy leaf,healthy_00516.jpg,bea70a177dce389e9c9e244283d1a06f,healthy_00516,False,
val,Healthy leaf,healthy_00522.jpg,17673e79d16a7a23cfd2679d5d6d7962,healthy_00522,False,
val,Healthy leaf,healthy_00527.jpg,948f6e9df86fcf622eeeb86567a44806,healthy_00527,False,
val,Healthy leaf,healthy_00532.jpg,98d4db6d50e1a335b170d6b65ddea9ca,healthy_00532,False,
val,Healthy leaf,healthy_00539.jpg,4be2a574574ca9ec7796522c583b8a4a,healthy_00539,False,
val,Healthy leaf,healthy_00543.jpg,265ee983a4929c10a902a6d523ee0f27,healthy_00543,False,
val,Healthy leaf,healthy_00545.jpg,ab5da095c9fec478f8843601b3ab13cd,healthy_00545,False,
val,Healthy leaf,healthy_00550.jpg,3fd47faee7a770beb050a67b81f0daa6,healthy_00550,False,
val,Healthy leaf,healthy_00553.jpg,a4cad85aaf23f1d43cf78d9070afcb91,healthy_00553,False,
val,Healthy leaf,healthy_00566.jpg,12f4139baaa419f3ea9a597d4da9272f,healthy_00566,False,
val,Healthy leaf,healthy_00568.jpg,5ceed44b4de9d7b6c58b32960a3fce5e,healthy_00568,False,
val,Healthy leaf,healthy_00572.jpg,3866ee605c4c2048b7133230f0373afd,healthy_00572,False,
val,Healthy leaf,healthy_00592.jpg,822a82443f7001e49ec10917c4029ce3,healthy_00592,False,
val,Healthy leaf,healthy_00599.jpg,97c3a5af06ad076f2553e7e72ceecd0d,healthy_00599,False,
val,Healthy leaf,healthy_00602.jpg,998c9a515dff162620ef9193c454e1ca,healthy_00602,False,
val,Healthy leaf,healthy_00610.jpg,3ecd1b8e24dd1e964693473f6f9afe21,healthy_00610,False,
val,Healthy leaf,healthy_00612.jpg,b96040dfb400fb0e377bd1e0c9517442,healthy_00612,False,
val,Healthy leaf,healthy_00615.jpg,ab7521317604adb4d96aab8e8681cd9a,healthy_00615,False,
val,Healthy leaf,healthy_00618.jpg,e073d127e0910646b4d0c773c6d94298,healthy_00618,False,
val,Healthy leaf,healthy_00624.jpg,54f22e002c8cfb0e654ecfef8c35cb2e,healthy_00624,False,
val,Healthy leaf,healthy_00638.jpg,09eaf673519a68ebfaa765f1490b1131,healthy_00638,False,
val,Healthy leaf,healthy_00641.jpg,c15c10bc443ee643be4a7ffc1f444345,healthy_00641,False,
val,Healthy leaf,healthy_00642.jpg,9a8e1644da898b30e6f808e6f9327685,healthy_00642,False,
val,Healthy leaf,healthy_00643.jpg,c48d0fac688a01728ad9d8666e68a6f3,healthy_00643,False,
val,Healthy leaf,healthy_00645.jpg,bef4e83fff09d3a75b7ec80cc47e009f,healthy_00645,False,
val,Healthy leaf,healthy_00646.jpg,a66e6e35a4d20431533d2a94e7c9f148,healthy_00646,False,
val,Healthy leaf,healthy_00654.jpg,e3f9d632127d8c2a6a2d6f90e6764244,healthy_00654,False,
val,Healthy leaf,healthy_00662.jpg,ef34722f19317faf4ddc2dd77aba309c,healthy_00662,False,
val,Healthy leaf,healthy_00664.jpg,19897b504bb0e27fe8f4690e965fa4f8,healthy_00664,False,
val,Healthy leaf,healthy_00669.jpg,4fee0455f19fba7d7086877261f50df7,healthy_00669,False,
val,Healthy leaf,healthy_00673.jpg,8d653fb54db364c9cca944f3f980d25f,healthy_00673,False,
val,Healthy leaf,healthy_00674.jpg,629be029aecdb60522d739a1bcf415a9,healthy_00674,False,
val,Healthy leaf,healthy_00676.jpg,3fe492fdce2c1c5ff59774b9c07abde0,healthy_00676,False,
val,Healthy leaf,healthy_00677.jpg,cde46d77022eb1cb9c9d3169b274fb4f,healthy_00677,False,
val,Healthy leaf,healthy_00683.jpg,5660e77c31f3b0e7a414621fc5a33e91,healthy_00683,False,
val,Healthy leaf,healthy_00684.jpg,d188faa689ec0b274bfea25b3dc62f13,healthy_00684,False,
val,Healthy leaf,healthy_00687.jpg,4ce1dcaf7800b9d48a582222a6121f5d,healthy_00687,False,
val,Healthy leaf,healthy_00693.jpg,4f6d5a05e712c005420e79233e62edcc,healthy_00693,False,
val,Healthy leaf,healthy_00699.jpg,257a22d0d81fed9895d351d82fa10a2d,healthy_00699,False,
val,Healthy leaf,healthy_00714.jpg,d1fd0bd1d95b97f93579b41047a74003,healthy_00714,False,
val,Healthy leaf,healthy_00716.jpg,e51ee0757a24f5a69f252c2f308f9429,healthy_00716,False,
val,Healthy leaf,healthy_00725.jpg,02ed418ee91df990ce526d02c802e4a8,healthy_00725,False,
val,Healthy leaf,healthy_00728.jpg,dc998fabad55d5381b28bd0ac0572957,healthy_00728,False,
val,Healthy leaf,healthy_00730.jpg,c8c1d4857bbde220191723320d8fa018,healthy_00730,False,
val,Healthy leaf,healthy_00745.jpg,c3bc3b388166d30389abc425428ea0b7,healthy_00745,False,
val,Healthy leaf,healthy_00746.jpg,942e790d3133309c409455fee171b34d,healthy_00746,False,
val,Healthy leaf,healthy_00764.jpg,51e36a1acd1f972c7418a056e9111cd3,healthy_00764,False,
val,Healthy leaf,healthy_00768.jpg,1ca51cfb494ce5eb12d34fedcdf92a47,healthy_00768,False,
val,Healthy leaf,healthy_00772.jpg,2d6b5ef78f714bbf273c522df5edf83a,healthy_00772,False,
val,Healthy leaf,healthy_00773.jpg,af88a585ffffa50a55511ca721afb1b4,healthy_00773,False,
val,Healthy leaf,healthy_00796.jpg,78e250523189ecf921bf42cbe13f6995,healthy_00796,False,
val,Healthy leaf,healthy_00810.jpg,5cc786ddf1e2870c2a25c754d52b6a55,healthy_00810,False,
val,Healthy leaf,healthy_00812.jpg,bc336478ff1a8ec381cbca5679f448b2,healthy_00812,False,
val,Healthy leaf,healthy_00830.jpg,cd80c3f3c60f3a4afe3009c0cdb753e6,healthy_00830,False,
val,Healthy leaf,healthy_00839.jpg,ad26d370c0920c18ca2a11fe1956234c,healthy_00839,False,
val,Healthy leaf,healthy_00843.jpg,d23ce9e271d3bd6dda653edb1aa31059,healthy_00843,False,
val,Healthy leaf,healthy_00853.jpg,b58166cd1b3b409421379b1ac3a3c1c4,healthy_00853,False,
val,Healthy leaf,healthy_00855.jpg,3e78d357af8531ff0547fa3f33a352f4,healthy_00855,False,
val,Healthy leaf,healthy_00864.jpg,f3c62cd2e4b3ff0e9f2a35a83c1e4b5d,healthy_00864,False,
val,Healthy leaf,healthy_00870.jpg,4e2fdfc21bd8c100443276dadeb9a9f2,healthy_00870,False,
val,Healthy leaf,healthy_00891.jpg,6378cb532f6c39265d3d2fb3c74efd70,healthy_00891,False,
val,Healthy leaf,healthy_00893.jpg,559bab76243d5a926bba37f21aeeb5e4,healthy_00893,False,
val,Healthy leaf,healthy_00897.jpg,4e785f7006f09213d12ee785b33f8040,healthy_00897,False,
val,Healthy leaf,healthy_00926.jpg,5e9780b3104ed5f54cb982c2d8d33e8a,healthy_00926,False,
val,Healthy leaf,healthy_00930.jpg,4770ebe4a889eea98f3b1d1338f318a5,healthy_00930,False,
val,Healthy leaf,healthy_00933.jpg,be2b51bae2cf484743ecdfcb03b8e1f4,healthy_00933,False,
val,Helopeltis,helopeltis_00001.jpg,c7b9426242c065d9b72de42ac7c34b8a,helopeltis_00001,False,
val,Helopeltis,helopeltis_00003.jpg,0c7511274ea5e7ec99ce5c042e5dd14f,helopeltis_00003,False,
val,Helopeltis,helopeltis_00067.jpg,039b21eb4629d7e95eb7e645b401f360,helopeltis_00067,False,
val,Helopeltis,helopeltis_00074.jpg,0ec450446a560290ae53adbc24cc92fe,helopeltis_00074,False,
val,Helopeltis,helopeltis_00081.jpg,a480a8acaeb22f7b4599a94db7d1b9e7,helopeltis_00081,False,
val,Helopeltis,helopeltis_00088.jpg,3da361b4eef8ea2368946d2cc3418424,helopeltis_00088,False,
val,Helopeltis,helopeltis_00089.jpg,028f8ec6ab630ab16692b32602270783,helopeltis_00089,False,
val,Helopeltis,helopeltis_00109.jpg,d4e81dec16169665b0e5c5029f95ed6d,helopeltis_00109,False,
val,Helopeltis,helopeltis_00113.jpg,33b34b302a16f15a1de6b235f18c2521,helopeltis_00113,False,
val,Helopeltis,helopeltis_00124.jpg,1e3da5cc640eafe966fabd40caafadc7,helopeltis_00124,False,
val,Helopeltis,helopeltis_00150.jpg,307879ce97da8c988785ee93ed259158,helopeltis_00150,False,
val,Helopeltis,helopeltis_00151.jpg,d17e010fc0ee9d836c42b46fdfba94e3,helopeltis_00151,False,
val,Helopeltis,helopeltis_00155.jpg,3384322c400fe788dee573b894e403c5,helopeltis_00155,False,
val,Helopeltis,helopeltis_00156.jpg,7d106efe3bb59e82cd57f2cc8497afc9,helopeltis_00156,False,
val,Helopeltis,helopeltis_00181.jpg,cefc6906bfad8728abccaa35e6a3bdce,helopeltis_00181,False,
val,Helopeltis,helopeltis_00183.jpg,9aec9649447349d1f21f7d20cb64ce39,helopeltis_00183,False,
val,Helopeltis,helopeltis_00190.jpg,88aa40f3af7ba842bd109d53003fb564,helopeltis_00190,False,
val,Helopeltis,helopeltis_00191.jpg,3b8008bd89cc93f74d970d0baf287d48,helopeltis_00191,False,
val,Helopeltis,helopeltis_00200.jpg,5db48527b373bbc97dbc88aed24734d3,helopeltis_00200,False,
val,Helopeltis,helopeltis_00201.jpg,2df7ed04f05de1d9a2c1a22a66b453d9,helopeltis_00201,False,
val,Helopeltis,helopeltis_00209.jpg,392ed3bfe959a4f7f8c5d2a19f7116f1,helopeltis_00209,False,
val,Helopeltis,helopeltis_00226.jpg,ed8bd99c3658985944562687f963a1ae,helopeltis_00226,False,
val,Helopeltis,helopeltis_00235.jpg,5bec1f68a6b7e10950b808ce427a5398,helopeltis_00235,False,
val,Helopeltis,helopeltis_00248.jpg,1b9d1fa6b0d018af3b893a52e73552af,helopeltis_00248,False,
val,Helopeltis,helopeltis_00250.jpg,9f0eef9b494709d17c4d52f4eb850ec1,helopeltis_00250,False,
val,Helopeltis,helopeltis_00267.jpg,67d714eb3b92c2792e228a5f457dad19,helopeltis_00267,False,
val,Helopeltis,helopeltis_00271.jpg,eec32801161bbb2b7313dfb49a56c5b2,helopeltis_00271,False,
val,Helopeltis,helopeltis_00276.jpg,c64e1d0f63bc5779ec2d8077ec31dd06,helopeltis_00276,False,
val,Helopeltis,helopeltis_00288.jpg,5a3eb299d0f2f853667b0dbd028e7468,helopeltis_00288,False,
val,Helopeltis,helopeltis_00297.jpg,4cb00d7e59e1c939c0b2a64758ffd7c9,helopeltis_00297,False,
val,Helopeltis,helopeltis_00299.jpg,c806179372bf01cf1a7dbf24c1654ada,helopeltis_00299,False,
val,Helopeltis,helopeltis_00312.jpg,a6e2192a26f7aba66fa68ab28725c772,helopeltis_00312,False,
val,Helopeltis,helopeltis_00319.jpg,b8009088f8e3304d3d9e7956f371b6e0,helopeltis_00319,False,
val,Helopeltis,helopeltis_00323.jpg,755e49b72d9ac0c4151d5e5a33864a02,helopeltis_00323,False,
val,Helopeltis,helopeltis_00326.jpg,d7f79e4afc5a9dfd6a22d65c61375c09,helopeltis_00326,False,
val,Helopeltis,helopeltis_00338.jpg,dc258f10f785ed8d6096c23fbcdf1d63,helopeltis_00338,False,
val,Helopeltis,helopeltis_00343.jpg,9f836b69ee51902176b7ea5c6d86b278,helopeltis_00343,False,
val,Helopeltis,helopeltis_00348.jpg,ae040f18303b662c41ef84d64aaed85f,helopeltis_00348,False,
val,Helopeltis,helopeltis_00350.jpg,07b01291f5fedf143d305fef79040065,helopeltis_00350,False,
val,Helopeltis,helopeltis_00353.jpg,bd043c6fc90f849274914b94f5bb734e,helopeltis_00353,False,
val,Helopeltis,helopeltis_00354.jpg,248efdd17be056b898ed8ded765be73c,helopeltis_00354,False,
val,Helopeltis,helopeltis_00356.jpg,80d30da71041b70f453e5678d5b2522d,helopeltis_00356,False,
val,Helopeltis,helopeltis_00360.jpg,4baa1fe6fd7fb1e864aa124f251da482,helopeltis_00360,False,
val,Helopeltis,helopeltis_00361.jpg,57c0dc2cafd730dda50764e207abdc11,helopeltis_00361,False,
val,Helopeltis,helopeltis_00363.jpg,d4b886e647e32bb4963dea9eafdf5b0e,helopeltis_00363,False,
val,Helopeltis,helopeltis_00373.jpg,ca65c5926f6dc896fb1a08d7528db80f,helopeltis_00373,False,
val,Helopeltis,helopeltis_00386.jpg,8806dc0c2f46dfe19e299edfc5cbf1c5,helopeltis_00386,False,
val,Helopeltis,helopeltis_00387.jpg,30bf73af6833af0cab5875a2b7fd4316,helopeltis_00387,False,
val,Helopeltis,helopeltis_00388.jpg,0aa1688fd7c1cd80e9a7dbb611b5a541,helopeltis_00388,False,
val,Helopeltis,helopeltis_00390.jpg,5382bfa6227b807d0a23476b288cb42a,helopeltis_00390,False,
val,Helopeltis,helopeltis_00400.jpg,61dcec187c9ce427cd9a5a81ecb3f9b2,helopeltis_00400,False,
val,Helopeltis,helopeltis_00408.jpg,410123513c6dce7e157f02592a2c56bc,helopeltis_00408,False,
val,Helopeltis,helopeltis_00415.jpg,156ecae607794be3aa3d62becc212c06,helopeltis_00415,False,
val,Helopeltis,helopeltis_00423.jpg,b83948df6c9d9df6b9ff773e60b7bd42,helopeltis_00423,False,
val,Helopeltis,helopeltis_00434.jpg,b1b2312befb34ab711a28410671817f3,helopeltis_00434,False,
val,Helopeltis,helopeltis_00440.jpg,c7f9dbe3d769f3f2e702d5b1c283c768,helopeltis_00440,False,
val,Helopeltis,helopeltis_00441.jpg,d561806831f4f900e5910e9589b87f18,helopeltis_00441,False,
val,Helopeltis,helopeltis_00444.jpg,afb9025caf6f0e420bb040d649025b4d,helopeltis_00444,False,
val,Helopeltis,helopeltis_00457.jpg,4a7ef934fd1061dc5aff9a998e4b780b,helopeltis_00457,False,
val,Helopeltis,helopeltis_00460.jpg,23833c3ad2d4fcd5424d05c4849d6c25,helopeltis_00460,False,
val,Helopeltis,helopeltis_00466.jpg,e9f83108c18c18cb646c738b641f17af,helopeltis_00466,False,
val,Helopeltis,helopeltis_00477.jpg,b626ab7173337274a083aa0cba9b99b4,helopeltis_00477,False,
val,Helopeltis,helopeltis_00480.jpg,07314b0a47d9d3115813eed636018d6e,helopeltis_00480,False,
val,Helopeltis,helopeltis_00481.jpg,1c59659ff82cc20772b0ab4b4cecefaf,helopeltis_00481,False,
val,Helopeltis,helopeltis_00493.jpg,897bcdbaa0272a22d386939c774df3f5,helopeltis_00493,False,
val,Helopeltis,helopeltis_00499.jpg,1aafa5dbc7d31e646f12ead8be3f1048,helopeltis_00499,False,
val,Helopeltis,helopeltis_00505.jpg,3c57d9dd0ce7655b16e83df49e760796,helopeltis_00505,False,
val,Helopeltis,helopeltis_00511.jpg,60477274b04ea890291c1cf6c0c73386,helopeltis_00511,False,
val,Helopeltis,helopeltis_00517.jpg,067f130af030e0e80f17dcb1d1cd3cfe,helopeltis_00517,False,
val,Helopeltis,helopeltis_00523.jpg,fe8fa1f042016c9a15fafb2260881c25,helopeltis_00523,False,
val,Helopeltis,helopeltis_00526.jpg,ca88a2358eff868fcc2da4c3334ff0b6,helopeltis_00526,False,
val,Helopeltis,helopeltis_00528.jpg,dc8301dccf9e82e38b0a30bafcef3298,helopeltis_00528,False,
val,Helopeltis,helopeltis_00540.jpg,b3d47944a3568c13d382b7ea1c959515,helopeltis_00540,False,
val,Helopeltis,helopeltis_00551.jpg,79fe94db6704b75de9a5472370c4df95,helopeltis_00551,False,
val,Helopeltis,helopeltis_00552.jpg,950f7c55390a6460194a98e1e8f4e3ea,helopeltis_00552,False,
val,Helopeltis,helopeltis_00557.jpg,212392097bbbb78042851f8fa132a72d,helopeltis_00557,False,
val,Helopeltis,helopeltis_00558.jpg,19b0e1793689562f027489839e11dc7a,helopeltis_00558,False,
val,Helopeltis,helopeltis_00563.jpg,b10ea93ca1e8546959c277628e81e6f6,helopeltis_00563,False,
val,Helopeltis,helopeltis_00564.jpg,b1a4f2ac05839394bd260861af3fd4b5,helopeltis_00564,False,
val,Helopeltis,helopeltis_00566.jpg,88e95e038db5cf0cfe5c0fc31633f077,helopeltis_00566,False,
val,Helopeltis,helopeltis_00577.jpg,75dad596079284a41cd4f7b072d4168c,helopeltis_00577,False,
val,Helopeltis,helopeltis_00579.jpg,f50f917110fc9a77231b781c123fb128,helopeltis_00579,False,
val,Helopeltis,helopeltis_00590.jpg,06837387ab093ce50a54fe281588b6e6,helopeltis_00590,False,
val,Helopeltis,helopeltis_00592.jpg,4e9f0b129ae3b6b744de0972e948b1cf,helopeltis_00592,False,
val,Helopeltis,helopeltis_00602.jpg,f3616acdffb4484b8a80fe57610b0429,helopeltis_00602,False,
val,Helopeltis,helopeltis_00603.jpg,a6eb7312d427187b5916c99549e0a564,helopeltis_00603,False,
val,Red spider,red_spider_00004.jpg,0b72044608f749166ecf770afc77a775,red_spider_00004,False,
val,Red spider,red_spider_00023.jpg,adf86f6fe587d074d685a310c3b7c30a,red_spider_00023,False,
val,Red spider,red_spider_00035.jpg,b54884780a49a9223121de9c17a3cf02,red_spider_00035,False,
val,Red spider,red_spider_00052.jpg,d94facb49aa70ab2316ebf38bec46a3e,red_spider_00052,False,
val,Red spider,red_spider_00053.jpg,d132736bc98684b525bcaaa2bfe4ae75,red_spider_00053,False,
val,Red spider,red_spider_00054.jpg,7bdf64b22cae94993467b53a0a01dc11,red_spider_00054,False,
val,Red spider,red_spider_00055.jpg,cfd0ba046bd8102e50e42bb3917633c4,red_spider_00055,False,
val,Red spider,red_spider_00061.jpg,b69c3a7583e7f9be9ad499e683fc0b00,red_spider_00061,False,
val,Red spider,red_spider_00063.jpg,890da4f6a8922389cd69f2366f0cfc04,red_spider_00063,False,
val,Red spider,red_spider_00074.jpg,976a802d6f1299c234d22d08ddc024a5,red_spider_00074,False,
val,Red spider,red_spider_00086.jpg,ea86fcfae7896ea6c98fb899bdc6764d,red_spider_00086,False,
val,Red spider,red_spider_00104.jpg,860b24e2dc180d480049a3443884685f,red_spider_00104,False,
val,Red spider,red_spider_00117.jpg,1db570e232a1790ee44872d8d7b98131,red_spider_00117,False,
val,Red spider,red_spider_00119.jpg,249c2cfe40d59ad8b6059cca3a679b52,red_spider_00119,False,
val,Red spider,red_spider_00131.jpg,0594a60a6d78bd87ad52d8d0b0dff64d,red_spider_00131,False,
val,Red spider,red_spider_00132.jpg,45d321bb8a8688174978402007753039,red_spider_00132,False,
val,Red spider,red_spider_00133.jpg,3d08544fa63f33548057c5b3477cad3a,red_spider_00133,False,
val,Red spider,red_spider_00148.jpg,db32be423293444c51b8a8f2e7105792,red_spider_00148,False,
val,Red spider,red_spider_00149.jpg,c3cb713e412d336df6c4ce278a3a581f,red_spider_00149,False,
val,Red spider,red_spider_00150.jpg,37bb90da229fc819b57a2d1a3b0a461d,red_spider_00150,False,
val,Red spider,red_spider_00161.jpg,d3e4f59142a79a29b3eb7d620c551832,red_spider_00161,False,
val,Red spider,red_spider_00165.jpg,180e6d92c1412676ff84ffb3c074b0bc,red_spider_00165,False,
val,Red spider,red_spider_00179.jpg,5c11214167ffee22256ae2173efd9df4,red_spider_00179,False,
val,Red spider,red_spider_00181.jpg,4ca63f2207b4b60f449e31d999226ffe,red_spider_00181,False,
val,Red spider,red_spider_00184.jpg,df2e7ad278a4b79420381d114a0fb760,red_spider_00184,False,
val,Red spider,red_spider_00185.jpg,f1e3579ba00492a079efd60acfc34da4,red_spider_00185,False,
val,Red spider,red_spider_00187.jpg,20f668f655fa24a96b2ec84df008e40c,red_spider_00187,False,
val,Red spider,red_spider_00204.jpg,4b98c56593c4deab094bc7671cbdbbbf,red_spider_00204,False,
val,Red spider,red_spider_00205.jpg,98acb66810078f49314d8f37a39b5447,red_spider_00205,False,
val,Red spider,red_spider_00217.jpg,4920faf5d4f015c47518e605548fb60f,red_spider_00217,False,
val,Red spider,red_spider_00221.jpg,c62e237ed6c14cf026a3a82212a8e549,red_spider_00221,False,
val,Red spider,red_spider_00228.jpg,178d23da65726eeff73206912fae5d73,red_spider_00228,False,
val,Red spider,red_spider_00237.jpg,a747787286358bde18bd238505e6d4fd,red_spider_00237,False,
val,Red spider,red_spider_00243.jpg,691f4ab50ce351b8a3f10554a222ef9e,red_spider_00243,False,
val,Red spider,red_spider_00244.jpg,565eb5bf77d75d2c7962e4419ccfe90e,red_spider_00244,False,
val,Red spider,red_spider_00252.jpg,d2a054f8aa20036b0a07f9c4eb6a81a1,red_spider_00252,False,
val,Red spider,red_spider_00266.jpg,17fd11387e04892a68f89f6a12ca94e3,red_spider_00266,False,
val,Red spider,red_spider_00268.jpg,6170201378fa59e8f38b2e75857a5c2e,red_spider_00268,False,
val,Red spider,red_spider_00275.jpg,58335492dcba2c601c54cefa5c20f0d0,red_spider_00275,False,
val,Red spider,red_spider_00287.jpg,144021fee44c621fe492e074aaa04e3c,red_spider_00287,False,
val,Red spider,red_spider_00290.jpg,3447a732aa895caca0e1a88f421f27d6,red_spider_00290,False,
val,Red spider,red_spider_00297.jpg,ca36def657500de2ce5a52ab41e33512,red_spider_00297,False,
val,Red spider,red_spider_00318.jpg,ad3c8e7e53bc9ddcc92d229df0f8de7e,red_spider_00318,False,
val,Red spider,red_spider_00319.jpg,fef43065268e4bd1e3f6094fbef3cb9f,red_spider_00319,False,
val,Red spider,red_spider_00329.jpg,f60f0d2e74b1a54815e0540617abdf17,red_spider_00329,False,
val,Red spider,red_spider_00332.jpg,19e8d0934586566c717a2401c2e854b2,red_spider_00332,False,
val,Red spider,red_spider_00349.jpg,2f72c31fc2f9c3f47bf5aa06fd81cd74,red_spider_00349,False,
val,Red spider,red_spider_00356.jpg,6afcc7090a548d203ed72c84284c6525,red_spider_00356,False,
val,Red spider,red_spider_00361.jpg,566baae2f57e945aa4b5fa4af0ae5722,red_spider_00361,False,
val,Red spider,red_spider_00363.jpg,342d39ba818d7fcc964a1db9c14df113,red_spider_00363,False,
val,Red spider,red_spider_00368.jpg,66f36cb625d8eb197a8d6f8454511fe1,red_spider_00368,False,
val,Red spider,red_spider_00375.jpg,4e3f6683d727e189a1bb3336c460477d,red_spider_00375,False,
val,Red spider,red_spider_00389.jpg,8e7c69338aa0dd903a2fc59cfeea606b,red_spider_00389,False,
val,Red spider,red_spider_00393.jpg,80fbdb2bb769522781573504ed5234a0,red_spider_00393,False,
val,Red spider,red_spider_00394.jpg,13db3836188ce207e9f9f08b0514d0a3,red_spider_00394,False,
val,Red spider,red_spider_00395.jpg,5bb9c37b97922eb29cf708841086f95f,red_spider_00395,False,
val,Red spider,red_spider_00396.jpg,44c167eb81b43a72b4366c6a7c7fe54d,red_spider_00396,False,
val,Red spider,red_spider_00400.jpg,4b45e8c78f68510821f3240d1b0c2ed7,red_spider_00400,False,
val,Red spider,red_spider_00410.jpg,ee683ef29ba828211df080cab16fe615,red_spider_00410,False,
val,Red spider,red_spider_00435.jpg,48dd4111bb29de157b97f2b78a204e23,red_spider_00435,False,
val,Red spider,red_spider_00453.jpg,eb098d4ef27fcacf1e05a5be1929793f,red_spider_00453,False,
val,Red spider,red_spider_00456.jpg,779b1dd50865b97fd44ef20b0d2296fd,red_spider_00456,False,
val,Red spider,red_spider_00459.jpg,90646b88b31d98ae91bb598120045ed6,red_spider_00459,False,
val,Red spider,red_spider_00462.jpg,76a5bb0e70b24d25fa0ace376badda9e,red_spider_00462,False,
val,Red spider,red_spider_00474.jpg,1095a4c84edc022fc15e454fe5806b55,red_spider_00474,False,
val,Red spider,red_spider_00476.jpg,5a72ff865a40e3f6bc1a47ac78ba6278,red_spider_00476,False,
val,Red spider,red_spider_00477.jpg,9c152bbc1392a94bed6939cfb145e90b,red_spider_00477,False,
val,Red spider,red_spider_00479.jpg,47d11130a53fb23f9dbcfc3e7d1395f4,red_spider_00479,False,
val,Red spider,red_spider_00482.jpg,5f8a16a53ae5bcca88ce84c39617b30e,red_spider_00482,False,
val,Red spider,red_spider_00490.jpg,7c873aef07e6bc0d264907d1f4128e50,red_spider_00490,False,
val,Red spider,red_spider_00491.jpg,51ff573da4df038e73fdd05fe67c88cf,red_spider_00491,False,
val,Red spider,red_spider_00498.jpg,761a563b81fabf5c8a2cea8343b8d935,red_spider_00498,False,
val,Red spider,red_spider_00499.jpg,68e5af6c51535b44cebc719fa4023e14,red_spider_00499,False,
val,Red spider,red_spider_00500.jpg,d3d7557ec17472dfecbc6f7b4b9b1e53,red_spider_00500,False,
val,Red spider,red_spider_00514.jpg,b684e9be9677863ea40d9ae6c85963d2,red_spider_00514,False,
val,Red spider,red_spider_00515.jpg,70fa20e5c39ce1bfc45c7bb620e69660,red_spider_00515,False,
val,Tea algal leaf spot,UNADJUSTEDNONRAW_thumb_1c.jpg,6751142c282e6fd03144eb1f43d452e7,UNADJUSTEDNONRAW_thumb_1c,False,
val,Tea algal leaf spot,UNADJUSTEDNONRAW_thumb_2b.jpg,d9b7b7cae8e0e9779d1f3e63e67efa2b,UNADJUSTEDNONRAW_thumb_2b,False,
val,Tea algal leaf spot,UNADJUSTEDNONRAW_thumb_32.jpg,b159f4df56faba0423da114019746fa1,UNADJUSTEDNONRAW_thumb_32,False,
val,Tea algal leaf spot,UNADJUSTEDNONRAW_thumb_3b.jpg,d75714fd72d29f4b9b089a13749f1035,UNADJUSTEDNONRAW_thumb_3b,False,
val,Tea algal leaf spot,UNADJUSTEDNONRAW_thumb_46.jpg,02caa1292a8320de4121f31a2fa08eb0,UNADJUSTEDNONRAW_thumb_46,False,
val,Tea algal leaf spot,UNADJUSTEDNONRAW_thumb_5.jpg,620f045c1adc15290848eb457c816d4b,UNADJUSTEDNONRAW_thumb_5,False,
val,Tea algal leaf spot,UNADJUSTEDNONRAW_thumb_51.jpg,9b8cd68a2c550fdd9feced11f9a41b8e,UNADJUSTEDNONRAW_thumb_51,False,
val,Tea algal leaf spot,UNADJUSTEDNONRAW_thumb_59.jpg,a8812b9d0349c0171acd1ec538cae4bb,UNADJUSTEDNONRAW_thumb_59,False,
val,Tea algal leaf spot,UNADJUSTEDNONRAW_thumb_5d.jpg,c3b2043d2233755b2ad460a291286b5d,UNADJUSTEDNONRAW_thumb_5d,False,
val,Tea algal leaf spot,UNADJUSTEDNONRAW_thumb_64.jpg,b90d83cec54c1894c777323e85f57857,UNADJUSTEDNONRAW_thumb_64,False,
val,Tea algal leaf spot,UNADJUSTEDNONRAW_thumb_69.jpg,f74296b00361975b99b512f2fd4a8d55,UNADJUSTEDNONRAW_thumb_69,False,
val,Tea algal leaf spot,UNADJUSTEDNONRAW_thumb_6c.jpg,bc6df0ecf32122d87a23d02aaea00989,UNADJUSTEDNONRAW_thumb_6c,False,
val,Tea algal leaf spot,UNADJUSTEDNONRAW_thumb_71.jpg,dfa07ed19a14b1b5a07ddab49a5e6d40,UNADJUSTEDNONRAW_thumb_71,False,
val,Tea algal leaf spot,tea_algal_leaf_spot_00015.jpg,36ab4b7cb8cbe497d8702a2a261517c9,tea_algal_leaf_spot_00015,False,
val,Tea algal leaf spot,tea_algal_leaf_spot_00024.jpg,297455ce3aee3f20fe98ecb6008fe349,tea_algal_leaf_spot_00024,False,
val,Tea algal leaf spot,tea_algal_leaf_spot_00030.jpg,2b5435dda51ee6582928457f08691217,tea_algal_leaf_spot_00030,False,
val,Tea algal leaf spot,tea_algal_leaf_spot_00040.jpg,4b3e614b59cd29a5696153993619b70b,tea_algal_leaf_spot_00040,False,
val,Tea algal leaf spot,tea_algal_leaf_spot_00041.jpg,b500870364b603d61e44ac753ed37036,tea_algal_leaf_spot_00041,False,
val,Tea algal leaf spot,tea_algal_leaf_spot_00054.jpg,9f50c2e8556bb124a3fa4e519e873d36,tea_algal_leaf_spot_00054,False,
val,Tea algal leaf spot,tea_algal_leaf_spot_00064.jpg,0916dd82684919cd69a4b796de2c07ee,tea_algal_leaf_spot_00064,False,
val,Tea algal leaf spot,tea_algal_leaf_spot_00068.jpg,bfb40a13268aec0f52dd4d4f1c640c24,tea_algal_leaf_spot_00068,False,
val,Tea algal leaf spot,tea_algal_leaf_spot_00069.jpg,167176790050e281c7e10f80c1a941ce,tea_algal_leaf_spot_00069,False,
val,Tea algal leaf spot,tea_algal_leaf_spot_00070.jpg,fd56d6bd44824893694aacd2254821dc,tea_algal_leaf_spot_00070,False,
val,Tea algal leaf spot,tea_algal_leaf_spot_00089.jpg,995c1c596b3a1e545538515fc17f36d7,tea_algal_leaf_spot_00089,False,
val,Tea algal leaf spot,tea_algal_leaf_spot_00091.jpg,33e906980dcb941454109c16358f2c54,tea_algal_leaf_spot_00091,False,
val,Tea algal leaf spot,tea_algal_leaf_spot_00111.jpg,8a66ea81364ab2f4cf34279b837c9fea,tea_algal_leaf_spot_00111,False,
val,Tea algal leaf spot,tea_algal_leaf_spot_00116.jpg,71a0e0afd5bdb97a42c1ebd430482d1f,tea_algal_leaf_spot_00116,False,
val,Tea algal leaf spot,tea_algal_leaf_spot_00119.jpg,751ee1d6088e40c3cd171062dbcdaf1a,tea_algal_leaf_spot_00119,False,
val,Tea algal leaf spot,tea_algal_leaf_spot_00123.jpg,ab9ac24058c88aab0e3b707f46fe07d1,tea_algal_leaf_spot_00123,False,
val,Tea algal leaf spot,tea_algal_leaf_spot_00131.jpg,ce8b79e8a2df37c0f6f6f694b045deb4,tea_algal_leaf_spot_00131,False,
val,Tea algal leaf spot,tea_algal_leaf_spot_00132.jpg,29ae68688303c3fbce2520e64f670d37,tea_algal_leaf_spot_00132,False,
val,Tea algal leaf spot,tea_algal_leaf_spot_00150.jpg,d0f90fe0b70e88fea087d982fcdb7a59,tea_algal_leaf_spot_00150,False,
val,Tea algal leaf spot,tea_algal_leaf_spot_00159.jpg,9c4639a04e5e41dc710a26f15a06d143,tea_algal_leaf_spot_00159,False,
val,Tea algal leaf spot,tea_algal_leaf_spot_00169.jpg,cce6e58f43740fd7ead69e01595629b4,tea_algal_leaf_spot_00169,False,
val,Tea algal leaf spot,tea_algal_leaf_spot_00181.jpg,478a5d55d458b01238da6d6b9911bcbf,tea_algal_leaf_spot_00181,False,
val,Tea algal leaf spot,tea_algal_leaf_spot_00182.jpg,21495de5d4886385b3bd2f7ade395a00,tea_algal_leaf_spot_00182,False,
val,Tea algal leaf spot,tea_algal_leaf_spot_00183.jpg,11ac78f4ed5ea756cf3e05e7c43106ae,tea_algal_leaf_spot_00183,False,
val,Tea algal leaf spot,tea_algal_leaf_spot_00190.jpg,eb367cf954eb2e8c9aaa365e81fc05de,tea_algal_leaf_spot_00190,False,
val,Tea algal leaf spot,tea_algal_leaf_spot_00191.jpg,2645d5e57ae0a4ea4a508d85f9518b27,tea_algal_leaf_spot_00191,False,
val,Tea algal leaf spot,tea_algal_leaf_spot_00192.jpg,90b3e62472155f255b3743e77eb544ca,tea_algal_leaf_spot_00192,False,
val,Tea algal leaf spot,tea_algal_leaf_spot_00201.jpg,6fad2968a787f02d768cdd294ddc902c,tea_algal_leaf_spot_00201,False,
val,Tea algal leaf spot,tea_algal_leaf_spot_00215.jpg,8adac548262a85373fab46bed37b7308,tea_algal_leaf_spot_00215,False,
val,Tea algal leaf spot,tea_algal_leaf_spot_00217.jpg,4e385601511b6b97d4ace0982e076350,tea_algal_leaf_spot_00217,False,
val,Tea algal leaf spot,tea_algal_leaf_spot_00228.jpg,f46fccb0a6d15381bf9d5a924fbd05ae,tea_algal_leaf_spot_00228,False,
val,Tea algal leaf spot,tea_algal_leaf_spot_00240.jpg,854a5014fcd9ede5c31d3a95917097f2,tea_algal_leaf_spot_00240,False,
val,Tea algal leaf spot,tea_algal_leaf_spot_00241.jpg,1a7a51182a437a0471344957f0099326,tea_algal_leaf_spot_00241,False,
val,Tea algal leaf spot,tea_algal_leaf_spot_00243.jpg,b7f5f9b5f6c4005d961fc8007e50d458,tea_algal_leaf_spot_00243,False,
val,Tea algal leaf spot,tea_algal_leaf_spot_00244.jpg,5d52c755e7df15778ad69f5c072fadaf,tea_algal_leaf_spot_00244,False,
val,Tea algal leaf spot,tea_algal_leaf_spot_00255.jpg,6ac6cf9b071d396d6131cd2083f5a60b,tea_algal_leaf_spot_00255,False,
val,Tea algal leaf spot,tea_algal_leaf_spot_00259.jpg,42c6045b78b09b36e601a767714c5589,tea_algal_leaf_spot_00259,False,
val,Tea algal leaf spot,tea_algal_leaf_spot_00261.jpg,df8e8c611f4f55e09e189b257c22a5e4,tea_algal_leaf_spot_00261,False,
val,Tea algal leaf spot,tea_algal_leaf_spot_00265.jpg,7cce81c89cd70a8fb58a5fdc4134d0db,tea_algal_leaf_spot_00265,False,
val,Tea algal leaf spot,tea_algal_leaf_spot_00301.jpg,fd6bdc688d9878336f7250109aaff4a7,tea_algal_leaf_spot_00301,False,
val,Tea algal leaf spot,tea_algal_leaf_spot_00302.jpg,c4eb275ffedc77923f92f2776013c6d8,tea_algal_leaf_spot_00302,False,
val,Tea algal leaf spot,tea_algal_leaf_spot_00306.jpg,efd4f128c0c697a370d3fe4fa57ee105,tea_algal_leaf_spot_00306,False,
val,Tea algal leaf spot,tea_algal_leaf_spot_00308.jpg,386c660b01edad41c4651cfe34f8d965,tea_algal_leaf_spot_00308,False,
val,Tea algal leaf spot,tea_algal_leaf_spot_00315.jpg,31f152ef527404b17f1bb03de31b0092,tea_algal_leaf_spot_00315,False,
val,Tea algal leaf spot,tea_algal_leaf_spot_00318.jpg,49c8c32662abf954ebb809b0e82cac00,tea_algal_leaf_spot_00318,False,
val,Tea algal leaf spot,tea_algal_leaf_spot_00322.jpg,bd15a73b25c60fd719e49e3f909872b4,tea_algal_leaf_spot_00322,False,
val,Tea algal leaf spot,tea_algal_leaf_spot_00330.jpg,2632a3181f50c7389229fb33a0d0edb5,tea_algal_leaf_spot_00330,False,
val,Tea algal leaf spot,tea_algal_leaf_spot_00334.jpg,9a91e267de5ed7c27d3d89dfd0c59b19,tea_algal_leaf_spot_00334,False,
val,Tea algal leaf spot,tea_algal_leaf_spot_00336.jpg,1529c291d0a45d8be0a918cdecbcf6ce,tea_algal_leaf_spot_00336,False,
val,Tea algal leaf spot,tea_algal_leaf_spot_00338.jpg,b31d3f2800b66280be94afcfe0a53959,tea_algal_leaf_spot_00338,False,
val,Tea algal leaf spot,tea_algal_leaf_spot_00362.jpg,67221240de6fbc1be7be19d7066d1bbb,tea_algal_leaf_spot_00362,False,
val,Tea algal leaf spot,tea_algal_leaf_spot_00379.jpg,c54572a269cd9b728aff21e3fa270e7e,tea_algal_leaf_spot_00379,False,
val,Tea algal leaf spot,tea_algal_leaf_spot_00380.jpg,e92c90c4f33eebd1164d2d37305d5c42,tea_algal_leaf_spot_00380,False,
val,Tea algal leaf spot,tea_algal_leaf_spot_00384.jpg,ba3c5a6ccff38610312f70d2b1d38130,tea_algal_leaf_spot_00384,False,
val,Tea algal leaf spot,tea_algal_leaf_spot_00385.jpg,972fe34ebdfea986c44b2c31f6066770,tea_algal_leaf_spot_00385,False,
val,Tea algal leaf spot,tea_algal_leaf_spot_00391.jpg,34a589744263e3936fea425e3004b706,tea_algal_leaf_spot_00391,False,
val,Tea algal leaf spot,tea_algal_leaf_spot_00393.jpg,a0ba02619be905c32ffd19ef6ed2bb59,tea_algal_leaf_spot_00393,False,
val,Tea algal leaf spot,tea_algal_leaf_spot_00395.jpg,3715b2e6c99e0ed4c3b1858fe8ec5136,tea_algal_leaf_spot_00395,False,
val,Tea algal leaf spot,tea_algal_leaf_spot_00399.jpg,ac4ec3a7d8b5d7bf8b5cc498053cef8a,tea_algal_leaf_spot_00399,False,
val,Tea algal leaf spot,tea_algal_leaf_spot_00404.jpg,5d3c3f0dc5d9d5b7f8454f7a7b35c8e7,tea_algal_leaf_spot_00404,False,
val,Tea algal leaf spot,tea_algal_leaf_spot_00407.jpg,041485957e68cf1a0630065e89d055e9,tea_algal_leaf_spot_00407,False,
val,Tea algal leaf spot,tea_algal_leaf_spot_00412.jpg,bd04dbc28aceefcf1cb240c5424ca45b,tea_algal_leaf_spot_00412,False,
val,Tea algal leaf spot,tea_algal_leaf_spot_00417.jpg,cfdc20498247ffb322f4157f9d58869d,tea_algal_leaf_spot_00417,False,
