split,class,image_id,label,lesion_hue_deg,lesion_sat,lesion_val,lesion_frac_of_image,leaf_frac_of_image,lesion_frac_of_leaf,mask_frac_on_margin,mask_frac_on_paper,n_components,median_component_px,n_arms,n_arms_wrong,n_pair_confused,C1_pred,C2_pred,C4_pred,R0_pred,R1_pred,R2_pred,R3_pred,TLA_pred,p_colour_global_mean,p_colour_lesion_colour,p_colour_lesion_all
train,Brown Blight,Brown Blight/UNADJUSTEDNONRAW_thumb_103.jpg,0,39.29,0.388,0.4298,0.05971,0.41803,0.14246,0.1172,0.0027,37,12.0,,,,,,,,,,,,,,
train,Brown Blight,Brown Blight/UNADJUSTEDNONRAW_thumb_104.jpg,0,31.53,0.3113,0.4743,0.05808,0.44788,0.12949,0.1987,0.0014,51,10.0,,,,,,,,,,,,,,
train,Brown Blight,Brown Blight/UNADJUSTEDNONRAW_thumb_105.jpg,0,27.9,0.3257,0.4806,0.07203,0.49803,0.1445,0.2476,0.0008,38,12.5,,,,,,,,,,,,,,
train,Brown Blight,Brown Blight/UNADJUSTEDNONRAW_thumb_106.jpg,0,35.32,0.3666,0.4106,0.0561,0.24231,0.23145,0.1336,0.0004,23,16.0,,,,,,,,,,,,,,
train,Brown Blight,Brown Blight/UNADJUSTEDNONRAW_thumb_108.jpg,0,36.61,0.3305,0.3987,0.07063,0.25393,0.27792,0.147,0.0008,36,9.5,,,,,,,,,,,,,,
train,Brown Blight,Brown Blight/UNADJUSTEDNONRAW_thumb_109.jpg,0,41.21,0.3063,0.4294,0.05074,0.46337,0.10946,0.1453,0.0004,43,23.0,,,,,,,,,,,,,,
train,Brown Blight,Brown Blight/UNADJUSTEDNONRAW_thumb_10a.jpg,0,41.15,0.3154,0.4941,0.01431,0.39894,0.03582,0.3607,0.0014,18,24.5,,,,,,,,,,,,,,
train,Brown Blight,Brown Blight/UNADJUSTEDNONRAW_thumb_10b.jpg,0,27.37,0.3797,0.3817,0.08181,0.39668,0.20619,0.0689,0.0002,10,24.0,,,,,,,,,,,,,,
train,Brown Blight,Brown Blight/UNADJUSTEDNONRAW_thumb_10c.jpg,0,39.41,0.3736,0.3838,0.05604,0.34014,0.16476,0.1366,0.0,34,11.5,,,,,,,,,,,,,,
train,Brown Blight,Brown Blight/UNADJUSTEDNONRAW_thumb_10d.jpg,0,41.32,0.2771,0.6322,0.0046,0.33024,0.01388,0.4762,0.0043,9,12.0,,,,,,,,,,,,,,
train,Brown Blight,Brown Blight/UNADJUSTEDNONRAW_thumb_10e.jpg,0,34.99,0.3217,0.4758,0.04247,0.58905,0.0721,0.077,0.0,13,30.0,,,,,,,,,,,,,,
train,Brown Blight,Brown Blight/UNADJUSTEDNONRAW_thumb_10f.jpg,0,34.3,0.3758,0.4567,0.06194,0.30078,0.20521,0.2027,0.0035,38,12.5,,,,,,,,,,,,,,
train,Brown Blight,Brown Blight/UNADJUSTEDNONRAW_thumb_110.jpg,0,37.65,0.3444,0.3377,0.06112,0.23416,0.26104,0.0619,0.0,17,14.0,,,,,,,,,,,,,,
train,Brown Blight,Brown Blight/UNADJUSTEDNONRAW_thumb_115.jpg,0,26.32,0.3151,0.4286,0.04648,0.32358,0.14332,0.2697,0.0021,37,11.0,,,,,,,,,,,,,,
train,Brown Blight,Brown Blight/UNADJUSTEDNONRAW_thumb_116.jpg,0,32.21,0.3741,0.3818,0.17554,0.26383,0.66475,0.1445,0.0009,6,12.5,,,,,,,,,,,,,,
train,Brown Blight,Brown Blight/UNADJUSTEDNONRAW_thumb_118.jpg,0,43.63,0.4775,0.5148,0.08667,0.55341,0.15655,0.0177,0.0005,14,28.5,,,,,,,,,,,,,,
train,Brown Blight,Brown Blight/UNADJUSTEDNONRAW_thumb_119.jpg,0,36.33,0.3825,0.4588,0.1307,0.41026,0.3181,0.1157,0.0015,53,12.0,,,,,,,,,,,,,,
train,Brown Blight,Brown Blight/UNADJUSTEDNONRAW_thumb_11b.jpg,0,36.59,0.3617,0.4289,0.08187,0.41661,0.19618,0.2473,0.0017,74,12.0,,,,,,,,,,,,,,
train,Brown Blight,Brown Blight/UNADJUSTEDNONRAW_thumb_11c.jpg,0,21.61,0.3698,0.4597,0.21686,0.63797,0.33916,0.1073,0.0022,39,8.0,,,,,,,,,,,,,,
train,Brown Blight,Brown Blight/UNADJUSTEDNONRAW_thumb_11d.jpg,0,26.46,0.3655,0.4258,0.10939,0.37651,0.29028,0.1492,0.0009,20,14.5,,,,,,,,,,,,,,
train,Brown Blight,Brown Blight/UNADJUSTEDNONRAW_thumb_11f.jpg,0,34.0,0.3075,0.407,0.03548,0.27521,0.1289,0.141,0.0,17,11.0,,,,,,,,,,,,,,
train,Brown Blight,Brown Blight/UNADJUSTEDNONRAW_thumb_120.jpg,0,23.68,0.3271,0.3687,0.05668,0.41099,0.13767,0.1227,0.0018,23,14.0,,,,,,,,,,,,,,
train,Brown Blight,Brown Blight/UNADJUSTEDNONRAW_thumb_124.jpg,0,38.71,0.3623,0.5012,0.02509,0.38259,0.06517,0.0802,0.0064,29,11.0,,,,,,,,,,,,,,
train,Brown Blight,Brown Blight/UNADJUSTEDNONRAW_thumb_125.jpg,0,36.0,0.3316,0.4253,0.06643,0.32972,0.19977,0.1173,0.0084,44,11.0,,,,,,,,,,,,,,
train,Brown Blight,Brown Blight/UNADJUSTEDNONRAW_thumb_126.jpg,0,40.28,0.3981,0.5245,0.01973,0.42983,0.04549,0.0828,0.0091,14,17.5,,,,,,,,,,,,,,
train,Brown Blight,Brown Blight/UNADJUSTEDNONRAW_thumb_12a.jpg,0,32.64,0.4468,0.4368,0.15533,0.56673,0.27402,0.0367,0.0003,21,8.0,,,,,,,,,,,,,,
train,Brown Blight,Brown Blight/UNADJUSTEDNONRAW_thumb_12b.jpg,0,29.15,0.3425,0.5289,0.03298,0.4782,0.06885,0.1782,0.0018,6,8.0,,,,,,,,,,,,,,
train,Brown Blight,Brown Blight/UNADJUSTEDNONRAW_thumb_12c.jpg,0,20.08,0.4305,0.4362,0.03769,0.47565,0.07923,0.1089,0.0,8,6.0,,,,,,,,,,,,,,
train,Brown Blight,Brown Blight/UNADJUSTEDNONRAW_thumb_12d.jpg,0,28.92,0.4274,0.4614,0.03635,0.433,0.08386,0.0998,0.0011,32,14.0,,,,,,,,,,,,,,
train,Brown Blight,Brown Blight/UNADJUSTEDNONRAW_thumb_130.jpg,0,21.18,0.3858,0.3977,0.12032,0.40653,0.29547,0.0979,0.0017,22,16.5,,,,,,,,,,,,,,
train,Brown Blight,Brown Blight/UNADJUSTEDNONRAW_thumb_131.jpg,0,37.57,0.3305,0.5374,0.01937,0.4615,0.04185,0.2541,0.0031,23,6.0,,,,,,,,,,,,,,
train,Brown Blight,Brown Blight/UNADJUSTEDNONRAW_thumb_133.jpg,0,29.22,0.2537,0.5927,0.02386,0.22766,0.10444,0.0568,0.0033,15,12.0,,,,,,,,,,,,,,
train,Brown Blight,Brown Blight/UNADJUSTEDNONRAW_thumb_135.jpg,0,16.36,0.3568,0.3508,0.09012,0.37875,0.23779,0.0655,0.0007,9,18.0,,,,,,,,,,,,,,
train,Brown Blight,Brown Blight/UNADJUSTEDNONRAW_thumb_136.jpg,0,19.59,0.3104,0.3416,0.05523,0.24715,0.22321,0.1563,0.0011,20,11.5,,,,,,,,,,,,,,
train,Brown Blight,Brown Blight/UNADJUSTEDNONRAW_thumb_137.jpg,0,23.42,0.3706,0.3799,0.06583,0.13841,0.47444,0.0802,0.0024,5,11.0,,,,,,,,,,,,,,
train,Brown Blight,Brown Blight/UNADJUSTEDNONRAW_thumb_138.jpg,0,40.68,0.3355,0.5428,0.0283,0.48595,0.05824,0.3077,0.0,42,10.0,,,,,,,,,,,,,,
train,Brown Blight,Brown Blight/UNADJUSTEDNONRAW_thumb_139.jpg,0,27.08,0.3342,0.4263,0.04992,0.42666,0.11697,0.1689,0.0004,29,6.0,,,,,,,,,,,,,,
train,Brown Blight,Brown Blight/UNADJUSTEDNONRAW_thumb_13b.jpg,0,37.52,0.401,0.4138,0.07689,0.45635,0.1656,0.135,0.0171,54,12.5,,,,,,,,,,,,,,
train,Brown Blight,Brown Blight/UNADJUSTEDNONRAW_thumb_13d.jpg,0,33.35,0.3301,0.5276,0.01086,0.48196,0.0225,0.1028,0.0018,12,9.5,,,,,,,,,,,,,,
train,Brown Blight,Brown Blight/UNADJUSTEDNONRAW_thumb_13e.jpg,0,16.29,0.3455,0.3819,0.08213,0.3907,0.21016,0.1235,0.0002,12,22.0,,,,,,,,,,,,,,
train,Brown Blight,Brown Blight/UNADJUSTEDNONRAW_thumb_140.jpg,0,39.24,0.2965,0.3394,0.03526,0.33277,0.09894,0.056,0.0661,23,37.0,,,,,,,,,,,,,,
train,Brown Blight,Brown Blight/UNADJUSTEDNONRAW_thumb_141.jpg,0,34.97,0.3645,0.4313,0.05431,0.23896,0.22711,0.2004,0.0007,44,11.5,,,,,,,,,,,,,,
train,Brown Blight,Brown Blight/UNADJUSTEDNONRAW_thumb_143.jpg,0,39.69,0.3329,0.3719,0.01748,0.39401,0.0438,0.2281,0.0125,35,10.0,,,,,,,,,,,,,,
train,Brown Blight,Brown Blight/UNADJUSTEDNONRAW_thumb_145.jpg,0,-1.13,0.4094,0.2844,0.0621,0.10969,0.56541,0.1085,0.0013,3,25.0,,,,,,,,,,,,,,
train,Brown Blight,Brown Blight/UNADJUSTEDNONRAW_thumb_146.jpg,0,15.4,0.3468,0.3893,0.10286,0.47788,0.21286,0.0229,0.011,15,9.0,,,,,,,,,,,,,,
train,Brown Blight,Brown Blight/UNADJUSTEDNONRAW_thumb_147.jpg,0,21.59,0.4194,0.5152,0.26417,0.39057,0.50191,0.1801,0.2579,33,13.0,,,,,,,,,,,,,,
train,Brown Blight,Brown Blight/UNADJUSTEDNONRAW_thumb_148.jpg,0,22.5,0.3961,0.4154,0.19962,0.46735,0.42021,0.2414,0.0162,35,15.0,,,,,,,,,,,,,,
train,Brown Blight,Brown Blight/UNADJUSTEDNONRAW_thumb_14a.jpg,0,32.1,0.2872,0.4245,0.02876,0.41014,0.07002,0.2827,0.0014,9,17.0,,,,,,,,,,,,,,
train,Brown Blight,Brown Blight/UNADJUSTEDNONRAW_thumb_14b.jpg,0,34.9,0.3242,0.5586,0.32631,0.68483,0.4764,0.0533,0.0002,39,10.0,,,,,,,,,,,,,,
train,Brown Blight,Brown Blight/UNADJUSTEDNONRAW_thumb_14c.jpg,0,35.02,0.2583,0.5038,0.03821,0.26463,0.1443,0.0574,0.0005,13,7.0,,,,,,,,,,,,,,
train,Brown Blight,Brown Blight/UNADJUSTEDNONRAW_thumb_14d.jpg,0,16.4,0.2676,0.3144,0.02549,0.40663,0.06264,0.0297,0.0008,9,6.0,,,,,,,,,,,,,,
train,Brown Blight,Brown Blight/UNADJUSTEDNONRAW_thumb_14e.jpg,0,13.52,0.3352,0.343,0.07081,0.35776,0.19787,0.0571,0.0003,7,38.0,,,,,,,,,,,,,,
train,Brown Blight,Brown Blight/UNADJUSTEDNONRAW_thumb_14f.jpg,0,28.08,0.3691,0.5217,0.03544,0.46674,0.07592,0.1445,0.0,3,294.0,,,,,,,,,,,,,,
train,Brown Blight,Brown Blight/UNADJUSTEDNONRAW_thumb_150.jpg,0,28.79,0.3977,0.2848,0.07414,0.36543,0.10318,0.0255,0.4914,23,9.0,,,,,,,,,,,,,,
train,Brown Blight,Brown Blight/UNADJUSTEDNONRAW_thumb_152.jpg,0,37.35,0.3562,0.4524,0.06425,0.33524,0.19042,0.2481,0.0065,50,11.5,,,,,,,,,,,,,,
train,Brown Blight,Brown Blight/UNADJUSTEDNONRAW_thumb_153.jpg,0,39.87,0.3554,0.5065,0.02866,0.46588,0.06134,0.2573,0.0028,27,13.0,,,,,,,,,,,,,,
train,Brown Blight,Brown Blight/UNADJUSTEDNONRAW_thumb_154.jpg,0,15.59,0.4241,0.4568,0.05331,0.53428,0.09978,0.08,0.0,5,9.0,,,,,,,,,,,,,,
train,Brown Blight,Brown Blight/UNADJUSTEDNONRAW_thumb_155.jpg,0,29.95,0.4665,0.3624,0.06866,0.24568,0.27939,0.0531,0.0003,10,7.0,,,,,,,,,,,,,,
train,Brown Blight,Brown Blight/UNADJUSTEDNONRAW_thumb_156.jpg,0,41.1,0.3122,0.4048,0.00943,0.33494,0.02791,0.3298,0.0085,25,10.0,,,,,,,,,,,,,,
train,Brown Blight,Brown Blight/UNADJUSTEDNONRAW_thumb_157.jpg,0,36.82,0.3861,0.4114,0.01198,0.43842,0.02728,0.3078,0.0017,4,69.0,,,,,,,,,,,,,,
train,Brown Blight,Brown Blight/UNADJUSTEDNONRAW_thumb_159.jpg,0,18.96,0.4784,0.3622,0.2394,0.59656,0.4012,0.0498,0.0002,26,9.0,,,,,,,,,,,,,,
train,Brown Blight,Brown Blight/UNADJUSTEDNONRAW_thumb_15a.jpg,0,42.01,0.3155,0.5141,0.01427,0.47923,0.02961,0.3659,0.0056,35,11.0,,,,,,,,,,,,,,
train,Brown Blight,Brown Blight/UNADJUSTEDNONRAW_thumb_15b.jpg,0,30.86,0.3856,0.4833,0.05006,0.54456,0.09164,0.1549,0.0032,13,5.0,,,,,,,,,,,,,,
train,Brown Blight,Brown Blight/UNADJUSTEDNONRAW_thumb_15d.jpg,0,24.78,0.2913,0.4512,0.04504,0.50708,0.08883,0.1659,0.0,27,7.0,,,,,,,,,,,,,,
train,Brown Blight,Brown Blight/UNADJUSTEDNONRAW_thumb_160.jpg,0,15.84,0.3141,0.3598,0.05497,0.25112,0.21881,0.107,0.0004,11,6.0,,,,,,,,,,,,,,
train,Brown Blight,Brown Blight/UNADJUSTEDNONRAW_thumb_162.jpg,0,37.1,0.3273,0.4804,0.01359,0.25654,0.05221,0.3842,0.0147,28,10.0,,,,,,,,,,,,,,
train,Brown Blight,Brown Blight/UNADJUSTEDNONRAW_thumb_163.jpg,0,40.4,0.358,0.5209,0.01913,0.41554,0.04576,0.5698,0.0063,19,29.0,,,,,,,,,,,,,,
train,Brown Blight,Brown Blight/UNADJUSTEDNONRAW_thumb_164.jpg,0,35.41,0.3345,0.4888,0.10381,0.54474,0.19006,0.1246,0.0027,47,19.0,,,,,,,,,,,,,,
train,Brown Blight,Brown Blight/UNADJUSTEDNONRAW_thumb_165.jpg,0,25.64,0.3346,0.4336,0.08078,0.4672,0.1726,0.1305,0.0017,31,17.0,,,,,,,,,,,,,,
train,Brown Blight,Brown Blight/UNADJUSTEDNONRAW_thumb_169.jpg,0,36.32,0.3536,0.4155,0.08693,0.40856,0.21229,0.1671,0.0023,44,13.5,,,,,,,,,,,,,,
train,Brown Blight,Brown Blight/UNADJUSTEDNONRAW_thumb_16a.jpg,0,39.92,0.3751,0.4222,0.06706,0.47457,0.14039,0.1287,0.0065,47,10.0,,,,,,,,,,,,,,
train,Brown Blight,Brown Blight/UNADJUSTEDNONRAW_thumb_16b.jpg,0,25.5,0.3465,0.4476,0.14238,0.50542,0.28095,0.1312,0.0027,49,15.0,,,,,,,,,,,,,,
train,Brown Blight,Brown Blight/UNADJUSTEDNONRAW_thumb_16c.jpg,0,25.66,0.3246,0.4189,0.06302,0.45753,0.13734,0.1575,0.0028,34,21.5,,,,,,,,,,,,,,
train,Brown Blight,Brown Blight/UNADJUSTEDNONRAW_thumb_16d.jpg,0,26.06,0.3291,0.4497,0.01778,0.24695,0.07191,0.1491,0.0011,4,35.5,,,,,,,,,,,,,,
train,Brown Blight,Brown Blight/UNADJUSTEDNONRAW_thumb_16e.jpg,0,42.37,0.4807,0.5047,0.08068,0.43335,0.18244,0.0573,0.02,50,11.0,,,,,,,,,,,,,,
train,Brown Blight,Brown Blight/UNADJUSTEDNONRAW_thumb_170.jpg,0,34.95,0.3156,0.5115,0.07049,0.50359,0.13958,0.1456,0.0028,36,11.5,,,,,,,,,,,,,,
train,Brown Blight,Brown Blight/UNADJUSTEDNONRAW_thumb_171.jpg,0,39.27,0.4486,0.5075,0.01911,0.47806,0.03998,0.0136,0.0,8,41.0,,,,,,,,,,,,,,
train,Brown Blight,Brown Blight/brown_blight_00001.jpg,0,38.68,0.5182,0.4356,0.06625,0.23443,0.28156,0.1471,0.0036,41,28.0,,,,,,,,,,,,,,
train,Brown Blight,Brown Blight/brown_blight_00002.jpg,0,38.72,0.6315,0.3718,0.08677,0.30881,0.2797,0.152,0.0046,42,46.5,,,,,,,,,,,,,,
train,Brown Blight,Brown Blight/brown_blight_00004.jpg,0,37.81,0.4687,0.4339,0.04963,0.35979,0.13737,0.2305,0.004,39,24.0,,,,,,,,,,,,,,
train,Brown Blight,Brown Blight/brown_blight_00006.jpg,0,39.5,0.3869,0.5644,0.03538,0.53253,0.06602,0.2479,0.0062,52,14.0,,,,,,,,,,,,,,
train,Brown Blight,Brown Blight/brown_blight_00007.jpg,0,29.33,0.5258,0.4314,0.0908,0.14128,0.64128,0.1071,0.0022,12,15.5,,,,,,,,,,,,,,
train,Brown Blight,Brown Blight/brown_blight_00010.jpg,0,32.75,0.5086,0.4427,0.08177,0.23495,0.34744,0.0758,0.0017,23,14.0,,,,,,,,,,,,,,
train,Brown Blight,Brown Blight/brown_blight_00012.jpg,0,38.84,0.4852,0.4493,0.04642,0.26586,0.17406,0.2486,0.003,31,12.0,,,,,,,,,,,,,,
train,Brown Blight,Brown Blight/brown_blight_00013.jpg,0,39.9,0.5348,0.4145,0.03553,0.31912,0.11067,0.2142,0.0062,50,11.0,,,,,,,,,,,,,,
train,Brown Blight,Brown Blight/brown_blight_00015.jpg,0,27.07,0.5236,0.3395,0.05246,0.18377,0.28435,0.0585,0.0038,17,18.0,,,,,,,,,,,,,,
train,Brown Blight,Brown Blight/brown_blight_00016.jpg,0,34.11,0.4529,0.4148,0.01997,0.13477,0.14567,0.2944,0.017,19,9.0,,,,,,,,,,,,,,
train,Brown Blight,Brown Blight/brown_blight_00017.jpg,0,37.12,0.4469,0.448,0.01467,0.10888,0.13234,0.2772,0.0177,13,11.0,,,,,,,,,,,,,,
train,Brown Blight,Brown Blight/brown_blight_00018.jpg,0,36.13,0.4718,0.4559,0.02924,0.17034,0.16965,0.2454,0.0116,36,18.0,,,,,,,,,,,,,,
train,Brown Blight,Brown Blight/brown_blight_00020.jpg,0,37.69,0.6892,0.3827,0.13423,0.35067,0.38119,0.1321,0.0042,57,26.0,,,,,,,,,,,,,,
train,Brown Blight,Brown Blight/brown_blight_00021.jpg,0,39.71,0.4261,0.5467,0.02987,0.35174,0.08448,0.3102,0.0053,49,10.0,,,,,,,,,,,,,,
train,Brown Blight,Brown Blight/brown_blight_00022.jpg,0,40.7,0.6529,0.3278,0.07398,0.28669,0.25763,0.1455,0.0016,40,8.5,,,,,,,,,,,,,,
train,Brown Blight,Brown Blight/brown_blight_00023.jpg,0,37.79,0.6519,0.3973,0.09295,0.36675,0.25264,0.1707,0.0032,49,15.0,,,,,,,,,,,,,,
train,Brown Blight,Brown Blight/brown_blight_00024.jpg,0,37.28,0.5115,0.5022,0.07974,0.34303,0.23205,0.1637,0.0017,39,14.0,,,,,,,,,,,,,,
train,Brown Blight,Brown Blight/brown_blight_00026.jpg,0,32.8,0.6556,0.2974,0.12072,0.34377,0.35022,0.0941,0.0026,43,11.0,,,,,,,,,,,,,,
train,Brown Blight,Brown Blight/brown_blight_00027.jpg,0,33.53,0.3713,0.6207,0.08143,0.28155,0.28831,0.0957,0.0032,11,7.0,,,,,,,,,,,,,,
train,Brown Blight,Brown Blight/brown_blight_00029.jpg,0,33.97,0.4361,0.4666,0.03557,0.19902,0.17825,0.209,0.0028,32,11.0,,,,,,,,,,,,,,
train,Brown Blight,Brown Blight/brown_blight_00030.jpg,0,33.56,0.476,0.4068,0.04303,0.2337,0.18165,0.1881,0.0134,31,16.0,,,,,,,,,,,,,,
train,Brown Blight,Brown Blight/brown_blight_00033.jpg,0,38.32,0.5287,0.4266,0.06477,0.20458,0.31534,0.3046,0.004,18,16.5,,,,,,,,,,,,,,
train,Brown Blight,Brown Blight/brown_blight_00035.jpg,0,38.54,0.4786,0.494,0.03426,0.29353,0.11522,0.2618,0.0128,36,11.5,,,,,,,,,,,,,,
train,Brown Blight,Brown Blight/brown_blight_00036.jpg,0,37.73,0.4855,0.4903,0.02591,0.31318,0.08254,0.1008,0.0023,35,17.0,,,,,,,,,,,,,,
train,Brown Blight,Brown Blight/brown_blight_00037.jpg,0,31.14,0.4237,0.4693,0.06242,0.23948,0.26015,0.1054,0.0019,21,9.0,,,,,,,,,,,,,,
train,Brown Blight,Brown Blight/brown_blight_00038.jpg,0,20.27,0.5391,0.2862,0.13568,0.2662,0.50902,0.0845,0.0013,11,15.0,,,,,,,,,,,,,,
train,Brown Blight,Brown Blight/brown_blight_00039.jpg,0,37.48,0.5013,0.3638,0.04719,0.26543,0.17758,0.1313,0.0013,54,11.0,,,,,,,,,,,,,,
train,Brown Blight,Brown Blight/brown_blight_00042.jpg,0,31.82,0.6067,0.4177,0.06936,0.28049,0.24584,0.2086,0.0057,32,12.5,,,,,,,,,,,,,,
train,Brown Blight,Brown Blight/brown_blight_00043.jpg,0,23.84,0.4407,0.3544,0.07113,0.22917,0.31011,0.0504,0.0008,29,7.0,,,,,,,,,,,,,,
train,Brown Blight,Brown Blight/brown_blight_00044.jpg,0,34.14,0.7169,0.2201,0.05865,0.37596,0.15522,0.0476,0.0051,71,14.0,,,,,,,,,,,,,,
train,Brown Blight,Brown Blight/brown_blight_00045.jpg,0,31.67,0.6904,0.2688,0.02896,0.16584,0.17366,0.1893,0.0055,34,17.0,,,,,,,,,,,,,,
train,Brown Blight,Brown Blight/brown_blight_00046.jpg,0,35.81,0.5814,0.3423,0.02378,0.1923,0.12157,0.1551,0.0168,18,14.0,,,,,,,,,,,,,,
train,Brown Blight,Brown Blight/brown_blight_00047.jpg,0,24.28,0.467,0.4414,0.17259,0.28655,0.60203,0.0639,0.0005,6,14.5,,,,,,,,,,,,,,
train,Brown Blight,Brown Blight/brown_blight_00048.jpg,0,25.35,0.5593,0.4062,0.14417,0.24791,0.57955,0.0346,0.0035,10,7.5,,,,,,,,,,,,,,
train,Brown Blight,Brown Blight/brown_blight_00049.jpg,0,23.84,0.6242,0.3549,0.17211,0.2623,0.65474,0.0735,0.0022,7,14.0,,,,,,,,,,,,,,
train,Brown Blight,Brown Blight/brown_blight_00050.jpg,0,24.04,0.4896,0.405,0.14186,0.25805,0.54935,0.0867,0.0007,6,22.5,,,,,,,,,,,,,,
train,Brown Blight,Brown Blight/brown_blight_00051.jpg,0,36.96,0.4889,0.3327,0.03268,0.16562,0.19567,0.2152,0.0085,37,21.0,,,,,,,,,,,,,,
train,Brown Blight,Brown Blight/brown_blight_00052.jpg,0,37.94,0.4605,0.3307,0.02457,0.13544,0.18069,0.262,0.0041,34,20.5,,,,,,,,,,,,,,
train,Brown Blight,Brown Blight/brown_blight_00053.jpg,0,37.52,0.4937,0.3456,0.01937,0.14047,0.13507,0.3025,0.0206,20,12.5,,,,,,,,,,,,,,
train,Brown Blight,Brown Blight/brown_blight_00055.jpg,0,35.92,0.5045,0.3553,0.01278,0.14792,0.08529,0.1794,0.0125,21,16.0,,,,,,,,,,,,,,
train,Brown Blight,Brown Blight/brown_blight_00056.jpg,0,32.64,0.5233,0.3331,0.01509,0.16434,0.08986,0.2933,0.0211,25,15.0,,,,,,,,,,,,,,
train,Brown Blight,Brown Blight/brown_blight_00057.jpg,0,38.47,0.488,0.2651,0.01343,0.08281,0.16221,0.181,0.0,17,12.0,,,,,,,,,,,,,,
train,Brown Blight,Brown Blight/brown_blight_00058.jpg,0,39.68,0.5198,0.2935,0.01108,0.09006,0.12215,0.3651,0.0072,18,10.5,,,,,,,,,,,,,,
train,Brown Blight,Brown Blight/brown_blight_00059.jpg,0,26.84,0.46,0.5174,0.13935,0.33654,0.15658,0.096,0.6219,65,10.0,,,,,,,,,,,,,,
train,Brown Blight,Brown Blight/brown_blight_00061.jpg,0,25.0,0.4622,0.5004,0.0274,0.26846,0.10134,0.2611,0.0073,31,9.0,,,,,,,,,,,,,,
train,Brown Blight,Brown Blight/brown_blight_00063.jpg,0,12.7,0.4422,0.3778,0.03747,0.21046,0.17737,0.1691,0.0037,19,14.0,,,,,,,,,,,,,,
train,Brown Blight,Brown Blight/brown_blight_00065.jpg,0,32.95,0.5189,0.4534,0.02982,0.14796,0.19949,0.2881,0.01,26,14.0,,,,,,,,,,,,,,
train,Brown Blight,Brown Blight/brown_blight_00066.jpg,0,32.93,0.5463,0.4821,0.0448,0.18593,0.23797,0.3256,0.0125,43,12.0,,,,,,,,,,,,,,
train,Brown Blight,Brown Blight/brown_blight_00067.jpg,0,22.84,0.4956,0.4854,0.08578,0.28251,0.30187,0.1564,0.0058,25,13.0,,,,,,,,,,,,,,
train,Brown Blight,Brown Blight/brown_blight_00068.jpg,0,23.02,0.499,0.4884,0.08703,0.27657,0.31239,0.1546,0.0073,24,11.5,,,,,,,,,,,,,,
train,Brown Blight,Brown Blight/brown_blight_00069.jpg,0,20.45,0.5479,0.4614,0.06678,0.25056,0.26472,0.2175,0.0069,26,12.5,,,,,,,,,,,,,,
train,Brown Blight,Brown Blight/brown_blight_00070.jpg,0,20.39,0.551,0.4639,0.06732,0.25229,0.26471,0.2078,0.008,22,15.5,,,,,,,,,,,,,,
train,Brown Blight,Brown Blight/brown_blight_00071.jpg,0,38.41,0.388,0.3212,0.04434,0.93581,0.04702,0.151,0.0076,78,8.0,,,,,,,,,,,,,,
train,Brown Blight,Brown Blight/brown_blight_00073.jpg,0,41.97,0.3597,0.553,0.11069,0.96128,0.1148,0.2571,0.0031,54,9.5,,,,,,,,,,,,,,
train,Brown Blight,Brown Blight/brown_blight_00074.jpg,0,41.57,0.3797,0.5684,0.16143,0.6263,0.2569,0.1665,0.0033,56,8.5,,,,,,,,,,,,,,
train,Brown Blight,Brown Blight/brown_blight_00076.jpg,0,34.58,0.3499,0.3888,0.05206,0.83137,0.06158,0.1386,0.0165,65,8.0,,,,,,,,,,,,,,
train,Brown Blight,Brown Blight/brown_blight_00077.jpg,0,35.41,0.3965,0.3849,0.0411,0.76977,0.05315,0.2134,0.0044,44,11.0,,,,,,,,,,,,,,
train,Brown Blight,Brown Blight/brown_blight_00081.jpg,0,34.38,0.3539,0.537,0.03175,0.11352,0.25246,0.1965,0.0973,26,16.5,,,,,,,,,,,,,,
train,Brown Blight,Brown Blight/brown_blight_00082.jpg,0,40.32,0.6058,0.4022,0.01144,0.10128,0.11295,0.2125,0.0,12,10.5,,,,,,,,,,,,,,
train,Brown Blight,Brown Blight/brown_blight_00083.jpg,0,41.04,0.646,0.4256,0.01853,0.13483,0.13732,0.1957,0.0011,16,15.0,,,,,,,,,,,,,,
train,Brown Blight,Brown Blight/brown_blight_00084.jpg,0,40.16,0.5926,0.3801,0.01268,0.12655,0.10016,0.2248,0.0,16,11.5,,,,,,,,,,,,,,
train,Brown Blight,Brown Blight/brown_blight_00085.jpg,0,39.72,0.6882,0.3648,0.02734,0.15119,0.18046,0.1669,0.0022,36,9.0,,,,,,,,,,,,,,
train,Brown Blight,Brown Blight/brown_blight_00086.jpg,0,40.08,0.6325,0.4199,0.0282,0.17124,0.16434,0.1774,0.0021,37,11.0,,,,,,,,,,,,,,
train,Brown Blight,Brown Blight/brown_blight_00089.jpg,0,37.07,0.4228,0.3536,0.06047,0.99916,0.06052,0.1612,0.0,63,9.0,,,,,,,,,,,,,,
train,Brown Blight,Brown Blight/brown_blight_00091.jpg,0,39.72,0.39,0.464,0.04588,0.99524,0.04596,0.162,0.003,27,21.0,,,,,,,,,,,,,,
train,Brown Blight,Brown Blight/brown_blight_00092.jpg,0,39.7,0.3931,0.4594,0.04572,0.99336,0.0459,0.1752,0.0026,28,13.0,,,,,,,,,,,,,,
train,Brown Blight,Brown Blight/brown_blight_00093.jpg,0,38.81,0.4795,0.3041,0.04787,0.43248,0.11055,0.097,0.0012,42,12.0,,,,,,,,,,,,,,
train,Brown Blight,Brown Blight/brown_blight_00094.jpg,0,33.04,0.4368,0.2875,0.05931,0.43208,0.13699,0.168,0.002,73,9.0,,,,,,,,,,,,,,
train,Brown Blight,Brown Blight/brown_blight_00095.jpg,0,32.89,0.4344,0.2888,0.05857,0.432,0.1354,0.1654,0.0014,72,9.0,,,,,,,,,,,,,,
train,Brown Blight,Brown Blight/brown_blight_00099.jpg,0,37.74,0.5021,0.2991,0.04096,0.35938,0.11385,0.1873,0.001,48,12.5,,,,,,,,,,,,,,
train,Brown Blight,Brown Blight/brown_blight_00100.jpg,0,41.58,0.518,0.4094,0.1076,0.34825,0.3084,0.1558,0.0019,62,16.5,,,,,,,,,,,,,,
train,Brown Blight,Brown Blight/brown_blight_00101.jpg,0,36.66,0.3561,0.4294,0.10896,0.38851,0.28045,0.0935,0.0,59,10.0,,,,,,,,,,,,,,
train,Brown Blight,Brown Blight/brown_blight_00102.jpg,0,36.32,0.3524,0.4331,0.10836,0.38704,0.27997,0.0931,0.0,57,11.0,,,,,,,,,,,,,,
train,Brown Blight,Brown Blight/brown_blight_00103.jpg,0,40.1,0.5009,0.4243,0.09983,0.30042,0.33183,0.0731,0.0014,46,26.5,,,,,,,,,,,,,,
train,Brown Blight,Brown Blight/brown_blight_00106.jpg,0,38.36,0.4119,0.3176,0.04757,0.48067,0.09881,0.1056,0.0017,96,12.5,,,,,,,,,,,,,,
train,Brown Blight,Brown Blight/brown_blight_00107.jpg,0,38.28,0.3942,0.2988,0.04078,0.44557,0.09143,0.1193,0.001,100,10.5,,,,,,,,,,,,,,
train,Brown Blight,Brown Blight/brown_blight_00109.jpg,0,40.56,0.4519,0.3046,0.02597,0.36029,0.07158,0.132,0.0069,31,15.0,,,,,,,,,,,,,,
train,Brown Blight,Brown Blight/brown_blight_00111.jpg,0,38.21,0.5258,0.2752,0.00965,0.32199,0.02971,0.2045,0.0083,19,16.0,,,,,,,,,,,,,,
train,Brown Blight,Brown Blight/brown_blight_00113.jpg,0,33.72,0.5852,0.2516,0.02635,0.38369,0.0683,0.236,0.0053,35,10.0,,,,,,,,,,,,,,
train,Brown Blight,Brown Blight/brown_blight_00116.jpg,0,37.69,0.5258,0.3065,0.03217,0.51915,0.06181,0.1493,0.0025,46,18.5,,,,,,,,,,,,,,
train,Brown Blight,Brown Blight/brown_blight_00117.jpg,0,36.92,0.5233,0.3675,0.17718,0.47399,0.37165,0.0645,0.0057,45,23.0,,,,,,,,,,,,,,
train,Brown Blight,Brown Blight/brown_blight_00118.jpg,0,38.11,0.5178,0.3693,0.17162,0.46995,0.36408,0.0603,0.003,42,32.5,,,,,,,,,,,,,,
train,Brown Blight,Brown Blight/brown_blight_00120.jpg,0,40.46,0.442,0.3081,0.04309,0.31025,0.13882,0.1647,0.0005,54,10.0,,,,,,,,,,,,,,
train,Brown Blight,Brown Blight/brown_blight_00121.jpg,0,36.73,0.5013,0.3213,0.0127,0.23697,0.05324,0.4035,0.0063,16,9.0,,,,,,,,,,,,,,
train,Brown Blight,Brown Blight/brown_blight_00122.jpg,0,37.61,0.5004,0.3223,0.01305,0.23719,0.05495,0.3985,0.0015,13,14.0,,,,,,,,,,,,,,
train,Brown Blight,Brown Blight/brown_blight_00124.jpg,0,38.31,0.5813,0.2761,0.057,0.38632,0.14744,0.1413,0.0007,80,14.0,,,,,,,,,,,,,,
train,Brown Blight,Brown Blight/brown_blight_00125.jpg,0,38.33,0.5766,0.276,0.05461,0.36691,0.14878,0.1482,0.0004,74,14.0,,,,,,,,,,,,,,
train,Brown Blight,Brown Blight/brown_blight_00126.jpg,0,39.79,0.5571,0.2974,0.0354,0.36179,0.09767,0.2404,0.0017,30,13.0,,,,,,,,,,,,,,
train,Brown Blight,Brown Blight/brown_blight_00128.jpg,0,39.27,0.547,0.3053,0.03089,0.22852,0.13501,0.1226,0.0013,63,11.0,,,,,,,,,,,,,,
train,Brown Blight,Brown Blight/brown_blight_00129.jpg,0,36.14,0.527,0.3972,0.1408,0.32856,0.42848,0.0849,0.0001,37,22.0,,,,,,,,,,,,,,
train,Brown Blight,Brown Blight/brown_blight_00130.jpg,0,34.66,0.6059,0.3419,0.11832,0.329,0.35958,0.0857,0.0002,44,8.0,,,,,,,,,,,,,,
train,Brown Blight,Brown Blight/brown_blight_00131.jpg,0,36.49,0.563,0.368,0.0912,0.29444,0.30973,0.0907,0.0,33,15.0,,,,,,,,,,,,,,
train,Brown Blight,Brown Blight/brown_blight_00132.jpg,0,37.71,0.5541,0.4008,0.07848,0.20841,0.37305,0.1519,0.0094,32,33.0,,,,,,,,,,,,,,
train,Brown Blight,Brown Blight/brown_blight_00133.jpg,0,36.15,0.5345,0.2717,0.01923,0.23489,0.08188,0.1326,0.0,32,20.5,,,,,,,,,,,,,,
train,Brown Blight,Brown Blight/brown_blight_00134.jpg,0,35.6,0.5042,0.277,0.02318,0.26497,0.0874,0.1711,0.0009,39,16.0,,,,,,,,,,,,,,
train,Brown Blight,Brown Blight/brown_blight_00138.jpg,0,21.93,0.6097,0.2314,0.12964,0.26391,0.49094,0.1194,0.0006,20,9.5,,,,,,,,,,,,,,
train,Brown Blight,Brown Blight/brown_blight_00140.jpg,0,29.29,0.5222,0.2327,0.03836,0.29098,0.13062,0.1735,0.0094,18,9.5,,,,,,,,,,,,,,
train,Brown Blight,Brown Blight/brown_blight_00141.jpg,0,28.4,0.4547,0.2441,0.03709,0.31593,0.11588,0.2837,0.0129,27,8.0,,,,,,,,,,,,,,
train,Brown Blight,Brown Blight/brown_blight_00142.jpg,0,33.9,0.4,0.2844,0.04094,0.24605,0.1654,0.1319,0.0058,17,29.0,,,,,,,,,,,,,,
train,Brown Blight,Brown Blight/brown_blight_00144.jpg,0,34.73,0.6642,0.2392,0.03709,0.27266,0.13595,0.1693,0.0005,27,30.0,,,,,,,,,,,,,,
train,Brown Blight,Brown Blight/brown_blight_00145.jpg,0,36.67,0.627,0.2598,0.03635,0.1935,0.17891,0.1261,0.0477,30,20.5,,,,,,,,,,,,,,
train,Brown Blight,Brown Blight/brown_blight_00149.jpg,0,30.28,0.5479,0.2597,0.06043,0.20143,0.2994,0.0745,0.002,16,19.5,,,,,,,,,,,,,,
train,Brown Blight,Brown Blight/brown_blight_00150.jpg,0,30.3,0.5603,0.2622,0.04648,0.14431,0.32205,0.1441,0.0,16,23.0,,,,,,,,,,,,,,
train,Brown Blight,Brown Blight/brown_blight_00151.jpg,0,32.52,0.4921,0.3361,0.06248,0.19444,0.32103,0.1305,0.001,14,53.5,,,,,,,,,,,,,,
train,Brown Blight,Brown Blight/brown_blight_00152.jpg,0,31.38,0.5365,0.2484,0.11892,0.34477,0.34464,0.0706,0.0008,31,15.0,,,,,,,,,,,,,,
train,Brown Blight,Brown Blight/brown_blight_00154.jpg,0,30.39,0.498,0.2786,0.09122,0.33068,0.27507,0.1346,0.0028,23,16.0,,,,,,,,,,,,,,
train,Brown Blight,Brown Blight/brown_blight_00158.jpg,0,33.31,0.4959,0.319,0.07115,0.19814,0.35607,0.1739,0.0084,25,13.0,,,,,,,,,,,,,,
train,Brown Blight,Brown Blight/brown_blight_00159.jpg,0,32.13,0.5033,0.317,0.07376,0.26401,0.27803,0.1954,0.0049,35,12.0,,,,,,,,,,,,,,
train,Brown Blight,Brown Blight/brown_blight_00160.jpg,0,36.07,0.4975,0.3511,0.05869,0.16253,0.3588,0.255,0.0065,17,14.0,,,,,,,,,,,,,,
train,Brown Blight,Brown Blight/brown_blight_00161.jpg,0,41.33,0.6082,0.3623,0.02541,0.19003,0.13235,0.2675,0.0102,34,14.0,,,,,,,,,,,,,,
train,Brown Blight,Brown Blight/brown_blight_00162.jpg,0,40.26,0.4627,0.2969,0.03452,0.21084,0.16296,0.1357,0.0046,32,14.5,,,,,,,,,,,,,,
train,Brown Blight,Brown Blight/brown_blight_00164.jpg,0,37.75,0.5262,0.2995,0.03518,0.11131,0.31585,0.1875,0.0006,22,8.0,,,,,,,,,,,,,,
train,Brown Blight,Brown Blight/brown_blight_00165.jpg,0,38.33,0.5318,0.3079,0.03306,0.1019,0.32408,0.1802,0.0012,19,17.0,,,,,,,,,,,,,,
train,Brown Blight,Brown Blight/brown_blight_00166.jpg,0,29.19,0.506,0.2327,0.04604,0.10563,0.43491,0.1983,0.0022,31,9.0,,,,,,,,,,,,,,
train,Brown Blight,Brown Blight/brown_blight_00167.jpg,0,35.76,0.5868,0.275,0.06238,0.11205,0.55603,0.155,0.0013,11,23.0,,,,,,,,,,,,,,
train,Brown Blight,Brown Blight/brown_blight_00168.jpg,0,40.04,0.4362,0.375,0.03894,0.14234,0.27303,0.1182,0.002,11,20.0,,,,,,,,,,,,,,
train,Brown Blight,Brown Blight/brown_blight_00169.jpg,0,34.13,0.5927,0.24,0.07621,0.14471,0.52445,0.1723,0.0042,19,16.0,,,,,,,,,,,,,,
train,Brown Blight,Brown Blight/brown_blight_00170.jpg,0,40.37,0.4365,0.3747,0.03739,0.13983,0.26682,0.1162,0.0021,11,25.0,,,,,,,,,,,,,,
train,Brown Blight,Brown Blight/brown_blight_00174.jpg,0,38.27,0.6065,0.3194,0.08117,0.24263,0.33374,0.1596,0.0025,22,14.0,,,,,,,,,,,,,,
train,Brown Blight,Brown Blight/brown_blight_00175.jpg,0,37.08,0.5836,0.3134,0.12085,0.37711,0.31984,0.1412,0.002,35,18.0,,,,,,,,,,,,,,
train,Brown Blight,Brown Blight/brown_blight_00176.jpg,0,36.92,0.5597,0.3509,0.12518,0.29397,0.42502,0.1274,0.0019,76,8.5,,,,,,,,,,,,,,
train,Brown Blight,Brown Blight/brown_blight_00177.jpg,0,36.75,0.5353,0.3474,0.13329,0.3306,0.40264,0.1201,0.0013,81,9.0,,,,,,,,,,,,,,
train,Brown Blight,Brown Blight/brown_blight_00179.jpg,0,32.01,0.496,0.3519,0.0337,0.17341,0.19389,0.162,0.0024,23,10.0,,,,,,,,,,,,,,
train,Brown Blight,Brown Blight/brown_blight_00180.jpg,0,38.45,0.4625,0.4252,0.01999,0.12632,0.15667,0.2353,0.01,21,7.0,,,,,,,,,,,,,,
train,Brown Blight,Brown Blight/brown_blight_00181.jpg,0,37.47,0.4731,0.4246,0.02505,0.15778,0.15726,0.2148,0.0095,25,9.0,,,,,,,,,,,,,,
train,Brown Blight,Brown Blight/brown_blight_00182.jpg,0,32.87,0.4661,0.2554,0.04129,0.32326,0.1275,0.1438,0.0019,21,7.0,,,,,,,,,,,,,,
train,Brown Blight,Brown Blight/brown_blight_00183.jpg,0,32.99,0.4073,0.2932,0.06081,0.40737,0.14907,0.1226,0.0013,25,9.0,,,,,,,,,,,,,,
train,Brown Blight,Brown Blight/brown_blight_00186.jpg,0,32.91,0.5183,0.2781,0.08962,0.2793,0.32039,0.0698,0.0016,31,21.0,,,,,,,,,,,,,,
train,Brown Blight,Brown Blight/brown_blight_00188.jpg,0,37.42,0.4927,0.3568,0.05768,0.34122,0.16892,0.1572,0.0007,20,12.0,,,,,,,,,,,,,,
train,Brown Blight,Brown Blight/brown_blight_00189.jpg,0,38.44,0.539,0.3749,0.06866,0.43373,0.15811,0.1739,0.0012,66,10.0,,,,,,,,,,,,,,
train,Brown Blight,Brown Blight/brown_blight_00191.jpg,0,37.42,0.6206,0.3158,0.08488,0.3176,0.26688,0.1857,0.0014,66,13.5,,,,,,,,,,,,,,
train,Brown Blight,Brown Blight/brown_blight_00192.jpg,0,41.14,0.6263,0.3458,0.07894,0.34279,0.22971,0.175,0.0025,62,9.5,,,,,,,,,,,,,,
train,Brown Blight,Brown Blight/brown_blight_00193.jpg,0,29.81,0.54,0.2543,0.11141,0.29078,0.38286,0.051,0.0007,31,15.0,,,,,,,,,,,,,,
train,Brown Blight,Brown Blight/brown_blight_00195.jpg,0,36.4,0.5385,0.4066,0.06806,0.21512,0.31638,0.1362,0.0,19,13.0,,,,,,,,,,,,,,
train,Brown Blight,Brown Blight/brown_blight_00197.jpg,0,24.6,0.4388,0.2401,0.08508,0.27756,0.30624,0.0248,0.0009,19,8.0,,,,,,,,,,,,,,
train,Brown Blight,Brown Blight/brown_blight_00198.jpg,0,36.78,0.4986,0.4116,0.07611,0.22553,0.33696,0.1351,0.0016,23,9.0,,,,,,,,,,,,,,
train,Brown Blight,Brown Blight/brown_blight_00199.jpg,0,30.9,0.5841,0.3521,0.1487,0.20301,0.7314,0.1209,0.0015,11,12.0,,,,,,,,,,,,,,
train,Brown Blight,Brown Blight/brown_blight_00201.jpg,0,34.28,0.5499,0.4495,0.14507,0.20396,0.71087,0.1154,0.0005,8,9.5,,,,,,,,,,,,,,
train,Brown Blight,Brown Blight/brown_blight_00202.jpg,0,34.23,0.5501,0.4467,0.1429,0.20267,0.70489,0.1127,0.0003,7,10.0,,,,,,,,,,,,,,
train,Brown Blight,Brown Blight/brown_blight_00207.jpg,0,40.05,0.4862,0.2693,0.02828,0.27491,0.10062,0.1494,0.0218,47,10.0,,,,,,,,,,,,,,
train,Brown Blight,Brown Blight/brown_blight_00208.jpg,0,42.57,0.578,0.269,0.01814,0.22547,0.07823,0.2714,0.0275,41,11.0,,,,,,,,,,,,,,
train,Brown Blight,Brown Blight/brown_blight_00209.jpg,0,40.67,0.5498,0.2526,0.01847,0.22477,0.07688,0.1909,0.0647,35,11.0,,,,,,,,,,,,,,
train,Brown Blight,Brown Blight/brown_blight_00210.jpg,0,42.52,0.4198,0.3944,0.01192,0.14355,0.08205,0.393,0.0117,17,8.0,,,,,,,,,,,,,,
train,Brown Blight,Brown Blight/brown_blight_00213.jpg,0,41.12,0.5302,0.4181,0.03143,0.1429,0.21939,0.1294,0.0025,46,13.0,,,,,,,,,,,,,,
train,Brown Blight,Brown Blight/brown_blight_00214.jpg,0,40.19,0.5418,0.2882,0.01965,0.24412,0.07919,0.2302,0.0162,24,22.5,,,,,,,,,,,,,,
train,Brown Blight,Brown Blight/brown_blight_00215.jpg,0,40.39,0.4538,0.321,0.07169,0.26832,0.26629,0.0414,0.0033,41,20.0,,,,,,,,,,,,,,
train,Brown Blight,Brown Blight/brown_blight_00217.jpg,0,35.71,0.4925,0.2509,0.02491,0.25664,0.09599,0.208,0.0112,39,10.0,,,,,,,,,,,,,,
train,Brown Blight,Brown Blight/brown_blight_00218.jpg,0,34.06,0.5466,0.2194,0.02974,0.31087,0.09514,0.246,0.0054,51,12.0,,,,,,,,,,,,,,
train,Brown Blight,Brown Blight/brown_blight_00219.jpg,0,34.33,0.5478,0.2229,0.02856,0.26782,0.1056,0.298,0.0098,58,9.0,,,,,,,,,,,,,,
train,Brown Blight,Brown Blight/brown_blight_00220.jpg,0,33.72,0.5353,0.2241,0.03099,0.29695,0.10349,0.2637,0.0084,51,8.0,,,,,,,,,,,,,,
train,Brown Blight,Brown Blight/brown_blight_00223.jpg,0,34.98,0.3882,0.3029,0.04612,0.17275,0.25531,0.1223,0.0436,16,36.0,,,,,,,,,,,,,,
train,Brown Blight,Brown Blight/brown_blight_00224.jpg,0,35.18,0.5364,0.2583,0.0292,0.16867,0.17287,0.2109,0.0014,19,18.0,,,,,,,,,,,,,,
train,Brown Blight,Brown Blight/brown_blight_00225.jpg,0,32.48,0.5196,0.211,0.04345,0.20731,0.20909,0.1615,0.0023,30,11.5,,,,,,,,,,,,,,
train,Brown Blight,Brown Blight/brown_blight_00226.jpg,0,33.31,0.4554,0.3224,0.07001,0.20667,0.31495,0.1352,0.0703,29,10.0,,,,,,,,,,,,,,
train,Brown Blight,Brown Blight/brown_blight_00228.jpg,0,29.43,0.5782,0.2702,0.07171,0.19368,0.36149,0.132,0.0236,26,19.0,,,,,,,,,,,,,,
train,Brown Blight,Brown Blight/brown_blight_00229.jpg,0,28.83,0.5582,0.2646,0.06386,0.17445,0.35919,0.1286,0.0187,20,13.5,,,,,,,,,,,,,,
train,Brown Blight,Brown Blight/brown_blight_00230.jpg,0,26.76,0.5359,0.3086,0.06453,0.19964,0.32295,0.0377,0.0009,7,7.0,,,,,,,,,,,,,,
train,Brown Blight,Brown Blight/brown_blight_00231.jpg,0,24.96,0.5087,0.2994,0.06326,0.20089,0.31429,0.074,0.0019,8,9.0,,,,,,,,,,,,,,
train,Brown Blight,Brown Blight/brown_blight_00232.jpg,0,31.98,0.5766,0.3676,0.06356,0.19976,0.31757,0.0593,0.0019,8,6.0,,,,,,,,,,,,,,
train,Brown Blight,Brown Blight/brown_blight_00233.jpg,0,31.01,0.5825,0.3568,0.06348,0.20057,0.31598,0.0496,0.0016,5,7.0,,,,,,,,,,,,,,
train,Brown Blight,Brown Blight/brown_blight_00234.jpg,0,40.9,0.4675,0.2895,0.02577,0.16496,0.15525,0.2962,0.0062,20,21.0,,,,,,,,,,,,,,
train,Brown Blight,Brown Blight/brown_blight_00235.jpg,0,37.71,0.5652,0.2494,0.0159,0.13283,0.11898,0.0627,0.0063,12,7.5,,,,,,,,,,,,,,
train,Brown Blight,Brown Blight/brown_blight_00236.jpg,0,41.2,0.5219,0.2243,0.0101,0.14945,0.06708,0.1519,0.0079,23,8.0,,,,,,,,,,,,,,
train,Brown Blight,Brown Blight/brown_blight_00237.jpg,0,42.05,0.5276,0.2014,0.00853,0.13277,0.06394,0.1799,0.0047,25,7.0,,,,,,,,,,,,,,
train,Brown Blight,Brown Blight/brown_blight_00239.jpg,0,39.28,0.3953,0.35,0.01712,0.27091,0.05988,0.2014,0.0524,23,12.0,,,,,,,,,,,,,,
train,Brown Blight,Brown Blight/brown_blight_00240.jpg,0,35.23,0.4701,0.2766,0.01682,0.2832,0.05658,0.2844,0.0474,24,13.0,,,,,,,,,,,,,,
train,Brown Blight,Brown Blight/brown_blight_00241.jpg,0,36.94,0.4036,0.274,0.03063,0.29042,0.10225,0.1679,0.0306,27,11.0,,,,,,,,,,,,,,
train,Brown Blight,Brown Blight/brown_blight_00242.jpg,0,39.67,0.5479,0.2709,0.04112,0.31158,0.13151,0.1222,0.0034,57,10.0,,,,,,,,,,,,,,
train,Brown Blight,Brown Blight/brown_blight_00244.jpg,0,39.27,0.5608,0.2404,0.03876,0.30335,0.12555,0.1794,0.0175,47,9.0,,,,,,,,,,,,,,
train,Brown Blight,Brown Blight/brown_blight_00245.jpg,0,35.54,0.5273,0.2811,0.02954,0.28844,0.10226,0.0857,0.0013,36,13.0,,,,,,,,,,,,,,
train,Brown Blight,Brown Blight/brown_blight_00246.jpg,0,33.74,0.5739,0.2383,0.02531,0.20946,0.12055,0.2378,0.0024,31,12.0,,,,,,,,,,,,,,
train,Brown Blight,Brown Blight/brown_blight_00247.jpg,0,34.18,0.5322,0.2567,0.0229,0.24155,0.09455,0.2115,0.0026,38,10.0,,,,,,,,,,,,,,
train,Brown Blight,Brown Blight/brown_blight_00248.jpg,0,34.82,0.5238,0.253,0.04703,0.15165,0.30937,0.1691,0.0025,17,16.0,,,,,,,,,,,,,,
train,Brown Blight,Brown Blight/brown_blight_00249.jpg,0,36.92,0.5634,0.3381,0.02427,0.10631,0.22422,0.28,0.0181,16,18.0,,,,,,,,,,,,,,
train,Brown Blight,Brown Blight/brown_blight_00250.jpg,0,35.75,0.5707,0.3348,0.02537,0.10063,0.24856,0.3056,0.0141,17,11.0,,,,,,,,,,,,,,
train,Brown Blight,Brown Blight/brown_blight_00251.jpg,0,38.97,0.5356,0.2941,0.0184,0.09993,0.18329,0.4995,0.0043,17,29.0,,,,,,,,,,,,,,
train,Brown Blight,Brown Blight/brown_blight_00252.jpg,0,37.77,0.5405,0.2809,0.02704,0.13556,0.19891,0.3972,0.0029,16,27.5,,,,,,,,,,,,,,
train,Brown Blight,Brown Blight/brown_blight_00257.jpg,0,40.3,0.4993,0.3121,0.03886,0.20958,0.18505,0.2338,0.0021,19,46.0,,,,,,,,,,,,,,
train,Brown Blight,Brown Blight/brown_blight_00260.jpg,0,34.16,0.6122,0.2007,0.01309,0.13373,0.09672,0.1507,0.0122,17,27.0,,,,,,,,,,,,,,
train,Brown Blight,Brown Blight/brown_blight_00261.jpg,0,41.64,0.6337,0.2692,0.01303,0.11613,0.11086,0.3119,0.0122,25,10.0,,,,,,,,,,,,,,
train,Brown Blight,Brown Blight/brown_blight_00262.jpg,0,42.06,0.5426,0.2905,0.01301,0.10567,0.12184,0.3277,0.0107,22,16.0,,,,,,,,,,,,,,
train,Brown Blight,Brown Blight/brown_blight_00263.jpg,0,40.92,0.4081,0.2662,0.01395,0.30762,0.04412,0.1943,0.0271,20,10.5,,,,,,,,,,,,,,
train,Brown Blight,Brown Blight/brown_blight_00264.jpg,0,39.59,0.4502,0.2593,0.01048,0.22114,0.04632,0.3897,0.0228,16,13.5,,,,,,,,,,,,,,
train,Brown Blight,Brown Blight/brown_blight_00265.jpg,0,41.02,0.4364,0.2503,0.01038,0.27477,0.03779,0.2956,0.0,20,9.0,,,,,,,,,,,,,,
train,Brown Blight,Brown Blight/brown_blight_00267.jpg,0,38.88,0.4137,0.3041,0.04028,0.28117,0.14318,0.1341,0.0005,35,23.0,,,,,,,,,,,,,,
train,Brown Blight,Brown Blight/brown_blight_00268.jpg,0,34.63,0.4588,0.3371,0.02866,0.12231,0.21427,0.3401,0.0855,25,15.0,,,,,,,,,,,,,,
train,Brown Blight,Brown Blight/brown_blight_00270.jpg,0,35.79,0.4561,0.3641,0.01272,0.11521,0.10638,0.6191,0.0361,13,27.0,,,,,,,,,,,,,,
train,Brown Blight,Brown Blight/brown_blight_00271.jpg,0,35.86,0.4507,0.3641,0.01148,0.10656,0.10324,0.6285,0.0417,14,23.0,,,,,,,,,,,,,,
train,Brown Blight,Brown Blight/brown_blight_00272.jpg,0,35.65,0.5126,0.3111,0.05965,0.15073,0.39416,0.2302,0.004,21,8.0,,,,,,,,,,,,,,
train,Brown Blight,Brown Blight/brown_blight_00273.jpg,0,35.56,0.5057,0.3093,0.06547,0.16016,0.40791,0.2049,0.0021,23,13.0,,,,,,,,,,,,,,
train,Brown Blight,Brown Blight/brown_blight_00274.jpg,0,38.26,0.572,0.2877,0.03366,0.10164,0.3298,0.2765,0.0041,15,23.0,,,,,,,,,,,,,,
train,Brown Blight,Brown Blight/brown_blight_00275.jpg,0,38.13,0.5949,0.2749,0.0406,0.11651,0.34707,0.2499,0.0039,20,14.0,,,,,,,,,,,,,,
train,Brown Blight,Brown Blight/brown_blight_00276.jpg,0,41.07,0.4962,0.2855,0.017,0.32115,0.04859,0.1184,0.0821,36,10.0,,,,,,,,,,,,,,
train,Brown Blight,Brown Blight/brown_blight_00277.jpg,0,40.38,0.5151,0.2756,0.01754,0.26317,0.06369,0.1432,0.0443,43,7.0,,,,,,,,,,,,,,
train,Brown Blight,Brown Blight/brown_blight_00280.jpg,0,41.25,0.4384,0.318,0.0174,0.26851,0.06294,0.1707,0.0286,31,11.0,,,,,,,,,,,,,,
train,Brown Blight,Brown Blight/brown_blight_00281.jpg,0,35.34,0.5813,0.2818,0.0224,0.06585,0.33929,0.2482,0.0027,9,29.0,,,,,,,,,,,,,,
train,Brown Blight,Brown Blight/brown_blight_00282.jpg,0,34.71,0.5625,0.2782,0.02356,0.06918,0.33881,0.2301,0.0051,10,37.5,,,,,,,,,,,,,,
train,Brown Blight,Brown Blight/brown_blight_00283.jpg,0,29.46,0.4976,0.296,0.01792,0.05708,0.31355,0.2636,0.0011,9,13.0,,,,,,,,,,,,,,
train,Brown Blight,Brown Blight/brown_blight_00284.jpg,0,37.95,0.4691,0.2934,0.01333,0.15248,0.08666,0.2422,0.009,16,15.0,,,,,,,,,,,,,,
train,Brown Blight,Brown Blight/brown_blight_00285.jpg,0,38.1,0.4677,0.2959,0.0127,0.14822,0.08511,0.2684,0.0063,13,20.0,,,,,,,,,,,,,,
train,Brown Blight,Brown Blight/brown_blight_00286.jpg,0,36.71,0.4157,0.4048,0.01132,0.14965,0.07551,0.1303,0.0018,17,7.0,,,,,,,,,,,,,,
train,Brown Blight,Brown Blight/brown_blight_00287.jpg,0,40.64,0.3554,0.3906,0.01714,0.15525,0.11027,0.0721,0.0012,12,5.0,,,,,,,,,,,,,,
train,Brown Blight,Brown Blight/brown_blight_00288.jpg,0,36.5,0.4529,0.3158,0.0164,0.18959,0.08599,0.2224,0.0061,9,17.0,,,,,,,,,,,,,,
train,Brown Blight,Brown Blight/brown_blight_00289.jpg,0,36.54,0.4571,0.3109,0.0164,0.18862,0.08675,0.2211,0.0024,11,10.0,,,,,,,,,,,,,,
train,Brown Blight,Brown Blight/brown_blight_00290.jpg,0,27.68,0.4904,0.3075,0.06272,0.2167,0.2886,0.1296,0.0029,24,14.0,,,,,,,,,,,,,,
train,Brown Blight,Brown Blight/brown_blight_00291.jpg,0,26.7,0.5199,0.2638,0.07922,0.24488,0.3227,0.1064,0.0025,24,9.0,,,,,,,,,,,,,,
train,Brown Blight,Brown Blight/brown_blight_00292.jpg,0,37.88,0.5411,0.308,0.01566,0.19976,0.07762,0.2875,0.0102,19,9.0,,,,,,,,,,,,,,
train,Brown Blight,Brown Blight/brown_blight_00294.jpg,0,40.85,0.4911,0.3687,0.01531,0.22694,0.06718,0.2122,0.0039,11,35.0,,,,,,,,,,,,,,
train,Brown Blight,Brown Blight/brown_blight_00295.jpg,0,35.0,0.4954,0.2509,0.01772,0.21417,0.08143,0.2666,0.0157,21,15.0,,,,,,,,,,,,,,
train,Brown Blight,Brown Blight/brown_blight_00296.jpg,0,43.19,0.3902,0.4223,0.03286,0.33022,0.0982,0.2547,0.0133,32,25.5,,,,,,,,,,,,,,
train,Brown Blight,Brown Blight/brown_blight_00297.jpg,0,40.53,0.5083,0.3813,0.02886,0.41289,0.06932,0.105,0.0083,27,8.0,,,,,,,,,,,,,,
train,Brown Blight,Brown Blight/brown_blight_00298.jpg,0,41.17,0.4743,0.3778,0.03205,0.47987,0.0667,0.0951,0.0012,23,13.0,,,,,,,,,,,,,,
train,Brown Blight,Brown Blight/brown_blight_00299.jpg,0,39.24,0.5395,0.3803,0.02394,0.3413,0.06891,0.1307,0.0175,15,41.0,,,,,,,,,,,,,,
train,Brown Blight,Brown Blight/brown_blight_00300.jpg,0,38.86,0.5769,0.368,0.02218,0.38088,0.05824,0.1132,0.0,14,28.5,,,,,,,,,,,,,,
train,Brown Blight,Brown Blight/brown_blight_00301.jpg,0,36.2,0.5,0.2739,0.00757,0.08799,0.07928,0.3842,0.0789,26,6.5,,,,,,,,,,,,,,
train,Brown Blight,Brown Blight/brown_blight_00302.jpg,0,39.78,0.5354,0.2973,0.00797,0.08351,0.08998,0.3725,0.0575,17,7.0,,,,,,,,,,,,,,
train,Brown Blight,Brown Blight/brown_blight_00303.jpg,0,39.18,0.4538,0.3128,0.0113,0.08807,0.12469,0.4233,0.0282,17,13.0,,,,,,,,,,,,,,
train,Brown Blight,Brown Blight/brown_blight_00305.jpg,0,41.33,0.3531,0.3938,0.03304,0.28982,0.11401,0.1628,0.0,33,8.0,,,,,,,,,,,,,,
train,Brown Blight,Brown Blight/brown_blight_00306.jpg,0,40.37,0.4115,0.3708,0.04785,0.33584,0.14231,0.1991,0.0012,36,13.0,,,,,,,,,,,,,,
train,Brown Blight,Brown Blight/brown_blight_00307.jpg,0,40.59,0.4066,0.3799,0.05471,0.35961,0.15196,0.1738,0.0011,30,16.5,,,,,,,,,,,,,,
train,Brown Blight,Brown Blight/brown_blight_00308.jpg,0,39.69,0.415,0.2563,0.01505,0.18658,0.07765,0.3695,0.0371,30,11.5,,,,,,,,,,,,,,
train,Brown Blight,Brown Blight/brown_blight_00309.jpg,0,41.47,0.4518,0.3216,0.00777,0.05525,0.13672,0.3231,0.0282,21,7.0,,,,,,,,,,,,,,
train,Brown Blight,Brown Blight/brown_blight_00311.jpg,0,40.8,0.4957,0.4061,0.03898,0.19713,0.19007,0.1554,0.0389,18,23.5,,,,,,,,,,,,,,
train,Brown Blight,Brown Blight/brown_blight_00312.jpg,0,36.18,0.4708,0.4453,0.01684,0.21887,0.06948,0.4213,0.097,18,15.5,,,,,,,,,,,,,,
train,Brown Blight,Brown Blight/brown_blight_00313.jpg,0,39.11,0.422,0.3467,0.136,0.46044,0.29524,0.0558,0.0004,74,26.0,,,,,,,,,,,,,,
train,Brown Blight,Brown Blight/brown_blight_00315.jpg,0,38.72,0.446,0.4183,0.04295,0.40382,0.10626,0.0988,0.0009,43,12.0,,,,,,,,,,,,,,
train,Brown Blight,Brown Blight/brown_blight_00316.jpg,0,37.81,0.4818,0.3813,0.06954,0.51682,0.1342,0.104,0.0026,66,17.0,,,,,,,,,,,,,,
train,Brown Blight,Brown Blight/brown_blight_00317.jpg,0,23.05,0.4136,0.3125,0.05186,0.16693,0.30898,0.143,0.0054,10,8.0,,,,,,,,,,,,,,
train,Brown Blight,Brown Blight/brown_blight_00318.jpg,0,27.91,0.5925,0.359,0.06742,0.19248,0.34987,0.1236,0.0012,17,16.0,,,,,,,,,,,,,,
train,Brown Blight,Brown Blight/brown_blight_00320.jpg,0,35.93,0.5276,0.4724,0.03575,0.25512,0.13999,0.073,0.0011,15,33.0,,,,,,,,,,,,,,
train,Brown Blight,Brown Blight/brown_blight_00321.jpg,0,35.64,0.5203,0.4705,0.03569,0.27131,0.13142,0.0201,0.0011,14,29.5,,,,,,,,,,,,,,
train,Brown Blight,Brown Blight/brown_blight_00322.jpg,0,36.49,0.417,0.5132,0.03235,0.32434,0.09967,0.1953,0.0006,31,15.0,,,,,,,,,,,,,,
train,Brown Blight,Brown Blight/brown_blight_00324.jpg,0,38.46,0.585,0.3498,0.08588,0.34056,0.25211,0.1608,0.0002,104,15.0,,,,,,,,,,,,,,
train,Brown Blight,Brown Blight/brown_blight_00325.jpg,0,39.67,0.543,0.3642,0.08602,0.35934,0.23921,0.1478,0.0007,98,14.0,,,,,,,,,,,,,,
train,Brown Blight,Brown Blight/brown_blight_00326.jpg,0,39.74,0.5009,0.4066,0.04249,0.34261,0.12379,0.0976,0.0019,46,11.5,,,,,,,,,,,,,,
train,Brown Blight,Brown Blight/brown_blight_00328.jpg,0,40.32,0.5154,0.3674,0.02657,0.5118,0.05179,0.0308,0.0023,15,33.0,,,,,,,,,,,,,,
train,Brown Blight,Brown Blight/brown_blight_00329.jpg,0,40.17,0.5271,0.3809,0.11037,0.41522,0.26514,0.1316,0.0025,64,13.0,,,,,,,,,,,,,,
train,Brown Blight,Brown Blight/brown_blight_00330.jpg,0,41.52,0.559,0.3533,0.15097,0.57476,0.26228,0.0652,0.0015,169,12.0,,,,,,,,,,,,,,
train,Brown Blight,Brown Blight/brown_blight_00331.jpg,0,38.8,0.5484,0.3728,0.0619,0.5411,0.11389,0.0628,0.0045,67,14.0,,,,,,,,,,,,,,
train,Brown Blight,Brown Blight/brown_blight_00332.jpg,0,38.88,0.5475,0.3735,0.05656,0.61575,0.0914,0.1452,0.0049,62,16.0,,,,,,,,,,,,,,
train,Brown Blight,Brown Blight/brown_blight_00333.jpg,0,23.86,0.5481,0.379,0.08819,0.26774,0.32835,0.1458,0.0032,13,18.0,,,,,,,,,,,,,,
train,Brown Blight,Brown Blight/brown_blight_00340.jpg,0,37.7,0.5528,0.3923,0.02968,0.29253,0.0996,0.2848,0.0181,49,11.0,,,,,,,,,,,,,,
train,Brown Blight,Brown Blight/brown_blight_00341.jpg,0,40.03,0.5937,0.3358,0.06388,0.289,0.21826,0.1747,0.0125,48,19.5,,,,,,,,,,,,,,
train,Brown Blight,Brown Blight/brown_blight_00344.jpg,0,37.18,0.4888,0.3855,0.04267,0.28506,0.1478,0.3302,0.0126,44,14.5,,,,,,,,,,,,,,
train,Brown Blight,Brown Blight/brown_blight_00345.jpg,0,32.43,0.4146,0.4675,0.24789,0.55337,0.44781,0.0697,0.0003,25,39.0,,,,,,,,,,,,,,
train,Brown Blight,Brown Blight/brown_blight_00346.jpg,0,35.13,0.4834,0.457,0.2147,0.45968,0.46672,0.0712,0.0007,25,18.0,,,,,,,,,,,,,,
train,Brown Blight,Brown Blight/brown_blight_00349.jpg,0,36.16,0.5097,0.4847,0.06114,0.28267,0.21533,0.0854,0.0046,21,12.0,,,,,,,,,,,,,,
train,Brown Blight,Brown Blight/brown_blight_00350.jpg,0,35.35,0.5037,0.4552,0.00975,0.25731,0.03764,0.2699,0.0061,7,8.0,,,,,,,,,,,,,,
train,Brown Blight,Brown Blight/brown_blight_00351.jpg,0,35.13,0.4326,0.4958,0.0902,0.30891,0.29116,0.1452,0.0029,9,88.0,,,,,,,,,,,,,,
train,Brown Blight,Brown Blight/brown_blight_00352.jpg,0,36.57,0.5342,0.4267,0.12161,0.30961,0.39228,0.1067,0.0013,8,98.0,,,,,,,,,,,,,,
train,Brown Blight,Brown Blight/brown_blight_00353.jpg,0,40.72,0.4547,0.3494,0.01353,0.26991,0.04992,0.3152,0.0044,23,10.0,,,,,,,,,,,,,,
train,Brown Blight,Brown Blight/brown_blight_00355.jpg,0,37.55,0.5688,0.4568,0.04913,0.42652,0.11504,0.1063,0.0012,36,14.0,,,,,,,,,,,,,,
train,Brown Blight,Brown Blight/brown_blight_00356.jpg,0,35.1,0.4425,0.4674,0.01612,0.27248,0.05888,0.0989,0.0049,19,10.0,,,,,,,,,,,,,,
train,Brown Blight,Brown Blight/brown_blight_00357.jpg,0,35.69,0.5261,0.4188,0.01533,0.24444,0.06245,0.0507,0.0039,18,9.0,,,,,,,,,,,,,,
train,Brown Blight,Brown Blight/brown_blight_00358.jpg,0,40.54,0.5241,0.4305,0.0057,0.26377,0.02161,0.1608,0.0,12,8.0,,,,,,,,,,,,,,
train,Brown Blight,Brown Blight/brown_blight_00359.jpg,0,39.18,0.3913,0.43,0.01453,0.26507,0.05466,0.3045,0.0027,31,13.0,,,,,,,,,,,,,,
train,Brown Blight,Brown Blight/brown_blight_00363.jpg,0,37.05,0.4279,0.4128,0.05889,0.3875,0.15198,0.0883,0.0,82,14.5,,,,,,,,,,,,,,
train,Brown Blight,Brown Blight/brown_blight_00365.jpg,0,35.28,0.4303,0.3903,0.0692,0.34104,0.20284,0.1043,0.0003,71,17.0,,,,,,,,,,,,,,
train,Brown Blight,Brown Blight/brown_blight_00367.jpg,0,34.16,0.5488,0.4799,0.0442,0.33163,0.13317,0.1267,0.0009,12,8.5,,,,,,,,,,,,,,
train,Brown Blight,Brown Blight/brown_blight_00368.jpg,0,33.5,0.4788,0.3276,0.01391,0.22816,0.06053,0.0788,0.0072,9,14.0,,,,,,,,,,,,,,
train,Brown Blight,Brown Blight/brown_blight_00369.jpg,0,32.16,0.5365,0.2675,0.02047,0.25743,0.07873,0.0837,0.0097,9,16.0,,,,,,,,,,,,,,
train,Brown Blight,Brown Blight/brown_blight_00370.jpg,0,30.42,0.3574,0.4731,0.27246,0.55068,0.49444,0.0671,0.0007,20,34.5,,,,,,,,,,,,,,
train,Brown Blight,Brown Blight/brown_blight_00371.jpg,0,31.45,0.4528,0.4708,0.29173,0.55692,0.52312,0.0756,0.0014,21,32.0,,,,,,,,,,,,,,
train,Brown Blight,Brown Blight/brown_blight_00372.jpg,0,38.12,0.5822,0.3656,0.02822,0.23647,0.11673,0.1582,0.0219,17,26.0,,,,,,,,,,,,,,
train,Brown Blight,Brown Blight/brown_blight_00373.jpg,0,34.69,0.5767,0.3026,0.03763,0.24121,0.15492,0.1907,0.0069,22,21.5,,,,,,,,,,,,,,
train,Brown Blight,Brown Blight/brown_blight_00375.jpg,0,40.8,0.5544,0.357,0.02105,0.30299,0.06939,0.0701,0.0009,24,12.5,,,,,,,,,,,,,,
train,Brown Blight,Brown Blight/brown_blight_00376.jpg,0,39.37,0.5444,0.3547,0.0157,0.21893,0.07155,0.0787,0.0025,20,11.5,,,,,,,,,,,,,,
train,Brown Blight,Brown Blight/brown_blight_00377.jpg,0,38.26,0.4272,0.534,0.02573,0.2626,0.09578,0.1503,0.0225,24,23.0,,,,,,,,,,,,,,
train,Brown Blight,Brown Blight/brown_blight_00380.jpg,0,32.11,0.6167,0.4353,0.10027,0.40581,0.24659,0.13,0.002,25,22.0,,,,,,,,,,,,,,
train,Brown Blight,Brown Blight/brown_blight_00381.jpg,0,27.43,0.3621,0.495,0.0525,0.59263,0.07651,0.1811,0.1363,13,58.0,,,,,,,,,,,,,,
train,Brown Blight,Brown Blight/brown_blight_00382.jpg,0,30.22,0.5093,0.4409,0.04391,0.53396,0.08185,0.2102,0.0045,13,52.0,,,,,,,,,,,,,,
train,Brown Blight,Brown Blight/brown_blight_00383.jpg,0,38.3,0.4991,0.4619,0.03115,0.36637,0.08502,0.0755,0.0,29,19.0,,,,,,,,,,,,,,
train,Brown Blight,Brown Blight/brown_blight_00384.jpg,0,35.64,0.4603,0.422,0.01493,0.34622,0.04277,0.0975,0.008,7,7.0,,,,,,,,,,,,,,
train,Brown Blight,Brown Blight/brown_blight_00385.jpg,0,35.27,0.5802,0.3944,0.04877,0.36842,0.1321,0.1005,0.002,30,11.5,,,,,,,,,,,,,,
train,Brown Blight,Brown Blight/brown_blight_00386.jpg,0,36.87,0.5357,0.4334,0.0631,0.3576,0.17622,0.0742,0.0013,53,18.0,,,,,,,,,,,,,,
train,Brown Blight,Brown Blight/brown_blight_00387.jpg,0,35.0,0.4996,0.4038,0.04815,0.36834,0.13061,0.0824,0.0008,31,12.0,,,,,,,,,,,,,,
train,Brown Blight,Brown Blight/brown_blight_00388.jpg,0,34.33,0.501,0.3962,0.08183,0.21195,0.34932,0.1495,0.0952,26,12.0,,,,,,,,,,,,,,
train,Brown Blight,Brown Blight/brown_blight_00389.jpg,0,38.0,0.5997,0.3682,0.04468,0.42026,0.10604,0.165,0.0027,66,9.0,,,,,,,,,,,,,,
train,Brown Blight,Brown Blight/brown_blight_00390.jpg,0,40.17,0.4802,0.4265,0.04119,0.37572,0.10853,0.2661,0.0102,53,8.0,,,,,,,,,,,,,,
train,Brown Blight,Brown Blight/brown_blight_00391.jpg,0,40.8,0.6871,0.3302,0.0446,0.24065,0.1846,0.1104,0.004,17,13.0,,,,,,,,,,,,,,
train,Brown Blight,Brown Blight/brown_blight_00393.jpg,0,39.69,0.7116,0.405,0.10521,0.22459,0.46792,0.154,0.0011,45,16.0,,,,,,,,,,,,,,
train,Brown Blight,Brown Blight/brown_blight_00394.jpg,0,40.49,0.6446,0.5112,0.10654,0.19444,0.54736,0.1304,0.0011,27,10.0,,,,,,,,,,,,,,
train,Brown Blight,Brown Blight/brown_blight_00395.jpg,0,40.93,0.7187,0.4455,0.15286,0.28565,0.53443,0.111,0.0013,43,12.0,,,,,,,,,,,,,,
train,Brown Blight,Brown Blight/brown_blight_00397.jpg,0,33.52,0.6326,0.3862,0.07984,0.35702,0.2229,0.176,0.0032,31,18.0,,,,,,,,,,,,,,
train,Brown Blight,Brown Blight/brown_blight_00398.jpg,0,34.46,0.6449,0.3664,0.06017,0.24793,0.23995,0.1577,0.0113,33,14.0,,,,,,,,,,,,,,
train,Brown Blight,Brown Blight/brown_blight_00400.jpg,0,32.38,0.5278,0.4175,0.03569,0.21072,0.16627,0.0704,0.0184,11,21.0,,,,,,,,,,,,,,
train,Brown Blight,Brown Blight/brown_blight_00402.jpg,0,36.18,0.5824,0.3447,0.10529,0.52236,0.20076,0.1732,0.004,47,18.0,,,,,,,,,,,,,,
train,Brown Blight,Brown Blight/brown_blight_00403.jpg,0,33.98,0.5327,0.381,0.103,0.53599,0.19101,0.1705,0.006,49,21.0,,,,,,,,,,,,,,
train,Brown Blight,Brown Blight/brown_blight_00404.jpg,0,36.31,0.5512,0.4745,0.06629,0.31736,0.20629,0.1942,0.0123,48,24.0,,,,,,,,,,,,,,
train,Brown Blight,Brown Blight/brown_blight_00405.jpg,0,35.22,0.4476,0.4356,0.03741,0.29913,0.12466,0.1449,0.0032,16,32.5,,,,,,,,,,,,,,
train,Brown Blight,Brown Blight/brown_blight_00406.jpg,0,29.48,0.5604,0.3729,0.05995,0.26431,0.22304,0.1612,0.0166,16,16.0,,,,,,,,,,,,,,
train,Brown Blight,Brown Blight/brown_blight_00407.jpg,0,35.06,0.5166,0.4492,0.07348,0.24414,0.29829,0.134,0.009,5,13.0,,,,,,,,,,,,,,
train,Brown Blight,Brown Blight/brown_blight_00408.jpg,0,38.1,0.5471,0.476,0.02312,0.20873,0.10981,0.3,0.0086,26,13.0,,,,,,,,,,,,,,
train,Brown Blight,Brown Blight/brown_blight_00410.jpg,0,34.17,0.3483,0.4422,0.07045,0.34251,0.20074,0.1494,0.024,40,13.5,,,,,,,,,,,,,,
train,Brown Blight,Brown Blight/brown_blight_00411.jpg,0,38.01,0.6071,0.3787,0.14013,0.33074,0.42236,0.1111,0.0031,12,16.5,,,,,,,,,,,,,,
train,Brown Blight,Brown Blight/brown_blight_00413.jpg,0,32.0,0.4447,0.3663,0.10658,0.36908,0.28841,0.1947,0.0013,21,23.0,,,,,,,,,,,,,,
train,Brown Blight,Brown Blight/brown_blight_00414.jpg,0,30.83,0.5726,0.2953,0.06924,0.35011,0.1977,0.1595,0.0003,12,10.0,,,,,,,,,,,,,,
train,Brown Blight,Brown Blight/brown_blight_00416.jpg,0,31.22,0.4589,0.4429,0.03649,0.24364,0.14847,0.1835,0.0087,18,13.0,,,,,,,,,,,,,,
train,Brown Blight,Brown Blight/brown_blight_00417.jpg,0,29.59,0.5318,0.4341,0.04697,0.19778,0.23509,0.1922,0.0102,18,15.5,,,,,,,,,,,,,,
train,Brown Blight,Brown Blight/brown_blight_00418.jpg,0,37.37,0.4308,0.5001,0.04008,0.38634,0.10214,0.1009,0.0154,42,18.0,,,,,,,,,,,,,,
train,Brown Blight,Brown Blight/brown_blight_00419.jpg,0,37.54,0.5402,0.3642,0.02254,0.15962,0.13622,0.2741,0.0354,27,15.0,,,,,,,,,,,,,,
train,Brown Blight,Brown Blight/brown_blight_00420.jpg,0,32.59,0.6265,0.3848,0.11344,0.21116,0.53601,0.1198,0.0023,8,14.5,,,,,,,,,,,,,,
train,Brown Blight,Brown Blight/brown_blight_00422.jpg,0,33.99,0.7971,0.355,0.09507,0.25143,0.37666,0.1107,0.0038,31,18.0,,,,,,,,,,,,,,
train,Brown Blight,Brown Blight/brown_blight_00423.jpg,0,40.22,0.6257,0.5279,0.12357,0.277,0.44428,0.1126,0.004,36,16.0,,,,,,,,,,,,,,
train,Brown Blight,Brown Blight/brown_blight_00425.jpg,0,34.35,0.3973,0.4631,0.09688,0.4446,0.21772,0.0267,0.0008,30,11.5,,,,,,,,,,,,,,
train,Brown Blight,Brown Blight/brown_blight_00426.jpg,0,43.01,0.7109,0.292,0.01236,0.19047,0.06372,0.0177,0.0177,8,7.0,,,,,,,,,,,,,,
train,Brown Blight,Brown Blight/brown_blight_00430.jpg,0,31.85,0.4738,0.5503,0.0333,0.25492,0.13009,0.1825,0.0042,10,8.0,,,,,,,,,,,,,,
train,Brown Blight,Brown Blight/brown_blight_00431.jpg,0,38.97,0.4208,0.4065,0.01244,0.1352,0.09139,0.4599,0.0064,15,13.0,,,,,,,,,,,,,,
train,Brown Blight,Brown Blight/brown_blight_00432.jpg,0,36.12,0.4869,0.4245,0.0441,0.16914,0.26075,0.1884,0.0,35,30.0,,,,,,,,,,,,,,
train,Brown Blight,Brown Blight/brown_blight_00433.jpg,0,31.24,0.4666,0.4496,0.0847,0.37155,0.22775,0.1148,0.0009,45,9.0,,,,,,,,,,,,,,
train,Brown Blight,Brown Blight/brown_blight_00435.jpg,0,34.84,0.623,0.4066,0.01234,0.16173,0.07628,0.2859,0.0,18,16.5,,,,,,,,,,,,,,
train,Brown Blight,Brown Blight/brown_blight_00436.jpg,0,39.78,0.64,0.3941,0.02366,0.19918,0.11687,0.257,0.016,29,7.0,,,,,,,,,,,,,,
train,Brown Blight,Brown Blight/brown_blight_00437.jpg,0,28.95,0.5856,0.3872,0.10055,0.27441,0.36422,0.1645,0.0059,30,10.0,,,,,,,,,,,,,,
train,Brown Blight,Brown Blight/brown_blight_00438.jpg,0,26.69,0.5838,0.3204,0.11103,0.27631,0.40089,0.1551,0.0023,40,14.5,,,,,,,,,,,,,,
train,Brown Blight,Brown Blight/brown_blight_00439.jpg,0,24.4,0.5625,0.3328,0.0683,0.28324,0.24106,0.0802,0.0003,11,7.0,,,,,,,,,,,,,,
train,Brown Blight,Brown Blight/brown_blight_00442.jpg,0,41.01,0.4896,0.3815,0.06447,0.22003,0.2923,0.1051,0.0025,73,11.0,,,,,,,,,,,,,,
train,Brown Blight,Brown Blight/brown_blight_00445.jpg,0,33.81,0.5949,0.3234,0.04016,0.28215,0.14198,0.1176,0.0025,24,10.5,,,,,,,,,,,,,,
train,Brown Blight,Brown Blight/brown_blight_00446.jpg,0,35.25,0.6615,0.3192,0.05644,0.24926,0.22579,0.1822,0.0028,27,24.0,,,,,,,,,,,,,,
train,Brown Blight,Brown Blight/brown_blight_00448.jpg,0,40.4,0.4835,0.3785,0.03139,0.23186,0.13538,0.2686,0.0,50,9.5,,,,,,,,,,,,,,
train,Brown Blight,Brown Blight/brown_blight_00449.jpg,0,28.88,0.4824,0.3635,0.05178,0.41602,0.12369,0.2333,0.0062,24,21.0,,,,,,,,,,,,,,
train,Brown Blight,Brown Blight/brown_blight_00451.jpg,0,37.07,0.5455,0.3151,0.12414,0.33911,0.3655,0.0649,0.0016,70,15.0,,,,,,,,,,,,,,
train,Brown Blight,Brown Blight/brown_blight_00452.jpg,0,35.67,0.5059,0.4335,0.07988,0.31043,0.25719,0.0853,0.0005,17,11.0,,,,,,,,,,,,,,
train,Brown Blight,Brown Blight/brown_blight_00453.jpg,0,31.27,0.5249,0.3621,0.0282,0.26415,0.10548,0.2184,0.012,18,13.0,,,,,,,,,,,,,,
train,Brown Blight,Brown Blight/brown_blight_00454.jpg,0,37.2,0.5192,0.3025,0.05632,0.29486,0.19074,0.2286,0.0014,43,18.0,,,,,,,,,,,,,,
train,Brown Blight,Brown Blight/brown_blight_00456.jpg,0,39.7,0.5224,0.3516,0.04401,0.21632,0.20241,0.0607,0.005,23,21.0,,,,,,,,,,,,,,
train,Brown Blight,Brown Blight/brown_blight_00459.jpg,0,39.86,0.6162,0.385,0.10156,0.37225,0.27262,0.1552,0.0008,60,12.0,,,,,,,,,,,,,,
train,Brown Blight,Brown Blight/brown_blight_00460.jpg,0,39.15,0.5392,0.3595,0.04127,0.24488,0.16831,0.226,0.0014,29,12.0,,,,,,,,,,,,,,
train,Brown Blight,Brown Blight/brown_blight_00463.jpg,0,29.52,0.4932,0.3749,0.04508,0.35611,0.12648,0.2259,0.0009,25,19.0,,,,,,,,,,,,,,
train,Brown Blight,Brown Blight/brown_blight_00465.jpg,0,39.59,0.6329,0.4199,0.02716,0.20787,0.12991,0.1064,0.0059,52,9.5,,,,,,,,,,,,,,
train,Brown Blight,Brown Blight/brown_blight_00466.jpg,0,43.74,0.6028,0.3131,0.01274,0.17162,0.07363,0.2457,0.0078,19,11.0,,,,,,,,,,,,,,
train,Brown Blight,Brown Blight/brown_blight_00467.jpg,0,38.61,0.568,0.399,0.03113,0.25255,0.12184,0.1005,0.0115,31,21.0,,,,,,,,,,,,,,
train,Brown Blight,Brown Blight/brown_blight_00468.jpg,0,38.19,0.5052,0.3354,0.02226,0.23414,0.09389,0.1468,0.0125,19,20.0,,,,,,,,,,,,,,
train,Brown Blight,Brown Blight/brown_blight_00469.jpg,0,39.69,0.5257,0.3012,0.03404,0.30168,0.11244,0.1071,0.0035,29,12.0,,,,,,,,,,,,,,
train,Brown Blight,Brown Blight/brown_blight_00471.jpg,0,33.65,0.4705,0.4717,0.10242,0.48665,0.21017,0.0572,0.0014,22,22.5,,,,,,,,,,,,,,
train,Brown Blight,Brown Blight/brown_blight_00474.jpg,0,29.76,0.5554,0.3128,0.12259,0.47385,0.25808,0.0813,0.0024,17,78.0,,,,,,,,,,,,,,
train,Brown Blight,Brown Blight/brown_blight_00475.jpg,0,30.25,0.5889,0.3182,0.11787,0.50143,0.2347,0.0812,0.0015,20,44.5,,,,,,,,,,,,,,
train,Brown Blight,Brown Blight/brown_blight_00477.jpg,0,29.62,0.5211,0.361,0.12948,0.49157,0.26325,0.0416,0.0006,19,22.0,,,,,,,,,,,,,,
train,Brown Blight,Brown Blight/brown_blight_00479.jpg,0,31.98,0.5584,0.3633,0.11792,0.36264,0.32502,0.0313,0.0005,15,22.0,,,,,,,,,,,,,,
train,Brown Blight,Brown Blight/brown_blight_00482.jpg,0,31.22,0.4823,0.4486,0.0902,0.44597,0.20128,0.0999,0.0049,29,61.0,,,,,,,,,,,,,,
train,Brown Blight,Brown Blight/brown_blight_00484.jpg,0,31.82,0.6051,0.39,0.0905,0.40125,0.2252,0.0956,0.0015,27,78.0,,,,,,,,,,,,,,
train,Brown Blight,Brown Blight/brown_blight_00486.jpg,0,31.71,0.4774,0.355,0.08709,0.34485,0.25025,0.122,0.0092,12,66.0,,,,,,,,,,,,,,
train,Brown Blight,Brown Blight/brown_blight_00487.jpg,0,32.39,0.5263,0.3483,0.07077,0.28141,0.24221,0.1267,0.0369,11,80.0,,,,,,,,,,,,,,
train,Brown Blight,Brown Blight/brown_blight_00488.jpg,0,31.41,0.5011,0.3527,0.07621,0.308,0.24071,0.1425,0.0272,11,75.0,,,,,,,,,,,,,,
train,Brown Blight,Brown Blight/brown_blight_00489.jpg,0,34.15,0.4826,0.3301,0.02968,0.1417,0.20914,0.1934,0.0013,13,29.0,,,,,,,,,,,,,,
train,Brown Blight,Brown Blight/brown_blight_00491.jpg,0,37.96,0.5943,0.3294,0.03416,0.15252,0.22383,0.1954,0.0006,18,11.0,,,,,,,,,,,,,,
train,Brown Blight,Brown Blight/brown_blight_00492.jpg,0,38.12,0.5823,0.3495,0.03468,0.15173,0.22816,0.2448,0.0017,14,10.0,,,,,,,,,,,,,,
train,Brown Blight,Brown Blight/brown_blight_00494.jpg,0,30.24,0.4035,0.432,0.10393,0.32235,0.322,0.1189,0.0013,12,21.5,,,,,,,,,,,,,,
train,Brown Blight,Brown Blight/brown_blight_00495.jpg,0,33.17,0.5264,0.4096,0.07824,0.24237,0.32251,0.1223,0.001,9,51.0,,,,,,,,,,,,,,
train,Brown Blight,Brown Blight/brown_blight_00497.jpg,0,38.42,0.5735,0.3976,0.07059,0.32822,0.21501,0.0884,0.0003,18,32.0,,,,,,,,,,,,,,
train,Brown Blight,Brown Blight/brown_blight_00498.jpg,0,34.27,0.5152,0.4074,0.07603,0.40057,0.18976,0.1468,0.0003,23,23.0,,,,,,,,,,,,,,
train,Brown Blight,Brown Blight/brown_blight_00500.jpg,0,36.76,0.5137,0.4229,0.0386,0.28332,0.13618,0.1528,0.0005,21,24.0,,,,,,,,,,,,,,
train,Brown Blight,Brown Blight/brown_blight_00501.jpg,0,34.1,0.4645,0.402,0.03107,0.1865,0.16553,0.1937,0.0064,30,10.0,,,,,,,,,,,,,,
train,Brown Blight,Brown Blight/brown_blight_00502.jpg,0,34.29,0.4327,0.4244,0.03217,0.17427,0.18367,0.2708,0.005,23,7.0,,,,,,,,,,,,,,
train,Brown Blight,Brown Blight/brown_blight_00504.jpg,0,30.22,0.5277,0.3962,0.04201,0.19683,0.21284,0.2348,0.0028,12,15.5,,,,,,,,,,,,,,
train,Brown Blight,Brown Blight/brown_blight_00505.jpg,0,37.94,0.5389,0.3937,0.01523,0.20741,0.07274,0.3429,0.0092,18,16.5,,,,,,,,,,,,,,
train,Brown Blight,Brown Blight/brown_blight_00506.jpg,0,37.25,0.5334,0.4031,0.01714,0.20833,0.08179,0.3907,0.0058,20,13.0,,,,,,,,,,,,,,
train,Tea algal leaf spot,Tea algal leaf spot/UNADJUSTEDNONRAW_thumb_1.jpg,1,22.5,0.3962,0.2884,0.06517,0.12528,0.51893,0.1226,0.0024,9,15.0,,,,,,,,,,,,,,
train,Tea algal leaf spot,Tea algal leaf spot/UNADJUSTEDNONRAW_thumb_10.jpg,1,39.61,0.4005,0.3572,0.00901,0.36509,0.02429,0.3119,0.0155,27,6.0,,,,,,,,,,,,,,
train,Tea algal leaf spot,Tea algal leaf spot/UNADJUSTEDNONRAW_thumb_11.jpg,1,30.43,0.4543,0.3729,0.04291,0.44392,0.09661,0.1222,0.0005,23,6.0,,,,,,,,,,,,,,
train,Tea algal leaf spot,Tea algal leaf spot/UNADJUSTEDNONRAW_thumb_12.jpg,1,36.83,0.4417,0.3507,0.08492,0.33293,0.25406,0.2042,0.004,55,10.0,,,,,,,,,,,,,,
train,Tea algal leaf spot,Tea algal leaf spot/UNADJUSTEDNONRAW_thumb_13.jpg,1,40.82,0.4713,0.3599,0.11322,0.37099,0.30422,0.1135,0.0032,43,7.0,,,,,,,,,,,,,,
train,Tea algal leaf spot,Tea algal leaf spot/UNADJUSTEDNONRAW_thumb_14.jpg,1,22.91,0.5481,0.308,0.17203,0.26836,0.63691,0.1007,0.0065,8,38.0,,,,,,,,,,,,,,
train,Tea algal leaf spot,Tea algal leaf spot/UNADJUSTEDNONRAW_thumb_15.jpg,1,21.28,0.6112,0.4336,0.17799,0.1872,0.95081,0.0749,0.0,1,8931.0,,,,,,,,,,,,,,
train,Tea algal leaf spot,Tea algal leaf spot/UNADJUSTEDNONRAW_thumb_17.jpg,1,23.16,0.5351,0.3549,0.46524,0.48392,0.96071,0.0572,0.0007,1,23342.0,,,,,,,,,,,,,,
train,Tea algal leaf spot,Tea algal leaf spot/UNADJUSTEDNONRAW_thumb_18.jpg,1,36.47,0.4648,0.474,0.02374,0.60858,0.0389,0.2082,0.0025,31,19.0,,,,,,,,,,,,,,
train,Tea algal leaf spot,Tea algal leaf spot/UNADJUSTEDNONRAW_thumb_1a.jpg,1,34.7,0.4511,0.3616,0.09875,0.44896,0.21911,0.1734,0.0038,45,11.0,,,,,,,,,,,,,,
train,Tea algal leaf spot,Tea algal leaf spot/UNADJUSTEDNONRAW_thumb_1d.jpg,1,33.22,0.484,0.335,0.03255,0.28177,0.11515,0.1451,0.0031,21,33.0,,,,,,,,,,,,,,
train,Tea algal leaf spot,Tea algal leaf spot/UNADJUSTEDNONRAW_thumb_1e.jpg,1,34.03,0.4695,0.378,0.02119,0.26258,0.07977,0.2145,0.0113,25,9.0,,,,,,,,,,,,,,
train,Tea algal leaf spot,Tea algal leaf spot/UNADJUSTEDNONRAW_thumb_20.jpg,1,33.93,0.45,0.4082,0.0454,0.3361,0.13425,0.2836,0.0061,26,42.5,,,,,,,,,,,,,,
train,Tea algal leaf spot,Tea algal leaf spot/UNADJUSTEDNONRAW_thumb_21.jpg,1,40.78,0.4036,0.4119,0.01634,0.34981,0.04638,0.2415,0.0073,26,11.0,,,,,,,,,,,,,,
train,Tea algal leaf spot,Tea algal leaf spot/UNADJUSTEDNONRAW_thumb_22.jpg,1,35.71,0.3873,0.4361,0.02288,0.41083,0.0554,0.176,0.0052,24,19.0,,,,,,,,,,,,,,
train,Tea algal leaf spot,Tea algal leaf spot/UNADJUSTEDNONRAW_thumb_23.jpg,1,31.88,0.4589,0.3189,0.02308,0.16247,0.13592,0.1891,0.0432,24,19.0,,,,,,,,,,,,,,
train,Tea algal leaf spot,Tea algal leaf spot/UNADJUSTEDNONRAW_thumb_24.jpg,1,33.14,0.4659,0.311,0.15278,0.38399,0.39306,0.146,0.0121,45,25.0,,,,,,,,,,,,,,
train,Tea algal leaf spot,Tea algal leaf spot/UNADJUSTEDNONRAW_thumb_25.jpg,1,37.99,0.4427,0.3247,0.06716,0.31083,0.21525,0.1955,0.0039,44,9.0,,,,,,,,,,,,,,
train,Tea algal leaf spot,Tea algal leaf spot/UNADJUSTEDNONRAW_thumb_26.jpg,1,35.49,0.4387,0.3178,0.02585,0.19312,0.13034,0.266,0.0262,15,26.0,,,,,,,,,,,,,,
train,Tea algal leaf spot,Tea algal leaf spot/UNADJUSTEDNONRAW_thumb_27.jpg,1,21.95,0.5105,0.4005,0.39768,0.42225,0.94001,0.0726,0.0019,3,7.0,,,,,,,,,,,,,,
train,Tea algal leaf spot,Tea algal leaf spot/UNADJUSTEDNONRAW_thumb_29.jpg,1,36.2,0.4366,0.4058,0.07506,0.31712,0.23643,0.0998,0.0011,14,37.5,,,,,,,,,,,,,,
train,Tea algal leaf spot,Tea algal leaf spot/UNADJUSTEDNONRAW_thumb_2a.jpg,1,37.45,0.4569,0.3547,0.10521,0.40045,0.26223,0.1978,0.0019,42,14.0,,,,,,,,,,,,,,
train,Tea algal leaf spot,Tea algal leaf spot/UNADJUSTEDNONRAW_thumb_2d.jpg,1,41.94,0.3869,0.3835,0.0067,0.36238,0.01831,0.3601,0.0089,23,10.0,,,,,,,,,,,,,,
train,Tea algal leaf spot,Tea algal leaf spot/UNADJUSTEDNONRAW_thumb_2e.jpg,1,36.22,0.4342,0.3792,0.18019,0.48814,0.36872,0.0833,0.0011,59,9.0,,,,,,,,,,,,,,
train,Tea algal leaf spot,Tea algal leaf spot/UNADJUSTEDNONRAW_thumb_2f.jpg,1,23.16,0.4598,0.3727,0.13485,0.15392,0.8744,0.1443,0.0019,2,3380.0,,,,,,,,,,,,,,
train,Tea algal leaf spot,Tea algal leaf spot/UNADJUSTEDNONRAW_thumb_3.jpg,1,40.17,0.3336,0.4985,0.00335,0.4434,0.00755,0.5893,0.0,9,9.0,,,,,,,,,,,,,,
train,Tea algal leaf spot,Tea algal leaf spot/UNADJUSTEDNONRAW_thumb_30.jpg,1,32.08,0.472,0.3871,0.06557,0.42279,0.15424,0.21,0.0055,45,12.0,,,,,,,,,,,,,,
train,Tea algal leaf spot,Tea algal leaf spot/UNADJUSTEDNONRAW_thumb_31.jpg,1,28.63,0.4925,0.3863,0.2377,0.42971,0.5528,0.0968,0.0007,13,30.0,,,,,,,,,,,,,,
train,Tea algal leaf spot,Tea algal leaf spot/UNADJUSTEDNONRAW_thumb_33.jpg,1,35.76,0.4259,0.3743,0.01196,0.47182,0.02522,0.2567,0.005,16,9.5,,,,,,,,,,,,,,
train,Tea algal leaf spot,Tea algal leaf spot/UNADJUSTEDNONRAW_thumb_34.jpg,1,25.07,0.4573,0.339,0.28729,0.32159,0.8913,0.1052,0.0023,6,13.0,,,,,,,,,,,,,,
train,Tea algal leaf spot,Tea algal leaf spot/UNADJUSTEDNONRAW_thumb_35.jpg,1,33.69,0.4766,0.3897,0.02242,0.33101,0.06707,0.1671,0.0098,17,10.0,,,,,,,,,,,,,,
train,Tea algal leaf spot,Tea algal leaf spot/UNADJUSTEDNONRAW_thumb_36.jpg,1,32.73,0.4371,0.3587,0.11798,0.50815,0.23136,0.1875,0.0035,70,12.5,,,,,,,,,,,,,,
train,Tea algal leaf spot,Tea algal leaf spot/UNADJUSTEDNONRAW_thumb_37.jpg,1,36.29,0.4906,0.3855,0.0958,0.51162,0.18605,0.1995,0.0064,50,12.0,,,,,,,,,,,,,,
train,Tea algal leaf spot,Tea algal leaf spot/UNADJUSTEDNONRAW_thumb_39.jpg,1,23.55,0.563,0.3989,0.26068,0.35625,0.73041,0.1125,0.0018,11,9.0,,,,,,,,,,,,,,
train,Tea algal leaf spot,Tea algal leaf spot/UNADJUSTEDNONRAW_thumb_3a.jpg,1,32.7,0.4104,0.3938,0.07743,0.48619,0.15794,0.3081,0.0082,73,10.0,,,,,,,,,,,,,,
train,Tea algal leaf spot,Tea algal leaf spot/UNADJUSTEDNONRAW_thumb_3d.jpg,1,38.69,0.4942,0.3728,0.08737,0.29345,0.29645,0.2,0.0043,13,24.0,,,,,,,,,,,,,,
train,Tea algal leaf spot,Tea algal leaf spot/UNADJUSTEDNONRAW_thumb_3e.jpg,1,32.7,0.5512,0.4553,0.25365,0.42421,0.59681,0.1189,0.0019,20,14.5,,,,,,,,,,,,,,
train,Tea algal leaf spot,Tea algal leaf spot/UNADJUSTEDNONRAW_thumb_3f.jpg,1,25.43,0.5416,0.4493,0.23994,0.34678,0.69172,0.0889,0.0002,4,47.5,,,,,,,,,,,,,,
train,Tea algal leaf spot,Tea algal leaf spot/UNADJUSTEDNONRAW_thumb_4.jpg,1,35.29,0.4258,0.4498,0.1031,0.44922,0.22724,0.139,0.0099,31,8.0,,,,,,,,,,,,,,
train,Tea algal leaf spot,Tea algal leaf spot/UNADJUSTEDNONRAW_thumb_41.jpg,1,39.96,0.4991,0.4073,0.02294,0.47967,0.04766,0.1434,0.0035,30,7.0,,,,,,,,,,,,,,
train,Tea algal leaf spot,Tea algal leaf spot/UNADJUSTEDNONRAW_thumb_42.jpg,1,28.7,0.6217,0.4425,0.16083,0.60381,0.26577,0.09,0.0022,9,6.0,,,,,,,,,,,,,,
train,Tea algal leaf spot,Tea algal leaf spot/UNADJUSTEDNONRAW_thumb_43.jpg,1,31.54,0.4873,0.3555,0.08958,0.36781,0.24178,0.2643,0.0073,31,20.0,,,,,,,,,,,,,,
train,Tea algal leaf spot,Tea algal leaf spot/UNADJUSTEDNONRAW_thumb_44.jpg,1,28.55,0.5912,0.4727,0.08249,0.33084,0.24819,0.1389,0.0046,7,12.0,,,,,,,,,,,,,,
train,Tea algal leaf spot,Tea algal leaf spot/UNADJUSTEDNONRAW_thumb_45.jpg,1,35.1,0.43,0.3911,0.13441,0.42636,0.3145,0.1008,0.0024,41,7.0,,,,,,,,,,,,,,
train,Tea algal leaf spot,Tea algal leaf spot/UNADJUSTEDNONRAW_thumb_47.jpg,1,29.61,0.5081,0.3798,0.22684,0.47754,0.47465,0.144,0.0008,30,12.5,,,,,,,,,,,,,,
train,Tea algal leaf spot,Tea algal leaf spot/UNADJUSTEDNONRAW_thumb_48.jpg,1,40.44,0.4723,0.338,0.04054,0.32836,0.12309,0.2193,0.0029,52,7.5,,,,,,,,,,,,,,
train,Tea algal leaf spot,Tea algal leaf spot/UNADJUSTEDNONRAW_thumb_49.jpg,1,22.67,0.5167,0.4549,0.43511,0.465,0.93404,0.0792,0.0018,5,12.0,,,,,,,,,,,,,,
train,Tea algal leaf spot,Tea algal leaf spot/UNADJUSTEDNONRAW_thumb_4a.jpg,1,26.23,0.5697,0.4751,0.58943,0.63698,0.92478,0.0573,0.0006,4,20.0,,,,,,,,,,,,,,
train,Tea algal leaf spot,Tea algal leaf spot/UNADJUSTEDNONRAW_thumb_4b.jpg,1,21.05,0.4609,0.3484,0.19874,0.3227,0.61493,0.0876,0.0015,14,10.5,,,,,,,,,,,,,,
train,Tea algal leaf spot,Tea algal leaf spot/UNADJUSTEDNONRAW_thumb_4c.jpg,1,34.8,0.4606,0.4462,0.03352,0.55319,0.06053,0.1308,0.0012,11,16.0,,,,,,,,,,,,,,
train,Tea algal leaf spot,Tea algal leaf spot/UNADJUSTEDNONRAW_thumb_4d.jpg,1,17.73,0.4903,0.2978,0.3173,0.53631,0.59164,0.0465,0.0,23,9.0,,,,,,,,,,,,,,
train,Tea algal leaf spot,Tea algal leaf spot/UNADJUSTEDNONRAW_thumb_4e.jpg,1,37.95,0.4249,0.3646,0.05523,0.34337,0.16078,0.2089,0.0004,42,13.0,,,,,,,,,,,,,,
train,Tea algal leaf spot,Tea algal leaf spot/UNADJUSTEDNONRAW_thumb_4f.jpg,1,31.14,0.4485,0.3844,0.1811,0.48376,0.37045,0.1606,0.0105,61,14.0,,,,,,,,,,,,,,
train,Tea algal leaf spot,Tea algal leaf spot/UNADJUSTEDNONRAW_thumb_52.jpg,1,31.97,0.5403,0.4231,0.16333,0.27186,0.59974,0.1196,0.0017,11,14.0,,,,,,,,,,,,,,
train,Tea algal leaf spot,Tea algal leaf spot/UNADJUSTEDNONRAW_thumb_53.jpg,1,31.46,0.4694,0.36,0.0453,0.41641,0.1085,0.1373,0.0026,28,7.0,,,,,,,,,,,,,,
train,Tea algal leaf spot,Tea algal leaf spot/UNADJUSTEDNONRAW_thumb_54.jpg,1,35.87,0.4718,0.3676,0.07191,0.34913,0.2055,0.1935,0.0022,51,11.0,,,,,,,,,,,,,,
train,Tea algal leaf spot,Tea algal leaf spot/UNADJUSTEDNONRAW_thumb_55.jpg,1,33.73,0.4319,0.407,0.01742,0.27511,0.0623,0.2311,0.016,19,12.0,,,,,,,,,,,,,,
train,Tea algal leaf spot,Tea algal leaf spot/UNADJUSTEDNONRAW_thumb_58.jpg,1,32.65,0.4813,0.3606,0.0297,0.24392,0.12101,0.1644,0.006,23,11.0,,,,,,,,,,,,,,
train,Tea algal leaf spot,Tea algal leaf spot/UNADJUSTEDNONRAW_thumb_5a.jpg,1,33.89,0.4578,0.3728,0.07801,0.3189,0.24161,0.1886,0.0123,33,11.0,,,,,,,,,,,,,,
train,Tea algal leaf spot,Tea algal leaf spot/UNADJUSTEDNONRAW_thumb_5b.jpg,1,32.67,0.542,0.4813,0.21955,0.34738,0.63087,0.1259,0.0018,16,8.5,,,,,,,,,,,,,,
train,Tea algal leaf spot,Tea algal leaf spot/UNADJUSTEDNONRAW_thumb_5c.jpg,1,31.24,0.4669,0.3634,0.09887,0.30295,0.32577,0.1576,0.0018,26,8.5,,,,,,,,,,,,,,
train,Tea algal leaf spot,Tea algal leaf spot/UNADJUSTEDNONRAW_thumb_5e.jpg,1,39.07,0.4686,0.3733,0.08147,0.24934,0.32619,0.193,0.0017,10,15.0,,,,,,,,,,,,,,
train,Tea algal leaf spot,Tea algal leaf spot/UNADJUSTEDNONRAW_thumb_5f.jpg,1,25.46,0.463,0.3219,0.17767,0.29371,0.60419,0.1039,0.0012,17,19.0,,,,,,,,,,,,,,
train,Tea algal leaf spot,Tea algal leaf spot/UNADJUSTEDNONRAW_thumb_6.jpg,1,33.31,0.5033,0.3616,0.02459,0.30955,0.07938,0.2018,0.0008,15,20.0,,,,,,,,,,,,,,
train,Tea algal leaf spot,Tea algal leaf spot/UNADJUSTEDNONRAW_thumb_60.jpg,1,23.77,0.4598,0.3016,0.34548,0.40222,0.85819,0.0861,0.0009,5,13.0,,,,,,,,,,,,,,
train,Tea algal leaf spot,Tea algal leaf spot/UNADJUSTEDNONRAW_thumb_61.jpg,1,36.59,0.4165,0.4236,0.09186,0.51796,0.17623,0.1788,0.0063,55,13.0,,,,,,,,,,,,,,
train,Tea algal leaf spot,Tea algal leaf spot/UNADJUSTEDNONRAW_thumb_65.jpg,1,20.9,0.6802,0.3759,0.20073,0.21048,0.95294,0.0782,0.0008,1,10071.0,,,,,,,,,,,,,,
train,Tea algal leaf spot,Tea algal leaf spot/UNADJUSTEDNONRAW_thumb_66.jpg,1,32.82,0.5361,0.4333,0.24067,0.42965,0.55961,0.0932,0.001,23,15.0,,,,,,,,,,,,,,
train,Tea algal leaf spot,Tea algal leaf spot/UNADJUSTEDNONRAW_thumb_6a.jpg,1,24.66,0.5142,0.4249,0.3856,0.42046,0.91639,0.0683,0.0008,2,9666.5,,,,,,,,,,,,,,
train,Tea algal leaf spot,Tea algal leaf spot/UNADJUSTEDNONRAW_thumb_6b.jpg,1,20.04,0.518,0.351,0.37386,0.40013,0.93371,0.0685,0.0007,3,9.0,,,,,,,,,,,,,,
train,Tea algal leaf spot,Tea algal leaf spot/UNADJUSTEDNONRAW_thumb_6e.jpg,1,17.89,0.4494,0.3389,0.37006,0.58602,0.63093,0.0438,0.0009,27,8.0,,,,,,,,,,,,,,
train,Tea algal leaf spot,Tea algal leaf spot/UNADJUSTEDNONRAW_thumb_6f.jpg,1,28.64,0.521,0.3058,0.18521,0.38809,0.47651,0.1467,0.0015,34,11.0,,,,,,,,,,,,,,
train,Tea algal leaf spot,Tea algal leaf spot/UNADJUSTEDNONRAW_thumb_7.jpg,1,38.1,0.3699,0.4873,0.012,0.42176,0.02812,0.4917,0.0116,24,8.5,,,,,,,,,,,,,,
train,Tea algal leaf spot,Tea algal leaf spot/UNADJUSTEDNONRAW_thumb_70.jpg,1,41.96,0.4224,0.467,0.04642,0.5403,0.08587,0.1979,0.0004,41,10.0,,,,,,,,,,,,,,
train,Tea algal leaf spot,Tea algal leaf spot/UNADJUSTEDNONRAW_thumb_8.jpg,1,15.28,0.4238,0.2248,0.03691,0.19914,0.18515,0.0707,0.0011,5,11.0,,,,,,,,,,,,,,
train,Tea algal leaf spot,Tea algal leaf spot/UNADJUSTEDNONRAW_thumb_c.jpg,1,34.67,0.395,0.3366,0.1068,0.36458,0.29252,0.0634,0.0015,32,12.5,,,,,,,,,,,,,,
train,Tea algal leaf spot,Tea algal leaf spot/UNADJUSTEDNONRAW_thumb_d.jpg,1,32.94,0.5658,0.4459,0.2613,0.46267,0.56472,0.0791,0.0001,14,44.5,,,,,,,,,,,,,,
train,Tea algal leaf spot,Tea algal leaf spot/UNADJUSTEDNONRAW_thumb_e.jpg,1,32.92,0.3833,0.4114,0.06013,0.39013,0.15387,0.1389,0.0017,20,44.5,,,,,,,,,,,,,,
train,Tea algal leaf spot,Tea algal leaf spot/UNADJUSTEDNONRAW_thumb_f.jpg,1,28.54,0.4278,0.4018,0.06168,0.33544,0.18317,0.317,0.0039,45,12.0,,,,,,,,,,,,,,
train,Tea algal leaf spot,Tea algal leaf spot/tea_algal_leaf_spot_00001.jpg,1,36.86,0.3674,0.5845,0.05814,0.42433,0.13207,0.182,0.036,81,20.0,,,,,,,,,,,,,,
train,Tea algal leaf spot,Tea algal leaf spot/tea_algal_leaf_spot_00002.jpg,1,43.28,0.5606,0.3405,0.0394,0.41604,0.09456,0.2033,0.0015,53,17.0,,,,,,,,,,,,,,
train,Tea algal leaf spot,Tea algal leaf spot/tea_algal_leaf_spot_00003.jpg,1,39.95,0.5865,0.4201,0.04584,0.38255,0.11977,0.13,0.0004,51,11.0,,,,,,,,,,,,,,
train,Tea algal leaf spot,Tea algal leaf spot/tea_algal_leaf_spot_00004.jpg,1,42.38,0.4668,0.47,0.01748,0.31673,0.05487,0.2771,0.0057,29,21.0,,,,,,,,,,,,,,
train,Tea algal leaf spot,Tea algal leaf spot/tea_algal_leaf_spot_00006.jpg,1,42.69,0.4945,0.3732,0.01148,0.31318,0.0364,0.2014,0.0069,30,12.0,,,,,,,,,,,,,,
train,Tea algal leaf spot,Tea algal leaf spot/tea_algal_leaf_spot_00007.jpg,1,41.61,0.3478,0.5578,0.01014,0.42678,0.02377,0.1179,0.0,39,11.0,,,,,,,,,,,,,,
train,Tea algal leaf spot,Tea algal leaf spot/tea_algal_leaf_spot_00009.jpg,1,40.28,0.4813,0.4477,0.03404,0.19866,0.17135,0.1534,0.0,54,16.0,,,,,,,,,,,,,,
train,Tea algal leaf spot,Tea algal leaf spot/tea_algal_leaf_spot_00010.jpg,1,42.36,0.6078,0.358,0.01636,0.24589,0.06598,0.2984,0.0085,18,20.0,,,,,,,,,,,,,,
train,Tea algal leaf spot,Tea algal leaf spot/tea_algal_leaf_spot_00011.jpg,1,40.14,0.5507,0.4052,0.02332,0.22541,0.10336,0.2231,0.0009,37,13.0,,,,,,,,,,,,,,
train,Tea algal leaf spot,Tea algal leaf spot/tea_algal_leaf_spot_00012.jpg,1,44.89,0.4928,0.4287,0.00215,0.26264,0.00797,0.1481,0.0278,8,6.0,,,,,,,,,,,,,,
train,Tea algal leaf spot,Tea algal leaf spot/tea_algal_leaf_spot_00013.jpg,1,37.9,0.5494,0.4308,0.01066,0.17765,0.05867,0.3776,0.0224,18,17.5,,,,,,,,,,,,,,
train,Tea algal leaf spot,Tea algal leaf spot/tea_algal_leaf_spot_00014.jpg,1,37.66,0.3902,0.5225,0.0613,0.31429,0.19486,0.0907,0.001,93,21.0,,,,,,,,,,,,,,
train,Tea algal leaf spot,Tea algal leaf spot/tea_algal_leaf_spot_00016.jpg,1,37.61,0.3991,0.5024,0.09409,0.3469,0.2706,0.0627,0.0023,76,21.0,,,,,,,,,,,,,,
train,Tea algal leaf spot,Tea algal leaf spot/tea_algal_leaf_spot_00017.jpg,1,39.49,0.4208,0.4981,0.02099,0.16456,0.12729,0.2232,0.0019,40,10.5,,,,,,,,,,,,,,
train,Tea algal leaf spot,Tea algal leaf spot/tea_algal_leaf_spot_00018.jpg,1,38.21,0.5198,0.4897,0.05519,0.24554,0.22435,0.1918,0.0018,47,26.0,,,,,,,,,,,,,,
train,Tea algal leaf spot,Tea algal leaf spot/tea_algal_leaf_spot_00019.jpg,1,40.74,0.5264,0.455,0.03243,0.25413,0.12713,0.2999,0.0037,35,21.0,,,,,,,,,,,,,,
train,Tea algal leaf spot,Tea algal leaf spot/tea_algal_leaf_spot_00020.jpg,1,40.82,0.3273,0.5492,0.03775,0.22889,0.16456,0.2091,0.0021,87,11.0,,,,,,,,,,,,,,
train,Tea algal leaf spot,Tea algal leaf spot/tea_algal_leaf_spot_00021.jpg,1,41.84,0.3681,0.442,0.01399,0.15131,0.09233,0.4202,0.0014,34,9.5,,,,,,,,,,,,,,
train,Tea algal leaf spot,Tea algal leaf spot/tea_algal_leaf_spot_00022.jpg,1,43.27,0.3302,0.4673,0.01224,0.12753,0.09564,0.2362,0.0033,40,8.0,,,,,,,,,,,,,,
train,Tea algal leaf spot,Tea algal leaf spot/tea_algal_leaf_spot_00023.jpg,1,43.02,0.437,0.3699,0.0109,0.14523,0.0741,0.4735,0.0128,23,12.0,,,,,,,,,,,,,,
train,Tea algal leaf spot,Tea algal leaf spot/tea_algal_leaf_spot_00026.jpg,1,37.85,0.3625,0.5197,0.01411,0.19274,0.07311,0.1144,0.0014,25,19.0,,,,,,,,,,,,,,
train,Tea algal leaf spot,Tea algal leaf spot/tea_algal_leaf_spot_00027.jpg,1,36.22,0.6186,0.4458,0.03324,0.25199,0.13184,0.0821,0.0006,46,21.0,,,,,,,,,,,,,,
train,Tea algal leaf spot,Tea algal leaf spot/tea_algal_leaf_spot_00029.jpg,1,37.25,0.4587,0.5456,0.02974,0.41121,0.07207,0.1247,0.0034,38,9.0,,,,,,,,,,,,,,
train,Tea algal leaf spot,Tea algal leaf spot/tea_algal_leaf_spot_00031.jpg,1,40.02,0.4333,0.4681,0.02549,0.27561,0.09191,0.3018,0.0063,43,11.0,,,,,,,,,,,,,,
train,Tea algal leaf spot,Tea algal leaf spot/tea_algal_leaf_spot_00032.jpg,1,38.81,0.3243,0.4403,0.06856,0.22875,0.29875,0.1235,0.0032,44,11.5,,,,,,,,,,,,,,
train,Tea algal leaf spot,Tea algal leaf spot/tea_algal_leaf_spot_00033.jpg,1,35.17,0.4523,0.4868,0.04056,0.26961,0.15013,0.1209,0.002,54,21.0,,,,,,,,,,,,,,
train,Tea algal leaf spot,Tea algal leaf spot/tea_algal_leaf_spot_00034.jpg,1,36.31,0.3776,0.557,0.01726,0.14593,0.118,0.1628,0.0023,21,33.0,,,,,,,,,,,,,,
train,Tea algal leaf spot,Tea algal leaf spot/tea_algal_leaf_spot_00035.jpg,1,42.09,0.5102,0.3803,0.00883,0.14975,0.05763,0.5779,0.0226,17,16.0,,,,,,,,,,,,,,
train,Tea algal leaf spot,Tea algal leaf spot/tea_algal_leaf_spot_00036.jpg,1,37.9,0.4129,0.5143,0.00351,0.15053,0.02158,0.1136,0.0739,10,8.5,,,,,,,,,,,,,,
train,Tea algal leaf spot,Tea algal leaf spot/tea_algal_leaf_spot_00037.jpg,1,37.8,0.3929,0.5262,0.0217,0.25151,0.08558,0.1047,0.0083,48,13.5,,,,,,,,,,,,,,
train,Tea algal leaf spot,Tea algal leaf spot/tea_algal_leaf_spot_00038.jpg,1,39.31,0.4148,0.5457,0.02412,0.29102,0.0828,0.0893,0.0008,42,20.5,,,,,,,,,,,,,,
train,Tea algal leaf spot,Tea algal leaf spot/tea_algal_leaf_spot_00039.jpg,1,40.82,0.5432,0.3687,0.0237,0.54219,0.04341,0.1497,0.0067,61,7.0,,,,,,,,,,,,,,
train,Tea algal leaf spot,Tea algal leaf spot/tea_algal_leaf_spot_00043.jpg,1,40.78,0.4082,0.5209,0.04066,0.26806,0.15093,0.1446,0.0049,81,16.0,,,,,,,,,,,,,,
train,Tea algal leaf spot,Tea algal leaf spot/tea_algal_leaf_spot_00044.jpg,1,39.02,0.4254,0.4927,0.01652,0.25809,0.06347,0.2376,0.0084,25,9.0,,,,,,,,,,,,,,
train,Tea algal leaf spot,Tea algal leaf spot/tea_algal_leaf_spot_00046.jpg,1,39.22,0.4921,0.4553,0.01529,0.37956,0.04017,0.2203,0.0026,20,20.5,,,,,,,,,,,,,,
train,Tea algal leaf spot,Tea algal leaf spot/tea_algal_leaf_spot_00051.jpg,1,38.33,0.3427,0.5426,0.04187,0.54998,0.07603,0.1442,0.0014,57,16.0,,,,,,,,,,,,,,
train,Tea algal leaf spot,Tea algal leaf spot/tea_algal_leaf_spot_00052.jpg,1,39.17,0.4322,0.4985,0.02906,0.45643,0.06366,0.2126,0.0,34,19.0,,,,,,,,,,,,,,
train,Tea algal leaf spot,Tea algal leaf spot/tea_algal_leaf_spot_00056.jpg,1,37.35,0.571,0.3599,0.0283,0.22766,0.12282,0.1746,0.012,29,14.0,,,,,,,,,,,,,,
train,Tea algal leaf spot,Tea algal leaf spot/tea_algal_leaf_spot_00057.jpg,1,38.11,0.5854,0.4091,0.04474,0.21735,0.20521,0.1292,0.0031,41,23.0,,,,,,,,,,,,,,
train,Tea algal leaf spot,Tea algal leaf spot/tea_algal_leaf_spot_00058.jpg,1,38.26,0.7174,0.2478,0.01951,0.35419,0.05503,0.0592,0.001,36,14.5,,,,,,,,,,,,,,
train,Tea algal leaf spot,Tea algal leaf spot/tea_algal_leaf_spot_00060.jpg,1,40.29,0.4356,0.3945,0.06491,0.37235,0.17363,0.0967,0.004,36,27.5,,,,,,,,,,,,,,
train,Tea algal leaf spot,Tea algal leaf spot/tea_algal_leaf_spot_00061.jpg,1,38.47,0.5725,0.3769,0.03358,0.29614,0.11084,0.1769,0.0226,52,9.5,,,,,,,,,,,,,,
train,Tea algal leaf spot,Tea algal leaf spot/tea_algal_leaf_spot_00062.jpg,1,37.66,0.5454,0.3254,0.03288,0.38459,0.08525,0.1733,0.003,53,10.0,,,,,,,,,,,,,,
train,Tea algal leaf spot,Tea algal leaf spot/tea_algal_leaf_spot_00063.jpg,1,34.65,0.4789,0.3788,0.03334,0.35174,0.09457,0.113,0.0024,37,11.0,,,,,,,,,,,,,,
train,Tea algal leaf spot,Tea algal leaf spot/tea_algal_leaf_spot_00066.jpg,1,40.29,0.5179,0.3697,0.05634,0.42773,0.13167,0.0771,0.0004,90,17.0,,,,,,,,,,,,,,
train,Tea algal leaf spot,Tea algal leaf spot/tea_algal_leaf_spot_00071.jpg,1,39.62,0.6543,0.2235,0.0181,0.13813,0.13101,0.1531,0.0,33,11.0,,,,,,,,,,,,,,
train,Tea algal leaf spot,Tea algal leaf spot/tea_algal_leaf_spot_00072.jpg,1,42.43,0.46,0.3467,0.00157,0.13496,0.01137,0.6329,0.0253,7,5.0,,,,,,,,,,,,,,
train,Tea algal leaf spot,Tea algal leaf spot/tea_algal_leaf_spot_00073.jpg,1,35.61,0.4106,0.3434,0.00235,0.15452,0.01496,0.5169,0.0169,6,9.5,,,,,,,,,,,,,,
train,Tea algal leaf spot,Tea algal leaf spot/tea_algal_leaf_spot_00074.jpg,1,36.71,0.5365,0.2052,0.01176,0.11792,0.09785,0.1898,0.0186,32,12.0,,,,,,,,,,,,,,
train,Tea algal leaf spot,Tea algal leaf spot/tea_algal_leaf_spot_00076.jpg,1,39.2,0.4626,0.3033,0.02505,0.13857,0.17561,0.2243,0.0286,57,12.0,,,,,,,,,,,,,,
train,Tea algal leaf spot,Tea algal leaf spot/tea_algal_leaf_spot_00079.jpg,1,40.84,0.6941,0.2536,0.00987,0.19876,0.04853,0.299,0.0222,15,13.0,,,,,,,,,,,,,,
train,Tea algal leaf spot,Tea algal leaf spot/tea_algal_leaf_spot_00081.jpg,1,40.39,0.5603,0.3091,0.01062,0.27117,0.03895,0.1895,0.0056,21,9.0,,,,,,,,,,,,,,
train,Tea algal leaf spot,Tea algal leaf spot/tea_algal_leaf_spot_00082.jpg,1,40.19,0.6226,0.2424,0.01002,0.07111,0.14041,0.1968,0.004,12,18.5,,,,,,,,,,,,,,
train,Tea algal leaf spot,Tea algal leaf spot/tea_algal_leaf_spot_00083.jpg,1,38.01,0.6134,0.2962,0.01152,0.13196,0.08654,0.1522,0.0087,41,9.0,,,,,,,,,,,,,,
train,Tea algal leaf spot,Tea algal leaf spot/tea_algal_leaf_spot_00084.jpg,1,41.9,0.6045,0.2814,0.00721,0.11153,0.06415,0.3094,0.0083,18,13.0,,,,,,,,,,,,,,
train,Tea algal leaf spot,Tea algal leaf spot/tea_algal_leaf_spot_00085.jpg,1,39.51,0.6437,0.4097,0.01979,0.26305,0.06485,0.1208,0.138,44,18.0,,,,,,,,,,,,,,
train,Tea algal leaf spot,Tea algal leaf spot/tea_algal_leaf_spot_00086.jpg,1,40.64,0.6243,0.4481,0.01467,0.34524,0.0396,0.0516,0.0679,43,15.0,,,,,,,,,,,,,,
train,Tea algal leaf spot,Tea algal leaf spot/tea_algal_leaf_spot_00088.jpg,1,38.02,0.3832,0.305,0.00793,0.22403,0.03541,0.407,0.0,28,7.0,,,,,,,,,,,,,,
train,Tea algal leaf spot,Tea algal leaf spot/tea_algal_leaf_spot_00090.jpg,1,41.08,0.6315,0.4911,0.02131,0.58287,0.03638,0.0617,0.0047,41,20.0,,,,,,,,,,,,,,
train,Tea algal leaf spot,Tea algal leaf spot/tea_algal_leaf_spot_00093.jpg,1,35.03,0.3548,0.3024,0.01222,0.99968,0.01222,0.0718,0.0,30,10.5,,,,,,,,,,,,,,
train,Tea algal leaf spot,Tea algal leaf spot/tea_algal_leaf_spot_00094.jpg,1,33.48,0.3876,0.3281,0.00498,0.93349,0.00527,0.328,0.012,15,7.0,,,,,,,,,,,,,,
train,Tea algal leaf spot,Tea algal leaf spot/tea_algal_leaf_spot_00095.jpg,1,41.15,0.7556,0.5338,0.15204,0.27258,0.55714,0.0821,0.0012,10,24.5,,,,,,,,,,,,,,
train,Tea algal leaf spot,Tea algal leaf spot/tea_algal_leaf_spot_00096.jpg,1,41.46,0.787,0.5201,0.16885,0.28667,0.58871,0.081,0.0005,14,17.0,,,,,,,,,,,,,,
train,Tea algal leaf spot,Tea algal leaf spot/tea_algal_leaf_spot_00099.jpg,1,41.56,0.7789,0.5348,0.13774,0.25821,0.53342,0.0654,0.0,19,19.0,,,,,,,,,,,,,,
train,Tea algal leaf spot,Tea algal leaf spot/tea_algal_leaf_spot_00100.jpg,1,41.39,0.7745,0.5311,0.14619,0.26236,0.55713,0.0633,0.0001,18,28.5,,,,,,,,,,,,,,
train,Tea algal leaf spot,Tea algal leaf spot/tea_algal_leaf_spot_00101.jpg,1,43.56,0.724,0.5345,0.08831,0.20847,0.41721,0.1519,0.0151,27,20.0,,,,,,,,,,,,,,
train,Tea algal leaf spot,Tea algal leaf spot/tea_algal_leaf_spot_00102.jpg,1,43.75,0.7243,0.5373,0.09511,0.21855,0.43097,0.1467,0.0096,27,16.0,,,,,,,,,,,,,,
train,Tea algal leaf spot,Tea algal leaf spot/tea_algal_leaf_spot_00103.jpg,1,43.44,0.698,0.5124,0.08482,0.17666,0.41764,0.1391,0.1302,23,32.0,,,,,,,,,,,,,,
train,Tea algal leaf spot,Tea algal leaf spot/tea_algal_leaf_spot_00104.jpg,1,43.65,0.726,0.5243,0.11189,0.25929,0.42813,0.1266,0.0078,29,16.0,,,,,,,,,,,,,,
train,Tea algal leaf spot,Tea algal leaf spot/tea_algal_leaf_spot_00105.jpg,1,43.4,0.7126,0.515,0.10848,0.25502,0.40341,0.1303,0.0516,35,13.0,,,,,,,,,,,,,,
train,Tea algal leaf spot,Tea algal leaf spot/tea_algal_leaf_spot_00108.jpg,1,46.17,0.6951,0.4995,0.02712,0.26574,0.10147,0.0977,0.0059,16,14.0,,,,,,,,,,,,,,
train,Tea algal leaf spot,Tea algal leaf spot/tea_algal_leaf_spot_00109.jpg,1,42.95,0.5973,0.4092,0.01266,0.17136,0.07327,0.1465,0.0079,55,7.0,,,,,,,,,,,,,,
train,Tea algal leaf spot,Tea algal leaf spot/tea_algal_leaf_spot_00112.jpg,1,46.92,0.7799,0.4746,0.01319,0.17803,0.07411,0.1495,0.0,17,17.0,,,,,,,,,,,,,,
train,Tea algal leaf spot,Tea algal leaf spot/tea_algal_leaf_spot_00113.jpg,1,46.64,0.7622,0.4578,0.02268,0.24631,0.09208,0.138,0.0,16,37.0,,,,,,,,,,,,,,
train,Tea algal leaf spot,Tea algal leaf spot/tea_algal_leaf_spot_00114.jpg,1,42.9,0.6329,0.449,0.02081,0.18481,0.11226,0.2098,0.0029,63,8.0,,,,,,,,,,,,,,
train,Tea algal leaf spot,Tea algal leaf spot/tea_algal_leaf_spot_00115.jpg,1,42.74,0.6358,0.4477,0.01993,0.17875,0.11105,0.201,0.004,62,9.0,,,,,,,,,,,,,,
train,Tea algal leaf spot,Tea algal leaf spot/tea_algal_leaf_spot_00117.jpg,1,46.44,0.5649,0.503,0.00957,0.14878,0.06376,0.3,0.0083,26,8.0,,,,,,,,,,,,,,
train,Tea algal leaf spot,Tea algal leaf spot/tea_algal_leaf_spot_00118.jpg,1,46.32,0.5788,0.4794,0.00977,0.18082,0.0539,0.3143,0.002,32,7.5,,,,,,,,,,,,,,
train,Tea algal leaf spot,Tea algal leaf spot/tea_algal_leaf_spot_00120.jpg,1,44.63,0.6503,0.5436,0.02728,0.15567,0.17527,0.1505,0.0,37,12.0,,,,,,,,,,,,,,
train,Tea algal leaf spot,Tea algal leaf spot/tea_algal_leaf_spot_00121.jpg,1,43.99,0.6837,0.5331,0.0503,0.24053,0.20905,0.13,0.0004,40,14.0,,,,,,,,,,,,,,
train,Tea algal leaf spot,Tea algal leaf spot/tea_algal_leaf_spot_00122.jpg,1,43.83,0.5969,0.4398,0.01549,0.17951,0.08504,0.2819,0.0142,39,13.0,,,,,,,,,,,,,,
train,Tea algal leaf spot,Tea algal leaf spot/tea_algal_leaf_spot_00124.jpg,1,40.76,0.463,0.452,0.00887,0.62765,0.01413,0.0809,0.0,36,10.0,,,,,,,,,,,,,,
train,Tea algal leaf spot,Tea algal leaf spot/tea_algal_leaf_spot_00125.jpg,1,41.48,0.4623,0.4722,0.01106,0.26194,0.04208,0.0703,0.0036,37,13.0,,,,,,,,,,,,,,
train,Tea algal leaf spot,Tea algal leaf spot/tea_algal_leaf_spot_00126.jpg,1,39.86,0.4625,0.4527,0.01216,0.19533,0.05918,0.0721,0.0492,41,14.0,,,,,,,,,,,,,,
train,Tea algal leaf spot,Tea algal leaf spot/tea_algal_leaf_spot_00128.jpg,1,38.28,0.5836,0.3966,0.01094,0.18702,0.0584,0.2477,0.0018,27,11.0,,,,,,,,,,,,,,
train,Tea algal leaf spot,Tea algal leaf spot/tea_algal_leaf_spot_00129.jpg,1,41.97,0.3378,0.3406,0.00114,0.99974,0.00114,0.3333,0.0,5,9.0,,,,,,,,,,,,,,
train,Tea algal leaf spot,Tea algal leaf spot/tea_algal_leaf_spot_00130.jpg,1,40.08,0.2419,0.3398,0.0008,0.99976,0.0008,0.275,0.0,3,11.0,,,,,,,,,,,,,,
train,Tea algal leaf spot,Tea algal leaf spot/tea_algal_leaf_spot_00133.jpg,1,33.13,0.3903,0.5512,0.03127,0.19623,0.11609,0.1593,0.2715,60,7.5,,,,,,,,,,,,,,
train,Tea algal leaf spot,Tea algal leaf spot/tea_algal_leaf_spot_00134.jpg,1,32.45,0.3941,0.5592,0.03655,0.20229,0.12522,0.1499,0.307,58,8.5,,,,,,,,,,,,,,
train,Tea algal leaf spot,Tea algal leaf spot/tea_algal_leaf_spot_00135.jpg,1,32.37,0.3848,0.5022,0.09548,0.21602,0.25224,0.096,0.4293,61,10.0,,,,,,,,,,,,,,
train,Tea algal leaf spot,Tea algal leaf spot/tea_algal_leaf_spot_00136.jpg,1,32.78,0.3805,0.51,0.10896,0.20613,0.25921,0.0858,0.5096,57,9.0,,,,,,,,,,,,,,
train,Tea algal leaf spot,Tea algal leaf spot/tea_algal_leaf_spot_00138.jpg,1,39.64,0.4856,0.261,0.01732,0.16661,0.10347,0.2566,0.0046,33,12.0,,,,,,,,,,,,,,
train,Tea algal leaf spot,Tea algal leaf spot/tea_algal_leaf_spot_00139.jpg,1,39.16,0.4678,0.2643,0.01632,0.18056,0.09018,0.2576,0.0024,33,18.0,,,,,,,,,,,,,,
train,Tea algal leaf spot,Tea algal leaf spot/tea_algal_leaf_spot_00140.jpg,1,36.97,0.5065,0.27,0.01299,0.1529,0.08433,0.2653,0.0077,26,7.5,,,,,,,,,,,,,,
train,Tea algal leaf spot,Tea algal leaf spot/tea_algal_leaf_spot_00141.jpg,1,42.54,0.4894,0.3998,0.03093,0.38124,0.08108,0.2893,0.0006,50,19.5,,,,,,,,,,,,,,
train,Tea algal leaf spot,Tea algal leaf spot/tea_algal_leaf_spot_00142.jpg,1,41.68,0.4785,0.3683,0.03659,0.278,0.13162,0.2375,0.0,63,11.0,,,,,,,,,,,,,,
train,Tea algal leaf spot,Tea algal leaf spot/tea_algal_leaf_spot_00145.jpg,1,41.98,0.3703,0.4214,0.01586,0.30407,0.05198,0.1834,0.0038,62,8.0,,,,,,,,,,,,,,
train,Tea algal leaf spot,Tea algal leaf spot/tea_algal_leaf_spot_00146.jpg,1,43.23,0.3199,0.4071,0.00777,0.3307,0.0235,0.159,0.0,18,7.0,,,,,,,,,,,,,,
train,Tea algal leaf spot,Tea algal leaf spot/tea_algal_leaf_spot_00147.jpg,1,40.81,0.4576,0.3998,0.00753,0.22527,0.033,0.2116,0.0132,18,7.0,,,,,,,,,,,,,,
train,Tea algal leaf spot,Tea algal leaf spot/tea_algal_leaf_spot_00148.jpg,1,39.51,0.3309,0.3968,0.01497,0.24526,0.06095,0.2237,0.0013,47,10.0,,,,,,,,,,,,,,
train,Tea algal leaf spot,Tea algal leaf spot/tea_algal_leaf_spot_00149.jpg,1,39.27,0.4722,0.3038,0.09558,0.40049,0.23812,0.0465,0.0023,106,20.0,,,,,,,,,,,,,,
train,Tea algal leaf spot,Tea algal leaf spot/tea_algal_leaf_spot_00152.jpg,1,38.46,0.4048,0.2426,0.01533,0.31597,0.048,0.1925,0.0104,29,13.0,,,,,,,,,,,,,,
train,Tea algal leaf spot,Tea algal leaf spot/tea_algal_leaf_spot_00153.jpg,1,36.33,0.4132,0.2546,0.0964,0.40216,0.23906,0.0773,0.0027,115,18.0,,,,,,,,,,,,,,
train,Tea algal leaf spot,Tea algal leaf spot/tea_algal_leaf_spot_00154.jpg,1,39.8,0.473,0.3871,0.03585,0.27061,0.13249,0.0984,0.0,38,14.0,,,,,,,,,,,,,,
train,Tea algal leaf spot,Tea algal leaf spot/tea_algal_leaf_spot_00155.jpg,1,44.05,0.3696,0.4052,0.03717,0.29767,0.12446,0.2166,0.0032,50,10.5,,,,,,,,,,,,,,
train,Tea algal leaf spot,Tea algal leaf spot/tea_algal_leaf_spot_00157.jpg,1,40.41,0.5892,0.3215,0.06653,0.23854,0.27697,0.145,0.0069,44,22.0,,,,,,,,,,,,,,
train,Tea algal leaf spot,Tea algal leaf spot/tea_algal_leaf_spot_00158.jpg,1,43.08,0.4721,0.4062,0.02924,0.35918,0.08112,0.1336,0.0034,79,10.0,,,,,,,,,,,,,,
train,Tea algal leaf spot,Tea algal leaf spot/tea_algal_leaf_spot_00160.jpg,1,39.6,0.397,0.3765,0.00612,0.30895,0.01942,0.5081,0.0195,11,9.0,,,,,,,,,,,,,,
train,Tea algal leaf spot,Tea algal leaf spot/tea_algal_leaf_spot_00161.jpg,1,40.68,0.3231,0.3834,0.00875,0.30869,0.02802,0.4966,0.0114,11,12.0,,,,,,,,,,,,,,
train,Tea algal leaf spot,Tea algal leaf spot/tea_algal_leaf_spot_00162.jpg,1,40.86,0.38,0.2815,0.00823,0.19388,0.04174,0.2906,0.0169,22,9.0,,,,,,,,,,,,,,
train,Tea algal leaf spot,Tea algal leaf spot/tea_algal_leaf_spot_00163.jpg,1,43.62,0.3287,0.3072,0.01186,0.15057,0.07876,0.0571,0.0,19,10.0,,,,,,,,,,,,,,
train,Tea algal leaf spot,Tea algal leaf spot/tea_algal_leaf_spot_00164.jpg,1,44.68,0.4849,0.2209,0.00454,0.09642,0.0463,0.3553,0.0175,17,10.0,,,,,,,,,,,,,,
train,Tea algal leaf spot,Tea algal leaf spot/tea_algal_leaf_spot_00165.jpg,1,42.97,0.4745,0.2323,0.00502,0.1243,0.03912,0.377,0.0317,18,9.5,,,,,,,,,,,,,,
train,Tea algal leaf spot,Tea algal leaf spot/tea_algal_leaf_spot_00166.jpg,1,39.28,0.4471,0.2198,0.05461,0.22088,0.24714,0.0766,0.0004,56,10.0,,,,,,,,,,,,,,
train,Tea algal leaf spot,Tea algal leaf spot/tea_algal_leaf_spot_00167.jpg,1,42.41,0.443,0.295,0.01162,0.20914,0.05556,0.2864,0.0,27,11.0,,,,,,,,,,,,,,
train,Tea algal leaf spot,Tea algal leaf spot/tea_algal_leaf_spot_00168.jpg,1,42.02,0.3869,0.2802,0.0396,0.18991,0.20852,0.0654,0.0,42,10.5,,,,,,,,,,,,,,
train,Tea algal leaf spot,Tea algal leaf spot/tea_algal_leaf_spot_00170.jpg,1,39.11,0.5552,0.3154,0.01772,0.13211,0.13049,0.2047,0.027,30,10.5,,,,,,,,,,,,,,
train,Tea algal leaf spot,Tea algal leaf spot/tea_algal_leaf_spot_00171.jpg,1,38.73,0.5686,0.3299,0.02268,0.16472,0.13382,0.2004,0.0281,38,11.0,,,,,,,,,,,,,,
train,Tea algal leaf spot,Tea algal leaf spot/tea_algal_leaf_spot_00172.jpg,1,40.54,0.5808,0.253,0.03101,0.15041,0.19875,0.2898,0.036,33,33.0,,,,,,,,,,,,,,
train,Tea algal leaf spot,Tea algal leaf spot/tea_algal_leaf_spot_00173.jpg,1,40.42,0.5868,0.2694,0.0392,0.18479,0.21171,0.2969,0.002,33,35.0,,,,,,,,,,,,,,
train,Tea algal leaf spot,Tea algal leaf spot/tea_algal_leaf_spot_00174.jpg,1,38.04,0.4758,0.2673,0.01724,0.15416,0.11157,0.3538,0.0023,28,17.5,,,,,,,,,,,,,,
train,Tea algal leaf spot,Tea algal leaf spot/tea_algal_leaf_spot_00176.jpg,1,38.04,0.4669,0.2425,0.04737,0.25803,0.18344,0.0976,0.0008,74,11.5,,,,,,,,,,,,,,
train,Tea algal leaf spot,Tea algal leaf spot/tea_algal_leaf_spot_00177.jpg,1,36.24,0.616,0.2749,0.01899,0.16107,0.11767,0.3861,0.0021,32,19.5,,,,,,,,,,,,,,
train,Tea algal leaf spot,Tea algal leaf spot/tea_algal_leaf_spot_00178.jpg,1,35.61,0.5956,0.2832,0.0283,0.22702,0.12466,0.3437,0.0,45,15.0,,,,,,,,,,,,,,
train,Tea algal leaf spot,Tea algal leaf spot/tea_algal_leaf_spot_00179.jpg,1,40.15,0.4107,0.3305,0.03765,0.20974,0.17921,0.1165,0.0016,69,9.0,,,,,,,,,,,,,,
train,Tea algal leaf spot,Tea algal leaf spot/tea_algal_leaf_spot_00180.jpg,1,38.46,0.4789,0.2661,0.01186,0.20213,0.05837,0.2739,0.005,21,9.0,,,,,,,,,,,,,,
train,Tea algal leaf spot,Tea algal leaf spot/tea_algal_leaf_spot_00184.jpg,1,42.52,0.4977,0.3243,0.02081,0.22658,0.09183,0.1331,0.0,62,8.5,,,,,,,,,,,,,,
train,Tea algal leaf spot,Tea algal leaf spot/tea_algal_leaf_spot_00185.jpg,1,41.4,0.4636,0.326,0.00841,0.18959,0.04394,0.372,0.0095,18,8.0,,,,,,,,,,,,,,
train,Tea algal leaf spot,Tea algal leaf spot/tea_algal_leaf_spot_00186.jpg,1,43.5,0.4633,0.3862,0.04267,0.38337,0.11094,0.0995,0.0033,84,9.0,,,,,,,,,,,,,,
train,Tea algal leaf spot,Tea algal leaf spot/tea_algal_leaf_spot_00187.jpg,1,43.53,0.4287,0.3639,0.03591,0.30455,0.10693,0.0794,0.0932,70,9.0,,,,,,,,,,,,,,
train,Tea algal leaf spot,Tea algal leaf spot/tea_algal_leaf_spot_00188.jpg,1,42.4,0.407,0.3244,0.01441,0.13985,0.1019,0.1037,0.0111,18,7.0,,,,,,,,,,,,,,
train,Tea algal leaf spot,Tea algal leaf spot/tea_algal_leaf_spot_00193.jpg,1,40.82,0.4871,0.4308,0.00907,0.20285,0.04461,0.1495,0.0022,30,13.5,,,,,,,,,,,,,,
train,Tea algal leaf spot,Tea algal leaf spot/tea_algal_leaf_spot_00194.jpg,1,43.26,0.5383,0.4098,0.01293,0.31969,0.04046,0.2681,0.0,24,14.5,,,,,,,,,,,,,,
train,Tea algal leaf spot,Tea algal leaf spot/tea_algal_leaf_spot_00196.jpg,1,45.57,0.4498,0.3617,0.05124,0.39563,0.12951,0.0424,0.0,100,10.0,,,,,,,,,,,,,,
train,Tea algal leaf spot,Tea algal leaf spot/tea_algal_leaf_spot_00197.jpg,1,41.18,0.6269,0.3671,0.01489,0.29893,0.04954,0.0817,0.0054,20,18.0,,,,,,,,,,,,,,
train,Tea algal leaf spot,Tea algal leaf spot/tea_algal_leaf_spot_00199.jpg,1,41.35,0.4254,0.4327,0.0409,0.23671,0.17252,0.0395,0.0015,43,16.0,,,,,,,,,,,,,,
train,Tea algal leaf spot,Tea algal leaf spot/tea_algal_leaf_spot_00200.jpg,1,44.97,0.6117,0.3493,0.02113,0.18395,0.11333,0.2066,0.0132,26,22.5,,,,,,,,,,,,,,
train,Tea algal leaf spot,Tea algal leaf spot/tea_algal_leaf_spot_00204.jpg,1,44.5,0.6303,0.2723,0.04462,0.2431,0.18355,0.0581,0.0,75,13.0,,,,,,,,,,,,,,
train,Tea algal leaf spot,Tea algal leaf spot/tea_algal_leaf_spot_00205.jpg,1,43.81,0.5864,0.5024,0.02089,0.34654,0.06027,0.1088,0.0,34,27.5,,,,,,,,,,,,,,
train,Tea algal leaf spot,Tea algal leaf spot/tea_algal_leaf_spot_00206.jpg,1,44.15,0.5764,0.4986,0.02057,0.34194,0.06015,0.1153,0.0,35,26.0,,,,,,,,,,,,,,
train,Tea algal leaf spot,Tea algal leaf spot/tea_algal_leaf_spot_00207.jpg,1,40.74,0.4726,0.3652,0.05578,0.34766,0.16017,0.0861,0.0018,94,14.0,,,,,,,,,,,,,,
train,Tea algal leaf spot,Tea algal leaf spot/tea_algal_leaf_spot_00208.jpg,1,41.86,0.4223,0.4319,0.03227,0.29032,0.11094,0.0964,0.0019,74,9.0,,,,,,,,,,,,,,
train,Tea algal leaf spot,Tea algal leaf spot/tea_algal_leaf_spot_00209.jpg,1,41.59,0.4215,0.4286,0.00767,0.33375,0.02293,0.2234,0.0026,27,11.0,,,,,,,,,,,,,,
train,Tea algal leaf spot,Tea algal leaf spot/tea_algal_leaf_spot_00210.jpg,1,43.07,0.5138,0.4839,0.02083,0.28402,0.07298,0.0813,0.0048,59,10.0,,,,,,,,,,,,,,
train,Tea algal leaf spot,Tea algal leaf spot/tea_algal_leaf_spot_00211.jpg,1,37.58,0.4343,0.5206,0.02083,0.21801,0.09516,0.2421,0.0038,40,18.5,,,,,,,,,,,,,,
train,Tea algal leaf spot,Tea algal leaf spot/tea_algal_leaf_spot_00212.jpg,1,36.69,0.4532,0.3662,0.01877,0.29424,0.06367,0.2633,0.0021,24,21.0,,,,,,,,,,,,,,
train,Tea algal leaf spot,Tea algal leaf spot/tea_algal_leaf_spot_00213.jpg,1,41.99,0.5087,0.4408,0.01901,0.27999,0.06776,0.1897,0.0021,44,17.0,,,,,,,,,,,,,,
train,Tea algal leaf spot,Tea algal leaf spot/tea_algal_leaf_spot_00214.jpg,1,43.7,0.6011,0.3614,0.00951,0.36097,0.02634,0.2788,0.0,12,20.0,,,,,,,,,,,,,,
train,Tea algal leaf spot,Tea algal leaf spot/tea_algal_leaf_spot_00216.jpg,1,40.01,0.601,0.4159,0.01439,0.32508,0.04408,0.2022,0.0042,22,19.5,,,,,,,,,,,,,,
train,Tea algal leaf spot,Tea algal leaf spot/tea_algal_leaf_spot_00218.jpg,1,43.17,0.5384,0.4001,0.03761,0.32288,0.11635,0.0964,0.0011,63,16.0,,,,,,,,,,,,,,
train,Tea algal leaf spot,Tea algal leaf spot/tea_algal_leaf_spot_00219.jpg,1,42.75,0.5538,0.3545,0.01202,0.30427,0.03923,0.2604,0.0066,31,11.0,,,,,,,,,,,,,,
train,Tea algal leaf spot,Tea algal leaf spot/tea_algal_leaf_spot_00220.jpg,1,44.34,0.5065,0.3572,0.00871,0.29606,0.02901,0.2654,0.0137,27,11.0,,,,,,,,,,,,,,
train,Tea algal leaf spot,Tea algal leaf spot/tea_algal_leaf_spot_00221.jpg,1,41.51,0.5537,0.3015,0.01561,0.3757,0.04132,0.189,0.0051,41,13.0,,,,,,,,,,,,,,
train,Tea algal leaf spot,Tea algal leaf spot/tea_algal_leaf_spot_00222.jpg,1,39.12,0.5295,0.4785,0.03284,0.40826,0.08021,0.1104,0.003,53,18.0,,,,,,,,,,,,,,
train,Tea algal leaf spot,Tea algal leaf spot/tea_algal_leaf_spot_00223.jpg,1,38.02,0.5625,0.455,0.04303,0.443,0.09677,0.132,0.0037,53,22.0,,,,,,,,,,,,,,
train,Tea algal leaf spot,Tea algal leaf spot/tea_algal_leaf_spot_00224.jpg,1,44.39,0.7628,0.4246,0.08004,0.29843,0.26666,0.2288,0.0057,59,12.0,,,,,,,,,,,,,,
train,Tea algal leaf spot,Tea algal leaf spot/tea_algal_leaf_spot_00225.jpg,1,44.06,0.6902,0.4309,0.08066,0.3742,0.21512,0.2486,0.002,79,12.0,,,,,,,,,,,,,,
train,Tea algal leaf spot,Tea algal leaf spot/tea_algal_leaf_spot_00226.jpg,1,44.06,0.5889,0.4428,0.05991,0.32189,0.18606,0.2255,0.0003,49,14.0,,,,,,,,,,,,,,
train,Tea algal leaf spot,Tea algal leaf spot/tea_algal_leaf_spot_00227.jpg,1,40.36,0.3726,0.4918,0.01535,0.26367,0.05813,0.1468,0.0013,35,14.0,,,,,,,,,,,,,,
train,Tea algal leaf spot,Tea algal leaf spot/tea_algal_leaf_spot_00229.jpg,1,43.62,0.4822,0.3876,0.00787,0.21385,0.03681,0.3291,0.0,21,12.0,,,,,,,,,,,,,,
train,Tea algal leaf spot,Tea algal leaf spot/tea_algal_leaf_spot_00230.jpg,1,44.56,0.4705,0.3956,0.00831,0.23097,0.03598,0.3981,0.0,23,11.0,,,,,,,,,,,,,,
train,Tea algal leaf spot,Tea algal leaf spot/tea_algal_leaf_spot_00231.jpg,1,42.27,0.5684,0.4489,0.00686,0.24384,0.02771,0.2384,0.0145,23,11.0,,,,,,,,,,,,,,
train,Tea algal leaf spot,Tea algal leaf spot/tea_algal_leaf_spot_00232.jpg,1,43.36,0.4395,0.4026,0.00329,0.30397,0.01056,0.2061,0.0242,15,6.0,,,,,,,,,,,,,,
train,Tea algal leaf spot,Tea algal leaf spot/tea_algal_leaf_spot_00233.jpg,1,42.95,0.5284,0.3857,0.00375,0.3185,0.01176,0.2553,0.0,17,7.0,,,,,,,,,,,,,,
train,Tea algal leaf spot,Tea algal leaf spot/tea_algal_leaf_spot_00234.jpg,1,41.39,0.6164,0.4112,0.01014,0.2376,0.04261,0.1631,0.002,33,11.0,,,,,,,,,,,,,,
train,Tea algal leaf spot,Tea algal leaf spot/tea_algal_leaf_spot_00236.jpg,1,44.95,0.5739,0.4162,0.00285,0.32191,0.00885,0.3986,0.0,11,7.0,,,,,,,,,,,,,,
train,Tea algal leaf spot,Tea algal leaf spot/tea_algal_leaf_spot_00237.jpg,1,38.96,0.5419,0.4602,0.06766,0.30833,0.21931,0.1464,0.0006,55,32.0,,,,,,,,,,,,,,
train,Tea algal leaf spot,Tea algal leaf spot/tea_algal_leaf_spot_00238.jpg,1,38.53,0.5765,0.3489,0.02858,0.34746,0.08197,0.1499,0.0035,25,21.0,,,,,,,,,,,,,,
train,Tea algal leaf spot,Tea algal leaf spot/tea_algal_leaf_spot_00239.jpg,1,38.74,0.5395,0.3851,0.04554,0.32161,0.14135,0.2473,0.0018,68,11.0,,,,,,,,,,,,,,
train,Tea algal leaf spot,Tea algal leaf spot/tea_algal_leaf_spot_00242.jpg,1,40.75,0.5322,0.4161,0.05246,0.17971,0.29178,0.0794,0.0004,31,33.0,,,,,,,,,,,,,,
train,Tea algal leaf spot,Tea algal leaf spot/tea_algal_leaf_spot_00245.jpg,1,44.73,0.4997,0.3212,0.00729,0.38594,0.01869,0.3415,0.0109,23,11.0,,,,,,,,,,,,,,
train,Tea algal leaf spot,Tea algal leaf spot/tea_algal_leaf_spot_00246.jpg,1,37.48,0.5647,0.3354,0.03599,0.15872,0.22602,0.1307,0.0033,47,9.0,,,,,,,,,,,,,,
train,Tea algal leaf spot,Tea algal leaf spot/tea_algal_leaf_spot_00247.jpg,1,40.94,0.4842,0.4065,0.00586,0.19316,0.02951,0.0578,0.0272,18,7.5,,,,,,,,,,,,,,
train,Tea algal leaf spot,Tea algal leaf spot/tea_algal_leaf_spot_00248.jpg,1,38.18,0.5982,0.42,0.01684,0.09991,0.16796,0.103,0.0036,32,22.5,,,,,,,,,,,,,,
train,Tea algal leaf spot,Tea algal leaf spot/tea_algal_leaf_spot_00249.jpg,1,39.25,0.5711,0.3691,0.00538,0.24123,0.02222,0.1741,0.0037,11,11.0,,,,,,,,,,,,,,
train,Tea algal leaf spot,Tea algal leaf spot/tea_algal_leaf_spot_00250.jpg,1,37.66,0.6326,0.4229,0.0163,0.10772,0.15134,0.1064,0.0,33,25.0,,,,,,,,,,,,,,
train,Tea algal leaf spot,Tea algal leaf spot/tea_algal_leaf_spot_00251.jpg,1,43.55,0.457,0.3238,0.00456,0.13221,0.03407,0.3275,0.0131,10,19.5,,,,,,,,,,,,,,
train,Tea algal leaf spot,Tea algal leaf spot/tea_algal_leaf_spot_00252.jpg,1,37.93,0.5489,0.3947,0.03314,0.20372,0.16259,0.0686,0.0006,49,20.0,,,,,,,,,,,,,,
train,Tea algal leaf spot,Tea algal leaf spot/tea_algal_leaf_spot_00254.jpg,1,42.64,0.5095,0.4238,0.00295,0.23294,0.01215,0.2703,0.0405,11,8.0,,,,,,,,,,,,,,
train,Tea algal leaf spot,Tea algal leaf spot/tea_algal_leaf_spot_00256.jpg,1,42.0,0.6363,0.3998,0.04548,0.43907,0.10335,0.1192,0.0022,44,27.0,,,,,,,,,,,,,,
train,Tea algal leaf spot,Tea algal leaf spot/tea_algal_leaf_spot_00257.jpg,1,36.97,0.4624,0.4451,0.02134,0.47262,0.04504,0.1008,0.0028,26,13.5,,,,,,,,,,,,,,
train,Tea algal leaf spot,Tea algal leaf spot/tea_algal_leaf_spot_00258.jpg,1,39.16,0.6181,0.3184,0.00883,0.45659,0.01934,0.1106,0.0,11,20.0,,,,,,,,,,,,,,
train,Tea algal leaf spot,Tea algal leaf spot/tea_algal_leaf_spot_00260.jpg,1,41.33,0.6594,0.4077,0.00939,0.23854,0.03927,0.1295,0.0021,18,19.0,,,,,,,,,,,,,,
train,Tea algal leaf spot,Tea algal leaf spot/tea_algal_leaf_spot_00262.jpg,1,40.83,0.5298,0.4377,0.01754,0.28811,0.06074,0.2216,0.0023,43,12.0,,,,,,,,,,,,,,
train,Tea algal leaf spot,Tea algal leaf spot/tea_algal_leaf_spot_00263.jpg,1,40.64,0.5038,0.4622,0.01455,0.26228,0.05479,0.1863,0.0123,36,11.0,,,,,,,,,,,,,,
train,Tea algal leaf spot,Tea algal leaf spot/tea_algal_leaf_spot_00264.jpg,1,41.56,0.5846,0.4209,0.00482,0.15202,0.03015,0.3264,0.0496,21,8.0,,,,,,,,,,,,,,
train,Tea algal leaf spot,Tea algal leaf spot/tea_algal_leaf_spot_00266.jpg,1,40.42,0.5769,0.4622,0.03091,0.24811,0.12443,0.1522,0.0013,26,28.0,,,,,,,,,,,,,,
train,Tea algal leaf spot,Tea algal leaf spot/tea_algal_leaf_spot_00267.jpg,1,38.09,0.6416,0.295,0.02059,0.31041,0.06594,0.1559,0.0058,24,13.5,,,,,,,,,,,,,,
train,Tea algal leaf spot,Tea algal leaf spot/tea_algal_leaf_spot_00268.jpg,1,41.41,0.5686,0.3464,0.01957,0.24332,0.08043,0.0611,0.0,14,43.5,,,,,,,,,,,,,,
train,Tea algal leaf spot,Tea algal leaf spot/tea_algal_leaf_spot_00269.jpg,1,40.03,0.6333,0.3462,0.02631,0.25548,0.1025,0.1098,0.0045,19,18.0,,,,,,,,,,,,,,
train,Tea algal leaf spot,Tea algal leaf spot/tea_algal_leaf_spot_00270.jpg,1,40.57,0.6439,0.3196,0.02298,0.22563,0.10176,0.0408,0.0009,14,25.0,,,,,,,,,,,,,,
train,Tea algal leaf spot,Tea algal leaf spot/tea_algal_leaf_spot_00271.jpg,1,41.43,0.6061,0.3561,0.02704,0.31166,0.08658,0.0523,0.0022,16,62.0,,,,,,,,,,,,,,
train,Tea algal leaf spot,Tea algal leaf spot/tea_algal_leaf_spot_00272.jpg,1,39.6,0.5656,0.4188,0.03181,0.39601,0.07997,0.1535,0.0044,58,22.5,,,,,,,,,,,,,,
train,Tea algal leaf spot,Tea algal leaf spot/tea_algal_leaf_spot_00274.jpg,1,41.88,0.379,0.4553,0.01929,0.19149,0.09607,0.1395,0.0465,19,34.0,,,,,,,,,,,,,,
train,Tea algal leaf spot,Tea algal leaf spot/tea_algal_leaf_spot_00275.jpg,1,43.81,0.6573,0.3766,0.03163,0.30385,0.10409,0.1934,0.0,53,12.0,,,,,,,,,,,,,,
train,Tea algal leaf spot,Tea algal leaf spot/tea_algal_leaf_spot_00276.jpg,1,43.77,0.7254,0.3574,0.06782,0.31784,0.21307,0.1252,0.0015,84,12.5,,,,,,,,,,,,,,
train,Tea algal leaf spot,Tea algal leaf spot/tea_algal_leaf_spot_00277.jpg,1,43.69,0.6816,0.4184,0.07769,0.36866,0.21013,0.1437,0.0028,102,12.5,,,,,,,,,,,,,,
train,Tea algal leaf spot,Tea algal leaf spot/tea_algal_leaf_spot_00278.jpg,1,37.28,0.5827,0.4174,0.00889,0.16542,0.05181,0.1749,0.0359,19,10.0,,,,,,,,,,,,,,
train,Tea algal leaf spot,Tea algal leaf spot/tea_algal_leaf_spot_00279.jpg,1,38.76,0.5273,0.3657,0.00717,0.16307,0.04265,0.1278,0.0306,13,6.0,,,,,,,,,,,,,,
train,Tea algal leaf spot,Tea algal leaf spot/tea_algal_leaf_spot_00281.jpg,1,42.14,0.6034,0.3573,0.01311,0.06571,0.19927,0.3313,0.0015,19,8.0,,,,,,,,,,,,,,
train,Tea algal leaf spot,Tea algal leaf spot/tea_algal_leaf_spot_00282.jpg,1,39.0,0.3483,0.5529,0.04295,0.26929,0.15919,0.052,0.0019,25,10.0,,,,,,,,,,,,,,
train,Tea algal leaf spot,Tea algal leaf spot/tea_algal_leaf_spot_00284.jpg,1,41.42,0.5385,0.4007,0.02035,0.19099,0.10633,0.286,0.002,41,11.0,,,,,,,,,,,,,,
train,Tea algal leaf spot,Tea algal leaf spot/tea_algal_leaf_spot_00285.jpg,1,42.46,0.5595,0.3579,0.02617,0.25955,0.10051,0.2704,0.003,54,8.5,,,,,,,,,,,,,,
train,Tea algal leaf spot,Tea algal leaf spot/tea_algal_leaf_spot_00286.jpg,1,41.16,0.5164,0.401,0.02314,0.20737,0.1112,0.2808,0.0034,55,11.0,,,,,,,,,,,,,,
train,Tea algal leaf spot,Tea algal leaf spot/tea_algal_leaf_spot_00288.jpg,1,43.25,0.6156,0.3837,0.00458,0.35459,0.01259,0.3652,0.0261,10,16.5,,,,,,,,,,,,,,
train,Tea algal leaf spot,Tea algal leaf spot/tea_algal_leaf_spot_00289.jpg,1,40.07,0.6281,0.3415,0.07908,0.3363,0.23367,0.0318,0.0063,105,14.0,,,,,,,,,,,,,,
train,Tea algal leaf spot,Tea algal leaf spot/tea_algal_leaf_spot_00291.jpg,1,31.27,0.624,0.3221,0.04853,0.30311,0.15839,0.0764,0.0107,32,12.5,,,,,,,,,,,,,,
train,Tea algal leaf spot,Tea algal leaf spot/tea_algal_leaf_spot_00292.jpg,1,39.74,0.7029,0.3578,0.04769,0.29313,0.16093,0.1312,0.0109,39,15.0,,,,,,,,,,,,,,
train,Tea algal leaf spot,Tea algal leaf spot/tea_algal_leaf_spot_00293.jpg,1,42.22,0.525,0.4424,0.02822,0.49312,0.05654,0.1864,0.012,52,15.0,,,,,,,,,,,,,,
train,Tea algal leaf spot,Tea algal leaf spot/tea_algal_leaf_spot_00294.jpg,1,39.18,0.4819,0.4995,0.02603,0.41396,0.06201,0.1133,0.0138,36,19.0,,,,,,,,,,,,,,
train,Tea algal leaf spot,Tea algal leaf spot/tea_algal_leaf_spot_00295.jpg,1,42.42,0.4974,0.4375,0.03296,0.35152,0.09338,0.1324,0.0042,45,19.0,,,,,,,,,,,,,,
train,Tea algal leaf spot,Tea algal leaf spot/tea_algal_leaf_spot_00296.jpg,1,42.75,0.5631,0.3592,0.05339,0.30369,0.17259,0.1153,0.0183,60,12.0,,,,,,,,,,,,,,
train,Tea algal leaf spot,Tea algal leaf spot/tea_algal_leaf_spot_00297.jpg,1,40.9,0.6585,0.348,0.03504,0.33183,0.10438,0.1627,0.0114,31,21.0,,,,,,,,,,,,,,
train,Tea algal leaf spot,Tea algal leaf spot/tea_algal_leaf_spot_00298.jpg,1,40.6,0.6123,0.3847,0.0628,0.36244,0.17294,0.1993,0.0019,62,19.0,,,,,,,,,,,,,,
train,Tea algal leaf spot,Tea algal leaf spot/tea_algal_leaf_spot_00299.jpg,1,43.32,0.6148,0.346,0.03354,0.2945,0.11301,0.2282,0.0077,51,23.0,,,,,,,,,,,,,,
train,Tea algal leaf spot,Tea algal leaf spot/tea_algal_leaf_spot_00300.jpg,1,41.59,0.437,0.4374,0.01887,0.21136,0.08769,0.1204,0.018,43,7.0,,,,,,,,,,,,,,
train,Tea algal leaf spot,Tea algal leaf spot/tea_algal_leaf_spot_00303.jpg,1,39.75,0.6725,0.3181,0.0615,0.33349,0.18401,0.1594,0.0023,43,14.0,,,,,,,,,,,,,,
train,Tea algal leaf spot,Tea algal leaf spot/tea_algal_leaf_spot_00304.jpg,1,41.16,0.5475,0.419,0.02495,0.37861,0.06575,0.2636,0.0024,56,10.0,,,,,,,,,,,,,,
train,Tea algal leaf spot,Tea algal leaf spot/tea_algal_leaf_spot_00305.jpg,1,40.32,0.5801,0.3669,0.07209,0.51614,0.1392,0.0874,0.0033,51,11.0,,,,,,,,,,,,,,
train,Tea algal leaf spot,Tea algal leaf spot/tea_algal_leaf_spot_00307.jpg,1,40.56,0.557,0.4059,0.03681,0.37416,0.09811,0.2225,0.0027,44,17.5,,,,,,,,,,,,,,
train,Tea algal leaf spot,Tea algal leaf spot/tea_algal_leaf_spot_00309.jpg,1,41.79,0.5224,0.4029,0.02792,0.24482,0.11324,0.2698,0.0071,44,10.0,,,,,,,,,,,,,,
train,Tea algal leaf spot,Tea algal leaf spot/tea_algal_leaf_spot_00310.jpg,1,40.21,0.5619,0.4466,0.01248,0.46534,0.02643,0.1613,0.0144,23,15.0,,,,,,,,,,,,,,
train,Tea algal leaf spot,Tea algal leaf spot/tea_algal_leaf_spot_00312.jpg,1,41.88,0.4565,0.3879,0.00596,0.24356,0.02438,0.1639,0.0033,12,13.5,,,,,,,,,,,,,,
train,Tea algal leaf spot,Tea algal leaf spot/tea_algal_leaf_spot_00314.jpg,1,42.89,0.6379,0.501,0.13221,0.26321,0.50193,0.1259,0.0008,30,29.0,,,,,,,,,,,,,,
train,Tea algal leaf spot,Tea algal leaf spot/tea_algal_leaf_spot_00316.jpg,1,41.56,0.5314,0.3885,0.00456,0.22802,0.01958,0.4367,0.0218,7,12.0,,,,,,,,,,,,,,
train,Tea algal leaf spot,Tea algal leaf spot/tea_algal_leaf_spot_00319.jpg,1,38.8,0.5798,0.4516,0.01993,0.22194,0.08737,0.351,0.027,44,13.5,,,,,,,,,,,,,,
train,Tea algal leaf spot,Tea algal leaf spot/tea_algal_leaf_spot_00320.jpg,1,42.15,0.5862,0.4059,0.03047,0.35543,0.08574,0.1452,0.0,59,14.0,,,,,,,,,,,,,,
train,Tea algal leaf spot,Tea algal leaf spot/tea_algal_leaf_spot_00321.jpg,1,42.61,0.5272,0.3662,0.01072,0.32282,0.03315,0.3457,0.0019,17,14.0,,,,,,,,,,,,,,
train,Tea algal leaf spot,Tea algal leaf spot/tea_algal_leaf_spot_00323.jpg,1,41.77,0.4126,0.3971,0.01923,0.28408,0.06756,0.1295,0.0021,23,18.0,,,,,,,,,,,,,,
train,Tea algal leaf spot,Tea algal leaf spot/tea_algal_leaf_spot_00324.jpg,1,41.38,0.4633,0.5093,0.02517,0.3003,0.08263,0.2787,0.0143,59,12.0,,,,,,,,,,,,,,
train,Tea algal leaf spot,Tea algal leaf spot/tea_algal_leaf_spot_00328.jpg,1,37.71,0.4835,0.4356,0.12819,0.5343,0.23936,0.0762,0.0023,55,17.0,,,,,,,,,,,,,,
train,Tea algal leaf spot,Tea algal leaf spot/tea_algal_leaf_spot_00329.jpg,1,43.09,0.7402,0.3582,0.1759,0.36677,0.47905,0.0852,0.0011,14,23.5,,,,,,,,,,,,,,
train,Tea algal leaf spot,Tea algal leaf spot/tea_algal_leaf_spot_00331.jpg,1,38.77,0.4346,0.4066,0.04321,0.31332,0.13778,0.0535,0.0009,58,17.5,,,,,,,,,,,,,,
train,Tea algal leaf spot,Tea algal leaf spot/tea_algal_leaf_spot_00332.jpg,1,39.84,0.526,0.4186,0.03605,0.19986,0.18039,0.2001,0.0,69,13.0,,,,,,,,,,,,,,
train,Tea algal leaf spot,Tea algal leaf spot/tea_algal_leaf_spot_00333.jpg,1,38.47,0.4661,0.473,0.05935,0.20906,0.28303,0.1115,0.003,47,24.0,,,,,,,,,,,,,,
train,Tea algal leaf spot,Tea algal leaf spot/tea_algal_leaf_spot_00335.jpg,1,36.27,0.3496,0.4478,0.06828,0.2434,0.27954,0.0339,0.0035,26,17.0,,,,,,,,,,,,,,
train,Tea algal leaf spot,Tea algal leaf spot/tea_algal_leaf_spot_00337.jpg,1,39.1,0.394,0.4205,0.06045,0.46419,0.12949,0.1675,0.0056,97,11.0,,,,,,,,,,,,,,
train,Tea algal leaf spot,Tea algal leaf spot/tea_algal_leaf_spot_00339.jpg,1,39.6,0.4946,0.4511,0.02991,0.36055,0.08286,0.2352,0.0013,73,10.0,,,,,,,,,,,,,,
train,Tea algal leaf spot,Tea algal leaf spot/tea_algal_leaf_spot_00340.jpg,1,41.0,0.4657,0.4164,0.02485,0.35298,0.07024,0.3015,0.0024,45,10.0,,,,,,,,,,,,,,
train,Tea algal leaf spot,Tea algal leaf spot/tea_algal_leaf_spot_00341.jpg,1,36.55,0.532,0.3903,0.04056,0.18084,0.22394,0.1749,0.0015,31,30.0,,,,,,,,,,,,,,
train,Tea algal leaf spot,Tea algal leaf spot/tea_algal_leaf_spot_00342.jpg,1,40.2,0.4032,0.402,0.0214,0.22583,0.09461,0.3026,0.0019,27,9.0,,,,,,,,,,,,,,
train,Tea algal leaf spot,Tea algal leaf spot/tea_algal_leaf_spot_00343.jpg,1,43.52,0.3886,0.389,0.00971,0.1648,0.05865,0.0575,0.0041,22,10.0,,,,,,,,,,,,,,
train,Tea algal leaf spot,Tea algal leaf spot/tea_algal_leaf_spot_00344.jpg,1,43.19,0.4011,0.4453,0.00359,0.20556,0.01745,0.1111,0.0,13,8.0,,,,,,,,,,,,,,
train,Tea algal leaf spot,Tea algal leaf spot/tea_algal_leaf_spot_00345.jpg,1,33.56,0.4528,0.3469,0.03041,0.35798,0.08496,0.0151,0.0,15,13.0,,,,,,,,,,,,,,
train,Tea algal leaf spot,Tea algal leaf spot/tea_algal_leaf_spot_00346.jpg,1,30.75,0.6939,0.2977,0.01258,0.34732,0.03615,0.0618,0.0016,17,8.0,,,,,,,,,,,,,,
train,Tea algal leaf spot,Tea algal leaf spot/tea_algal_leaf_spot_00347.jpg,1,33.7,0.4243,0.3319,0.03789,0.31507,0.12012,0.0973,0.0011,13,42.0,,,,,,,,,,,,,,
train,Tea algal leaf spot,Tea algal leaf spot/tea_algal_leaf_spot_00348.jpg,1,29.78,0.604,0.3216,0.02386,0.31089,0.07635,0.1303,0.005,9,79.0,,,,,,,,,,,,,,
train,Tea algal leaf spot,Tea algal leaf spot/tea_algal_leaf_spot_00349.jpg,1,39.79,0.502,0.4433,0.01832,0.32994,0.05503,0.1904,0.0087,36,10.5,,,,,,,,,,,,,,
train,Tea algal leaf spot,Tea algal leaf spot/tea_algal_leaf_spot_00350.jpg,1,45.64,0.7924,0.4347,0.02248,0.23441,0.09539,0.148,0.0053,43,9.0,,,,,,,,,,,,,,
train,Tea algal leaf spot,Tea algal leaf spot/tea_algal_leaf_spot_00351.jpg,1,43.5,0.6363,0.4168,0.02105,0.20291,0.10313,0.3087,0.0057,38,10.0,,,,,,,,,,,,,,
train,Tea algal leaf spot,Tea algal leaf spot/tea_algal_leaf_spot_00352.jpg,1,36.45,0.4382,0.4245,0.02439,0.43911,0.05551,0.1021,0.0008,36,13.5,,,,,,,,,,,,,,
train,Tea algal leaf spot,Tea algal leaf spot/tea_algal_leaf_spot_00353.jpg,1,45.43,0.5953,0.4122,0.00873,0.22238,0.03908,0.0753,0.0046,27,13.0,,,,,,,,,,,,,,
train,Tea algal leaf spot,Tea algal leaf spot/tea_algal_leaf_spot_00354.jpg,1,41.97,0.4158,0.3725,0.00819,0.25602,0.03161,0.1922,0.0122,19,12.0,,,,,,,,,,,,,,
train,Tea algal leaf spot,Tea algal leaf spot/tea_algal_leaf_spot_00355.jpg,1,39.66,0.5164,0.3321,0.02758,0.2611,0.10427,0.1561,0.013,41,11.0,,,,,,,,,,,,,,
train,Tea algal leaf spot,Tea algal leaf spot/tea_algal_leaf_spot_00357.jpg,1,38.12,0.5804,0.33,0.00596,0.28695,0.02035,0.4314,0.0201,10,18.0,,,,,,,,,,,,,,
train,Tea algal leaf spot,Tea algal leaf spot/tea_algal_leaf_spot_00358.jpg,1,38.21,0.5878,0.328,0.02324,0.18846,0.12278,0.1964,0.0043,16,52.5,,,,,,,,,,,,,,
train,Tea algal leaf spot,Tea algal leaf spot/tea_algal_leaf_spot_00359.jpg,1,37.34,0.6107,0.31,0.0122,0.2392,0.05032,0.5605,0.0131,14,19.5,,,,,,,,,,,,,,
train,Tea algal leaf spot,Tea algal leaf spot/tea_algal_leaf_spot_00361.jpg,1,43.89,0.6724,0.3524,0.01588,0.25807,0.06139,0.197,0.0025,19,12.0,,,,,,,,,,,,,,
train,Tea algal leaf spot,Tea algal leaf spot/tea_algal_leaf_spot_00363.jpg,1,37.4,0.685,0.3318,0.05265,0.21365,0.24412,0.2506,0.0095,28,18.0,,,,,,,,,,,,,,
train,Tea algal leaf spot,Tea algal leaf spot/tea_algal_leaf_spot_00364.jpg,1,41.78,0.5126,0.3454,0.01146,0.34945,0.03274,0.1043,0.0017,25,17.0,,,,,,,,,,,,,,
train,Tea algal leaf spot,Tea algal leaf spot/tea_algal_leaf_spot_00365.jpg,1,37.53,0.5959,0.3971,0.03633,0.3006,0.12073,0.1262,0.0011,38,14.5,,,,,,,,,,,,,,
train,Tea algal leaf spot,Tea algal leaf spot/tea_algal_leaf_spot_00367.jpg,1,36.91,0.5651,0.3651,0.0233,0.18862,0.1231,0.2258,0.0034,36,13.0,,,,,,,,,,,,,,
train,Tea algal leaf spot,Tea algal leaf spot/tea_algal_leaf_spot_00368.jpg,1,38.3,0.6122,0.3516,0.02888,0.15033,0.19077,0.2319,0.0069,21,15.0,,,,,,,,,,,,,,
train,Tea algal leaf spot,Tea algal leaf spot/tea_algal_leaf_spot_00369.jpg,1,41.44,0.5755,0.4508,0.02146,0.22202,0.09569,0.156,0.0102,24,23.0,,,,,,,,,,,,,,
train,Tea algal leaf spot,Tea algal leaf spot/tea_algal_leaf_spot_00372.jpg,1,36.01,0.4874,0.403,0.01887,0.19368,0.0958,0.2777,0.0169,32,14.0,,,,,,,,,,,,,,
train,Tea algal leaf spot,Tea algal leaf spot/tea_algal_leaf_spot_00373.jpg,1,33.04,0.5121,0.3275,0.01614,0.24368,0.06567,0.2654,0.0086,19,11.0,,,,,,,,,,,,,,
train,Tea algal leaf spot,Tea algal leaf spot/tea_algal_leaf_spot_00374.jpg,1,39.12,0.465,0.4168,0.02216,0.19585,0.11265,0.1808,0.0045,24,15.0,,,,,,,,,,,,,,
train,Tea algal leaf spot,Tea algal leaf spot/tea_algal_leaf_spot_00375.jpg,1,37.29,0.5825,0.3854,0.02609,0.2387,0.10896,0.3147,0.0031,34,27.5,,,,,,,,,,,,,,
train,Tea algal leaf spot,Tea algal leaf spot/tea_algal_leaf_spot_00377.jpg,1,41.69,0.6169,0.3406,0.02111,0.18997,0.11057,0.2946,0.0047,25,25.0,,,,,,,,,,,,,,
train,Tea algal leaf spot,Tea algal leaf spot/tea_algal_leaf_spot_00378.jpg,1,41.26,0.4035,0.3171,0.01493,0.2319,0.06377,0.279,0.0093,17,26.0,,,,,,,,,,,,,,
train,Tea algal leaf spot,Tea algal leaf spot/tea_algal_leaf_spot_00382.jpg,1,39.84,0.3153,0.4788,0.0354,0.25444,0.13864,0.04,0.0034,20,29.5,,,,,,,,,,,,,,
train,Tea algal leaf spot,Tea algal leaf spot/tea_algal_leaf_spot_00383.jpg,1,36.55,0.4721,0.3566,0.05353,0.26598,0.19969,0.2055,0.0078,46,21.5,,,,,,,,,,,,,,
train,Tea algal leaf spot,Tea algal leaf spot/tea_algal_leaf_spot_00387.jpg,1,38.97,0.3913,0.3519,0.01423,0.29508,0.04782,0.2451,0.0084,22,19.5,,,,,,,,,,,,,,
train,Tea algal leaf spot,Tea algal leaf spot/tea_algal_leaf_spot_00388.jpg,1,39.45,0.514,0.3428,0.02057,0.21177,0.09656,0.2035,0.0058,35,14.0,,,,,,,,,,,,,,
train,Tea algal leaf spot,Tea algal leaf spot/tea_algal_leaf_spot_00389.jpg,1,27.05,0.2606,0.5817,0.06435,0.2281,0.28196,0.0248,0.0006,11,26.0,,,,,,,,,,,,,,
train,Tea algal leaf spot,Tea algal leaf spot/tea_algal_leaf_spot_00390.jpg,1,38.94,0.5397,0.4149,0.02543,0.1636,0.15312,0.2139,0.0149,16,18.0,,,,,,,,,,,,,,
train,Tea algal leaf spot,Tea algal leaf spot/tea_algal_leaf_spot_00392.jpg,1,41.73,0.4643,0.4258,0.01489,0.31069,0.04779,0.1352,0.0027,32,17.5,,,,,,,,,,,,,,
train,Tea algal leaf spot,Tea algal leaf spot/tea_algal_leaf_spot_00396.jpg,1,40.13,0.4391,0.4095,0.02254,0.33392,0.06565,0.2034,0.0274,51,13.0,,,,,,,,,,,,,,
train,Tea algal leaf spot,Tea algal leaf spot/tea_algal_leaf_spot_00397.jpg,1,35.87,0.4273,0.3346,0.01846,0.32809,0.05333,0.1469,0.0518,32,15.5,,,,,,,,,,,,,,
train,Tea algal leaf spot,Tea algal leaf spot/tea_algal_leaf_spot_00398.jpg,1,37.41,0.4468,0.3414,0.02129,0.32936,0.06251,0.074,0.0328,30,19.5,,,,,,,,,,,,,,
train,Tea algal leaf spot,Tea algal leaf spot/tea_algal_leaf_spot_00400.jpg,1,36.12,0.4557,0.3874,0.02966,0.22381,0.13224,0.1767,0.002,16,22.0,,,,,,,,,,,,,,
train,Tea algal leaf spot,Tea algal leaf spot/tea_algal_leaf_spot_00401.jpg,1,36.91,0.4503,0.4149,0.01182,0.15689,0.0752,0.1602,0.0017,16,15.5,,,,,,,,,,,,,,
train,Tea algal leaf spot,Tea algal leaf spot/tea_algal_leaf_spot_00402.jpg,1,37.29,0.4443,0.4363,0.01084,0.14768,0.07341,0.2022,0.0,14,19.5,,,,,,,,,,,,,,
train,Tea algal leaf spot,Tea algal leaf spot/tea_algal_leaf_spot_00403.jpg,1,41.48,0.4874,0.3522,0.03585,0.31531,0.11339,0.2346,0.0028,46,17.5,,,,,,,,,,,,,,
train,Tea algal leaf spot,Tea algal leaf spot/tea_algal_leaf_spot_00406.jpg,1,41.44,0.4919,0.3919,0.01818,0.16873,0.10773,0.1809,0.0,31,18.0,,,,,,,,,,,,,,
train,Tea algal leaf spot,Tea algal leaf spot/tea_algal_leaf_spot_00408.jpg,1,37.4,0.4017,0.4313,0.04371,0.2264,0.19287,0.1026,0.0009,45,17.0,,,,,,,,,,,,,,
train,Tea algal leaf spot,Tea algal leaf spot/tea_algal_leaf_spot_00409.jpg,1,36.61,0.4735,0.3577,0.01447,0.22933,0.06274,0.2796,0.0055,17,15.0,,,,,,,,,,,,,,
train,Tea algal leaf spot,Tea algal leaf spot/tea_algal_leaf_spot_00410.jpg,1,39.3,0.5496,0.3183,0.03783,0.25419,0.14866,0.1091,0.0011,33,15.0,,,,,,,,,,,,,,
train,Tea algal leaf spot,Tea algal leaf spot/tea_algal_leaf_spot_00413.jpg,1,40.16,0.5695,0.3137,0.01694,0.26262,0.06451,0.2659,0.0,13,44.0,,,,,,,,,,,,,,
train,Tea algal leaf spot,Tea algal leaf spot/tea_algal_leaf_spot_00414.jpg,1,40.6,0.4608,0.381,0.03946,0.25568,0.15325,0.1843,0.0071,48,19.0,,,,,,,,,,,,,,
train,Tea algal leaf spot,Tea algal leaf spot/tea_algal_leaf_spot_00415.jpg,1,41.22,0.5086,0.3599,0.05094,0.23101,0.21965,0.1808,0.0039,49,22.0,,,,,,,,,,,,,,
train,Tea algal leaf spot,Tea algal leaf spot/tea_algal_leaf_spot_00416.jpg,1,36.68,0.5465,0.393,0.01122,0.15256,0.07289,0.2345,0.0089,18,19.5,,,,,,,,,,,,,,
train,Tea algal leaf spot,Tea algal leaf spot/tea_algal_leaf_spot_00418.jpg,1,43.21,0.3891,0.3553,0.00923,0.24101,0.03804,0.2354,0.0065,27,15.0,,,,,,,,,,,,,,
test,Brown Blight,Brown Blight/UNADJUSTEDNONRAW_thumb_107.jpg,0,41.76,0.291,0.5258,0.0118,0.2889,0.04077,0.402,0.0017,13,24.0,8,0,0,Brown Blight,Brown Blight,Brown Blight,Brown Blight,Brown Blight,Brown Blight,Brown Blight,Brown Blight,0.566,0.5107,0.9688
test,Brown Blight,Brown Blight/UNADJUSTEDNONRAW_thumb_111.jpg,0,23.84,0.3604,0.4218,0.14812,0.46381,0.31931,0.0892,0.0001,37,13.0,8,0,0,Brown Blight,Brown Blight,Brown Blight,Brown Blight,Brown Blight,Brown Blight,Brown Blight,Brown Blight,0.5713,0.4786,0.4256
test,Brown Blight,Brown Blight/UNADJUSTEDNONRAW_thumb_112.jpg,0,33.06,0.3527,0.4741,0.04313,0.44758,0.09636,0.1428,0.0,18,27.0,8,0,0,Brown Blight,Brown Blight,Brown Blight,Brown Blight,Brown Blight,Brown Blight,Brown Blight,Brown Blight,0.5629,0.4949,0.3768
test,Brown Blight,Brown Blight/UNADJUSTEDNONRAW_thumb_113.jpg,0,31.3,0.277,0.3733,0.02414,0.20631,0.11611,0.2998,0.0074,28,12.0,8,0,0,Brown Blight,Brown Blight,Brown Blight,Brown Blight,Brown Blight,Brown Blight,Brown Blight,Brown Blight,0.5791,0.4829,0.3631
test,Brown Blight,Brown Blight/UNADJUSTEDNONRAW_thumb_114.jpg,0,23.96,0.3524,0.3998,0.22242,0.57316,0.38798,0.0526,0.0002,32,10.0,8,0,0,Brown Blight,Brown Blight,Brown Blight,Brown Blight,Brown Blight,Brown Blight,Brown Blight,Brown Blight,0.5362,0.4706,0.1051
test,Brown Blight,Brown Blight/UNADJUSTEDNONRAW_thumb_117.jpg,0,32.97,0.3676,0.5773,0.1936,0.61023,0.30223,0.0496,0.0474,44,9.0,8,0,0,Brown Blight,Brown Blight,Brown Blight,Brown Blight,Brown Blight,Brown Blight,Brown Blight,Brown Blight,0.5561,0.4855,0.0125
test,Brown Blight,Brown Blight/UNADJUSTEDNONRAW_thumb_11a.jpg,0,30.8,0.3243,0.6015,0.06039,0.5125,0.11725,0.2571,0.005,33,13.0,8,0,0,Brown Blight,Brown Blight,Brown Blight,Brown Blight,Brown Blight,Brown Blight,Brown Blight,Brown Blight,0.5649,0.4817,0.0373
test,Brown Blight,Brown Blight/UNADJUSTEDNONRAW_thumb_11e.jpg,0,43.42,0.3107,0.4637,0.02533,0.52443,0.04826,0.1581,0.0008,50,12.0,8,0,0,Brown Blight,Brown Blight,Brown Blight,Brown Blight,Brown Blight,Brown Blight,Brown Blight,Brown Blight,0.5552,0.5138,0.7817
test,Brown Blight,Brown Blight/UNADJUSTEDNONRAW_thumb_127.jpg,0,36.41,0.3767,0.4687,0.06511,0.37528,0.17313,0.1414,0.0021,33,11.0,8,0,0,Brown Blight,Brown Blight,Brown Blight,Brown Blight,Brown Blight,Brown Blight,Brown Blight,Brown Blight,0.5718,0.4985,0.0511
test,Brown Blight,Brown Blight/UNADJUSTEDNONRAW_thumb_128.jpg,0,32.12,0.3206,0.4195,0.04193,0.41584,0.1005,0.2324,0.0033,12,12.5,8,0,0,Brown Blight,Brown Blight,Brown Blight,Brown Blight,Brown Blight,Brown Blight,Brown Blight,Brown Blight,0.57,0.4821,0.0435
test,Brown Blight,Brown Blight/UNADJUSTEDNONRAW_thumb_129.jpg,0,40.52,0.3162,0.5107,0.02527,0.55977,0.045,0.2161,0.0032,43,12.0,8,0,0,Brown Blight,Brown Blight,Brown Blight,Brown Blight,Brown Blight,Brown Blight,Brown Blight,Brown Blight,0.5414,0.5061,0.2651
test,Brown Blight,Brown Blight/UNADJUSTEDNONRAW_thumb_12e.jpg,0,25.83,0.3635,0.4356,0.02669,0.35182,0.07568,0.1135,0.0022,10,5.0,8,0,0,Brown Blight,Brown Blight,Brown Blight,Brown Blight,Brown Blight,Brown Blight,Brown Blight,Brown Blight,0.5787,0.4801,0.0532
test,Brown Blight,Brown Blight/UNADJUSTEDNONRAW_thumb_12f.jpg,0,40.22,0.3764,0.3913,0.03155,0.36711,0.08594,0.1491,0.0,45,15.0,8,0,0,Brown Blight,Brown Blight,Brown Blight,Brown Blight,Brown Blight,Brown Blight,Brown Blight,Brown Blight,0.5815,0.5042,0.794
test,Brown Blight,Brown Blight/UNADJUSTEDNONRAW_thumb_142.jpg,0,34.43,0.3131,0.4627,0.00939,0.41849,0.022,0.4628,0.0191,15,15.0,8,1,1,Brown Blight,Brown Blight,Brown Blight,Brown Blight,Brown Blight,Brown Blight,Tea algal leaf spot,Brown Blight,0.5317,0.4925,0.0463
test,Brown Blight,Brown Blight/UNADJUSTEDNONRAW_thumb_15c.jpg,0,34.02,0.3184,0.3616,0.07199,0.2888,0.24864,0.1276,0.0025,35,10.0,8,1,1,Brown Blight,Brown Blight,Tea algal leaf spot,Brown Blight,Brown Blight,Brown Blight,Brown Blight,Brown Blight,0.5888,0.4861,0.02
test,Brown Blight,Brown Blight/UNADJUSTEDNONRAW_thumb_15f.jpg,0,23.62,0.3559,0.4724,0.21012,0.48888,0.42894,0.1155,0.002,41,8.0,8,0,0,Brown Blight,Brown Blight,Brown Blight,Brown Blight,Brown Blight,Brown Blight,Brown Blight,Brown Blight,0.5755,0.4724,0.0372
test,Brown Blight,Brown Blight/UNADJUSTEDNONRAW_thumb_166.jpg,0,38.7,0.3626,0.3944,0.06001,0.35619,0.16836,0.1172,0.0007,36,9.5,8,1,1,Brown Blight,Brown Blight,Tea algal leaf spot,Brown Blight,Brown Blight,Brown Blight,Brown Blight,Brown Blight,0.5858,0.4987,0.0853
test,Brown Blight,Brown Blight/UNADJUSTEDNONRAW_thumb_168.jpg,0,40.94,0.3219,0.5487,0.01397,0.45089,0.03085,0.6719,0.0043,16,23.0,8,5,5,Tea algal leaf spot,Tea algal leaf spot,Tea algal leaf spot,Brown Blight,Brown Blight,Brown Blight,Tea algal leaf spot,Tea algal leaf spot,0.5481,0.5113,0.9183
test,Brown Blight,Brown Blight/UNADJUSTEDNONRAW_thumb_16f.jpg,0,34.18,0.3118,0.4843,0.04343,0.55455,0.07831,0.0766,0.0,21,8.0,8,0,0,Brown Blight,Brown Blight,Brown Blight,Brown Blight,Brown Blight,Brown Blight,Brown Blight,Brown Blight,0.5514,0.49,0.2568
test,Brown Blight,Brown Blight/brown_blight_00008.jpg,0,38.1,0.5604,0.4684,0.0444,0.23962,0.18465,0.1338,0.0036,63,16.0,8,0,0,Brown Blight,Brown Blight,Brown Blight,Brown Blight,Brown Blight,Brown Blight,Brown Blight,Brown Blight,0.5523,0.5085,0.4336
test,Brown Blight,Brown Blight/brown_blight_00014.jpg,0,40.34,0.4747,0.4682,0.0281,0.33586,0.08319,0.166,0.0057,33,16.0,8,6,6,Tea algal leaf spot,Tea algal leaf spot,Tea algal leaf spot,Brown Blight,Tea algal leaf spot,Tea algal leaf spot,Brown Blight,Tea algal leaf spot,0.5594,0.5115,0.8213
test,Brown Blight,Brown Blight/brown_blight_00019.jpg,0,38.57,0.528,0.4229,0.03928,0.16592,0.2352,0.2547,0.0066,38,14.5,8,2,2,Tea algal leaf spot,Brown Blight,Brown Blight,Brown Blight,Brown Blight,Brown Blight,Brown Blight,Tea algal leaf spot,0.512,0.5073,0.7872
test,Brown Blight,Brown Blight/brown_blight_00032.jpg,0,34.49,0.4722,0.388,0.05044,0.17805,0.28184,0.2465,0.0051,26,24.0,8,0,0,Brown Blight,Brown Blight,Brown Blight,Brown Blight,Brown Blight,Brown Blight,Brown Blight,Brown Blight,0.5566,0.4898,0.1834
test,Brown Blight,Brown Blight/brown_blight_00040.jpg,0,33.66,0.5645,0.3668,0.03452,0.21967,0.15687,0.1351,0.0017,18,11.0,8,0,0,Brown Blight,Brown Blight,Brown Blight,Brown Blight,Brown Blight,Brown Blight,Brown Blight,Brown Blight,0.5517,0.4893,0.0162
test,Brown Blight,Brown Blight/brown_blight_00041.jpg,0,31.86,0.4278,0.4982,0.10495,0.3116,0.3363,0.1128,0.0015,49,14.0,8,0,0,Brown Blight,Brown Blight,Brown Blight,Brown Blight,Brown Blight,Brown Blight,Brown Blight,Brown Blight,0.5807,0.4853,0.0252
test,Brown Blight,Brown Blight/brown_blight_00054.jpg,0,36.54,0.4833,0.3425,0.01881,0.13361,0.13887,0.3443,0.0138,21,12.0,8,0,0,Brown Blight,Brown Blight,Brown Blight,Brown Blight,Brown Blight,Brown Blight,Brown Blight,Brown Blight,0.5051,0.4953,0.304
test,Brown Blight,Brown Blight/brown_blight_00072.jpg,0,42.35,0.3706,0.5559,0.11037,0.80313,0.13698,0.2365,0.0033,34,10.0,8,0,0,Brown Blight,Brown Blight,Brown Blight,Brown Blight,Brown Blight,Brown Blight,Brown Blight,Brown Blight,0.4702,0.5181,0.6676
test,Brown Blight,Brown Blight/brown_blight_00090.jpg,0,37.13,0.4311,0.3937,0.06294,0.99677,0.0629,0.1596,0.0038,67,8.0,8,0,0,Brown Blight,Brown Blight,Brown Blight,Brown Blight,Brown Blight,Brown Blight,Brown Blight,Brown Blight,0.4597,0.4979,0.4003
test,Brown Blight,Brown Blight/brown_blight_00096.jpg,0,33.34,0.4232,0.2901,0.04596,0.3228,0.14219,0.1657,0.0013,60,9.0,8,0,0,Brown Blight,Brown Blight,Brown Blight,Brown Blight,Brown Blight,Brown Blight,Brown Blight,Brown Blight,0.4509,0.4826,0.1234
test,Brown Blight,Brown Blight/brown_blight_00097.jpg,0,33.29,0.4254,0.2882,0.04873,0.32155,0.15142,0.1652,0.0008,51,9.0,8,0,0,Brown Blight,Brown Blight,Brown Blight,Brown Blight,Brown Blight,Brown Blight,Brown Blight,Brown Blight,0.4584,0.4826,0.1472
test,Brown Blight,Brown Blight/brown_blight_00105.jpg,0,41.09,0.4832,0.4066,0.07177,0.23551,0.30448,0.2027,0.0008,47,19.0,8,0,0,Brown Blight,Brown Blight,Brown Blight,Brown Blight,Brown Blight,Brown Blight,Brown Blight,Brown Blight,0.4934,0.5112,0.644
test,Brown Blight,Brown Blight/brown_blight_00112.jpg,0,39.96,0.6168,0.3823,0.15065,0.4261,0.35178,0.0843,0.005,26,20.5,8,0,0,Brown Blight,Brown Blight,Brown Blight,Brown Blight,Brown Blight,Brown Blight,Brown Blight,Brown Blight,0.4154,0.5113,0.6362
test,Brown Blight,Brown Blight/brown_blight_00114.jpg,0,34.04,0.5365,0.2425,0.01658,0.44723,0.0369,0.1899,0.0048,15,12.0,8,0,0,Brown Blight,Brown Blight,Brown Blight,Brown Blight,Brown Blight,Brown Blight,Brown Blight,Brown Blight,0.405,0.4884,0.1853
test,Brown Blight,Brown Blight/brown_blight_00123.jpg,0,37.85,0.4866,0.2723,0.04042,0.31802,0.12684,0.1795,0.002,62,8.0,8,0,0,Brown Blight,Brown Blight,Brown Blight,Brown Blight,Brown Blight,Brown Blight,Brown Blight,Brown Blight,0.4518,0.4946,0.3268
test,Brown Blight,Brown Blight/brown_blight_00136.jpg,0,19.97,0.5758,0.1941,0.05604,0.19619,0.28251,0.218,0.011,30,11.0,8,0,0,Brown Blight,Brown Blight,Brown Blight,Brown Blight,Brown Blight,Brown Blight,Brown Blight,Brown Blight,0.4385,0.4679,0.3947
test,Brown Blight,Brown Blight/brown_blight_00143.jpg,0,38.6,0.5368,0.2807,0.03725,0.35104,0.10145,0.0819,0.0439,31,18.0,8,0,0,Brown Blight,Brown Blight,Brown Blight,Brown Blight,Brown Blight,Brown Blight,Brown Blight,Brown Blight,0.4274,0.5007,0.5918
test,Brown Blight,Brown Blight/brown_blight_00148.jpg,0,35.74,0.594,0.2411,0.03109,0.28524,0.10872,0.1365,0.0026,29,16.0,8,0,0,Brown Blight,Brown Blight,Brown Blight,Brown Blight,Brown Blight,Brown Blight,Brown Blight,Brown Blight,0.3808,0.4928,0.1092
test,Brown Blight,Brown Blight/brown_blight_00153.jpg,0,27.41,0.5391,0.2742,0.09847,0.40735,0.24028,0.2184,0.0061,40,10.5,8,0,0,Brown Blight,Brown Blight,Brown Blight,Brown Blight,Brown Blight,Brown Blight,Brown Blight,Brown Blight,0.5044,0.4748,0.058
test,Brown Blight,Brown Blight/brown_blight_00173.jpg,0,33.11,0.6287,0.2469,0.06114,0.19155,0.31651,0.1711,0.0085,40,21.5,8,0,0,Brown Blight,Brown Blight,Brown Blight,Brown Blight,Brown Blight,Brown Blight,Brown Blight,Brown Blight,0.4141,0.4884,0.3096
test,Brown Blight,Brown Blight/brown_blight_00184.jpg,0,30.45,0.3681,0.2665,0.08317,0.39349,0.21105,0.0752,0.0014,22,11.0,8,0,0,Brown Blight,Brown Blight,Brown Blight,Brown Blight,Brown Blight,Brown Blight,Brown Blight,Brown Blight,0.4619,0.4713,0.002
test,Brown Blight,Brown Blight/brown_blight_00187.jpg,0,32.81,0.5188,0.2878,0.08588,0.31846,0.26954,0.0724,0.0005,35,18.0,8,0,0,Brown Blight,Brown Blight,Brown Blight,Brown Blight,Brown Blight,Brown Blight,Brown Blight,Brown Blight,0.4518,0.4838,0.022
test,Brown Blight,Brown Blight/brown_blight_00190.jpg,0,35.38,0.6375,0.297,0.11292,0.36992,0.30494,0.1661,0.0011,70,17.0,8,0,0,Brown Blight,Brown Blight,Brown Blight,Brown Blight,Brown Blight,Brown Blight,Brown Blight,Brown Blight,0.4383,0.4981,0.1476
test,Brown Blight,Brown Blight/brown_blight_00194.jpg,0,30.99,0.6235,0.253,0.04494,0.29163,0.1539,0.1357,0.0013,35,13.0,8,0,0,Brown Blight,Brown Blight,Brown Blight,Brown Blight,Brown Blight,Brown Blight,Brown Blight,Brown Blight,0.4591,0.4859,0.0358
test,Brown Blight,Brown Blight/brown_blight_00204.jpg,0,34.7,0.559,0.3002,0.05409,0.22728,0.23685,0.2594,0.0048,41,11.0,8,0,0,Brown Blight,Brown Blight,Brown Blight,Brown Blight,Brown Blight,Brown Blight,Brown Blight,Brown Blight,0.4109,0.4899,0.2991
test,Brown Blight,Brown Blight/brown_blight_00205.jpg,0,32.54,0.5743,0.2272,0.05421,0.21572,0.25046,0.2243,0.0033,29,11.0,8,0,0,Brown Blight,Brown Blight,Brown Blight,Brown Blight,Brown Blight,Brown Blight,Brown Blight,Brown Blight,0.4017,0.483,0.0644
test,Brown Blight,Brown Blight/brown_blight_00206.jpg,0,39.88,0.4786,0.2817,0.02854,0.33229,0.08523,0.1837,0.0077,77,9.0,8,1,1,Brown Blight,Brown Blight,Tea algal leaf spot,Brown Blight,Brown Blight,Brown Blight,Brown Blight,Brown Blight,0.4565,0.5012,0.529
test,Brown Blight,Brown Blight/brown_blight_00221.jpg,0,42.99,0.5672,0.2787,0.00654,0.26178,0.02413,0.2073,0.0335,22,7.5,8,8,8,Tea algal leaf spot,Tea algal leaf spot,Tea algal leaf spot,Tea algal leaf spot,Tea algal leaf spot,Tea algal leaf spot,Tea algal leaf spot,Tea algal leaf spot,0.4237,0.5133,0.8795
test,Brown Blight,Brown Blight/brown_blight_00222.jpg,0,42.32,0.4967,0.2784,0.00606,0.31334,0.01889,0.0822,0.023,16,9.5,8,6,6,Tea algal leaf spot,Brown Blight,Tea algal leaf spot,Tea algal leaf spot,Brown Blight,Tea algal leaf spot,Tea algal leaf spot,Tea algal leaf spot,0.3776,0.5087,0.8736
test,Brown Blight,Brown Blight/brown_blight_00243.jpg,0,39.03,0.5622,0.2491,0.03538,0.26838,0.13077,0.1899,0.0079,44,11.5,8,0,0,Brown Blight,Brown Blight,Brown Blight,Brown Blight,Brown Blight,Brown Blight,Brown Blight,Brown Blight,0.408,0.4999,0.5367
test,Brown Blight,Brown Blight/brown_blight_00253.jpg,0,40.66,0.6036,0.2915,0.02906,0.09853,0.2943,0.4122,0.0021,8,29.5,8,0,0,Brown Blight,Brown Blight,Brown Blight,Brown Blight,Brown Blight,Brown Blight,Brown Blight,Brown Blight,0.4123,0.5077,0.3871
test,Brown Blight,Brown Blight/brown_blight_00256.jpg,0,37.2,0.5293,0.3303,0.03835,0.25321,0.14852,0.2183,0.0192,30,21.0,8,0,0,Brown Blight,Brown Blight,Brown Blight,Brown Blight,Brown Blight,Brown Blight,Brown Blight,Brown Blight,0.452,0.4989,0.4455
test,Brown Blight,Brown Blight/brown_blight_00269.jpg,0,36.35,0.4716,0.3351,0.02645,0.11701,0.20576,0.3519,0.0897,30,15.0,8,0,0,Brown Blight,Brown Blight,Brown Blight,Brown Blight,Brown Blight,Brown Blight,Brown Blight,Brown Blight,0.4195,0.4946,0.8052
test,Brown Blight,Brown Blight/brown_blight_00278.jpg,0,39.59,0.3567,0.2854,0.01933,0.23194,0.08335,0.1546,0.0,22,8.5,8,1,1,Brown Blight,Brown Blight,Brown Blight,Brown Blight,Brown Blight,Brown Blight,Brown Blight,Tea algal leaf spot,0.458,0.4962,0.2079
test,Brown Blight,Brown Blight/brown_blight_00293.jpg,0,35.28,0.5054,0.2434,0.01429,0.17917,0.07798,0.2692,0.0223,16,13.5,8,0,0,Brown Blight,Brown Blight,Brown Blight,Brown Blight,Brown Blight,Brown Blight,Brown Blight,Brown Blight,0.4787,0.4897,0.3854
test,Brown Blight,Brown Blight/brown_blight_00304.jpg,0,41.8,0.2822,0.4001,0.04951,0.28504,0.17361,0.1373,0.0004,21,8.0,8,0,0,Brown Blight,Brown Blight,Brown Blight,Brown Blight,Brown Blight,Brown Blight,Brown Blight,Brown Blight,0.5294,0.5086,0.173
test,Brown Blight,Brown Blight/brown_blight_00314.jpg,0,41.66,0.427,0.4301,0.09114,0.38379,0.2369,0.0595,0.0024,70,20.0,8,1,1,Brown Blight,Brown Blight,Brown Blight,Tea algal leaf spot,Brown Blight,Brown Blight,Brown Blight,Brown Blight,0.4749,0.5111,0.72
test,Brown Blight,Brown Blight/brown_blight_00319.jpg,0,40.56,0.6001,0.4168,0.09883,0.30556,0.32331,0.0468,0.0004,21,18.0,8,1,0,Brown Blight,Brown Blight,Brown Blight,Brown Blight,Brown Blight,Brown Blight,Red spider,Brown Blight,0.4906,0.5141,0.8717
test,Brown Blight,Brown Blight/brown_blight_00327.jpg,0,38.91,0.492,0.4976,0.03304,0.43276,0.07557,0.0977,0.0103,50,16.5,8,5,5,Tea algal leaf spot,Tea algal leaf spot,Tea algal leaf spot,Brown Blight,Brown Blight,Brown Blight,Tea algal leaf spot,Tea algal leaf spot,0.4717,0.5106,0.9043
test,Brown Blight,Brown Blight/brown_blight_00335.jpg,0,31.95,0.461,0.5047,0.24201,0.54606,0.44286,0.0693,0.0007,23,22.0,8,0,0,Brown Blight,Brown Blight,Brown Blight,Brown Blight,Brown Blight,Brown Blight,Brown Blight,Brown Blight,0.5022,0.487,0.0138
test,Brown Blight,Brown Blight/brown_blight_00337.jpg,0,29.11,0.4666,0.4196,0.25731,0.57663,0.4462,0.062,0.0001,56,11.0,8,0,0,Brown Blight,Brown Blight,Brown Blight,Brown Blight,Brown Blight,Brown Blight,Brown Blight,Brown Blight,0.4552,0.4789,0.119
test,Brown Blight,Brown Blight/brown_blight_00339.jpg,0,39.25,0.5957,0.3888,0.05072,0.26134,0.1937,0.134,0.002,86,18.5,8,5,5,Brown Blight,Brown Blight,Brown Blight,Tea algal leaf spot,Tea algal leaf spot,Tea algal leaf spot,Tea algal leaf spot,Tea algal leaf spot,0.4966,0.5074,0.8017
test,Brown Blight,Brown Blight/brown_blight_00343.jpg,0,40.09,0.4758,0.4886,0.06146,0.29528,0.20775,0.2049,0.0019,43,15.0,8,4,4,Tea algal leaf spot,Tea algal leaf spot,Tea algal leaf spot,Brown Blight,Brown Blight,Brown Blight,Brown Blight,Tea algal leaf spot,0.4649,0.5132,0.5906
test,Brown Blight,Brown Blight/brown_blight_00347.jpg,0,33.86,0.4984,0.4807,0.12331,0.42203,0.29184,0.0554,0.0011,27,13.0,8,0,0,Brown Blight,Brown Blight,Brown Blight,Brown Blight,Brown Blight,Brown Blight,Brown Blight,Brown Blight,0.508,0.4964,0.1008
test,Brown Blight,Brown Blight/brown_blight_00348.jpg,0,39.15,0.4676,0.4217,0.10732,0.36521,0.29337,0.0457,0.0017,65,12.0,8,0,0,Brown Blight,Brown Blight,Brown Blight,Brown Blight,Brown Blight,Brown Blight,Brown Blight,Brown Blight,0.5091,0.5049,0.0724
test,Brown Blight,Brown Blight/brown_blight_00354.jpg,0,31.01,0.3977,0.4657,0.07589,0.51887,0.14577,0.1211,0.0034,65,11.0,8,0,0,Brown Blight,Brown Blight,Brown Blight,Brown Blight,Brown Blight,Brown Blight,Brown Blight,Brown Blight,0.479,0.4881,0.1093
test,Brown Blight,Brown Blight/brown_blight_00361.jpg,0,39.01,0.4426,0.4501,0.02545,0.23312,0.10909,0.1284,0.0008,50,13.5,8,8,8,Tea algal leaf spot,Tea algal leaf spot,Tea algal leaf spot,Tea algal leaf spot,Tea algal leaf spot,Tea algal leaf spot,Tea algal leaf spot,Tea algal leaf spot,0.5094,0.506,0.8465
test,Brown Blight,Brown Blight/brown_blight_00364.jpg,0,37.71,0.4816,0.3646,0.05672,0.36569,0.15483,0.1044,0.0018,54,13.0,8,0,0,Brown Blight,Brown Blight,Brown Blight,Brown Blight,Brown Blight,Brown Blight,Brown Blight,Brown Blight,0.5184,0.5003,0.2424
test,Brown Blight,Brown Blight/brown_blight_00366.jpg,0,38.61,0.4949,0.4763,0.06222,0.31882,0.19491,0.0983,0.0013,49,12.0,8,0,0,Brown Blight,Brown Blight,Brown Blight,Brown Blight,Brown Blight,Brown Blight,Brown Blight,Brown Blight,0.4626,0.5071,0.139
test,Brown Blight,Brown Blight/brown_blight_00374.jpg,0,38.62,0.5451,0.3994,0.01517,0.22706,0.06662,0.1537,0.0026,24,17.0,8,0,0,Brown Blight,Brown Blight,Brown Blight,Brown Blight,Brown Blight,Brown Blight,Brown Blight,Brown Blight,0.5179,0.5058,0.4656
test,Brown Blight,Brown Blight/brown_blight_00378.jpg,0,39.25,0.5031,0.4429,0.01561,0.26297,0.05767,0.2209,0.0281,14,33.0,8,0,0,Brown Blight,Brown Blight,Brown Blight,Brown Blight,Brown Blight,Brown Blight,Brown Blight,Brown Blight,0.501,0.5085,0.8259
test,Brown Blight,Brown Blight/brown_blight_00379.jpg,0,29.39,0.5061,0.4492,0.07681,0.41046,0.18597,0.205,0.0062,21,24.0,8,0,0,Brown Blight,Brown Blight,Brown Blight,Brown Blight,Brown Blight,Brown Blight,Brown Blight,Brown Blight,0.4804,0.4824,0.043
test,Brown Blight,Brown Blight/brown_blight_00399.jpg,0,35.43,0.6516,0.3984,0.06132,0.26399,0.23079,0.1937,0.0065,24,40.5,8,0,0,Brown Blight,Brown Blight,Brown Blight,Brown Blight,Brown Blight,Brown Blight,Brown Blight,Brown Blight,0.4827,0.5022,0.3582
test,Brown Blight,Brown Blight/brown_blight_00401.jpg,0,37.21,0.4649,0.3918,0.12853,0.46403,0.27625,0.167,0.0026,78,8.0,8,0,0,Brown Blight,Brown Blight,Brown Blight,Brown Blight,Brown Blight,Brown Blight,Brown Blight,Brown Blight,0.5007,0.4986,0.3136
test,Brown Blight,Brown Blight/brown_blight_00415.jpg,0,39.62,0.6636,0.4379,0.19838,0.28161,0.70283,0.0926,0.0023,12,10.0,8,0,0,Brown Blight,Brown Blight,Brown Blight,Brown Blight,Brown Blight,Brown Blight,Brown Blight,Brown Blight,0.5277,0.5149,0.5279
test,Brown Blight,Brown Blight/brown_blight_00424.jpg,0,31.32,0.4328,0.4235,0.08642,0.41048,0.21038,0.0542,0.0007,44,18.0,8,0,0,Brown Blight,Brown Blight,Brown Blight,Brown Blight,Brown Blight,Brown Blight,Brown Blight,Brown Blight,0.5012,0.4846,0.2288
test,Brown Blight,Brown Blight/brown_blight_00428.jpg,0,38.88,0.4033,0.4129,0.02655,0.32876,0.08056,0.2583,0.0023,60,8.5,8,5,5,Tea algal leaf spot,Brown Blight,Tea algal leaf spot,Brown Blight,Tea algal leaf spot,Brown Blight,Tea algal leaf spot,Tea algal leaf spot,0.5362,0.5027,0.7916
test,Brown Blight,Brown Blight/brown_blight_00434.jpg,0,29.81,0.5392,0.48,0.07902,0.33199,0.23766,0.0961,0.0015,9,11.0,8,0,0,Brown Blight,Brown Blight,Brown Blight,Brown Blight,Brown Blight,Brown Blight,Brown Blight,Brown Blight,0.5038,0.4847,0.1295
test,Brown Blight,Brown Blight/brown_blight_00440.jpg,0,33.86,0.5293,0.3872,0.10539,0.32697,0.32202,0.1918,0.0009,22,32.0,8,0,0,Brown Blight,Brown Blight,Brown Blight,Brown Blight,Brown Blight,Brown Blight,Brown Blight,Brown Blight,0.5506,0.4912,0.3009
test,Brown Blight,Brown Blight/brown_blight_00450.jpg,0,32.7,0.49,0.4,0.06071,0.49221,0.12301,0.1336,0.0026,72,15.0,8,0,0,Brown Blight,Brown Blight,Brown Blight,Brown Blight,Brown Blight,Brown Blight,Brown Blight,Brown Blight,0.4974,0.4914,0.2993
test,Brown Blight,Brown Blight/brown_blight_00464.jpg,0,32.86,0.553,0.3217,0.05467,0.38485,0.12916,0.1429,0.0908,25,51.0,8,4,4,Brown Blight,Brown Blight,Brown Blight,Tea algal leaf spot,Tea algal leaf spot,Tea algal leaf spot,Tea algal leaf spot,Brown Blight,0.5401,0.4917,0.2497
test,Brown Blight,Brown Blight/brown_blight_00470.jpg,0,33.33,0.4436,0.4546,0.10051,0.50923,0.19721,0.0631,0.0008,24,24.5,8,0,0,Brown Blight,Brown Blight,Brown Blight,Brown Blight,Brown Blight,Brown Blight,Brown Blight,Brown Blight,0.4402,0.49,0.1519
test,Brown Blight,Brown Blight/brown_blight_00472.jpg,0,34.1,0.3528,0.4066,0.19952,0.69477,0.28703,0.0431,0.0005,24,21.0,8,0,0,Brown Blight,Brown Blight,Brown Blight,Brown Blight,Brown Blight,Brown Blight,Brown Blight,Brown Blight,0.4168,0.4846,0.275
test,Brown Blight,Brown Blight/brown_blight_00480.jpg,0,33.25,0.5934,0.3927,0.12044,0.37594,0.3202,0.0298,0.0005,19,17.0,8,0,0,Brown Blight,Brown Blight,Brown Blight,Brown Blight,Brown Blight,Brown Blight,Brown Blight,Brown Blight,0.4265,0.4927,0.079
test,Brown Blight,Brown Blight/brown_blight_00481.jpg,0,30.11,0.4558,0.4427,0.08753,0.42977,0.20247,0.1102,0.0059,33,44.0,8,0,0,Brown Blight,Brown Blight,Brown Blight,Brown Blight,Brown Blight,Brown Blight,Brown Blight,Brown Blight,0.4602,0.4818,0.345
test,Brown Blight,Brown Blight/brown_blight_00485.jpg,0,31.27,0.4683,0.3693,0.07075,0.2839,0.24521,0.1699,0.0161,11,56.0,8,0,0,Brown Blight,Brown Blight,Brown Blight,Brown Blight,Brown Blight,Brown Blight,Brown Blight,Brown Blight,0.5022,0.4825,0.3889
test,Brown Blight,Brown Blight/brown_blight_00490.jpg,0,32.81,0.4614,0.3724,0.03412,0.15412,0.20703,0.1817,0.0648,13,26.0,8,0,0,Brown Blight,Brown Blight,Brown Blight,Brown Blight,Brown Blight,Brown Blight,Brown Blight,Brown Blight,0.5058,0.4851,0.3138
test,Tea algal leaf spot,Tea algal leaf spot/UNADJUSTEDNONRAW_thumb_16.jpg,1,22.03,0.4701,0.3237,0.04363,0.18545,0.23471,0.2467,0.0023,16,9.0,8,0,0,Tea algal leaf spot,Tea algal leaf spot,Tea algal leaf spot,Tea algal leaf spot,Tea algal leaf spot,Tea algal leaf spot,Tea algal leaf spot,Tea algal leaf spot,0.5875,0.4728,0.6409
test,Tea algal leaf spot,Tea algal leaf spot/UNADJUSTEDNONRAW_thumb_19.jpg,1,36.87,0.4485,0.3207,0.08843,0.3528,0.24811,0.1533,0.0101,63,14.0,8,0,0,Tea algal leaf spot,Tea algal leaf spot,Tea algal leaf spot,Tea algal leaf spot,Tea algal leaf spot,Tea algal leaf spot,Tea algal leaf spot,Tea algal leaf spot,0.5795,0.497,0.685
test,Tea algal leaf spot,Tea algal leaf spot/UNADJUSTEDNONRAW_thumb_1b.jpg,1,36.92,0.4432,0.3413,0.02312,0.22373,0.102,0.2767,0.0129,27,14.0,8,0,0,Tea algal leaf spot,Tea algal leaf spot,Tea algal leaf spot,Tea algal leaf spot,Tea algal leaf spot,Tea algal leaf spot,Tea algal leaf spot,Tea algal leaf spot,0.5802,0.4979,0.9487
test,Tea algal leaf spot,Tea algal leaf spot/UNADJUSTEDNONRAW_thumb_1f.jpg,1,40.66,0.5046,0.347,0.01666,0.81336,0.02034,0.0837,0.0072,48,7.5,8,0,0,Tea algal leaf spot,Tea algal leaf spot,Tea algal leaf spot,Tea algal leaf spot,Tea algal leaf spot,Tea algal leaf spot,Tea algal leaf spot,Tea algal leaf spot,0.4204,0.5083,0.7787
test,Tea algal leaf spot,Tea algal leaf spot/UNADJUSTEDNONRAW_thumb_2.jpg,1,23.9,0.419,0.3544,0.20187,0.39692,0.50321,0.1389,0.0106,28,8.5,8,0,0,Tea algal leaf spot,Tea algal leaf spot,Tea algal leaf spot,Tea algal leaf spot,Tea algal leaf spot,Tea algal leaf spot,Tea algal leaf spot,Tea algal leaf spot,0.595,0.4745,0.3508
test,Tea algal leaf spot,Tea algal leaf spot/UNADJUSTEDNONRAW_thumb_28.jpg,1,25.56,0.5189,0.4263,0.42686,0.46371,0.91933,0.0617,0.0013,4,80.5,8,0,0,Tea algal leaf spot,Tea algal leaf spot,Tea algal leaf spot,Tea algal leaf spot,Tea algal leaf spot,Tea algal leaf spot,Tea algal leaf spot,Tea algal leaf spot,0.5986,0.482,0.9689
test,Tea algal leaf spot,Tea algal leaf spot/UNADJUSTEDNONRAW_thumb_2c.jpg,1,40.28,0.3662,0.4285,0.00981,0.42251,0.02132,0.3537,0.0813,22,15.5,8,2,2,Tea algal leaf spot,Tea algal leaf spot,Tea algal leaf spot,Brown Blight,Brown Blight,Tea algal leaf spot,Tea algal leaf spot,Tea algal leaf spot,0.5701,0.5064,0.9543
test,Tea algal leaf spot,Tea algal leaf spot/UNADJUSTEDNONRAW_thumb_3c.jpg,1,40.29,0.4098,0.4287,0.03251,0.52487,0.06189,0.2385,0.0006,48,9.5,8,0,0,Tea algal leaf spot,Tea algal leaf spot,Tea algal leaf spot,Tea algal leaf spot,Tea algal leaf spot,Tea algal leaf spot,Tea algal leaf spot,Tea algal leaf spot,0.5495,0.5077,0.7809
test,Tea algal leaf spot,Tea algal leaf spot/UNADJUSTEDNONRAW_thumb_40.jpg,1,23.6,0.4394,0.3723,0.17903,0.25947,0.68999,0.0897,0.0,18,26.5,8,0,0,Tea algal leaf spot,Tea algal leaf spot,Tea algal leaf spot,Tea algal leaf spot,Tea algal leaf spot,Tea algal leaf spot,Tea algal leaf spot,Tea algal leaf spot,0.5883,0.4787,0.658
test,Tea algal leaf spot,Tea algal leaf spot/UNADJUSTEDNONRAW_thumb_50.jpg,1,29.83,0.4838,0.373,0.06358,0.42777,0.14802,0.2492,0.0041,38,9.5,8,0,0,Tea algal leaf spot,Tea algal leaf spot,Tea algal leaf spot,Tea algal leaf spot,Tea algal leaf spot,Tea algal leaf spot,Tea algal leaf spot,Tea algal leaf spot,0.5963,0.4856,0.5117
test,Tea algal leaf spot,Tea algal leaf spot/UNADJUSTEDNONRAW_thumb_56.jpg,1,37.04,0.4011,0.4088,0.06168,0.40079,0.1537,0.1751,0.0013,33,22.0,8,0,0,Tea algal leaf spot,Tea algal leaf spot,Tea algal leaf spot,Tea algal leaf spot,Tea algal leaf spot,Tea algal leaf spot,Tea algal leaf spot,Tea algal leaf spot,0.5694,0.4986,0.4148
test,Tea algal leaf spot,Tea algal leaf spot/UNADJUSTEDNONRAW_thumb_57.jpg,1,33.0,0.4854,0.3256,0.04885,0.41833,0.11644,0.2122,0.0029,32,8.0,8,0,0,Tea algal leaf spot,Tea algal leaf spot,Tea algal leaf spot,Tea algal leaf spot,Tea algal leaf spot,Tea algal leaf spot,Tea algal leaf spot,Tea algal leaf spot,0.5727,0.4905,0.6887
test,Tea algal leaf spot,Tea algal leaf spot/UNADJUSTEDNONRAW_thumb_62.jpg,1,37.57,0.5099,0.3942,0.02934,0.40864,0.0713,0.1046,0.0068,27,6.0,8,0,0,Tea algal leaf spot,Tea algal leaf spot,Tea algal leaf spot,Tea algal leaf spot,Tea algal leaf spot,Tea algal leaf spot,Tea algal leaf spot,Tea algal leaf spot,0.5734,0.5049,0.3412
test,Tea algal leaf spot,Tea algal leaf spot/UNADJUSTEDNONRAW_thumb_63.jpg,1,32.62,0.4878,0.4037,0.12582,0.45599,0.27548,0.1779,0.0016,27,17.0,8,0,0,Tea algal leaf spot,Tea algal leaf spot,Tea algal leaf spot,Tea algal leaf spot,Tea algal leaf spot,Tea algal leaf spot,Tea algal leaf spot,Tea algal leaf spot,0.5819,0.4954,0.9105
test,Tea algal leaf spot,Tea algal leaf spot/UNADJUSTEDNONRAW_thumb_67.jpg,1,26.8,0.5118,0.3291,0.13574,0.19171,0.70641,0.1693,0.0023,6,30.0,8,0,0,Tea algal leaf spot,Tea algal leaf spot,Tea algal leaf spot,Tea algal leaf spot,Tea algal leaf spot,Tea algal leaf spot,Tea algal leaf spot,Tea algal leaf spot,0.607,0.4782,0.3502
test,Tea algal leaf spot,Tea algal leaf spot/UNADJUSTEDNONRAW_thumb_68.jpg,1,24.24,0.4976,0.437,0.43511,0.45029,0.96508,0.0666,0.0012,2,10915.5,8,0,0,Tea algal leaf spot,Tea algal leaf spot,Tea algal leaf spot,Tea algal leaf spot,Tea algal leaf spot,Tea algal leaf spot,Tea algal leaf spot,Tea algal leaf spot,0.6233,0.4787,0.9799
test,Tea algal leaf spot,Tea algal leaf spot/UNADJUSTEDNONRAW_thumb_6d.jpg,1,39.51,0.4624,0.3071,0.08173,0.31417,0.25996,0.1948,0.0007,41,9.0,8,0,0,Tea algal leaf spot,Tea algal leaf spot,Tea algal leaf spot,Tea algal leaf spot,Tea algal leaf spot,Tea algal leaf spot,Tea algal leaf spot,Tea algal leaf spot,0.5992,0.502,0.6612
test,Tea algal leaf spot,Tea algal leaf spot/UNADJUSTEDNONRAW_thumb_9.jpg,1,28.35,0.4845,0.3831,0.04253,0.27376,0.15529,0.1462,0.0005,19,18.0,8,0,0,Tea algal leaf spot,Tea algal leaf spot,Tea algal leaf spot,Tea algal leaf spot,Tea algal leaf spot,Tea algal leaf spot,Tea algal leaf spot,Tea algal leaf spot,0.5752,0.4873,0.8822
test,Tea algal leaf spot,Tea algal leaf spot/UNADJUSTEDNONRAW_thumb_a.jpg,1,37.18,0.5214,0.3773,0.0126,0.34371,0.03647,0.0237,0.0047,6,11.0,8,3,0,Gray Blight,Gray Blight,Tea algal leaf spot,Tea algal leaf spot,Tea algal leaf spot,Tea algal leaf spot,Tea algal leaf spot,Gray Blight,0.5704,0.5028,0.4267
test,Tea algal leaf spot,Tea algal leaf spot/UNADJUSTEDNONRAW_thumb_b.jpg,1,30.81,0.4381,0.3266,0.04038,0.26407,0.15253,0.1974,0.0025,7,18.0,8,0,0,Tea algal leaf spot,Tea algal leaf spot,Tea algal leaf spot,Tea algal leaf spot,Tea algal leaf spot,Tea algal leaf spot,Tea algal leaf spot,Tea algal leaf spot,0.5776,0.4843,0.2275
test,Tea algal leaf spot,Tea algal leaf spot/tea_algal_leaf_spot_00005.jpg,1,39.63,0.4326,0.455,0.06027,0.35603,0.16917,0.1164,0.0007,118,11.0,8,1,1,Tea algal leaf spot,Brown Blight,Tea algal leaf spot,Tea algal leaf spot,Tea algal leaf spot,Tea algal leaf spot,Tea algal leaf spot,Tea algal leaf spot,0.5757,0.5076,0.7856
test,Tea algal leaf spot,Tea algal leaf spot/tea_algal_leaf_spot_00008.jpg,1,39.19,0.4042,0.5155,0.03159,0.29261,0.10748,0.1325,0.0044,60,12.5,8,0,0,Tea algal leaf spot,Tea algal leaf spot,Tea algal leaf spot,Tea algal leaf spot,Tea algal leaf spot,Tea algal leaf spot,Tea algal leaf spot,Tea algal leaf spot,0.5633,0.5075,0.7526
test,Tea algal leaf spot,Tea algal leaf spot/tea_algal_leaf_spot_00025.jpg,1,42.33,0.5362,0.3856,0.01086,0.35244,0.03031,0.1266,0.0165,23,11.0,8,0,0,Tea algal leaf spot,Tea algal leaf spot,Tea algal leaf spot,Tea algal leaf spot,Tea algal leaf spot,Tea algal leaf spot,Tea algal leaf spot,Tea algal leaf spot,0.5657,0.5153,0.9535
test,Tea algal leaf spot,Tea algal leaf spot/tea_algal_leaf_spot_00028.jpg,1,37.05,0.4182,0.5241,0.03021,0.23567,0.12761,0.2467,0.0046,49,8.0,8,0,0,Tea algal leaf spot,Tea algal leaf spot,Tea algal leaf spot,Tea algal leaf spot,Tea algal leaf spot,Tea algal leaf spot,Tea algal leaf spot,Tea algal leaf spot,0.575,0.5011,0.6295
test,Tea algal leaf spot,Tea algal leaf spot/tea_algal_leaf_spot_00042.jpg,1,38.21,0.3576,0.4952,0.06407,0.25743,0.24859,0.0796,0.0012,86,17.5,8,0,0,Tea algal leaf spot,Tea algal leaf spot,Tea algal leaf spot,Tea algal leaf spot,Tea algal leaf spot,Tea algal leaf spot,Tea algal leaf spot,Tea algal leaf spot,0.5466,0.5022,0.4037
test,Tea algal leaf spot,Tea algal leaf spot/tea_algal_leaf_spot_00045.jpg,1,37.97,0.559,0.3075,0.02182,0.47054,0.04621,0.2393,0.0037,25,25.0,8,1,1,Tea algal leaf spot,Tea algal leaf spot,Tea algal leaf spot,Brown Blight,Tea algal leaf spot,Tea algal leaf spot,Tea algal leaf spot,Tea algal leaf spot,0.507,0.4992,0.6555
test,Tea algal leaf spot,Tea algal leaf spot/tea_algal_leaf_spot_00047.jpg,1,41.93,0.5306,0.3979,0.02073,0.52978,0.03901,0.1202,0.0029,46,11.5,8,0,0,Tea algal leaf spot,Tea algal leaf spot,Tea algal leaf spot,Tea algal leaf spot,Tea algal leaf spot,Tea algal leaf spot,Tea algal leaf spot,Tea algal leaf spot,0.5439,0.5157,0.8359
test,Tea algal leaf spot,Tea algal leaf spot/tea_algal_leaf_spot_00048.jpg,1,40.12,0.6352,0.306,0.06627,0.36739,0.18026,0.0866,0.0006,93,14.0,8,3,3,Tea algal leaf spot,Brown Blight,Tea algal leaf spot,Brown Blight,Tea algal leaf spot,Tea algal leaf spot,Brown Blight,Tea algal leaf spot,0.5369,0.5071,0.6929
test,Tea algal leaf spot,Tea algal leaf spot/tea_algal_leaf_spot_00049.jpg,1,40.47,0.4069,0.5356,0.03831,0.31748,0.12065,0.1441,0.0,36,12.0,8,2,2,Tea algal leaf spot,Tea algal leaf spot,Tea algal leaf spot,Brown Blight,Brown Blight,Tea algal leaf spot,Tea algal leaf spot,Tea algal leaf spot,0.5765,0.5096,0.6056
test,Tea algal leaf spot,Tea algal leaf spot/tea_algal_leaf_spot_00050.jpg,1,38.63,0.3068,0.5909,0.0393,0.44792,0.08663,0.143,0.0127,58,18.0,8,5,5,Tea algal leaf spot,Brown Blight,Tea algal leaf spot,Brown Blight,Brown Blight,Brown Blight,Brown Blight,Tea algal leaf spot,0.5314,0.5006,0.1608
test,Tea algal leaf spot,Tea algal leaf spot/tea_algal_leaf_spot_00053.jpg,1,40.74,0.4956,0.3612,0.01525,0.27625,0.05461,0.1817,0.0105,36,11.5,8,0,0,Tea algal leaf spot,Tea algal leaf spot,Tea algal leaf spot,Tea algal leaf spot,Tea algal leaf spot,Tea algal leaf spot,Tea algal leaf spot,Tea algal leaf spot,0.5416,0.5087,0.6251
test,Tea algal leaf spot,Tea algal leaf spot/tea_algal_leaf_spot_00055.jpg,1,37.14,0.4233,0.5887,0.0176,0.31987,0.05458,0.1586,0.0079,36,17.0,8,0,0,Tea algal leaf spot,Tea algal leaf spot,Tea algal leaf spot,Tea algal leaf spot,Tea algal leaf spot,Tea algal leaf spot,Tea algal leaf spot,Tea algal leaf spot,0.5541,0.5024,0.3137
test,Tea algal leaf spot,Tea algal leaf spot/tea_algal_leaf_spot_00059.jpg,1,39.71,0.5066,0.3706,0.024,0.31168,0.07654,0.142,0.0058,43,16.0,8,0,0,Tea algal leaf spot,Tea algal leaf spot,Tea algal leaf spot,Tea algal leaf spot,Tea algal leaf spot,Tea algal leaf spot,Tea algal leaf spot,Tea algal leaf spot,0.5226,0.5057,0.8478
test,Tea algal leaf spot,Tea algal leaf spot/tea_algal_leaf_spot_00065.jpg,1,41.01,0.4965,0.4103,0.01582,0.35676,0.04346,0.1625,0.0202,33,10.0,8,0,0,Tea algal leaf spot,Tea algal leaf spot,Tea algal leaf spot,Tea algal leaf spot,Tea algal leaf spot,Tea algal leaf spot,Tea algal leaf spot,Tea algal leaf spot,0.5419,0.5109,0.7342
test,Tea algal leaf spot,Tea algal leaf spot/tea_algal_leaf_spot_00067.jpg,1,38.83,0.5923,0.326,0.03175,0.37229,0.08501,0.2222,0.0031,29,24.0,8,0,0,Tea algal leaf spot,Tea algal leaf spot,Tea algal leaf spot,Tea algal leaf spot,Tea algal leaf spot,Tea algal leaf spot,Tea algal leaf spot,Tea algal leaf spot,0.5434,0.5037,0.5338
test,Tea algal leaf spot,Tea algal leaf spot/tea_algal_leaf_spot_00075.jpg,1,40.28,0.4343,0.3942,0.0634,0.1979,0.31883,0.1292,0.0047,59,18.0,8,0,0,Tea algal leaf spot,Tea algal leaf spot,Tea algal leaf spot,Tea algal leaf spot,Tea algal leaf spot,Tea algal leaf spot,Tea algal leaf spot,Tea algal leaf spot,0.5525,0.5071,0.7911
test,Tea algal leaf spot,Tea algal leaf spot/tea_algal_leaf_spot_00077.jpg,1,41.44,0.4031,0.3418,0.02266,0.15804,0.13909,0.1609,0.0299,53,11.0,8,0,0,Tea algal leaf spot,Tea algal leaf spot,Tea algal leaf spot,Tea algal leaf spot,Tea algal leaf spot,Tea algal leaf spot,Tea algal leaf spot,Tea algal leaf spot,0.5331,0.5055,0.6135
test,Tea algal leaf spot,Tea algal leaf spot/tea_algal_leaf_spot_00078.jpg,1,43.99,0.6195,0.3138,0.01264,0.24334,0.05168,0.2413,0.0047,27,10.0,8,0,0,Tea algal leaf spot,Tea algal leaf spot,Tea algal leaf spot,Tea algal leaf spot,Tea algal leaf spot,Tea algal leaf spot,Tea algal leaf spot,Tea algal leaf spot,0.5347,0.5195,0.881
test,Tea algal leaf spot,Tea algal leaf spot/tea_algal_leaf_spot_00080.jpg,1,42.09,0.578,0.3448,0.02037,0.28107,0.07247,0.0656,0.0,28,16.5,8,0,0,Tea algal leaf spot,Tea algal leaf spot,Tea algal leaf spot,Tea algal leaf spot,Tea algal leaf spot,Tea algal leaf spot,Tea algal leaf spot,Tea algal leaf spot,0.523,0.5146,0.6267
test,Tea algal leaf spot,Tea algal leaf spot/tea_algal_leaf_spot_00087.jpg,1,38.15,0.3852,0.2927,0.00538,0.17712,0.03038,0.3481,0.0,17,10.0,8,0,0,Tea algal leaf spot,Tea algal leaf spot,Tea algal leaf spot,Tea algal leaf spot,Tea algal leaf spot,Tea algal leaf spot,Tea algal leaf spot,Tea algal leaf spot,0.4402,0.4934,0.53
test,Tea algal leaf spot,Tea algal leaf spot/tea_algal_leaf_spot_00092.jpg,1,42.62,0.4738,0.4032,0.00299,0.23041,0.01237,0.26,0.0467,17,6.0,8,2,0,Tea algal leaf spot,Tea algal leaf spot,Tea algal leaf spot,Green mirid bug,Green mirid bug,Tea algal leaf spot,Tea algal leaf spot,Tea algal leaf spot,0.4518,0.5171,0.9758
test,Tea algal leaf spot,Tea algal leaf spot/tea_algal_leaf_spot_00097.jpg,1,38.3,0.7008,0.4157,0.11533,0.99556,0.11585,0.02,0.0,8,30.5,8,0,0,Tea algal leaf spot,Tea algal leaf spot,Tea algal leaf spot,Tea algal leaf spot,Tea algal leaf spot,Tea algal leaf spot,Tea algal leaf spot,Tea algal leaf spot,0.5045,0.5155,0.9071
test,Tea algal leaf spot,Tea algal leaf spot/tea_algal_leaf_spot_00106.jpg,1,44.73,0.8116,0.4102,0.05869,0.23964,0.24468,0.0757,0.001,14,15.0,8,0,0,Tea algal leaf spot,Tea algal leaf spot,Tea algal leaf spot,Tea algal leaf spot,Tea algal leaf spot,Tea algal leaf spot,Tea algal leaf spot,Tea algal leaf spot,0.4921,0.5378,0.9339
test,Tea algal leaf spot,Tea algal leaf spot/tea_algal_leaf_spot_00107.jpg,1,43.15,0.5937,0.4004,0.01289,0.18104,0.07067,0.1685,0.0077,55,7.0,8,0,0,Tea algal leaf spot,Tea algal leaf spot,Tea algal leaf spot,Tea algal leaf spot,Tea algal leaf spot,Tea algal leaf spot,Tea algal leaf spot,Tea algal leaf spot,0.425,0.5205,0.9411
test,Tea algal leaf spot,Tea algal leaf spot/tea_algal_leaf_spot_00110.jpg,1,45.44,0.7891,0.5018,0.06178,0.32017,0.19297,0.0565,0.0,24,13.5,8,0,0,Tea algal leaf spot,Tea algal leaf spot,Tea algal leaf spot,Tea algal leaf spot,Tea algal leaf spot,Tea algal leaf spot,Tea algal leaf spot,Tea algal leaf spot,0.4771,0.5392,0.9421
test,Tea algal leaf spot,Tea algal leaf spot/tea_algal_leaf_spot_00143.jpg,1,41.8,0.4103,0.4179,0.04598,0.35409,0.12985,0.1257,0.0,45,14.0,8,0,0,Tea algal leaf spot,Tea algal leaf spot,Tea algal leaf spot,Tea algal leaf spot,Tea algal leaf spot,Tea algal leaf spot,Tea algal leaf spot,Tea algal leaf spot,0.5384,0.5129,0.1741
test,Tea algal leaf spot,Tea algal leaf spot/tea_algal_leaf_spot_00151.jpg,1,37.73,0.4714,0.2446,0.01459,0.29925,0.04829,0.306,0.0096,30,9.0,8,1,1,Tea algal leaf spot,Tea algal leaf spot,Tea algal leaf spot,Tea algal leaf spot,Brown Blight,Tea algal leaf spot,Tea algal leaf spot,Tea algal leaf spot,0.4328,0.4929,0.5072
test,Tea algal leaf spot,Tea algal leaf spot/tea_algal_leaf_spot_00156.jpg,1,40.78,0.5833,0.3159,0.04408,0.16241,0.26997,0.1854,0.0054,31,27.0,8,3,3,Tea algal leaf spot,Tea algal leaf spot,Tea algal leaf spot,Tea algal leaf spot,Brown Blight,Brown Blight,Brown Blight,Tea algal leaf spot,0.4317,0.5088,0.6748
test,Tea algal leaf spot,Tea algal leaf spot/tea_algal_leaf_spot_00175.jpg,1,35.96,0.4819,0.2546,0.0273,0.23264,0.11728,0.2672,0.0007,33,23.0,8,0,0,Tea algal leaf spot,Tea algal leaf spot,Tea algal leaf spot,Tea algal leaf spot,Tea algal leaf spot,Tea algal leaf spot,Tea algal leaf spot,Tea algal leaf spot,0.4162,0.4891,0.3862
test,Tea algal leaf spot,Tea algal leaf spot/tea_algal_leaf_spot_00189.jpg,1,37.15,0.4818,0.2371,0.01487,0.15131,0.09642,0.2601,0.0188,43,7.0,8,8,8,Brown Blight,Brown Blight,Brown Blight,Brown Blight,Brown Blight,Brown Blight,Brown Blight,Brown Blight,0.4321,0.4918,0.416
test,Tea algal leaf spot,Tea algal leaf spot/tea_algal_leaf_spot_00195.jpg,1,40.54,0.5808,0.3648,0.0443,0.31977,0.13855,0.0351,0.0,25,16.0,8,6,1,Red spider,Brown Blight,Red spider,Red spider,Tea algal leaf spot,Red spider,Tea algal leaf spot,Red spider,0.4526,0.51,0.6354
test,Tea algal leaf spot,Tea algal leaf spot/tea_algal_leaf_spot_00198.jpg,1,45.76,0.446,0.3735,0.04193,0.33622,0.12472,0.0775,0.0,77,11.0,8,0,0,Tea algal leaf spot,Tea algal leaf spot,Tea algal leaf spot,Tea algal leaf spot,Tea algal leaf spot,Tea algal leaf spot,Tea algal leaf spot,Tea algal leaf spot,0.5064,0.5216,0.9609
test,Tea algal leaf spot,Tea algal leaf spot/tea_algal_leaf_spot_00202.jpg,1,43.58,0.4086,0.3689,0.00638,0.28524,0.02236,0.3594,0.0,31,6.0,8,0,0,Tea algal leaf spot,Tea algal leaf spot,Tea algal leaf spot,Tea algal leaf spot,Tea algal leaf spot,Tea algal leaf spot,Tea algal leaf spot,Tea algal leaf spot,0.4487,0.514,0.947
test,Tea algal leaf spot,Tea algal leaf spot/tea_algal_leaf_spot_00203.jpg,1,44.76,0.6221,0.2783,0.04257,0.24105,0.1766,0.0524,0.0,74,13.0,8,0,0,Tea algal leaf spot,Tea algal leaf spot,Tea algal leaf spot,Tea algal leaf spot,Tea algal leaf spot,Tea algal leaf spot,Tea algal leaf spot,Tea algal leaf spot,0.4901,0.5202,0.8471
test,Tea algal leaf spot,Tea algal leaf spot/tea_algal_leaf_spot_00235.jpg,1,41.26,0.7019,0.4352,0.01184,0.29395,0.04014,0.1077,0.0034,38,7.0,8,0,0,Tea algal leaf spot,Tea algal leaf spot,Tea algal leaf spot,Tea algal leaf spot,Tea algal leaf spot,Tea algal leaf spot,Tea algal leaf spot,Tea algal leaf spot,0.5106,0.5219,0.792
test,Tea algal leaf spot,Tea algal leaf spot/tea_algal_leaf_spot_00253.jpg,1,37.58,0.5467,0.3934,0.04426,0.24322,0.18183,0.0639,0.0009,48,31.0,8,0,0,Tea algal leaf spot,Tea algal leaf spot,Tea algal leaf spot,Tea algal leaf spot,Tea algal leaf spot,Tea algal leaf spot,Tea algal leaf spot,Tea algal leaf spot,0.526,0.5039,0.8992
test,Tea algal leaf spot,Tea algal leaf spot/tea_algal_leaf_spot_00273.jpg,1,42.69,0.5857,0.3417,0.01222,0.3683,0.0329,0.2414,0.0082,18,21.5,8,0,0,Tea algal leaf spot,Tea algal leaf spot,Tea algal leaf spot,Tea algal leaf spot,Tea algal leaf spot,Tea algal leaf spot,Tea algal leaf spot,Tea algal leaf spot,0.5072,0.5163,0.7654
test,Tea algal leaf spot,Tea algal leaf spot/tea_algal_leaf_spot_00280.jpg,1,43.54,0.5784,0.3833,0.01114,0.08472,0.13126,0.3542,0.0018,19,14.0,8,0,0,Tea algal leaf spot,Tea algal leaf spot,Tea algal leaf spot,Tea algal leaf spot,Tea algal leaf spot,Tea algal leaf spot,Tea algal leaf spot,Tea algal leaf spot,0.4788,0.5231,0.8767
test,Tea algal leaf spot,Tea algal leaf spot/tea_algal_leaf_spot_00283.jpg,1,40.06,0.5739,0.3588,0.01349,0.16448,0.0813,0.4387,0.0089,21,11.0,8,0,0,Tea algal leaf spot,Tea algal leaf spot,Tea algal leaf spot,Tea algal leaf spot,Tea algal leaf spot,Tea algal leaf spot,Tea algal leaf spot,Tea algal leaf spot,0.4618,0.5092,0.5939
test,Tea algal leaf spot,Tea algal leaf spot/tea_algal_leaf_spot_00287.jpg,1,42.7,0.5743,0.3577,0.00827,0.28763,0.02682,0.1229,0.0675,21,13.0,8,0,0,Tea algal leaf spot,Tea algal leaf spot,Tea algal leaf spot,Tea algal leaf spot,Tea algal leaf spot,Tea algal leaf spot,Tea algal leaf spot,Tea algal leaf spot,0.4904,0.5166,0.8403
test,Tea algal leaf spot,Tea algal leaf spot/tea_algal_leaf_spot_00290.jpg,1,42.52,0.5764,0.3303,0.00961,0.30076,0.03048,0.4046,0.0456,22,12.5,8,0,0,Tea algal leaf spot,Tea algal leaf spot,Tea algal leaf spot,Tea algal leaf spot,Tea algal leaf spot,Tea algal leaf spot,Tea algal leaf spot,Tea algal leaf spot,0.4918,0.5138,0.8771
test,Tea algal leaf spot,Tea algal leaf spot/tea_algal_leaf_spot_00311.jpg,1,44.8,0.5229,0.3249,0.00472,0.1531,0.03085,0.2827,0.0,14,8.0,8,0,0,Tea algal leaf spot,Tea algal leaf spot,Tea algal leaf spot,Tea algal leaf spot,Tea algal leaf spot,Tea algal leaf spot,Tea algal leaf spot,Tea algal leaf spot,0.4853,0.5203,0.9705
test,Tea algal leaf spot,Tea algal leaf spot/tea_algal_leaf_spot_00313.jpg,1,40.07,0.5042,0.3545,0.01895,0.17295,0.10878,0.1104,0.0074,17,22.0,8,0,0,Tea algal leaf spot,Tea algal leaf spot,Tea algal leaf spot,Tea algal leaf spot,Tea algal leaf spot,Tea algal leaf spot,Tea algal leaf spot,Tea algal leaf spot,0.4933,0.5051,0.4836
test,Tea algal leaf spot,Tea algal leaf spot/tea_algal_leaf_spot_00317.jpg,1,39.48,0.576,0.4968,0.01851,0.40448,0.04577,0.0764,0.0,41,13.0,8,0,0,Tea algal leaf spot,Tea algal leaf spot,Tea algal leaf spot,Tea algal leaf spot,Tea algal leaf spot,Tea algal leaf spot,Tea algal leaf spot,Tea algal leaf spot,0.4926,0.5129,0.9215
test,Tea algal leaf spot,Tea algal leaf spot/tea_algal_leaf_spot_00325.jpg,1,38.48,0.5392,0.4089,0.02089,0.31928,0.06429,0.3244,0.0172,24,15.0,8,0,0,Tea algal leaf spot,Tea algal leaf spot,Tea algal leaf spot,Tea algal leaf spot,Tea algal leaf spot,Tea algal leaf spot,Tea algal leaf spot,Tea algal leaf spot,0.541,0.5055,0.5102
test,Tea algal leaf spot,Tea algal leaf spot/tea_algal_leaf_spot_00326.jpg,1,38.75,0.3977,0.4451,0.01923,0.32165,0.05948,0.1503,0.0052,47,13.0,8,0,0,Tea algal leaf spot,Tea algal leaf spot,Tea algal leaf spot,Tea algal leaf spot,Tea algal leaf spot,Tea algal leaf spot,Tea algal leaf spot,Tea algal leaf spot,0.4711,0.5034,0.7442
test,Tea algal leaf spot,Tea algal leaf spot/tea_algal_leaf_spot_00327.jpg,1,36.02,0.4191,0.4047,0.08273,0.31354,0.26341,0.1226,0.0017,93,24.0,8,1,1,Tea algal leaf spot,Tea algal leaf spot,Tea algal leaf spot,Tea algal leaf spot,Tea algal leaf spot,Brown Blight,Tea algal leaf spot,Tea algal leaf spot,0.5027,0.4942,0.3484
test,Tea algal leaf spot,Tea algal leaf spot/tea_algal_leaf_spot_00356.jpg,1,37.8,0.4954,0.376,0.02039,0.29474,0.06829,0.2053,0.0127,28,27.0,8,0,0,Tea algal leaf spot,Tea algal leaf spot,Tea algal leaf spot,Tea algal leaf spot,Tea algal leaf spot,Tea algal leaf spot,Tea algal leaf spot,Tea algal leaf spot,0.5636,0.5005,0.7873
test,Tea algal leaf spot,Tea algal leaf spot/tea_algal_leaf_spot_00360.jpg,1,41.29,0.5909,0.3638,0.04931,0.28741,0.17142,0.114,0.0008,47,26.0,8,0,0,Tea algal leaf spot,Tea algal leaf spot,Tea algal leaf spot,Tea algal leaf spot,Tea algal leaf spot,Tea algal leaf spot,Tea algal leaf spot,Tea algal leaf spot,0.5401,0.5143,0.8856
test,Tea algal leaf spot,Tea algal leaf spot/tea_algal_leaf_spot_00366.jpg,1,38.91,0.4654,0.3464,0.02581,0.24247,0.10628,0.1846,0.0015,32,8.5,8,3,0,Tea algal leaf spot,Tea algal leaf spot,Tea algal leaf spot,Gray Blight,Gray Blight,Gray Blight,Tea algal leaf spot,Tea algal leaf spot,0.5076,0.5011,0.5938
test,Tea algal leaf spot,Tea algal leaf spot/tea_algal_leaf_spot_00370.jpg,1,42.35,0.6082,0.3363,0.01274,0.21373,0.05959,0.1111,0.0,15,13.0,8,0,0,Tea algal leaf spot,Tea algal leaf spot,Tea algal leaf spot,Tea algal leaf spot,Tea algal leaf spot,Tea algal leaf spot,Tea algal leaf spot,Tea algal leaf spot,0.3701,0.5167,0.6082
test,Tea algal leaf spot,Tea algal leaf spot/tea_algal_leaf_spot_00371.jpg,1,39.21,0.5811,0.3853,0.03795,0.17718,0.21327,0.2416,0.0042,67,13.0,8,0,0,Tea algal leaf spot,Tea algal leaf spot,Tea algal leaf spot,Tea algal leaf spot,Tea algal leaf spot,Tea algal leaf spot,Tea algal leaf spot,Tea algal leaf spot,0.5187,0.5084,0.7121
test,Tea algal leaf spot,Tea algal leaf spot/tea_algal_leaf_spot_00376.jpg,1,35.23,0.5731,0.294,0.01917,0.17815,0.10728,0.1705,0.0031,14,29.5,8,3,0,Tea algal leaf spot,Tea algal leaf spot,Tea algal leaf spot,Gray Blight,Tea algal leaf spot,Gray Blight,Gray Blight,Tea algal leaf spot,0.5248,0.4928,0.5477
test,Tea algal leaf spot,Tea algal leaf spot/tea_algal_leaf_spot_00381.jpg,1,36.18,0.4507,0.3431,0.02597,0.31601,0.08199,0.1259,0.0023,24,38.0,8,0,0,Tea algal leaf spot,Tea algal leaf spot,Tea algal leaf spot,Tea algal leaf spot,Tea algal leaf spot,Tea algal leaf spot,Tea algal leaf spot,Tea algal leaf spot,0.5103,0.4939,0.7076
test,Tea algal leaf spot,Tea algal leaf spot/tea_algal_leaf_spot_00386.jpg,1,38.02,0.3663,0.3776,0.01096,0.2851,0.03838,0.1091,0.0018,30,10.0,8,0,0,Tea algal leaf spot,Tea algal leaf spot,Tea algal leaf spot,Tea algal leaf spot,Tea algal leaf spot,Tea algal leaf spot,Tea algal leaf spot,Tea algal leaf spot,0.5692,0.5006,0.8591
test,Tea algal leaf spot,Tea algal leaf spot/tea_algal_leaf_spot_00394.jpg,1,40.71,0.4374,0.4278,0.0111,0.25965,0.04245,0.0898,0.0072,15,17.0,8,2,0,Tea algal leaf spot,Tea algal leaf spot,Tea algal leaf spot,Green mirid bug,Green mirid bug,Tea algal leaf spot,Tea algal leaf spot,Tea algal leaf spot,0.4492,0.5097,0.5279
test,Tea algal leaf spot,Tea algal leaf spot/tea_algal_leaf_spot_00405.jpg,1,41.08,0.523,0.3918,0.02101,0.18882,0.11083,0.129,0.0038,34,20.0,8,0,0,Tea algal leaf spot,Tea algal leaf spot,Tea algal leaf spot,Tea algal leaf spot,Tea algal leaf spot,Tea algal leaf spot,Tea algal leaf spot,Tea algal leaf spot,0.4897,0.5136,0.9359
test,Tea algal leaf spot,Tea algal leaf spot/tea_algal_leaf_spot_00411.jpg,1,40.95,0.5228,0.3281,0.04424,0.23724,0.18632,0.1072,0.0009,30,12.5,8,0,0,Tea algal leaf spot,Tea algal leaf spot,Tea algal leaf spot,Tea algal leaf spot,Tea algal leaf spot,Tea algal leaf spot,Tea algal leaf spot,Tea algal leaf spot,0.5013,0.51,0.7843
